{"type":"FeatureCollection","features":[{"type":"Feature","properties":{"layer":"council","districts":["1","10","11","2","3","4","5","6","7","8","9"]},"geometry":{"type":"MultiLineString","coordinates":[[[-105.034592,39.746405],[-105.035781,39.746387]],[[-105.035781,39.746387],[-105.035776,39.74396]],[[-105.035776,39.74396],[-105.048697,39.743999]],[[-105.048697,39.743999],[-105.053222,39.743989]],[[-105.053222,39.743989],[-105.053254,39.754855],[-105.053255,39.783822],[-105.06267,39.783856],[-105.062663,39.788357],[-105.064916,39.788366],[-105.064912,39.790328],[-105.064325,39.790328],[-105.064323,39.791088],[-105.062657,39.791086],[-105.062658,39.790518],[-105.061808,39.790509],[-105.061493,39.791084],[-105.053234,39.791072],[-105.034517,39.791151],[-105.034529,39.792057],[-105.02997,39.79204],[-105.029962,39.791134],[-105.02525,39.791115],[-105.025273,39.793966],[-105.025159,39.794019],[-105.024789,39.794104],[-105.024529,39.794096],[-105.024361,39.794062],[-105.024062,39.79393],[-105.023938,39.793835],[-105.023765,39.793646],[-105.023553,39.793514],[-105.023306,39.793438],[-105.022947,39.793412],[-105.022766,39.793447],[-105.022603,39.793517],[-105.022403,39.793649],[-105.022206,39.793817],[-105.021986,39.794111],[-105.021831,39.794557],[-105.021062,39.794364],[-105.021519,39.793297],[-105.020639,39.793114],[-105.020567,39.793017],[-105.020554,39.791097],[-104.997811,39.791029]],[[-104.997811,39.791029],[-104.997822,39.784117]],[[-104.997822,39.784117],[-104.997873,39.784059]],[[-104.997873,39.784059],[-104.997876,39.784023]],[[-104.997876,39.784023],[-104.997834,39.782484],[-104.997991,39.782525],[-104.997983,39.78231]],[[-104.997983,39.78231],[-104.998187,39.782366]],[[-104.998187,39.782366],[-104.998209,39.778871]],[[-104.998209,39.778871],[-104.998125,39.776649]],[[-104.998125,39.776649],[-104.998205,39.776556]],[[-104.998205,39.776556],[-104.998213,39.769305],[-104.998215,39.768965]],[[-104.998215,39.768965],[-104.998257,39.762128]],[[-104.998257,39.762128],[-104.998257,39.762128]],[[-104.998257,39.762128],[-104.998741,39.762022]],[[-104.998741,39.762022],[-104.998804,39.762001]],[[-104.998804,39.762001],[-104.998836,39.76199],[-104.998859,39.761978]],[[-104.998859,39.761978],[-104.999321,39.761743]],[[-104.999321,39.761743],[-104.99971,39.761545]],[[-104.99971,39.761545],[-104.999822,39.761488],[-105.00028,39.761313]],[[-105.00028,39.761313],[-105.000387,39.761272]],[[-105.000387,39.761272],[-105.000473,39.761239],[-105.00104,39.761079]],[[-105.00104,39.761079],[-105.001492,39.761055]],[[-105.001492,39.761055],[-105.001737,39.761016],[-105.001771,39.761003]],[[-105.001771,39.761003],[-105.002473,39.76073]],[[-105.002473,39.76073],[-105.002848,39.760643]],[[-105.002848,39.760643],[-105.003208,39.760392]],[[-105.003208,39.760392],[-105.000406,39.758996]],[[-105.000406,39.758996],[-105.000953,39.75797]],[[-105.000953,39.75797],[-105.001198,39.757625]],[[-105.001198,39.757625],[-105.001511,39.757332]],[[-105.001511,39.757332],[-105.002662,39.756429]],[[-105.002662,39.756429],[-105.002948,39.756161]],[[-105.002948,39.756161],[-105.003189,39.755882]],[[-105.003189,39.755882],[-105.004998,39.753171],[-105.00773,39.755273],[-105.008196,39.7548]],[[-105.008196,39.7548],[-105.008551,39.754748],[-105.008564,39.754742]],[[-105.008564,39.754742],[-105.008611,39.754723]],[[-105.008611,39.754723],[-105.00864,39.754711],[-105.008835,39.754566]],[[-105.008835,39.754566],[-105.009117,39.754355]],[[-105.009117,39.754355],[-105.009165,39.75432],[-105.009219,39.75425]],[[-105.009219,39.75425],[-105.009395,39.754033]],[[-105.009395,39.754033],[-105.009487,39.753947]],[[-105.009487,39.753947],[-105.009497,39.753937],[-105.00993,39.753562]],[[-105.00993,39.753562],[-105.010318,39.753336],[-105.010834,39.752958]],[[-105.010834,39.752958],[-105.01133,39.752556]],[[-105.01133,39.752556],[-105.011498,39.752399]],[[-105.011498,39.752399],[-105.011688,39.752164]],[[-105.011688,39.752164],[-105.012538,39.75141]],[[-105.012538,39.75141],[-105.012974,39.751117]],[[-105.012974,39.751117],[-105.013509,39.750889]],[[-105.013509,39.750889],[-105.014613,39.750303]],[[-105.014613,39.750303],[-105.014967,39.750033]],[[-105.014967,39.750033],[-105.015149,39.749851]],[[-105.015149,39.749851],[-105.015319,39.749468]],[[-105.015319,39.749468],[-105.015454,39.748758]],[[-105.015454,39.748758],[-105.015564,39.747594]],[[-105.015564,39.747594],[-105.015628,39.74655]],[[-105.015628,39.74655],[-105.01564,39.745858]],[[-105.01564,39.745858],[-105.015761,39.744531]],[[-105.015761,39.744531],[-105.015855,39.744246]],[[-105.015855,39.744246],[-105.01608,39.743835]],[[-105.01608,39.743835],[-105.016271,39.743398],[-105.016276,39.743402]],[[-105.016276,39.743402],[-105.017297,39.74439]],[[-105.017297,39.74439],[-105.017582,39.744709]],[[-105.017582,39.744709],[-105.017769,39.744962]],[[-105.017769,39.744962],[-105.017995,39.745348]],[[-105.017995,39.745348],[-105.018179,39.745754]],[[-105.018179,39.745754],[-105.018268,39.746019]],[[-105.018268,39.746019],[-105.018347,39.746388]],[[-105.018347,39.746388],[-105.020781,39.746401]],[[-105.020781,39.746401],[-105.020776,39.747607]],[[-105.020776,39.747607],[-105.022943,39.747599]],[[-105.022943,39.747599],[-105.023133,39.747565]],[[-105.023133,39.747565],[-105.023394,39.747406]],[[-105.023394,39.747406],[-105.023532,39.747265]],[[-105.023532,39.747265],[-105.023597,39.747145]],[[-105.023597,39.747145],[-105.023635,39.74637]],[[-105.023635,39.74637],[-105.025224,39.746372]],[[-105.025224,39.746372],[-105.034592,39.746405]],[[-105.006452,39.763239],[-105.007039,39.763238],[-105.007039,39.763235],[-105.006303,39.763235],[-105.006452,39.763239]],[[-105.023508,39.784295],[-105.023945,39.784341],[-105.024155,39.78435],[-105.024155,39.784347],[-105.023508,39.784295]],[[-105.024831,39.784377],[-105.025147,39.784394],[-105.025257,39.78439],[-105.025257,39.784387],[-105.024831,39.784377]],[[-105.025473,39.784378],[-105.025665,39.784374],[-105.026795,39.784285],[-105.026795,39.784282],[-105.025473,39.784378]],[[-105.034244,39.769543],[-105.033083,39.769496],[-105.031601,39.769458],[-105.0316,39.769461],[-105.034244,39.769543]],[[-105.03639,39.758514],[-105.035224,39.758525],[-105.047466,39.758496],[-105.047466,39.758493],[-105.03639,39.758514]],[[-105.036747,39.783589],[-105.038293,39.783606],[-105.040512,39.783602],[-105.040512,39.783599],[-105.036747,39.783589]],[[-105.038046,39.762137],[-105.044004,39.762128],[-105.049877,39.762105],[-105.049877,39.762102],[-105.038046,39.762137]],[[-105.043552,39.783607],[-105.043458,39.783609],[-105.04381,39.783639],[-105.043811,39.783637],[-105.043552,39.783607]],[[-105.050412,39.784928],[-105.050754,39.78481],[-105.050753,39.784807],[-105.050349,39.784939],[-105.050412,39.784928]],[[-104.989261,39.728026],[-104.989556,39.728225]],[[-104.989556,39.728225],[-104.989873,39.728505]],[[-104.989873,39.728505],[-104.989996,39.72867]],[[-104.989996,39.72867],[-104.990474,39.729154]],[[-104.990474,39.729154],[-104.991126,39.730041]],[[-104.991126,39.730041],[-104.991642,39.730673]],[[-104.991642,39.730673],[-104.992023,39.731242]],[[-104.992023,39.731242],[-104.993857,39.73374]],[[-104.993857,39.73374],[-104.994133,39.734158]],[[-104.994133,39.734158],[-104.994462,39.734555]],[[-104.994462,39.734555],[-104.995611,39.736106]],[[-104.995611,39.736106],[-104.995819,39.736445]],[[-104.995819,39.736445],[-104.996688,39.737633]],[[-104.996688,39.737633],[-104.997173,39.738251]],[[-104.997173,39.738251],[-104.997228,39.738384]],[[-104.997228,39.738384],[-104.997474,39.738609]],[[-104.997474,39.738609],[-104.997619,39.73879]],[[-104.997619,39.73879],[-104.99781,39.739108]],[[-104.99781,39.739108],[-104.997951,39.739269]],[[-104.997951,39.739269],[-104.998006,39.739404]],[[-104.998006,39.739404],[-104.998126,39.739578]],[[-104.998126,39.739578],[-104.998361,39.739814]],[[-104.998361,39.739814],[-104.998577,39.740202]],[[-104.998577,39.740202],[-104.998827,39.740589]],[[-104.998827,39.740589],[-104.998941,39.740907]],[[-104.998941,39.740907],[-104.999036,39.741049]],[[-104.999036,39.741049],[-104.999713,39.742327]],[[-104.999713,39.742327],[-104.999967,39.742963]],[[-104.999967,39.742963],[-105.000264,39.743591]],[[-105.000264,39.743591],[-105.000297,39.743785]],[[-105.000297,39.743785],[-105.000312,39.744273]],[[-105.000312,39.744273],[-105.000399,39.744971],[-105.000403,39.745027]],[[-105.000403,39.745027],[-105.000453,39.745934]],[[-105.000453,39.745934],[-105.000427,39.746442]],[[-105.000427,39.746442],[-105.000424,39.746492],[-105.000432,39.746521]],[[-105.000432,39.746521],[-105.000463,39.746652]],[[-105.000463,39.746652],[-105.000482,39.746733],[-105.000559,39.746927]],[[-105.000559,39.746927],[-105.000748,39.747218]],[[-105.000748,39.747218],[-105.000876,39.747534]],[[-105.000876,39.747534],[-105.001032,39.747796]],[[-105.001032,39.747796],[-105.001036,39.747803],[-105.001043,39.747818]],[[-105.001043,39.747818],[-105.001149,39.748059],[-105.001192,39.748123]],[[-105.001192,39.748123],[-105.001478,39.74856]],[[-105.001478,39.74856],[-105.001786,39.748849]],[[-105.001786,39.748849],[-105.001805,39.748867],[-105.003367,39.75]],[[-105.003367,39.75],[-105.003794,39.750375]],[[-105.003794,39.750375],[-105.005422,39.751595]],[[-105.005422,39.751595],[-105.006978,39.752799]],[[-105.006978,39.752799],[-105.007781,39.753454]],[[-105.007781,39.753454],[-105.007869,39.753569]],[[-105.007869,39.753569],[-105.007928,39.753709]],[[-105.007928,39.753709],[-105.007993,39.754006]],[[-105.007993,39.754006],[-105.008177,39.754554]],[[-105.008177,39.754554],[-105.008196,39.7548]],[[-105.008196,39.7548],[-105.00773,39.755273],[-105.004997,39.753172],[-105.003189,39.755882]],[[-105.000406,39.758996],[-104.999841,39.75868]],[[-104.999841,39.75868],[-104.99955,39.758476]],[[-104.99955,39.758476],[-104.998608,39.757739]],[[-104.998608,39.757739],[-104.997275,39.756608],[-104.997219,39.75663]],[[-104.997219,39.75663],[-104.997172,39.756649]],[[-104.997172,39.756649],[-104.997124,39.756495]],[[-104.997124,39.756495],[-104.996816,39.756245]],[[-104.996816,39.756245],[-104.99656,39.756039],[-104.996273,39.755838]],[[-104.996273,39.755838],[-104.996137,39.755743],[-104.994282,39.754343]],[[-104.994282,39.754343],[-104.993428,39.753663]],[[-104.993428,39.753663],[-104.992607,39.752954]],[[-104.992607,39.752954],[-104.991701,39.752297]],[[-104.991701,39.752297],[-104.990841,39.751598]],[[-104.990841,39.751598],[-104.987536,39.749056]],[[-104.987536,39.749056],[-104.987407,39.748921],[-104.987423,39.746147],[-104.98741,39.747366]],[[-104.98741,39.747366],[-104.987212,39.747531]],[[-104.987212,39.747531],[-104.985686,39.747536]],[[-104.985686,39.747536],[-104.985584,39.747605]],[[-104.985584,39.747605],[-104.98519,39.747565]],[[-104.98519,39.747565],[-104.985101,39.747556],[-104.984999,39.747556]],[[-104.984999,39.747556],[-104.984716,39.747557]],[[-104.984716,39.747557],[-104.978374,39.747537]],[[-104.978374,39.747537],[-104.978188,39.747509]],[[-104.978188,39.747509],[-104.977554,39.746972]],[[-104.977554,39.746972],[-104.976497,39.746188]],[[-104.976497,39.746188],[-104.974787,39.744843]],[[-104.974787,39.744843],[-104.973405,39.743796]],[[-104.973405,39.743796],[-104.973395,39.745095]],[[-104.973395,39.745095],[-104.972552,39.745493]],[[-104.972552,39.745493],[-104.972181,39.745782]],[[-104.972181,39.745782],[-104.972044,39.746047]],[[-104.972044,39.746047],[-104.971992,39.746255]],[[-104.971992,39.746255],[-104.972042,39.74658]],[[-104.972042,39.74658],[-104.972103,39.746761]],[[-104.972103,39.746761],[-104.972192,39.746927]],[[-104.972192,39.746927],[-104.972282,39.74723]],[[-104.972282,39.74723],[-104.97239,39.74739]],[[-104.97239,39.74739],[-104.972617,39.7476]],[[-104.972617,39.7476],[-104.972949,39.747825]],[[-104.972949,39.747825],[-104.972996,39.747788]],[[-104.972996,39.747788],[-104.973345,39.747928]],[[-104.973345,39.747928],[-104.973367,39.748369]],[[-104.973367,39.748369],[-104.973368,39.750732],[-104.973368,39.750732]],[[-104.973368,39.750732],[-104.959777,39.750726]],[[-104.959777,39.750726],[-104.959794,39.745799]],[[-104.959794,39.745799],[-104.959794,39.744773]],[[-104.959794,39.744773],[-104.959618,39.74471]],[[-104.959618,39.74471],[-104.959427,39.744567]],[[-104.959427,39.744567],[-104.959092,39.744157]],[[-104.959092,39.744157],[-104.958941,39.744056]],[[-104.958941,39.744056],[-104.958746,39.743955]],[[-104.958746,39.743955],[-104.958215,39.743831]],[[-104.958215,39.743831],[-104.956813,39.743804]],[[-104.956813,39.743804],[-104.956694,39.743802],[-104.954784,39.743819]],[[-104.954784,39.743819],[-104.951272,39.743803],[-104.945756,39.743782]],[[-104.945756,39.743782],[-104.940806,39.743763],[-104.940806,39.743761]],[[-104.940806,39.743761],[-104.940754,39.74195]],[[-104.940754,39.74195],[-104.940754,39.740138],[-104.940621,39.740138]],[[-104.940621,39.740138],[-104.940603,39.740138]],[[-104.940603,39.740138],[-104.94059,39.738287]],[[-104.94059,39.738287],[-104.940612,39.735099],[-104.940619,39.730139]],[[-104.940619,39.730139],[-104.940625,39.725608]],[[-104.940625,39.725608],[-104.960181,39.725616]],[[-104.960181,39.725616],[-104.960173,39.727124]],[[-104.960173,39.727124],[-104.960191,39.727225],[-104.960202,39.729117]],[[-104.960202,39.729117],[-104.968317,39.729094],[-104.972945,39.729087]],[[-104.972945,39.729087],[-104.976422,39.729078],[-104.976428,39.730459],[-104.978767,39.73043]],[[-104.978767,39.73043],[-104.983613,39.730449]],[[-104.983613,39.730449],[-104.983592,39.732045],[-104.987413,39.732053]],[[-104.987413,39.732053],[-104.987424,39.733183],[-104.987414,39.729081]],[[-104.987414,39.729081],[-104.987414,39.729022],[-104.987416,39.728886]],[[-104.987416,39.728886],[-104.987434,39.726952]],[[-104.987434,39.726952],[-104.988324,39.727427]],[[-104.988324,39.727427],[-104.988697,39.727675]],[[-104.988697,39.727675],[-104.988962,39.72778]],[[-104.988962,39.72778],[-104.989261,39.728026]],[[-104.965201,39.736828],[-104.965201,39.736831],[-104.967602,39.736835],[-104.967602,39.736832],[-104.965201,39.736828]],[[-104.973,39.734325],[-104.97299,39.732058],[-104.972955,39.72973],[-104.972952,39.72973],[-104.973,39.734325]],[[-104.973042,39.73993],[-104.973068,39.740013],[-104.97308,39.740023],[-104.973042,39.73993]],[[-104.975877,39.736875],[-104.973668,39.736885],[-104.980843,39.736893],[-104.980843,39.73689],[-104.975877,39.736875]],[[-104.982328,39.738803],[-104.98231,39.735162],[-104.982301,39.734495],[-104.982312,39.736895],[-104.982328,39.738803]],[[-104.764558,39.771575],[-104.772194,39.771507],[-104.772167,39.776418],[-104.781571,39.776444],[-104.781587,39.772804],[-104.791505,39.772834],[-104.80164,39.77284],[-104.809893,39.77284],[-104.824365,39.772807]],[[-104.824365,39.772807],[-104.823845,39.773738]],[[-104.823845,39.773738],[-104.824653,39.774013]],[[-104.824653,39.774013],[-104.824089,39.775075],[-104.824062,39.775169]],[[-104.824062,39.775169],[-104.824034,39.775262],[-104.824022,39.775627]],[[-104.824022,39.775627],[-104.824062,39.775832]],[[-104.824062,39.775832],[-104.824138,39.776035]],[[-104.824138,39.776035],[-104.82478,39.777168]],[[-104.82478,39.777168],[-104.823928,39.77745]],[[-104.823928,39.77745],[-104.82471,39.778843]],[[-104.82471,39.778843],[-104.824891,39.778959]],[[-104.824891,39.778959],[-104.825607,39.780236]],[[-104.825607,39.780236],[-104.825868,39.780523]],[[-104.825868,39.780523],[-104.829014,39.783185]],[[-104.829014,39.783185],[-104.8292,39.7833]],[[-104.8292,39.7833],[-104.82929,39.783356],[-104.829497,39.783442]],[[-104.829497,39.783442],[-104.831316,39.784199]],[[-104.831316,39.784199],[-104.831316,39.784199],[-104.831316,39.784199]],[[-104.831316,39.784199],[-104.836031,39.78614]],[[-104.836031,39.78614],[-104.83647,39.786223]],[[-104.83647,39.786223],[-104.836676,39.786221]],[[-104.836676,39.786221],[-104.837026,39.786159]],[[-104.837026,39.786159],[-104.837552,39.787265]],[[-104.837552,39.787265],[-104.838905,39.789127]],[[-104.838905,39.789127],[-104.839013,39.789377]],[[-104.839013,39.789377],[-104.838802,39.789437]],[[-104.838802,39.789437],[-104.838534,39.789556]],[[-104.838534,39.789556],[-104.83633,39.790973]],[[-104.83633,39.790973],[-104.836055,39.791056]],[[-104.836055,39.791056],[-104.835594,39.791065]],[[-104.835594,39.791065],[-104.835483,39.791145]],[[-104.835483,39.791145],[-104.835505,39.791169]],[[-104.835505,39.791169],[-104.835417,39.798109]],[[-104.835417,39.798109],[-104.83552,39.79811]],[[-104.83552,39.79811],[-104.835516,39.798263]],[[-104.835516,39.798263],[-104.828064,39.798203],[-104.8097,39.798314],[-104.79083,39.798312],[-104.790976,39.812869],[-104.790904,39.820113],[-104.790676,39.827271],[-104.790835,39.841826],[-104.771977,39.841783],[-104.762325,39.84181],[-104.762286,39.845421],[-104.730948,39.845214],[-104.730371,39.896161],[-104.703287,39.895976],[-104.703159,39.906956],[-104.69211,39.906879],[-104.692023,39.914218],[-104.679547,39.914114],[-104.67965,39.907047],[-104.659186,39.906825],[-104.630915,39.906685],[-104.630915,39.899433],[-104.621532,39.899377],[-104.602669,39.899092],[-104.599548,39.899076],[-104.599777,39.88134],[-104.605121,39.881381],[-104.605227,39.873146],[-104.619121,39.873252],[-104.619528,39.841293],[-104.619809,39.82235],[-104.640355,39.822504],[-104.640351,39.822596],[-104.655369,39.822707],[-104.655487,39.8131],[-104.666166,39.813177],[-104.666048,39.822895],[-104.762503,39.82346],[-104.762661,39.812872],[-104.762695,39.798342],[-104.753273,39.798377],[-104.734382,39.798316],[-104.734524,39.785364],[-104.734588,39.774843],[-104.735234,39.774851],[-104.734581,39.774836],[-104.734606,39.769225],[-104.753404,39.769291],[-104.764583,39.769198],[-104.764558,39.771575]],[[-104.741502,39.788132],[-104.741518,39.78813],[-104.741533,39.78812],[-104.741532,39.788119],[-104.741502,39.788132]],[[-104.74156,39.788102],[-104.741582,39.788087],[-104.741612,39.78802],[-104.74161,39.788019],[-104.74156,39.788102]],[[-104.741638,39.787813],[-104.741626,39.787835],[-104.741628,39.787836],[-104.741654,39.787798],[-104.741638,39.787813]],[[-104.741728,39.787703],[-104.741718,39.787716],[-104.741823,39.787695],[-104.741822,39.787693],[-104.741728,39.787703]],[[-104.743547,39.788178],[-104.743131,39.788074],[-104.74313,39.788077],[-104.743424,39.788152],[-104.743547,39.788178]],[[-104.743136,39.797534],[-104.743149,39.797528],[-104.743268,39.797422],[-104.743266,39.79742],[-104.743136,39.797534]],[[-104.743708,39.797317],[-104.743501,39.797244],[-104.743501,39.797247],[-104.743625,39.797301],[-104.743708,39.797317]],[[-104.744665,39.797338],[-104.744664,39.797336],[-104.744644,39.797341],[-104.744654,39.797341],[-104.744665,39.797338]],[[-104.744808,39.797291],[-104.744757,39.797309],[-104.744758,39.797311],[-104.744788,39.797302],[-104.744808,39.797291]],[[-104.744942,39.79721],[-104.74492,39.797224],[-104.744921,39.797226],[-104.744934,39.797218],[-104.744942,39.79721]],[[-104.745098,39.796939],[-104.745072,39.797019],[-104.745075,39.79702],[-104.745096,39.796967],[-104.745098,39.796939]],[[-104.748737,39.7742],[-104.748396,39.774295],[-104.748307,39.77433],[-104.748308,39.774332],[-104.748737,39.7742]],[[-104.749218,39.781177],[-104.749293,39.781184],[-104.749293,39.781182],[-104.749253,39.781177],[-104.749218,39.781177]],[[-104.750163,39.774119],[-104.750052,39.774096],[-104.749994,39.774094],[-104.749994,39.774097],[-104.750163,39.774119]],[[-104.750016,39.781259],[-104.750016,39.781262],[-104.750174,39.781283],[-104.75012,39.78127],[-104.750016,39.781259]],[[-104.751002,39.774333],[-104.750583,39.774193],[-104.750487,39.774176],[-104.750487,39.774178],[-104.751002,39.774333]],[[-104.750562,39.78137],[-104.750562,39.781373],[-104.750808,39.781434],[-104.750732,39.781408],[-104.750562,39.78137]],[[-104.753311,39.775119],[-104.753314,39.775119],[-104.753317,39.773654],[-104.753314,39.773654],[-104.753311,39.775119]],[[-104.753646,39.776873],[-104.753519,39.776614],[-104.753517,39.776615],[-104.753625,39.776841],[-104.753646,39.776873]],[[-104.754027,39.777423],[-104.754029,39.777422],[-104.753796,39.777102],[-104.753877,39.777226],[-104.754027,39.777423]],[[-104.755929,39.779547],[-104.755888,39.77949],[-104.755433,39.779019],[-104.755431,39.779021],[-104.755929,39.779547]],[[-104.755507,39.782564],[-104.756088,39.781576],[-104.756188,39.781388],[-104.756185,39.781386],[-104.755507,39.782564]],[[-104.756155,39.779887],[-104.756075,39.779733],[-104.756004,39.779641],[-104.756002,39.779643],[-104.756155,39.779887]],[[-104.756814,39.781772],[-104.756909,39.781777],[-104.756391,39.781684],[-104.756413,39.781692],[-104.756814,39.781772]],[[-104.756846,39.783475],[-104.757066,39.78353],[-104.757066,39.783527],[-104.756655,39.783408],[-104.756846,39.783475]],[[-104.757258,39.781795],[-104.757258,39.781792],[-104.757102,39.781794],[-104.757158,39.781798],[-104.757258,39.781795]],[[-104.757559,39.783651],[-104.758055,39.783724],[-104.758055,39.783721],[-104.757474,39.783628],[-104.757559,39.783651]],[[-104.757606,39.781777],[-104.757503,39.781783],[-104.757503,39.781786],[-104.757572,39.781783],[-104.757606,39.781777]],[[-104.758211,39.789828],[-104.758016,39.789817],[-104.757986,39.789825],[-104.757986,39.789826],[-104.758211,39.789828]],[[-104.759348,39.789794],[-104.759265,39.789742],[-104.759242,39.789741],[-104.759348,39.789794]],[[-104.759262,39.777321],[-104.759261,39.77732],[-104.759247,39.777339],[-104.75925,39.77734],[-104.759262,39.777321]],[[-104.760225,39.783816],[-104.766665,39.783791],[-104.766665,39.783788],[-104.759599,39.783812],[-104.760225,39.783816]],[[-104.760072,39.776614],[-104.760042,39.776625],[-104.759941,39.776683],[-104.759942,39.776685],[-104.760072,39.776614]],[[-104.760032,39.790647],[-104.760051,39.790637],[-104.760045,39.79062],[-104.760032,39.790647]],[[-104.760212,39.776544],[-104.760453,39.776455],[-104.760452,39.776452],[-104.760288,39.776508],[-104.760212,39.776544]],[[-104.762106,39.776439],[-104.762015,39.776423],[-104.762233,39.776495],[-104.762234,39.776492],[-104.762106,39.776439]],[[-104.762549,39.776623],[-104.7625,39.776605],[-104.763528,39.777181],[-104.763529,39.777179],[-104.762549,39.776623]],[[-104.762668,39.792769],[-104.762537,39.792704],[-104.762535,39.792707],[-104.762657,39.792767],[-104.762668,39.792769]],[[-104.762796,39.792752],[-104.762796,39.79275],[-104.7627,39.792773],[-104.762725,39.792776],[-104.762796,39.792752]],[[-104.765946,39.798328],[-104.765378,39.79834],[-104.768277,39.79832],[-104.768277,39.798317],[-104.765946,39.798328]],[[-104.772144,39.781512],[-104.772133,39.779114],[-104.77213,39.779114],[-104.772124,39.783655],[-104.772144,39.781512]],[[-104.772145,39.7874],[-104.77214,39.786972],[-104.772137,39.786972],[-104.772136,39.787546],[-104.772145,39.7874]],[[-104.772646,39.798411],[-104.774237,39.798454],[-104.774763,39.798456],[-104.774763,39.798453],[-104.772646,39.798411]],[[-104.817899,39.792208],[-104.816584,39.793108],[-104.816586,39.79311],[-104.817921,39.7922],[-104.817899,39.792208]],[[-104.818265,39.792026],[-104.818141,39.792088],[-104.818142,39.79209],[-104.818329,39.792016],[-104.818265,39.792026]],[[-105.076126,39.624232],[-105.074527,39.624234],[-105.076283,39.625102],[-105.080242,39.629468],[-105.080962,39.631334],[-105.081575,39.631308],[-105.081574,39.631335],[-105.083722,39.631334],[-105.083743,39.630236],[-105.081701,39.630237],[-105.081757,39.627325],[-105.083823,39.627325],[-105.083799,39.628534],[-105.08559,39.628534],[-105.085636,39.626114],[-105.087401,39.626053],[-105.087394,39.627097],[-105.091174,39.627088],[-105.091196,39.624208],[-105.107547,39.624214],[-105.107527,39.627097],[-105.109977,39.627091],[-105.109924,39.635078],[-105.091126,39.635091],[-105.091112,39.638709],[-105.081431,39.638717],[-105.08148,39.636244],[-105.08129,39.63617],[-105.080867,39.636148],[-105.080316,39.636212],[-105.079977,39.636639],[-105.079492,39.636733],[-105.079056,39.636712],[-105.077667,39.636448],[-105.077256,39.636404],[-105.076659,39.636419],[-105.075822,39.636516],[-105.075257,39.636503],[-105.074911,39.636614],[-105.074809,39.636679],[-105.074773,39.636653],[-105.074182,39.636774],[-105.073762,39.63662],[-105.073275,39.636555],[-105.073207,39.638709],[-105.073215,39.638654],[-105.076919,39.638645],[-105.076912,39.639114],[-105.076877,39.639442],[-105.076769,39.63976],[-105.076046,39.641116],[-105.07598,39.641345],[-105.075933,39.641906],[-105.07586,39.642114],[-105.074473,39.644258],[-105.074263,39.644472],[-105.074009,39.644654],[-105.072589,39.645294],[-105.072401,39.645404],[-105.072256,39.645548],[-105.072188,39.645658],[-105.072134,39.645836],[-105.07213,39.645998],[-105.063246,39.646007],[-105.063205,39.649634],[-105.06262,39.649634],[-105.062615,39.649685],[-105.057097,39.649692],[-105.057079,39.651238],[-105.05564,39.651233],[-105.055641,39.651171],[-105.05356,39.651164],[-105.053738,39.651394],[-105.053722,39.651363],[-105.054185,39.651505],[-105.054474,39.651534],[-105.05477,39.651626],[-105.055023,39.651773],[-105.05522,39.651966],[-105.057072,39.651979],[-105.057068,39.652855],[-105.05807,39.652854],[-105.058051,39.651466],[-105.058227,39.651466],[-105.058234,39.651258],[-105.061991,39.651238],[-105.06199,39.651497],[-105.062595,39.651502],[-105.062609,39.65029],[-105.063894,39.650298],[-105.063906,39.649633],[-105.070826,39.649623],[-105.070831,39.650016],[-105.069916,39.650008],[-105.069701,39.650474],[-105.069163,39.651174],[-105.069127,39.651313],[-105.068198,39.652206],[-105.06805,39.652206],[-105.06805,39.652502],[-105.067524,39.652505],[-105.067529,39.653253],[-105.067264,39.653253],[-105.067278,39.656885],[-105.070166,39.656881],[-105.070168,39.657449],[-105.070068,39.659094],[-105.071981,39.659611],[-105.071983,39.66003],[-105.076682,39.65934],[-105.076684,39.659915],[-105.078275,39.660709],[-105.078926,39.661541],[-105.079226,39.661999],[-105.081388,39.661996],[-105.081409,39.670161],[-105.080979,39.670021],[-105.080535,39.669911],[-105.079912,39.669809],[-105.079276,39.669765],[-105.079276,39.669352],[-105.078389,39.669356],[-105.076716,39.669089],[-105.07672,39.669426],[-105.076033,39.669324],[-105.075919,39.67],[-105.075298,39.67005],[-105.074945,39.670476],[-105.074501,39.670224],[-105.072992,39.669781],[-105.072722,39.669801],[-105.072536,39.669415],[-105.07201,39.66935],[-105.072001,39.667786],[-105.053266,39.667793],[-105.053272,39.672265],[-105.053243,39.672265],[-105.053243,39.675045],[-105.062618,39.675015],[-105.062632,39.679301],[-105.061407,39.678244],[-105.060998,39.678023],[-105.060336,39.677935],[-105.059341,39.678314],[-105.057793,39.678689],[-105.05782,39.682277],[-105.053231,39.682302],[-105.053244,39.689567]],[[-105.053244,39.689567],[-105.039065,39.689474],[-105.039065,39.689474]],[[-105.039065,39.689474],[-105.033247,39.68944]],[[-105.033247,39.68944],[-105.025068,39.689494]],[[-105.025068,39.689494],[-105.025048,39.682279]],[[-105.025048,39.682279],[-105.015256,39.682341]],[[-105.015256,39.682341],[-105.014747,39.682345],[-105.001405,39.682179]],[[-105.001405,39.682179],[-105.001376,39.682117]],[[-105.001376,39.682117],[-105.001164,39.681668]],[[-105.001164,39.681668],[-105.001149,39.681637],[-105.0011,39.681583]],[[-105.0011,39.681583],[-105.001,39.681474]],[[-105.001,39.681474],[-105.000951,39.681422],[-105.000837,39.681335]],[[-105.000837,39.681335],[-105.000081,39.680966]],[[-105.000081,39.680966],[-104.999365,39.680739]],[[-104.999365,39.680739],[-104.999169,39.680653]],[[-104.999169,39.680653],[-104.998738,39.680277]],[[-104.998738,39.680277],[-104.998574,39.680073]],[[-104.998574,39.680073],[-104.998405,39.679759]],[[-104.998405,39.679759],[-104.998365,39.679685],[-104.998187,39.679265]],[[-104.998187,39.679265],[-104.998038,39.678786]],[[-104.998038,39.678786],[-104.997941,39.678083],[-104.997904,39.677891]],[[-104.997904,39.677891],[-104.997837,39.677543],[-104.997813,39.677289]],[[-104.997813,39.677289],[-104.997798,39.676213]],[[-104.997798,39.676213],[-104.997764,39.67583]],[[-104.997764,39.67583],[-104.997678,39.675432]],[[-104.997678,39.675432],[-104.99769,39.675226]],[[-104.99769,39.675226],[-104.997428,39.674104]],[[-104.997428,39.674104],[-104.997408,39.673824]],[[-104.997408,39.673824],[-104.997324,39.673609]],[[-104.997324,39.673609],[-104.997386,39.673241]],[[-104.997386,39.673241],[-104.997451,39.67261]],[[-104.997451,39.67261],[-104.997454,39.672576],[-104.997643,39.672]],[[-104.997643,39.672],[-104.998008,39.671135]],[[-104.998008,39.671135],[-104.998115,39.67076]],[[-104.998115,39.67076],[-104.998188,39.670331]],[[-104.998188,39.670331],[-104.998312,39.670133]],[[-104.998312,39.670133],[-104.99848,39.669788]],[[-104.99848,39.669788],[-104.998639,39.669302]],[[-104.998639,39.669302],[-104.998696,39.669191]],[[-104.998696,39.669191],[-104.998901,39.668946],[-104.998975,39.66888]],[[-104.998975,39.66888],[-104.999145,39.668728]],[[-104.999145,39.668728],[-104.999162,39.668714],[-104.999204,39.668684]],[[-104.999204,39.668684],[-104.999615,39.668397]],[[-104.999615,39.668397],[-105.000205,39.668119]],[[-105.000205,39.668119],[-105.000196,39.667682]],[[-105.000196,39.667682],[-105.002677,39.666904],[-105.002991,39.666783],[-105.003408,39.666558],[-105.003596,39.666425],[-105.003799,39.66621],[-105.003896,39.665999],[-105.00392,39.665775],[-105.004879,39.663681],[-105.005062,39.663682],[-105.004945,39.661505],[-105.004889,39.661249],[-105.004803,39.660998],[-105.00457,39.660549],[-105.010901,39.660578],[-105.008185,39.664102],[-105.008114,39.664101],[-105.007665,39.66474],[-105.007327,39.665347],[-105.007153,39.665733],[-105.00637,39.667709],[-105.006366,39.676745],[-105.008706,39.676759],[-105.008707,39.678627],[-105.015715,39.678686],[-105.015699,39.675023],[-105.015724,39.667756],[-105.015835,39.660514],[-105.022812,39.660505],[-105.022844,39.656811],[-105.025359,39.65681],[-105.025361,39.656864],[-105.032667,39.656883],[-105.032377,39.656666],[-105.032144,39.65637],[-105.032172,39.653284],[-105.034625,39.653284],[-105.03466,39.645926],[-105.034651,39.645886],[-105.03437,39.645886],[-105.034371,39.645638],[-105.034427,39.645579],[-105.034446,39.643806],[-105.032761,39.643795],[-105.032795,39.642855],[-105.02999,39.642827],[-105.029989,39.642253],[-105.029891,39.642251],[-105.029915,39.640094],[-105.030017,39.640094],[-105.030047,39.638635],[-105.034711,39.638629],[-105.034778,39.632578],[-105.034758,39.633176],[-105.030069,39.633167],[-105.030068,39.632951],[-105.029749,39.632629],[-105.029682,39.632481],[-105.029667,39.632376],[-105.029077,39.632354],[-105.028937,39.632328],[-105.027265,39.631655],[-105.026922,39.63155],[-105.0264,39.631484],[-105.025411,39.631481],[-105.025435,39.628534],[-105.026378,39.628508],[-105.026926,39.628448],[-105.027464,39.628351],[-105.027991,39.628217],[-105.028887,39.627909],[-105.029323,39.6278],[-105.031106,39.627809],[-105.032947,39.628129],[-105.033502,39.628199],[-105.034804,39.628204],[-105.034807,39.627813],[-105.035919,39.627817],[-105.036163,39.627851],[-105.036397,39.627918],[-105.036815,39.628138],[-105.037386,39.627471],[-105.038018,39.626843],[-105.039571,39.627849],[-105.040037,39.628048],[-105.040155,39.627867],[-105.040268,39.627749],[-105.040645,39.628001],[-105.040921,39.627755],[-105.04134,39.628018],[-105.04172,39.627673],[-105.042302,39.628053],[-105.042785,39.627585],[-105.043296,39.627819],[-105.04357,39.627909],[-105.044163,39.628036],[-105.044137,39.631465],[-105.053316,39.631512],[-105.053245,39.638778],[-105.058817,39.638767],[-105.05876,39.638976],[-105.059295,39.638768],[-105.059567,39.638705],[-105.059785,39.638685],[-105.059068,39.638683],[-105.05985,39.634698],[-105.057071,39.631506],[-105.053444,39.629305],[-105.053459,39.627712],[-105.05579,39.626005],[-105.055819,39.624258],[-105.053494,39.624261],[-105.053527,39.620874],[-105.05434,39.620829],[-105.055359,39.621061],[-105.056283,39.621111],[-105.057254,39.62092],[-105.057396,39.620499],[-105.056499,39.619925],[-105.057128,39.619377],[-105.057097,39.61939],[-105.05817,39.617382],[-105.058108,39.614416],[-105.09702,39.614318],[-105.09704,39.618437],[-105.065084,39.618525],[-105.065101,39.620052],[-105.065672,39.620607],[-105.073656,39.623285],[-105.076126,39.624232]],[[-105.025077,39.674188],[-105.025058,39.676255],[-105.025061,39.676255],[-105.025076,39.67514],[-105.025077,39.674188]],[[-105.025082,39.669831],[-105.025072,39.671795],[-105.025077,39.672012],[-105.025079,39.672012],[-105.025082,39.669831]],[[-105.034787,39.657739],[-105.034736,39.657708],[-105.033648,39.657214],[-105.033647,39.657217],[-105.034787,39.657739]],[[-105.040693,39.667721],[-105.039519,39.667718],[-105.042297,39.667733],[-105.042297,39.66773],[-105.040693,39.667721]],[[-105.040692,39.676645],[-105.040733,39.676698],[-105.040808,39.676752],[-105.04081,39.67675],[-105.040692,39.676645]],[[-105.040837,39.676766],[-105.04091,39.676788],[-105.041041,39.676789],[-105.041041,39.676787],[-105.040837,39.676766]],[[-105.042881,39.66252],[-105.042878,39.661249],[-105.042875,39.661249],[-105.042871,39.662627],[-105.042881,39.66252]],[[-105.052996,39.649385],[-105.052997,39.649333],[-105.052994,39.649333],[-105.052991,39.649415],[-105.052996,39.649385]],[[-105.053237,39.657918],[-105.053231,39.657639],[-105.053246,39.661863],[-105.053249,39.661863],[-105.053237,39.657918]],[[-105.0601,39.656127],[-105.060099,39.65613],[-105.06092,39.656387],[-105.06059,39.65627],[-105.0601,39.656127]],[[-105.061265,39.656509],[-105.061073,39.656444],[-105.061622,39.656666],[-105.061623,39.656663],[-105.061265,39.656509]],[[-105.061917,39.656806],[-105.061915,39.656809],[-105.062458,39.657098],[-105.062344,39.657028],[-105.061917,39.656806]],[[-105.062573,39.651862],[-105.062567,39.652898],[-105.063563,39.652902],[-105.06357,39.651866],[-105.062573,39.651862]],[[-105.062794,39.657304],[-105.063327,39.657675],[-105.063329,39.657673],[-105.062949,39.657398],[-105.062794,39.657304]],[[-105.063992,39.615178],[-105.063892,39.615109],[-105.06389,39.615111],[-105.064072,39.61526],[-105.063992,39.615178]],[[-105.064919,39.653257],[-105.06398,39.653259],[-105.063993,39.653785],[-105.064921,39.653783],[-105.064919,39.653257]],[[-105.064278,39.615457],[-105.064228,39.615412],[-105.064654,39.615889],[-105.064656,39.615887],[-105.064278,39.615457]],[[-105.065084,39.659226],[-105.065149,39.659264],[-105.065151,39.659262],[-105.065053,39.659199],[-105.065084,39.659226]],[[-105.065439,39.65943],[-105.06561,39.659505],[-105.065611,39.659502],[-105.065399,39.659405],[-105.065439,39.65943]],[[-105.065926,39.616879],[-105.066018,39.616923],[-105.066068,39.616936],[-105.066069,39.616934],[-105.065926,39.616879]],[[-105.06848,39.659777],[-105.06848,39.659775],[-105.066693,39.659764],[-105.067024,39.659777],[-105.06848,39.659777]],[[-105.067128,39.617104],[-105.067215,39.617113],[-105.067361,39.617102],[-105.067361,39.617099],[-105.067128,39.617104]],[[-105.067734,39.617069],[-105.067911,39.617057],[-105.069611,39.616864],[-105.069611,39.616861],[-105.067734,39.617069]],[[-105.077874,39.63554],[-105.077896,39.635533],[-105.074922,39.635542],[-105.077607,39.635545],[-105.077874,39.63554]],[[-105.079543,39.633737],[-105.079469,39.633774],[-105.079416,39.633816],[-105.079418,39.633818],[-105.079543,39.633737]],[[-105.081498,39.63501],[-105.080884,39.635008],[-105.08088,39.635694],[-105.081493,39.635696],[-105.081498,39.63501]],[[-105.096185,39.630466],[-105.096226,39.630412],[-105.096298,39.63024],[-105.096295,39.630239],[-105.096185,39.630466]],[[-105.096326,39.628754],[-105.096313,39.62873],[-105.096337,39.628833],[-105.09634,39.628833],[-105.096326,39.628754]],[[-105.096359,39.629465],[-105.096352,39.62912],[-105.09635,39.62912],[-105.096354,39.629747],[-105.096359,39.629465]],[[-105.05329,39.718439],[-105.053252,39.733115],[-105.054429,39.733111],[-105.054432,39.733648],[-105.054684,39.733647],[-105.054685,39.733728],[-105.055023,39.733727],[-105.055019,39.733109],[-105.055606,39.733107],[-105.055596,39.73492],[-105.053243,39.734928],[-105.053214,39.740315],[-105.053222,39.743989]],[[-105.048697,39.743999],[-105.039319,39.743963],[-105.035776,39.74396]],[[-105.016276,39.743402],[-105.01608,39.743835]],[[-105.010834,39.752958],[-105.010318,39.753336],[-105.00993,39.753562]],[[-105.00993,39.753562],[-105.009487,39.753947]],[[-105.009487,39.753947],[-105.009408,39.754015],[-105.009395,39.754033]],[[-105.009395,39.754033],[-105.009281,39.754186],[-105.009219,39.75425]],[[-105.009219,39.75425],[-105.009117,39.754355]],[[-105.009117,39.754355],[-105.00908,39.754394],[-105.008835,39.754566]],[[-105.008835,39.754566],[-105.008611,39.754723]],[[-105.008611,39.754723],[-105.008588,39.754739],[-105.008564,39.754742]],[[-105.008564,39.754742],[-105.008196,39.7548]],[[-105.003367,39.75],[-105.001786,39.748849]],[[-105.001786,39.748849],[-105.001724,39.748804],[-105.001478,39.74856]],[[-105.001478,39.74856],[-105.001216,39.748174],[-105.001192,39.748123]],[[-105.001192,39.748123],[-105.001043,39.747818]],[[-105.001043,39.747818],[-105.001032,39.747796]],[[-105.001032,39.747796],[-105.001027,39.747786],[-105.000876,39.747534]],[[-105.000559,39.746927],[-105.000463,39.746652]],[[-105.000463,39.746652],[-105.000434,39.746571],[-105.000432,39.746521]],[[-105.000432,39.746521],[-105.000427,39.746442]],[[-105.000427,39.746442],[-105.000424,39.746398],[-105.000453,39.745934]],[[-105.000453,39.745934],[-105.000409,39.745083],[-105.000403,39.745027]],[[-105.000403,39.745027],[-105.000312,39.744273]],[[-104.987434,39.726952],[-104.987445,39.725646]],[[-104.987445,39.725646],[-104.998583,39.725715]],[[-104.998583,39.725715],[-105.000158,39.725716]],[[-105.000158,39.725716],[-105.000255,39.725679],[-105.000783,39.725657]],[[-105.000783,39.725657],[-105.005404,39.725669]],[[-105.005404,39.725669],[-105.00612,39.725677]],[[-105.00612,39.725677],[-105.006346,39.72579],[-105.007903,39.725864]],[[-105.007903,39.725864],[-105.00806,39.725872],[-105.00819,39.725865]],[[-105.00819,39.725865],[-105.009697,39.725791]],[[-105.009697,39.725791],[-105.011963,39.725751]],[[-105.011963,39.725751],[-105.013666,39.725667]],[[-105.013666,39.725667],[-105.015779,39.725511]],[[-105.015779,39.725511],[-105.015846,39.724916],[-105.015846,39.724837]],[[-105.015846,39.724837],[-105.015846,39.724705]],[[-105.015846,39.724705],[-105.015846,39.724667],[-105.015802,39.724564]],[[-105.015802,39.724564],[-105.015702,39.724425]],[[-105.015702,39.724425],[-105.015677,39.724392],[-105.015628,39.724337]],[[-105.015628,39.724337],[-105.015477,39.724168]],[[-105.015477,39.724168],[-105.015402,39.724085],[-105.015309,39.724014]],[[-105.015309,39.724014],[-105.014517,39.723571]],[[-105.014517,39.723571],[-105.014059,39.723271]],[[-105.014059,39.723271],[-105.01303,39.722674]],[[-105.01303,39.722674],[-105.012821,39.722507]],[[-105.012821,39.722507],[-105.01271,39.722447]],[[-105.01271,39.722447],[-105.012067,39.722244]],[[-105.012067,39.722244],[-105.010214,39.721807]],[[-105.010214,39.721807],[-105.009963,39.721703]],[[-105.009963,39.721703],[-105.009643,39.721512]],[[-105.009643,39.721512],[-105.009227,39.721192]],[[-105.009227,39.721192],[-105.008785,39.72077]],[[-105.008785,39.72077],[-105.00713,39.719113]],[[-105.00713,39.719113],[-105.006686,39.718587]],[[-105.006686,39.718587],[-105.006406,39.718375]],[[-105.006406,39.718375],[-105.005506,39.717785]],[[-105.005506,39.717785],[-105.003379,39.716509]],[[-105.003379,39.716509],[-105.002651,39.71589]],[[-105.002651,39.71589],[-105.002558,39.715812],[-105.002521,39.715766]],[[-105.002521,39.715766],[-105.002052,39.715184]],[[-105.002052,39.715184],[-105.001835,39.714852]],[[-105.001835,39.714852],[-105.001476,39.713916]],[[-105.001476,39.713916],[-105.000917,39.712827]],[[-105.000917,39.712827],[-105.000377,39.711588]],[[-105.000377,39.711588],[-105.000153,39.711211]],[[-105.000153,39.711211],[-105.001575,39.711183]],[[-105.001575,39.711183],[-105.008664,39.71121]],[[-105.008664,39.71121],[-105.023643,39.711163]],[[-105.023643,39.711163],[-105.025103,39.711183]],[[-105.025103,39.711183],[-105.02509,39.707596]],[[-105.02509,39.707596],[-105.025112,39.705544]],[[-105.025112,39.705544],[-105.025093,39.702087],[-105.025091,39.69759]],[[-105.025091,39.69759],[-105.025069,39.696755]],[[-105.025069,39.696755],[-105.025068,39.689494]],[[-105.033247,39.68944],[-105.039065,39.689474],[-105.039065,39.689474]],[[-105.039065,39.689474],[-105.053244,39.689567]],[[-105.053244,39.689567],[-105.053238,39.696778],[-105.05326,39.711352],[-105.05329,39.718439]],[[-105.00006,39.740216],[-105.002327,39.740183],[-105.002327,39.74018],[-104.999508,39.740216],[-105.00006,39.740216]],[[-105.017377,39.740577],[-105.017214,39.740971],[-105.017217,39.740972],[-105.017339,39.740677],[-105.017377,39.740577]],[[-105.035566,39.735262],[-105.035574,39.735242],[-105.035534,39.735286],[-105.035535,39.735288],[-105.035566,39.735262]],[[-105.035659,39.735],[-105.035662,39.735007],[-105.035639,39.73509],[-105.035701,39.734944],[-105.035659,39.735]],[[-105.036826,39.734326],[-105.036809,39.734335],[-105.036809,39.734336],[-105.036846,39.734325],[-105.036826,39.734326]],[[-105.040087,39.696773],[-105.040087,39.69677],[-105.038625,39.696766],[-105.038625,39.696769],[-105.040087,39.696773]],[[-105.039296,39.73435],[-105.039236,39.734328],[-105.038905,39.734268],[-105.038904,39.734271],[-105.039296,39.73435]],[[-105.039591,39.734393],[-105.039511,39.734391],[-105.039691,39.734426],[-105.039691,39.734424],[-105.039591,39.734393]],[[-105.040078,39.718932],[-105.04008,39.718934],[-105.040287,39.718768],[-105.040249,39.71879],[-105.040078,39.718932]],[[-105.040385,39.718713],[-105.040459,39.718698],[-105.040459,39.718696],[-105.040405,39.718702],[-105.040385,39.718713]],[[-105.040638,39.718678],[-105.041258,39.718725],[-105.041273,39.718723],[-105.040667,39.718676],[-105.040638,39.718678]],[[-105.040966,39.730484],[-105.040942,39.730496],[-105.040936,39.730507],[-105.040966,39.730484]],[[-105.041102,39.730436],[-105.041027,39.730447],[-105.041017,39.730453],[-105.041017,39.730453],[-105.041102,39.730436]],[[-105.044873,39.696749],[-105.048408,39.696774],[-105.049972,39.696769],[-105.049972,39.696767],[-105.044873,39.696749]],[[-105.046056,39.702344],[-105.046056,39.70233],[-105.045895,39.702183],[-105.045893,39.702185],[-105.046056,39.702344]],[[-105.04963,39.711342],[-105.048511,39.71131],[-105.0479,39.711306],[-105.0479,39.711308],[-105.04963,39.711342]],[[-105.050487,39.72854],[-105.050367,39.728567],[-105.050239,39.728619],[-105.05024,39.728621],[-105.050487,39.72854]],[[-105.050882,39.728488],[-105.0507,39.728485],[-105.050657,39.728495],[-105.050657,39.728497],[-105.050882,39.728488]],[[-105.051714,39.734956],[-105.05181,39.734982],[-105.051863,39.734974],[-105.051863,39.734973],[-105.051714,39.734956]],[[-105.05191,39.734979],[-105.051903,39.734978],[-105.051918,39.734988],[-105.05192,39.734986],[-105.05191,39.734979]],[[-104.913264,39.638699],[-104.913267,39.63868],[-104.922506,39.645857],[-104.931883,39.645834],[-104.931723,39.653077],[-104.94069,39.653062],[-104.954975,39.653093],[-104.954409,39.655798],[-104.953525,39.655877],[-104.953531,39.655968],[-104.953799,39.656723],[-104.959464,39.656726],[-104.959455,39.661599]],[[-104.959455,39.661599],[-104.959447,39.663449]],[[-104.959447,39.663449],[-104.959389,39.667603]],[[-104.959389,39.667603],[-104.951462,39.66758]],[[-104.951462,39.66758],[-104.950793,39.667553]],[[-104.950793,39.667553],[-104.950635,39.667504]],[[-104.950635,39.667504],[-104.950415,39.667369]],[[-104.950415,39.667369],[-104.950119,39.667226]],[[-104.950119,39.667226],[-104.949556,39.667059]],[[-104.949556,39.667059],[-104.949083,39.666972]],[[-104.949083,39.666972],[-104.948519,39.666949]],[[-104.948519,39.666949],[-104.947799,39.667026]],[[-104.947799,39.667026],[-104.947417,39.667123]],[[-104.947417,39.667123],[-104.946075,39.667567]],[[-104.946075,39.667567],[-104.940691,39.667569],[-104.940691,39.667731]],[[-104.940691,39.667731],[-104.94069,39.668338],[-104.940712,39.674322]],[[-104.940712,39.674322],[-104.940758,39.678423]],[[-104.940758,39.678423],[-104.940914,39.680101]],[[-104.940914,39.680101],[-104.94086,39.681124]],[[-104.94086,39.681124],[-104.940795,39.681453]],[[-104.940795,39.681453],[-104.940697,39.681787]],[[-104.940697,39.681787],[-104.940697,39.68297]],[[-104.940697,39.68297],[-104.940466,39.682915]],[[-104.940466,39.682915],[-104.940251,39.682864],[-104.939478,39.68263]],[[-104.939478,39.68263],[-104.938775,39.682368]],[[-104.938775,39.682368],[-104.938247,39.682141]],[[-104.938247,39.682141],[-104.937786,39.681903]],[[-104.937786,39.681903],[-104.936669,39.681209]],[[-104.936669,39.681209],[-104.936038,39.680701]],[[-104.936038,39.680701],[-104.935935,39.680619],[-104.935589,39.680293]],[[-104.935589,39.680293],[-104.935237,39.679915]],[[-104.935237,39.679915],[-104.933984,39.678455]],[[-104.933984,39.678455],[-104.925868,39.678476]],[[-104.925868,39.678476],[-104.923434,39.678483],[-104.912822,39.67847]],[[-104.912822,39.67847],[-104.906263,39.678451]],[[-104.906263,39.678451],[-104.906126,39.678488]],[[-104.906126,39.678488],[-104.905796,39.678485],[-104.905648,39.678449],[-104.905367,39.678347],[-104.905114,39.678209],[-104.904896,39.678038],[-104.903548,39.676769],[-104.903551,39.667611],[-104.894031,39.667596],[-104.890226,39.664505],[-104.888362,39.665682],[-104.888938,39.665746],[-104.889118,39.66582],[-104.889748,39.666357],[-104.889863,39.666497],[-104.890469,39.667587],[-104.885174,39.667574],[-104.879527,39.663941],[-104.876222,39.66394],[-104.875992,39.664113],[-104.875804,39.664313],[-104.875664,39.664536],[-104.875553,39.664897],[-104.875543,39.665927],[-104.875388,39.668494],[-104.875414,39.668824],[-104.875447,39.668964],[-104.876379,39.671128],[-104.876619,39.67141],[-104.877469,39.672075],[-104.875446,39.672081],[-104.87543,39.6748],[-104.87063,39.674787],[-104.865976,39.670963],[-104.865956,39.667524],[-104.866032,39.660282],[-104.856424,39.660299],[-104.856035,39.660371],[-104.855776,39.660491],[-104.855608,39.660299],[-104.854934,39.660301],[-104.854237,39.660082],[-104.853074,39.659778],[-104.852017,39.659608],[-104.851693,39.65946],[-104.849256,39.659084],[-104.848883,39.659125],[-104.848635,39.659086],[-104.848637,39.657843],[-104.848563,39.657842],[-104.848569,39.657069],[-104.847261,39.657077],[-104.847933,39.656817],[-104.848632,39.656604],[-104.852315,39.655778],[-104.853205,39.655498],[-104.85406,39.655158],[-104.855171,39.654597],[-104.867171,39.647619],[-104.867674,39.64733],[-104.868206,39.647076],[-104.869117,39.646745],[-104.870072,39.646285],[-104.871198,39.646237],[-104.873051,39.645836],[-104.874077,39.645555],[-104.875065,39.645206],[-104.87558,39.644991],[-104.87546,39.65167],[-104.87669,39.653058],[-104.871382,39.653055],[-104.880782,39.65307],[-104.880101,39.653066],[-104.880343,39.641323],[-104.885095,39.638972],[-104.885265,39.624136],[-104.9019,39.624101],[-104.913417,39.624095],[-104.913237,39.638657],[-104.913264,39.638699]],[[-104.86638,39.659364],[-104.866428,39.656982],[-104.866425,39.656982],[-104.86635,39.660075],[-104.86638,39.659364]],[[-104.866513,39.655771],[-104.866489,39.655859],[-104.866454,39.656165],[-104.866456,39.656166],[-104.866513,39.655771]],[[-104.866601,39.655408],[-104.866567,39.655554],[-104.866694,39.655174],[-104.866691,39.655173],[-104.866601,39.655408]],[[-104.86822,39.660777],[-104.868206,39.66074],[-104.86817,39.660702],[-104.868169,39.660704],[-104.86822,39.660777]],[[-104.868328,39.661023],[-104.868326,39.661013],[-104.868318,39.661008],[-104.868328,39.661023]],[[-104.869441,39.653171],[-104.869359,39.653195],[-104.86936,39.653198],[-104.869521,39.653161],[-104.869441,39.653171]],[[-104.873993,39.669959],[-104.874022,39.669978],[-104.874023,39.669976],[-104.873977,39.669939],[-104.873993,39.669959]],[[-104.874224,39.670113],[-104.874311,39.670157],[-104.874312,39.670155],[-104.874196,39.670092],[-104.874224,39.670113]],[[-104.874859,39.670452],[-104.874896,39.670481],[-104.874897,39.67048],[-104.874878,39.670463],[-104.874859,39.670452]],[[-104.875184,39.67079],[-104.875182,39.670791],[-104.875206,39.670828],[-104.875208,39.670827],[-104.875184,39.67079]],[[-104.892692,39.635763],[-104.892247,39.635906],[-104.892099,39.635966],[-104.8921,39.635968],[-104.892692,39.635763]],[[-104.894222,39.658744],[-104.894224,39.658772],[-104.894238,39.65869],[-104.894236,39.658689],[-104.894222,39.658744]],[[-104.894357,39.658507],[-104.894306,39.658552],[-104.894254,39.658638],[-104.894256,39.658639],[-104.894357,39.658507]],[[-104.894502,39.658388],[-104.894465,39.658406],[-104.89443,39.658438],[-104.894431,39.658439],[-104.894502,39.658388]],[[-104.894627,39.638215],[-104.894696,39.638275],[-104.894517,39.638059],[-104.894515,39.638061],[-104.894627,39.638215]],[[-104.894789,39.658282],[-104.894779,39.65828],[-104.894768,39.658282],[-104.894769,39.658285],[-104.894789,39.658282]],[[-104.895304,39.638633],[-104.895456,39.638673],[-104.895457,39.63867],[-104.89518,39.638586],[-104.895304,39.638633]],[[-104.898626,39.650274],[-104.898321,39.649818],[-104.898318,39.64982],[-104.898644,39.650315],[-104.898626,39.650274]],[[-104.898728,39.650481],[-104.898715,39.650459],[-104.898734,39.650509],[-104.898736,39.650509],[-104.898728,39.650481]],[[-104.898796,39.650716],[-104.89878,39.650662],[-104.898778,39.650663],[-104.898794,39.650747],[-104.898796,39.650716]],[[-104.900881,39.658611],[-104.901574,39.65941],[-104.901867,39.65974],[-104.901869,39.659738],[-104.900881,39.658611]],[[-104.911174,39.653104],[-104.901916,39.653116],[-104.901916,39.653119],[-104.907166,39.653116],[-104.911174,39.653104]],[[-104.902235,39.645968],[-104.902187,39.645978],[-104.902152,39.645999],[-104.902153,39.646001],[-104.902235,39.645968]],[[-104.902509,39.645918],[-104.902413,39.645921],[-104.902366,39.645932],[-104.902367,39.645934],[-104.902509,39.645918]],[[-104.902697,39.660692],[-104.902683,39.660644],[-104.902694,39.660821],[-104.902696,39.660821],[-104.902697,39.660692]],[[-104.903295,39.625962],[-104.903797,39.626836],[-104.903927,39.626837],[-104.903919,39.624194],[-104.902914,39.624189],[-104.902806,39.624312],[-104.903295,39.625962]],[[-104.905116,39.640455],[-104.905226,39.640504],[-104.905262,39.640515],[-104.905263,39.640513],[-104.905116,39.640455]],[[-104.910668,39.667644],[-104.910668,39.667641],[-104.905135,39.667646],[-104.905902,39.667652],[-104.910668,39.667644]],[[-104.905468,39.640575],[-104.905527,39.640596],[-104.905591,39.640606],[-104.905591,39.640603],[-104.905468,39.640575]],[[-104.906016,39.634009],[-104.905909,39.633986],[-104.905601,39.63396],[-104.905601,39.633963],[-104.906016,39.634009]],[[-104.905765,39.640631],[-104.905858,39.640649],[-104.905937,39.640649],[-104.905937,39.640647],[-104.905765,39.640631]],[[-104.90716,39.62889],[-104.907058,39.628506],[-104.907055,39.628506],[-104.907164,39.628932],[-104.90716,39.62889]],[[-104.907394,39.634418],[-104.907361,39.634396],[-104.907316,39.634379],[-104.907315,39.634381],[-104.907394,39.634418]],[[-104.908806,39.632048],[-104.908925,39.632115],[-104.909019,39.632158],[-104.90902,39.632156],[-104.908806,39.632048]],[[-104.912987,39.644811],[-104.912983,39.644771],[-104.912975,39.64485],[-104.912977,39.64485],[-104.912987,39.644811]],[[-104.920593,39.666947],[-104.922231,39.666955],[-104.92225,39.663768],[-104.922163,39.663737],[-104.922187,39.663662],[-104.922158,39.663572],[-104.921615,39.662958],[-104.921557,39.662855],[-104.921536,39.662706],[-104.921582,39.66256],[-104.921876,39.662257],[-104.921026,39.660346],[-104.918885,39.660346],[-104.918895,39.659929],[-104.918624,39.65993],[-104.918257,39.659355],[-104.917903,39.659157],[-104.917822,39.659322],[-104.916767,39.659018],[-104.916873,39.658803],[-104.915908,39.658516],[-104.915942,39.658439],[-104.916263,39.658096],[-104.91604,39.657504],[-104.915522,39.657519],[-104.915521,39.657136],[-104.915906,39.657157],[-104.916582,39.656127],[-104.915873,39.656056],[-104.915852,39.656182],[-104.915781,39.656358],[-104.91526,39.656181],[-104.913099,39.656189],[-104.913065,39.66314],[-104.915049,39.663148],[-104.915597,39.66326],[-104.915949,39.663479],[-104.91596,39.66616],[-104.916399,39.666162],[-104.916387,39.667595],[-104.917554,39.667592],[-104.917568,39.67299],[-104.919308,39.673925],[-104.919588,39.673992],[-104.91993,39.673995],[-104.92013,39.674021],[-104.920497,39.674149],[-104.92106,39.67457],[-104.921057,39.674844],[-104.922261,39.674842],[-104.922264,39.675563],[-104.922413,39.675646],[-104.92267,39.675707],[-104.922874,39.6757],[-104.923198,39.6756],[-104.923435,39.675476],[-104.92344,39.676571],[-104.924473,39.67657],[-104.924474,39.676215],[-104.924769,39.676161],[-104.924764,39.676361],[-104.925293,39.676361],[-104.925297,39.67675],[-104.925754,39.676745],[-104.925756,39.676591],[-104.925791,39.676591],[-104.925784,39.675836],[-104.925734,39.675835],[-104.925735,39.675289],[-104.927592,39.675281],[-104.927585,39.674835],[-104.930077,39.674832],[-104.926302,39.669408],[-104.925328,39.66942],[-104.925168,39.669405],[-104.92494,39.669342],[-104.925096,39.668985],[-104.924969,39.668836],[-104.924916,39.668634],[-104.924722,39.668437],[-104.922929,39.667892],[-104.922679,39.667851],[-104.922674,39.667669],[-104.922649,39.667588],[-104.921289,39.66759],[-104.921442,39.667761],[-104.920712,39.668176],[-104.920582,39.668043],[-104.921018,39.667786],[-104.920318,39.66712],[-104.920593,39.666947]],[[-104.923657,39.664518],[-104.923135,39.663499],[-104.923132,39.6635],[-104.923445,39.664128],[-104.923657,39.664518]],[[-104.925553,39.653063],[-104.925553,39.65306],[-104.925147,39.653061],[-104.925147,39.653064],[-104.925553,39.653063]],[[-104.930436,39.667578],[-104.930438,39.668483],[-104.929266,39.668486],[-104.929265,39.669398],[-104.928084,39.6694],[-104.928091,39.668974],[-104.927211,39.668973],[-104.929661,39.67239],[-104.93079,39.672396],[-104.930787,39.672818],[-104.931627,39.672816],[-104.93163,39.67337],[-104.933895,39.673355],[-104.933888,39.6712],[-104.933041,39.671201],[-104.933038,39.670583],[-104.931724,39.670585],[-104.931727,39.671203],[-104.93162,39.671203],[-104.931618,39.66749],[-104.931604,39.667577],[-104.930436,39.667578]],[[-104.933851,39.678304],[-104.933803,39.678244],[-104.93333,39.677722],[-104.933328,39.677724],[-104.933851,39.678304]],[[-104.914721,39.70387],[-104.919844,39.706523]],[[-104.919844,39.706523],[-104.920502,39.706854]],[[-104.920502,39.706854],[-104.921,39.707043]],[[-104.921,39.707043],[-104.922819,39.707409]],[[-104.922819,39.707409],[-104.923126,39.707471],[-104.923257,39.707491]],[[-104.923257,39.707491],[-104.924353,39.707659]],[[-104.924353,39.707659],[-104.924921,39.707746]],[[-104.924921,39.707746],[-104.924987,39.707756],[-104.926473,39.708027]],[[-104.926473,39.708027],[-104.929557,39.708589],[-104.930812,39.70887],[-104.931693,39.709135],[-104.931684,39.711103],[-104.940696,39.711084],[-104.940668,39.711416]],[[-104.940668,39.711416],[-104.940667,39.71143]],[[-104.940667,39.71143],[-104.94257,39.711506]],[[-104.94257,39.711506],[-104.946193,39.711503],[-104.946497,39.711516]],[[-104.946497,39.711516],[-104.946564,39.711388]],[[-104.946564,39.711388],[-104.946896,39.711354]],[[-104.946896,39.711354],[-104.948021,39.711617]],[[-104.948021,39.711617],[-104.948058,39.711626],[-104.948265,39.711724]],[[-104.948265,39.711724],[-104.948467,39.711764]],[[-104.948467,39.711764],[-104.94861,39.711945]],[[-104.94861,39.711945],[-104.948913,39.712154]],[[-104.948913,39.712154],[-104.94905,39.712321]],[[-104.94905,39.712321],[-104.949213,39.712661]],[[-104.949213,39.712661],[-104.949326,39.712776]],[[-104.949326,39.712776],[-104.949907,39.713148]],[[-104.949907,39.713148],[-104.950027,39.713173]],[[-104.950027,39.713173],[-104.950072,39.713315]],[[-104.950072,39.713315],[-104.950132,39.713365]],[[-104.950132,39.713365],[-104.950727,39.713683]],[[-104.950727,39.713683],[-104.950928,39.713874]],[[-104.950928,39.713874],[-104.951504,39.714422]],[[-104.951504,39.714422],[-104.951545,39.714462],[-104.951592,39.714489]],[[-104.951592,39.714489],[-104.951694,39.714547]],[[-104.951694,39.714547],[-104.952043,39.714625]],[[-104.952043,39.714625],[-104.952512,39.714775]],[[-104.952512,39.714775],[-104.952823,39.714956],[-104.953176,39.715127]],[[-104.953176,39.715127],[-104.953532,39.7153]],[[-104.953532,39.7153],[-104.953707,39.715385],[-104.953764,39.715401]],[[-104.953764,39.715401],[-104.953814,39.715415]],[[-104.953814,39.715415],[-104.953856,39.715427],[-104.954256,39.715469]],[[-104.954256,39.715469],[-104.954732,39.715603]],[[-104.954732,39.715603],[-104.955449,39.715736]],[[-104.955449,39.715736],[-104.955736,39.715743]],[[-104.955736,39.715743],[-104.956623,39.715877]],[[-104.956623,39.715877],[-104.957271,39.715873]],[[-104.957271,39.715873],[-104.957419,39.715873],[-104.957903,39.71582]],[[-104.957903,39.71582],[-104.959319,39.715665]],[[-104.959319,39.715665],[-104.9597,39.715632]],[[-104.9597,39.715632],[-104.959937,39.715639]],[[-104.959937,39.715639],[-104.960217,39.715581]],[[-104.960217,39.715581],[-104.961371,39.715484]],[[-104.961371,39.715484],[-104.961598,39.715442]],[[-104.961598,39.715442],[-104.962301,39.715236]],[[-104.962301,39.715236],[-104.963034,39.715072]],[[-104.963034,39.715072],[-104.963386,39.714817]],[[-104.963386,39.714817],[-104.963719,39.714732]],[[-104.963719,39.714732],[-104.963901,39.714643]],[[-104.963901,39.714643],[-104.964054,39.714617]],[[-104.964054,39.714617],[-104.964526,39.714344],[-104.964576,39.714325]],[[-104.964576,39.714325],[-104.964711,39.714275]],[[-104.964711,39.714275],[-104.964849,39.714225],[-104.964946,39.714205]],[[-104.964946,39.714205],[-104.96513,39.714167]],[[-104.96513,39.714167],[-104.96526,39.71414],[-104.965278,39.714144]],[[-104.965278,39.714144],[-104.965553,39.714211]],[[-104.965553,39.714211],[-104.965885,39.714242]],[[-104.965885,39.714242],[-104.966066,39.714298],[-104.966137,39.714333]],[[-104.966137,39.714333],[-104.96618,39.714354]],[[-104.96618,39.714354],[-104.966253,39.714391],[-104.966685,39.714693]],[[-104.966685,39.714693],[-104.967577,39.715213]],[[-104.967577,39.715213],[-104.968207,39.715745]],[[-104.968207,39.715745],[-104.968839,39.716453]],[[-104.968839,39.716453],[-104.968852,39.716468],[-104.968954,39.716534]],[[-104.968954,39.716534],[-104.969155,39.716665],[-104.969193,39.716702]],[[-104.969193,39.716702],[-104.969529,39.717033]],[[-104.969529,39.717033],[-104.969767,39.717268]],[[-104.969767,39.717268],[-104.969801,39.717302],[-104.969842,39.717329]],[[-104.969842,39.717329],[-104.970146,39.717537]],[[-104.970146,39.717537],[-104.970598,39.717709]],[[-104.970598,39.717709],[-104.970761,39.717745]],[[-104.970761,39.717745],[-104.970993,39.717862]],[[-104.970993,39.717862],[-104.971336,39.71797]],[[-104.971336,39.71797],[-104.973258,39.718412]],[[-104.973258,39.718412],[-104.973281,39.718714]],[[-104.973281,39.718714],[-104.973262,39.718771]],[[-104.973262,39.718771],[-104.973259,39.719443]],[[-104.973259,39.719443],[-104.973194,39.719666]],[[-104.973194,39.719666],[-104.972941,39.720114]],[[-104.972941,39.720114],[-104.972921,39.72024]],[[-104.972921,39.72024],[-104.972935,39.726302]],[[-104.972935,39.726302],[-104.972945,39.729087]],[[-104.972945,39.729087],[-104.960202,39.729117]],[[-104.960202,39.729117],[-104.960191,39.727225],[-104.960173,39.727124]],[[-104.960181,39.725616],[-104.949805,39.725618],[-104.940625,39.725608]],[[-104.940625,39.725608],[-104.940618,39.729236],[-104.940619,39.730139]],[[-104.940619,39.730139],[-104.940625,39.734699],[-104.94059,39.738287]],[[-104.940603,39.740138],[-104.938056,39.740139]],[[-104.938056,39.740139],[-104.931718,39.740142]],[[-104.931718,39.740142],[-104.922331,39.740151],[-104.91244,39.740162],[-104.903465,39.740154]],[[-104.903465,39.740154],[-104.903465,39.740154],[-104.903465,39.740154]],[[-104.903465,39.740154],[-104.903471,39.732903],[-104.903469,39.732903]],[[-104.903469,39.732903],[-104.902112,39.732882]],[[-104.902112,39.732882],[-104.90205,39.732881],[-104.884714,39.732855]],[[-104.884714,39.732855],[-104.884723,39.730575],[-104.884982,39.730217],[-104.885324,39.729903],[-104.886531,39.729157],[-104.88504,39.728149],[-104.884781,39.727946],[-104.881995,39.725071],[-104.881495,39.725337],[-104.880976,39.725532],[-104.880755,39.725594],[-104.875343,39.725584],[-104.875354,39.719235],[-104.875237,39.719235],[-104.875219,39.719077],[-104.875166,39.718923],[-104.875024,39.718712],[-104.874891,39.71859],[-104.874959,39.71851],[-104.87489,39.718461],[-104.874588,39.718337],[-104.874481,39.718264],[-104.874226,39.718227],[-104.872907,39.718195],[-104.870654,39.718213],[-104.870675,39.709943],[-104.865984,39.711061],[-104.865979,39.703912],[-104.867026,39.703579],[-104.868285,39.703269],[-104.868485,39.703193],[-104.868602,39.703121],[-104.868741,39.702987],[-104.868808,39.702884],[-104.869346,39.701509],[-104.869551,39.701213],[-104.869745,39.701037],[-104.870102,39.700829],[-104.870374,39.700733],[-104.870664,39.700675],[-104.87066,39.698371],[-104.868215,39.698373],[-104.868218,39.700188],[-104.86716,39.700187],[-104.867157,39.699283],[-104.865975,39.699286],[-104.865973,39.696567],[-104.87532,39.696564],[-104.875341,39.698446],[-104.877733,39.698454],[-104.877742,39.696567],[-104.894105,39.696602],[-104.894103,39.695897],[-104.894777,39.6959],[-104.894781,39.696604],[-104.896834,39.696611],[-104.89704,39.696527],[-104.897342,39.696287],[-104.897911,39.69608],[-104.899168,39.695374],[-104.899577,39.695809],[-104.899652,39.695768],[-104.90039,39.696559],[-104.899759,39.697163],[-104.903532,39.698535],[-104.903519,39.698527],[-104.903518,39.696635],[-104.902418,39.695449]],[[-104.902418,39.695449],[-104.902727,39.695627]],[[-104.902727,39.695627],[-104.903057,39.69568]],[[-104.903057,39.69568],[-104.90566,39.695675]],[[-104.90566,39.695675],[-104.906168,39.695702]],[[-104.906168,39.695702],[-104.906413,39.695784]],[[-104.906413,39.695784],[-104.90662,39.695906]],[[-104.90662,39.695906],[-104.907397,39.696491]],[[-104.907397,39.696491],[-104.907567,39.696567]],[[-104.907567,39.696567],[-104.907938,39.696639]],[[-104.907938,39.696639],[-104.912952,39.696632]],[[-104.912952,39.696632],[-104.912899,39.698454]],[[-104.912899,39.698454],[-104.912896,39.700254],[-104.912904,39.702939]],[[-104.912904,39.702939],[-104.91295,39.70387],[-104.914721,39.70387]],[[-104.877675,39.708369],[-104.875383,39.708906],[-104.872161,39.709681],[-104.872161,39.709684],[-104.877675,39.708369]],[[-104.875385,39.708195],[-104.875362,39.705489],[-104.875359,39.705489],[-104.875381,39.708606],[-104.875385,39.708195]],[[-104.877981,39.701421],[-104.87718,39.701713],[-104.877181,39.701716],[-104.878051,39.701406],[-104.877981,39.701421]],[[-104.878249,39.701353],[-104.87819,39.70137],[-104.878415,39.701344],[-104.878414,39.701341],[-104.878249,39.701353]],[[-104.878537,39.706335],[-104.878467,39.706339],[-104.878437,39.706351],[-104.878437,39.706353],[-104.878537,39.706335]],[[-104.878711,39.701357],[-104.878554,39.701344],[-104.878553,39.701346],[-104.878743,39.701369],[-104.878711,39.701357]],[[-104.878911,39.706351],[-104.878746,39.706315],[-104.878701,39.706319],[-104.8787,39.70632],[-104.878911,39.706351]],[[-104.880142,39.706789],[-104.880199,39.706787],[-104.879913,39.706741],[-104.879912,39.706743],[-104.880142,39.706789]],[[-104.880355,39.706787],[-104.880395,39.706775],[-104.880308,39.706785],[-104.880308,39.706787],[-104.880355,39.706787]],[[-104.882899,39.703704],[-104.882709,39.70361],[-104.882707,39.703612],[-104.882949,39.703746],[-104.882899,39.703704]],[[-104.882898,39.706189],[-104.882935,39.706168],[-104.882813,39.706206],[-104.882814,39.706209],[-104.882898,39.706189]],[[-104.883053,39.706112],[-104.883137,39.706041],[-104.883135,39.706039],[-104.883016,39.706128],[-104.883053,39.706112]],[[-104.88306,39.703836],[-104.883046,39.703827],[-104.883069,39.703851],[-104.88307,39.70385],[-104.88306,39.703836]],[[-104.883251,39.705881],[-104.883257,39.705854],[-104.883194,39.705968],[-104.883197,39.70597],[-104.883251,39.705881]],[[-104.883285,39.705746],[-104.883282,39.705376],[-104.883279,39.705376],[-104.88328,39.705761],[-104.883285,39.705746]],[[-104.883458,39.707003],[-104.883458,39.707005],[-104.883709,39.706956],[-104.883623,39.706964],[-104.883458,39.707003]],[[-104.883993,39.706931],[-104.884355,39.706925],[-104.884355,39.706922],[-104.88412,39.70692],[-104.883993,39.706931]],[[-104.884118,39.723924],[-104.884048,39.723945],[-104.884049,39.723947],[-104.884097,39.723938],[-104.884118,39.723924]],[[-104.884229,39.72381],[-104.884227,39.723808],[-104.884151,39.723902],[-104.88418,39.723883],[-104.884229,39.72381]],[[-104.886047,39.702862],[-104.886014,39.702846],[-104.884985,39.70267],[-104.884984,39.702673],[-104.886047,39.702862]],[[-104.885714,39.707186],[-104.885713,39.707188],[-104.885898,39.707261],[-104.885832,39.707227],[-104.885714,39.707186]],[[-104.88623,39.707432],[-104.886229,39.707434],[-104.886282,39.707465],[-104.886283,39.707463],[-104.88623,39.707432]],[[-104.89224,39.701959],[-104.892277,39.701887],[-104.892111,39.702121],[-104.892113,39.702123],[-104.89224,39.701959]],[[-104.895481,39.717353],[-104.895442,39.717348],[-104.895412,39.717359],[-104.895412,39.71736],[-104.895481,39.717353]],[[-104.895726,39.717401],[-104.895611,39.717362],[-104.895576,39.717359],[-104.895576,39.717361],[-104.895726,39.717401]],[[-104.896016,39.717047],[-104.895973,39.717019],[-104.895972,39.717021],[-104.89603,39.717068],[-104.896016,39.717047]],[[-104.89608,39.71714],[-104.896065,39.717118],[-104.896079,39.717168],[-104.89608,39.717168],[-104.89608,39.71714]],[[-104.903547,39.722007],[-104.903545,39.7218],[-104.903543,39.722238],[-104.903546,39.722238],[-104.903547,39.722007]],[[-104.913726,39.711212],[-104.914136,39.711216],[-104.914878,39.711202],[-104.914878,39.711199],[-104.913726,39.711212]],[[-104.928055,39.731633],[-104.928125,39.731668],[-104.928935,39.73198],[-104.928936,39.731977],[-104.928055,39.731633]],[[-104.931854,39.733108],[-104.932153,39.733228],[-104.932378,39.733302],[-104.932379,39.733299],[-104.931854,39.733108]],[[-104.932556,39.733349],[-104.932893,39.733433],[-104.933271,39.733501],[-104.933272,39.733498],[-104.932556,39.733349]],[[-104.936585,39.733913],[-104.93501,39.733716],[-104.933925,39.733589],[-104.936683,39.733934],[-104.936585,39.733913]],[[-104.937311,39.734052],[-104.937102,39.734014],[-104.937692,39.734162],[-104.937692,39.734159],[-104.937311,39.734052]],[[-104.940638,39.719016],[-104.940651,39.71769],[-104.940631,39.715327],[-104.940628,39.715327],[-104.940638,39.719016]],[[-104.940666,39.711478],[-104.940655,39.711573],[-104.940635,39.713658],[-104.940638,39.713658],[-104.940666,39.711478]],[[-104.94954,39.713696],[-104.949538,39.713698],[-104.949624,39.713807],[-104.949602,39.713764],[-104.94954,39.713696]],[[-104.949686,39.713927],[-104.949725,39.714033],[-104.949727,39.714032],[-104.949701,39.713957],[-104.949686,39.713927]],[[-104.973498,39.666619],[-104.973497,39.666939],[-104.97347,39.666934],[-104.973467,39.667684],[-104.973496,39.667684]],[[-104.973496,39.667684],[-104.973496,39.66772],[-104.973495,39.667941]],[[-104.973495,39.667941],[-104.973461,39.673119],[-104.973456,39.674857]],[[-104.973456,39.674857],[-104.973487,39.674893]],[[-104.973487,39.674893],[-104.973412,39.682087]],[[-104.973412,39.682087],[-104.973433,39.682153]],[[-104.973433,39.682153],[-104.973435,39.689818]],[[-104.973435,39.689818],[-104.973391,39.698363]],[[-104.973391,39.698363],[-104.973411,39.69844]],[[-104.973411,39.69844],[-104.973386,39.707003]],[[-104.973386,39.707003],[-104.973384,39.707499],[-104.973385,39.707646]],[[-104.973385,39.707646],[-104.973386,39.708126]],[[-104.973386,39.708126],[-104.973402,39.714737]],[[-104.973402,39.714737],[-104.973052,39.714738]],[[-104.973052,39.714738],[-104.973199,39.71488]],[[-104.973199,39.71488],[-104.973205,39.715088]],[[-104.973205,39.715088],[-104.973156,39.715294]],[[-104.973156,39.715294],[-104.973161,39.718013]],[[-104.973161,39.718013],[-104.973242,39.718205]],[[-104.973242,39.718205],[-104.973258,39.718412]],[[-104.970146,39.717537],[-104.969875,39.717357],[-104.969842,39.717329]],[[-104.969842,39.717329],[-104.969767,39.717268]],[[-104.969767,39.717268],[-104.969731,39.717239],[-104.969529,39.717033]],[[-104.969529,39.717033],[-104.969225,39.716725],[-104.969193,39.716702]],[[-104.969193,39.716702],[-104.968954,39.716534]],[[-104.968954,39.716534],[-104.968839,39.716453]],[[-104.968839,39.716453],[-104.968827,39.716445],[-104.968207,39.715745]],[[-104.966685,39.714693],[-104.96618,39.714354]],[[-104.96618,39.714354],[-104.966161,39.714342],[-104.966137,39.714333]],[[-104.966137,39.714333],[-104.965885,39.714242]],[[-104.965553,39.714211],[-104.965292,39.714142],[-104.965278,39.714144]],[[-104.965278,39.714144],[-104.96513,39.714167]],[[-104.96513,39.714167],[-104.965012,39.714185],[-104.964946,39.714205]],[[-104.964946,39.714205],[-104.964711,39.714275]],[[-104.964711,39.714275],[-104.964611,39.714306],[-104.964576,39.714325]],[[-104.964576,39.714325],[-104.964054,39.714617]],[[-104.959319,39.715665],[-104.958362,39.715781],[-104.957903,39.71582]],[[-104.957903,39.71582],[-104.957271,39.715873]],[[-104.957271,39.715873],[-104.957221,39.715878],[-104.956623,39.715877]],[[-104.954256,39.715469],[-104.953814,39.715415]],[[-104.953814,39.715415],[-104.953789,39.715412],[-104.953764,39.715401]],[[-104.953764,39.715401],[-104.953532,39.7153]],[[-104.953532,39.7153],[-104.953362,39.715226],[-104.953176,39.715127]],[[-104.953176,39.715127],[-104.952512,39.714775]],[[-104.951694,39.714547],[-104.951619,39.714509],[-104.951592,39.714489]],[[-104.951592,39.714489],[-104.951504,39.714422]],[[-104.951504,39.714422],[-104.95144,39.714375],[-104.950928,39.713874]],[[-104.950928,39.713874],[-104.950889,39.713818],[-104.950727,39.713683]],[[-104.948265,39.711724],[-104.948021,39.711617]],[[-104.948021,39.711617],[-104.94802,39.711617],[-104.946896,39.711354]],[[-104.946497,39.711516],[-104.94257,39.711506]],[[-104.940667,39.71143],[-104.940666,39.71143],[-104.940668,39.711416]],[[-104.940668,39.711416],[-104.940697,39.71123],[-104.940707,39.697737],[-104.94072,39.697733],[-104.940038,39.69774],[-104.940036,39.697935],[-104.938573,39.697941],[-104.938574,39.696668],[-104.939563,39.696666],[-104.939564,39.696577],[-104.940708,39.696579],[-104.940706,39.69477],[-104.940564,39.694771],[-104.940565,39.695412],[-104.939521,39.69541],[-104.93952,39.694768],[-104.93627,39.694775],[-104.936279,39.696591],[-104.936434,39.69659],[-104.93643,39.69785],[-104.935916,39.697851],[-104.935922,39.696592],[-104.928223,39.696613],[-104.928219,39.698432],[-104.928806,39.698427],[-104.92879,39.700235],[-104.93173,39.700221],[-104.93173,39.700326],[-104.932893,39.700312],[-104.932893,39.701329],[-104.934063,39.70132],[-104.934055,39.703767],[-104.933302,39.703779],[-104.932867,39.703623],[-104.932893,39.702056],[-104.931722,39.702065],[-104.931715,39.703866],[-104.927002,39.703866],[-104.926996,39.706708],[-104.928293,39.706698],[-104.928297,39.706794],[-104.929128,39.706795],[-104.92913,39.706419],[-104.929547,39.706421],[-104.929556,39.708519],[-104.926992,39.708061],[-104.926993,39.708121],[-104.926473,39.708027]],[[-104.926473,39.708027],[-104.924921,39.707746]],[[-104.924921,39.707746],[-104.924789,39.707722],[-104.924353,39.707659]],[[-104.924353,39.707659],[-104.923476,39.707532],[-104.923257,39.707491]],[[-104.923257,39.707491],[-104.922819,39.707409]],[[-104.922819,39.707409],[-104.921764,39.707212],[-104.921,39.707043]],[[-104.914721,39.70387],[-104.91295,39.70387],[-104.912904,39.702939]],[[-104.912904,39.702939],[-104.912899,39.698454]],[[-104.912899,39.698454],[-104.912953,39.696684],[-104.912952,39.696632]],[[-104.912952,39.696632],[-104.9129,39.696631],[-104.907938,39.696639]],[[-104.902418,39.695449],[-104.900114,39.692964],[-104.90352,39.692997],[-104.903522,39.689361],[-104.898821,39.689347],[-104.898832,39.690732],[-104.898192,39.690735],[-104.898838,39.691436],[-104.898849,39.692965],[-104.894206,39.692985],[-104.894093,39.692902],[-104.894069,39.685702],[-104.889339,39.685693],[-104.889319,39.682064],[-104.894056,39.682069],[-104.894067,39.678456],[-104.903541,39.678483],[-104.903524,39.684764],[-104.90509,39.685722],[-104.905173,39.685722],[-104.905167,39.683904],[-104.904613,39.683904],[-104.904601,39.68028],[-104.908105,39.680278],[-104.908104,39.679815],[-104.906992,39.679817],[-104.906994,39.678804],[-104.906126,39.678488]],[[-104.912822,39.67847],[-104.922276,39.67848],[-104.925868,39.678476]],[[-104.925868,39.678476],[-104.931626,39.678471],[-104.933984,39.678455]],[[-104.933984,39.678455],[-104.933987,39.678455],[-104.935237,39.679915]],[[-104.935589,39.680293],[-104.936038,39.680701]],[[-104.936038,39.680701],[-104.936215,39.680863],[-104.936669,39.681209]],[[-104.939478,39.68263],[-104.940466,39.682915]],[[-104.940466,39.682915],[-104.940717,39.682978],[-104.940697,39.68297]],[[-104.940712,39.674322],[-104.940691,39.667731]],[[-104.940691,39.667731],[-104.94069,39.667569],[-104.946075,39.667567]],[[-104.959389,39.667603],[-104.959446,39.663756],[-104.959447,39.663449]],[[-104.959447,39.663449],[-104.95945,39.661599],[-104.959455,39.661599]],[[-104.959455,39.661599],[-104.963076,39.661587],[-104.963048,39.660386],[-104.968838,39.660439],[-104.968814,39.665859],[-104.973474,39.665871],[-104.973471,39.666623],[-104.973498,39.666619]],[[-104.896076,39.686865],[-104.896181,39.686841],[-104.896181,39.68684],[-104.896123,39.686841],[-104.896076,39.686865]],[[-104.896892,39.68683],[-104.896892,39.686833],[-104.898273,39.686836],[-104.898273,39.686833],[-104.896892,39.68683]],[[-104.90116,39.684817],[-104.898793,39.68341],[-104.898796,39.685712],[-104.902681,39.68572],[-104.90116,39.684817]],[[-104.903502,39.685707],[-104.903513,39.685488],[-104.903519,39.685131],[-104.903516,39.685131],[-104.903502,39.685707]],[[-104.91093,39.682083],[-104.91093,39.6799],[-104.908213,39.679891],[-104.908215,39.682082],[-104.911053,39.682086],[-104.91093,39.682083]],[[-104.921645,39.697454],[-104.921648,39.697454],[-104.921647,39.697391],[-104.921645,39.697399],[-104.921645,39.697454]],[[-104.921699,39.697152],[-104.921701,39.697153],[-104.921745,39.696993],[-104.921721,39.697049],[-104.921699,39.697152]],[[-104.921801,39.696866],[-104.921803,39.696867],[-104.922013,39.696423],[-104.921902,39.696632],[-104.921801,39.696866]],[[-104.927422,39.696733],[-104.925362,39.696742],[-104.925362,39.696745],[-104.927281,39.696739],[-104.927422,39.696733]],[[-104.928309,39.701282],[-104.928653,39.701621],[-104.929192,39.702051],[-104.929321,39.702045],[-104.929323,39.70128],[-104.928309,39.701282]],[[-104.940565,39.688525],[-104.940559,39.68933],[-104.940567,39.69147],[-104.94057,39.69147],[-104.940565,39.688525]],[[-104.940584,39.686795],[-104.940581,39.686795],[-104.940566,39.687634],[-104.940569,39.687634],[-104.940584,39.686795]],[[-104.944557,39.701883],[-104.944593,39.701966],[-104.944636,39.702047],[-104.944638,39.702045],[-104.944557,39.701883]],[[-104.947868,39.684567],[-104.94848,39.684629],[-104.94848,39.684627],[-104.947471,39.684504],[-104.947868,39.684567]],[[-104.950481,39.684733],[-104.95059,39.68473],[-104.950101,39.684719],[-104.950101,39.684722],[-104.950481,39.684733]],[[-104.959391,39.674851],[-104.959393,39.678521],[-104.959404,39.669416],[-104.959392,39.66797],[-104.959391,39.674851]],[[-104.968737,39.687505],[-104.968737,39.687513],[-104.971409,39.688823],[-104.97141,39.688821],[-104.968737,39.687505]],[[-104.93173,39.700178],[-104.931738,39.698431],[-104.934081,39.698408],[-104.934066,39.700176],[-104.93173,39.700178]],[[-104.999615,39.668397],[-104.999291,39.668619],[-104.999204,39.668684]],[[-104.999204,39.668684],[-104.999145,39.668728]],[[-104.999145,39.668728],[-104.999039,39.668809],[-104.998975,39.66888]],[[-104.998975,39.66888],[-104.998696,39.669191]],[[-104.997643,39.672],[-104.997451,39.67261]],[[-104.997451,39.67261],[-104.997438,39.67265],[-104.997386,39.673241]],[[-104.997813,39.677289],[-104.997904,39.677891]],[[-104.997904,39.677891],[-104.998038,39.678786]],[[-104.998187,39.679265],[-104.998405,39.679759]],[[-104.998405,39.679759],[-104.99846,39.679884],[-104.998574,39.680073]],[[-105.000837,39.681335],[-105.001,39.681474]],[[-105.001,39.681474],[-105.001051,39.681519],[-105.0011,39.681583]],[[-105.0011,39.681583],[-105.001164,39.681668]],[[-105.001164,39.681668],[-105.001205,39.681723],[-105.001376,39.682117]],[[-105.001376,39.682117],[-105.001407,39.682225],[-105.001405,39.682179]],[[-105.001405,39.682179],[-105.015256,39.682341]],[[-105.015256,39.682341],[-105.015703,39.682347],[-105.025048,39.682279]],[[-105.025091,39.69759],[-105.025112,39.705544]],[[-105.023643,39.711163],[-105.015711,39.711199],[-105.008664,39.71121]],[[-105.000153,39.711211],[-105.000116,39.711156],[-105.000377,39.711588]],[[-105.001476,39.713916],[-105.001764,39.714696],[-105.001835,39.714852]],[[-105.002052,39.715184],[-105.002474,39.715721],[-105.002521,39.715766]],[[-105.002521,39.715766],[-105.002651,39.71589]],[[-105.002651,39.71589],[-105.002728,39.715965],[-105.003379,39.716509]],[[-105.015309,39.724014],[-105.015477,39.724168]],[[-105.015477,39.724168],[-105.015523,39.724211],[-105.015628,39.724337]],[[-105.015628,39.724337],[-105.015702,39.724425]],[[-105.015702,39.724425],[-105.01574,39.724472],[-105.015802,39.724564]],[[-105.015802,39.724564],[-105.015846,39.724705]],[[-105.015846,39.724705],[-105.015856,39.724737],[-105.015846,39.724837]],[[-105.015846,39.724837],[-105.015779,39.725511]],[[-105.009697,39.725791],[-105.008299,39.725866],[-105.00819,39.725865]],[[-105.00819,39.725865],[-105.007903,39.725864]],[[-105.007903,39.725864],[-105.006346,39.725791],[-105.00612,39.725677]],[[-105.000783,39.725657],[-105.000255,39.725679],[-105.000158,39.725716]],[[-104.987434,39.726952],[-104.987425,39.727284],[-104.987416,39.728886]],[[-104.987416,39.728886],[-104.987414,39.729081]],[[-104.987414,39.729081],[-104.987413,39.732053]],[[-104.987413,39.732053],[-104.983592,39.732049],[-104.983613,39.730449]],[[-104.978767,39.73043],[-104.976427,39.730459],[-104.976422,39.729083],[-104.972945,39.729087]],[[-104.972945,39.729087],[-104.972949,39.727292],[-104.972935,39.726302]],[[-104.972935,39.726302],[-104.972925,39.725585],[-104.972921,39.72024]],[[-104.973161,39.718013],[-104.973156,39.716545],[-104.973156,39.715294]],[[-104.973402,39.714737],[-104.973403,39.711117],[-104.973386,39.708126]],[[-104.973386,39.708126],[-104.973384,39.707859],[-104.973385,39.707646]],[[-104.973385,39.707646],[-104.973386,39.707003]],[[-104.973386,39.707003],[-104.973394,39.702065],[-104.973411,39.69844]],[[-104.973412,39.682087],[-104.973441,39.678521],[-104.973487,39.674893]],[[-104.973456,39.674857],[-104.973495,39.667941]],[[-104.973495,39.667941],[-104.973496,39.667684]],[[-104.973496,39.667684],[-104.980537,39.667705],[-104.997015,39.667669],[-105.000196,39.667682]],[[-104.976093,39.691335],[-104.975734,39.69107],[-104.975589,39.690981],[-104.975587,39.690983],[-104.976093,39.691335]],[[-104.980055,39.711124],[-104.980055,39.711121],[-104.978872,39.711116],[-104.978872,39.711119],[-104.980055,39.711124]],[[-104.987519,39.716292],[-104.987512,39.716584],[-104.98751,39.717946],[-104.987513,39.717946],[-104.987519,39.716292]],[[-104.997941,39.690729],[-104.998398,39.690524],[-104.998443,39.690496],[-104.998442,39.690494],[-104.997941,39.690729]],[[-104.999375,39.689832],[-104.998581,39.690409],[-104.998582,39.690411],[-104.9987,39.690339],[-104.999375,39.689832]],[[-104.999548,39.68967],[-104.999556,39.689664],[-104.999561,39.689653],[-104.999559,39.689652],[-104.999548,39.68967]],[[-104.999669,39.689409],[-104.999688,39.689373],[-104.999747,39.689186],[-104.999744,39.689185],[-104.999669,39.689409]],[[-104.99993,39.688537],[-105.000062,39.688221],[-105.00007,39.68818],[-105.000069,39.688179],[-104.99993,39.688537]],[[-105.000094,39.688051],[-105.000101,39.688028],[-105.000109,39.687888],[-105.000106,39.687888],[-105.000094,39.688051]],[[-105.001435,39.68272],[-105.001442,39.682632],[-105.001432,39.682504],[-105.001429,39.682504],[-105.001435,39.68272]],[[-104.903521,39.78383],[-104.903565,39.798402],[-104.901429,39.7984],[-104.901427,39.800212],[-104.899078,39.800211],[-104.89908,39.798399],[-104.88446,39.798391],[-104.884415,39.812823],[-104.866271,39.812854],[-104.866223,39.798419],[-104.847203,39.798355],[-104.835516,39.798263]],[[-104.835417,39.798109],[-104.835501,39.791811],[-104.835505,39.791169]],[[-104.836031,39.78614],[-104.831316,39.784199],[-104.831316,39.784199]],[[-104.831316,39.784199],[-104.831316,39.784199]],[[-104.831316,39.784199],[-104.829593,39.783488],[-104.829497,39.783442]],[[-104.829497,39.783442],[-104.8292,39.7833]],[[-104.8292,39.7833],[-104.829143,39.783273],[-104.829014,39.783185]],[[-104.824022,39.775627],[-104.824034,39.775262],[-104.824062,39.775169]],[[-104.824062,39.775169],[-104.824089,39.775075],[-104.824653,39.774013]],[[-104.824365,39.772807],[-104.828173,39.772796],[-104.828183,39.769166],[-104.832879,39.769181],[-104.83288,39.766375],[-104.833601,39.766548],[-104.835583,39.766925],[-104.8376,39.767168],[-104.856414,39.768577],[-104.856348,39.758139],[-104.855492,39.757818],[-104.854983,39.75794],[-104.854838,39.757861],[-104.854324,39.758083],[-104.853458,39.757649],[-104.852981,39.757509],[-104.852029,39.75735],[-104.850788,39.756779],[-104.848229,39.756442],[-104.848023,39.755475],[-104.847749,39.755271],[-104.846879,39.755241],[-104.846874,39.754732],[-104.879945,39.754752],[-104.879951,39.74746],[-104.884674,39.747474],[-104.884659,39.740165],[-104.884714,39.732855]],[[-104.884714,39.732855],[-104.902112,39.732882]],[[-104.902112,39.732882],[-104.902764,39.732883],[-104.903469,39.732903]],[[-104.903469,39.732903],[-104.903465,39.740154]],[[-104.903465,39.740154],[-104.903465,39.740154]],[[-104.903465,39.740154],[-104.912813,39.740163]],[[-104.912813,39.740163],[-104.912823,39.747439]],[[-104.912823,39.747439],[-104.912857,39.748366]],[[-104.912857,39.748366],[-104.912859,39.751089]],[[-104.912859,39.751089],[-104.912854,39.751583]],[[-104.912854,39.751583],[-104.912779,39.752472]],[[-104.912779,39.752472],[-104.912766,39.752901]],[[-104.912766,39.752901],[-104.912784,39.753473]],[[-104.912784,39.753473],[-104.912844,39.75419]],[[-104.912844,39.75419],[-104.91279,39.755393]],[[-104.91279,39.755393],[-104.912844,39.756591]],[[-104.912844,39.756591],[-104.9128,39.757853]],[[-104.9128,39.757853],[-104.912858,39.758394]],[[-104.912858,39.758394],[-104.912861,39.762004]],[[-104.912861,39.762004],[-104.939537,39.762007]],[[-104.939537,39.762007],[-104.940668,39.761957]],[[-104.940668,39.761957],[-104.940669,39.764482]],[[-104.940669,39.764482],[-104.940635,39.765801]],[[-104.940635,39.765801],[-104.940617,39.769191]],[[-104.940617,39.769191],[-104.940627,39.772886],[-104.940627,39.772886]],[[-104.940627,39.772886],[-104.940495,39.772887]],[[-104.940495,39.772887],[-104.940487,39.773954]],[[-104.940487,39.773954],[-104.940553,39.777935]],[[-104.940553,39.777935],[-104.940505,39.780644],[-104.940447,39.781991]],[[-104.940447,39.781991],[-104.94042,39.785533]],[[-104.94042,39.785533],[-104.940347,39.788802],[-104.940334,39.789112]],[[-104.940334,39.789112],[-104.940184,39.78991]],[[-104.940184,39.78991],[-104.939898,39.790984]],[[-104.939898,39.790984],[-104.92696,39.791047],[-104.926991,39.783784],[-104.912884,39.783828],[-104.903521,39.78383]],[[-104.839144,39.778982],[-104.839143,39.778984],[-104.839281,39.779032],[-104.839244,39.779013],[-104.839144,39.778982]],[[-104.842937,39.781305],[-104.842961,39.78131],[-104.842915,39.781292],[-104.842914,39.781294],[-104.842937,39.781305]],[[-104.8463,39.782357],[-104.846362,39.782363],[-104.846179,39.782316],[-104.846178,39.782319],[-104.8463,39.782357]],[[-104.846561,39.782391],[-104.846586,39.782391],[-104.846586,39.782389],[-104.846537,39.782385],[-104.846561,39.782391]],[[-104.874678,39.798349],[-104.87186,39.79835],[-104.86745,39.798384],[-104.86745,39.798387],[-104.874678,39.798349]],[[-104.87662,39.808548],[-104.876751,39.808668],[-104.876307,39.808195],[-104.876305,39.808197],[-104.87662,39.808548]],[[-104.877622,39.809439],[-104.87762,39.809441],[-104.878596,39.810234],[-104.878548,39.810185],[-104.877622,39.809439]],[[-104.878773,39.810417],[-104.878919,39.810622],[-104.878921,39.810621],[-104.878835,39.810481],[-104.878773,39.810417]],[[-104.879025,39.811409],[-104.879022,39.811408],[-104.878925,39.81167],[-104.87898,39.811554],[-104.879025,39.811409]],[[-104.880212,39.757478],[-104.880231,39.757446],[-104.880229,39.757445],[-104.880202,39.757487],[-104.880212,39.757478]],[[-104.880458,39.757059],[-104.880475,39.757019],[-104.880473,39.757018],[-104.880448,39.757072],[-104.880458,39.757059]],[[-104.880658,39.756586],[-104.880676,39.75652],[-104.880674,39.756519],[-104.880644,39.756614],[-104.880658,39.756586]],[[-104.880784,39.756117],[-104.8808,39.755995],[-104.880797,39.755995],[-104.880768,39.75617],[-104.880784,39.756117]],[[-104.880841,39.755669],[-104.880847,39.755218],[-104.880844,39.755218],[-104.880834,39.755711],[-104.880841,39.755669]],[[-104.883153,39.753583],[-104.882624,39.753609],[-104.882624,39.753612],[-104.883254,39.753588],[-104.883153,39.753583]],[[-104.884081,39.753609],[-104.883771,39.7536],[-104.883771,39.753603],[-104.884318,39.753636],[-104.884081,39.753609]],[[-104.885754,39.753842],[-104.884829,39.753687],[-104.884695,39.753673],[-104.884694,39.753675],[-104.885754,39.753842]],[[-104.88899,39.793265],[-104.88839,39.792829],[-104.888389,39.792832],[-104.888958,39.793246],[-104.88899,39.793265]],[[-104.889304,39.793446],[-104.889169,39.793368],[-104.889168,39.79337],[-104.88925,39.793419],[-104.889304,39.793446]],[[-104.889769,39.793662],[-104.88977,39.793659],[-104.8896,39.79359],[-104.88967,39.793624],[-104.889769,39.793662]],[[-104.889943,39.768783],[-104.889941,39.768781],[-104.889865,39.768893],[-104.88989,39.768864],[-104.889943,39.768783]],[[-104.890126,39.768493],[-104.890124,39.768492],[-104.890085,39.768567],[-104.890104,39.768537],[-104.890126,39.768493]],[[-104.890259,39.793837],[-104.89026,39.793835],[-104.890086,39.793783],[-104.890129,39.7938],[-104.890259,39.793837]],[[-104.890278,39.768136],[-104.890275,39.768135],[-104.890219,39.768307],[-104.890239,39.768266],[-104.890278,39.768136]],[[-104.890863,39.753825],[-104.890863,39.753822],[-104.890294,39.753823],[-104.890432,39.753826],[-104.890863,39.753825]],[[-104.891073,39.794032],[-104.891094,39.794032],[-104.890606,39.793937],[-104.890628,39.793943],[-104.891073,39.794032]],[[-104.891607,39.794091],[-104.891359,39.794065],[-104.891359,39.794067],[-104.891526,39.794088],[-104.891607,39.794091]],[[-104.900286,39.740159],[-104.892156,39.740162],[-104.892156,39.740165],[-104.89643,39.740166],[-104.900286,39.740159]],[[-104.892244,39.794109],[-104.892244,39.794107],[-104.892221,39.794107],[-104.892221,39.79411],[-104.892244,39.794109]],[[-104.895382,39.793584],[-104.895382,39.793581],[-104.89382,39.793905],[-104.894029,39.79387],[-104.895382,39.793584]],[[-104.903431,39.752619],[-104.903413,39.754739],[-104.903408,39.756614],[-104.903411,39.756614],[-104.903431,39.752619]],[[-104.998257,39.762126],[-104.998257,39.762128]],[[-104.998257,39.762128],[-104.998216,39.768274],[-104.998215,39.768965]],[[-104.998215,39.768965],[-104.998205,39.776556]],[[-104.997983,39.78231],[-104.99799,39.782523],[-104.997834,39.782481],[-104.997876,39.784023]],[[-104.997811,39.791029],[-104.993246,39.791034],[-104.993239,39.792051],[-104.990669,39.79205],[-104.99029,39.791526],[-104.990278,39.791039],[-104.986398,39.791046],[-104.986392,39.791876],[-104.985805,39.791874],[-104.9858,39.791678],[-104.985213,39.791675],[-104.985214,39.791048],[-104.97818,39.791061],[-104.978178,39.791892],[-104.977726,39.79189],[-104.977718,39.791061],[-104.975984,39.791058],[-104.975969,39.792442],[-104.973079,39.792422],[-104.973069,39.794099],[-104.974683,39.79411],[-104.974691,39.795698],[-104.971176,39.795686],[-104.971177,39.796141],[-104.971668,39.796149],[-104.97166,39.798325],[-104.968643,39.798304],[-104.968653,39.793204],[-104.96839,39.793197],[-104.968364,39.793262],[-104.967551,39.793266],[-104.967694,39.79282],[-104.967799,39.79263],[-104.967942,39.791852],[-104.96832,39.791856],[-104.968466,39.791701],[-104.968781,39.791441],[-104.968783,39.791049],[-104.960201,39.791033],[-104.955439,39.794654],[-104.940486,39.794618],[-104.940497,39.790981],[-104.939898,39.790984]],[[-104.940334,39.789112],[-104.94042,39.785533]],[[-104.940447,39.781991],[-104.940517,39.779961],[-104.940553,39.777935]],[[-104.940495,39.772887],[-104.940627,39.772887],[-104.940627,39.772886]],[[-104.940627,39.772886],[-104.940617,39.769191]],[[-104.940668,39.761957],[-104.940506,39.761968],[-104.939537,39.762007]],[[-104.939537,39.762007],[-104.925826,39.762019],[-104.912861,39.762004]],[[-104.912813,39.740163],[-104.931718,39.740142]],[[-104.931718,39.740142],[-104.932097,39.740142],[-104.938056,39.740139]],[[-104.938056,39.740139],[-104.940621,39.740138]],[[-104.940621,39.740138],[-104.940754,39.740138],[-104.940754,39.74195]],[[-104.940806,39.743761],[-104.945756,39.743782]],[[-104.945756,39.743782],[-104.954784,39.743819]],[[-104.954784,39.743819],[-104.956813,39.743804]],[[-104.956813,39.743804],[-104.956849,39.743804],[-104.958215,39.743831]],[[-104.959794,39.744773],[-104.9598,39.744776],[-104.959794,39.745799]],[[-104.959794,39.745799],[-104.959771,39.749464],[-104.959772,39.752221],[-104.959777,39.750726]],[[-104.973368,39.750732],[-104.973367,39.748369]],[[-104.973395,39.745095],[-104.973393,39.743788],[-104.973405,39.743796]],[[-104.978374,39.747537],[-104.983947,39.747567],[-104.984716,39.747557]],[[-104.984716,39.747557],[-104.984949,39.747554],[-104.984999,39.747556]],[[-104.984999,39.747556],[-104.98519,39.747565]],[[-104.98519,39.747565],[-104.985386,39.747574],[-104.985584,39.747605]],[[-104.98741,39.747366],[-104.987404,39.748918],[-104.987536,39.749056]],[[-104.994282,39.754343],[-104.996273,39.755838]],[[-104.996273,39.755838],[-104.996816,39.756245]],[[-104.996816,39.756245],[-104.996876,39.756291],[-104.997124,39.756495]],[[-104.997172,39.756649],[-104.997173,39.75665],[-104.997219,39.75663]],[[-104.997219,39.75663],[-104.997273,39.756607],[-104.998608,39.757739]],[[-105.003208,39.760392],[-105.003209,39.760393],[-105.002848,39.760643]],[[-105.002473,39.76073],[-105.001797,39.760998],[-105.001771,39.761003]],[[-105.001771,39.761003],[-105.001492,39.761055]],[[-105.00104,39.761079],[-105.000387,39.761272]],[[-105.000387,39.761272],[-105.000363,39.761279],[-105.00028,39.761313]],[[-105.00028,39.761313],[-104.99971,39.761545]],[[-104.99971,39.761545],[-104.999607,39.761587],[-104.999321,39.761743]],[[-104.999321,39.761743],[-104.998982,39.761928],[-104.998859,39.761978]],[[-104.998859,39.761978],[-104.998804,39.762001]],[[-104.998804,39.762001],[-104.998762,39.762018],[-104.998741,39.762022]],[[-104.998741,39.762022],[-104.998257,39.762126]],[[-104.925779,39.761857],[-104.925782,39.761866],[-104.926607,39.761861],[-104.926607,39.761858],[-104.925779,39.761857]],[[-104.940518,39.758304],[-104.940515,39.757868],[-104.940512,39.759187],[-104.940515,39.759187],[-104.940518,39.758304]],[[-104.940597,39.749936],[-104.940594,39.749936],[-104.94059,39.751597],[-104.940593,39.751597],[-104.940597,39.749936]],[[-104.951235,39.761967],[-104.948933,39.761944],[-104.94592,39.761939],[-104.94592,39.761942],[-104.951235,39.761967]],[[-104.950109,39.772913],[-104.951955,39.772922],[-104.952888,39.77292],[-104.952888,39.772917],[-104.950109,39.772913]],[[-104.959411,39.772902],[-104.959123,39.772907],[-104.962094,39.772902],[-104.962094,39.772899],[-104.959411,39.772902]],[[-104.95976,39.76453],[-104.959757,39.76453],[-104.959747,39.770382],[-104.959756,39.768163],[-104.95976,39.76453]],[[-104.965619,39.783771],[-104.96632,39.783761],[-104.961484,39.783768],[-104.961484,39.783771],[-104.965619,39.783771]],[[-104.970623,39.76817],[-104.965957,39.768159],[-104.962044,39.768161],[-104.962044,39.768164],[-104.970623,39.76817]],[[-104.97089,39.762008],[-104.969596,39.762007],[-104.969596,39.76201],[-104.971616,39.762014],[-104.97089,39.762008]],[[-104.972764,39.769658],[-104.970645,39.771288],[-104.970647,39.77129],[-104.971926,39.770309],[-104.972764,39.769658]],[[-104.975436,39.772971],[-104.973244,39.771278],[-104.973242,39.77128],[-104.97456,39.77231],[-104.975849,39.773291],[-104.975436,39.772971]],[[-104.973342,39.76345],[-104.973345,39.76345],[-104.973355,39.761714],[-104.97335,39.762056],[-104.973342,39.76345]],[[-104.977831,39.776434],[-104.97782,39.776457],[-104.977819,39.776491],[-104.977821,39.776492],[-104.977831,39.776434]],[[-104.977846,39.777354],[-104.977849,39.77742],[-104.977952,39.777962],[-104.977955,39.777962],[-104.977846,39.777354]],[[-104.978799,39.774805],[-104.978736,39.774873],[-104.978634,39.775004],[-104.978637,39.775005],[-104.978799,39.774805]],[[-104.978873,39.756845],[-104.978875,39.756848],[-104.980987,39.755215],[-104.980985,39.755213],[-104.978873,39.756845]],[[-104.979076,39.77448],[-104.979068,39.774494],[-104.979146,39.774411],[-104.979144,39.774409],[-104.979076,39.77448]],[[-104.984858,39.752579],[-104.98486,39.752577],[-104.984041,39.75195],[-104.984039,39.751952],[-104.984858,39.752579]],[[-104.988135,39.761807],[-104.988138,39.761807],[-104.98813,39.761742],[-104.988128,39.761742],[-104.988135,39.761807]],[[-104.988149,39.762478],[-104.98817,39.762393],[-104.988176,39.762222],[-104.988173,39.762222],[-104.988149,39.762478]],[[-104.989113,39.766113],[-104.988877,39.76618],[-104.988877,39.766182],[-104.989315,39.766073],[-104.989113,39.766113]],[[-104.991001,39.765845],[-104.991387,39.765754],[-104.991498,39.765716],[-104.991497,39.765714],[-104.991001,39.765845]],[[-104.995792,39.757493],[-104.995794,39.757496],[-104.996354,39.757056],[-104.996304,39.75709],[-104.995792,39.757493]],[[-104.997239,39.76248],[-104.996787,39.762522],[-104.996711,39.762543],[-104.996711,39.762545],[-104.997239,39.76248]],[[-104.998159,39.762157],[-104.99792,39.762221],[-104.997896,39.762233],[-104.997897,39.762235],[-104.998159,39.762157]]]}},{"type":"Feature","properties":{"layer":"rtd","districts":["A","B","C","D","E"]},"geometry":{"type":"MultiLineString","coordinates":[[[-104.975389,39.690845],[-104.975552,39.690958]],[[-104.975552,39.690958],[-104.976198,39.691409]],[[-104.976198,39.691409],[-104.9768,39.691898]],[[-104.9768,39.691898],[-104.978007,39.693008]],[[-104.978007,39.693008],[-104.980427,39.695169]],[[-104.980427,39.695169],[-104.98278,39.697216]],[[-104.98278,39.697216],[-104.982781,39.696625]],[[-104.982781,39.696625],[-104.987441,39.696642]],[[-104.987441,39.696642],[-104.992394,39.696669]],[[-104.992394,39.696669],[-104.992389,39.697033]],[[-104.992389,39.697033],[-104.9923,39.697533]],[[-104.9923,39.697533],[-104.992265,39.698303]],[[-104.992265,39.698303],[-104.992301,39.69893]],[[-104.992301,39.69893],[-104.992402,39.69923]],[[-104.992402,39.69923],[-104.992502,39.699362]],[[-104.992502,39.699362],[-104.992685,39.699523]],[[-104.992685,39.699523],[-104.992823,39.699896]],[[-104.992823,39.699896],[-104.993098,39.700388]],[[-104.993098,39.700388],[-104.993461,39.700755]],[[-104.993461,39.700755],[-104.99413,39.701534]],[[-104.99413,39.701534],[-104.994841,39.702487]],[[-104.994841,39.702487],[-104.995399,39.703049]],[[-104.995399,39.703049],[-104.99693,39.704415]],[[-104.99693,39.704415],[-104.997304,39.70496]],[[-104.997304,39.70496],[-104.997765,39.705737]],[[-104.997765,39.705737],[-104.997816,39.705854]],[[-104.997816,39.705854],[-104.997938,39.706317]],[[-104.997938,39.706317],[-104.998383,39.707281]],[[-104.998383,39.707281],[-104.998577,39.707651]],[[-104.998577,39.707651],[-104.998754,39.708233]],[[-104.998754,39.708233],[-104.998969,39.708752]],[[-104.998969,39.708752],[-104.999619,39.709948]],[[-104.999619,39.709948],[-104.999725,39.710187]],[[-104.999725,39.710187],[-104.99996,39.710899]],[[-104.99996,39.710899],[-105.000377,39.711588]],[[-105.000377,39.711588],[-105.000917,39.712827]],[[-105.000917,39.712827],[-105.001476,39.713916]],[[-105.001476,39.713916],[-105.001764,39.714696]],[[-105.001764,39.714696],[-105.000867,39.714801]],[[-105.000867,39.714801],[-104.993995,39.714823]],[[-104.993995,39.714823],[-104.993999,39.715706]],[[-104.993999,39.715706],[-104.987524,39.715682],[-104.98752,39.715998]],[[-104.98752,39.715998],[-104.987512,39.716584],[-104.987508,39.719377]],[[-104.987508,39.719377],[-104.98746,39.720952]],[[-104.98746,39.720952],[-104.987496,39.722544]],[[-104.987496,39.722544],[-104.987492,39.724145]],[[-104.987492,39.724145],[-104.987445,39.725646]],[[-104.987445,39.725646],[-104.987434,39.726952]],[[-104.987434,39.726952],[-104.988324,39.727427]],[[-104.988324,39.727427],[-104.988697,39.727675]],[[-104.988697,39.727675],[-104.988962,39.72778]],[[-104.988962,39.72778],[-104.989261,39.728026]],[[-104.989261,39.728026],[-104.989556,39.728225]],[[-104.989556,39.728225],[-104.989873,39.728505]],[[-104.989873,39.728505],[-104.989996,39.72867]],[[-104.989996,39.72867],[-104.990474,39.729154]],[[-104.990474,39.729154],[-104.991126,39.730041]],[[-104.991126,39.730041],[-104.991642,39.730673]],[[-104.991642,39.730673],[-104.992023,39.731242]],[[-104.992023,39.731242],[-104.993857,39.73374]],[[-104.993857,39.73374],[-104.994133,39.734158]],[[-104.994133,39.734158],[-104.994462,39.734555]],[[-104.994462,39.734555],[-104.995611,39.736106]],[[-104.995611,39.736106],[-104.995819,39.736445]],[[-104.995819,39.736445],[-104.996688,39.737633]],[[-104.996688,39.737633],[-104.997173,39.738251]],[[-104.997173,39.738251],[-104.997228,39.738384]],[[-104.997228,39.738384],[-104.997474,39.738609]],[[-104.997474,39.738609],[-104.997619,39.73879]],[[-104.997619,39.73879],[-104.99781,39.739108]],[[-104.99781,39.739108],[-104.997951,39.739269]],[[-104.997951,39.739269],[-104.998006,39.739404]],[[-104.998006,39.739404],[-104.998126,39.739578]],[[-104.998126,39.739578],[-104.998361,39.739814]],[[-104.998361,39.739814],[-104.998577,39.740202]],[[-104.998577,39.740202],[-104.998827,39.740589]],[[-104.998827,39.740589],[-104.998941,39.740907]],[[-104.998941,39.740907],[-104.999036,39.741049]],[[-104.999036,39.741049],[-104.999713,39.742327]],[[-104.999713,39.742327],[-104.999967,39.742963]],[[-104.999967,39.742963],[-105.000264,39.743591]],[[-105.000264,39.743591],[-105.000297,39.743785]],[[-105.000297,39.743785],[-105.000312,39.744273]],[[-105.000312,39.744273],[-105.000399,39.744971],[-105.000403,39.745027]],[[-105.000403,39.745027],[-105.000432,39.745528]],[[-105.000432,39.745528],[-105.000159,39.745762]],[[-105.000159,39.745762],[-104.996563,39.748538],[-104.996563,39.748538]],[[-104.996563,39.748538],[-104.991701,39.752297]],[[-104.991701,39.752297],[-104.990841,39.751598]],[[-104.990841,39.751598],[-104.987536,39.749056]],[[-104.987536,39.749056],[-104.987407,39.748921],[-104.987423,39.746147],[-104.98741,39.747366]],[[-104.98741,39.747366],[-104.987212,39.747531]],[[-104.987212,39.747531],[-104.985686,39.747536]],[[-104.985686,39.747536],[-104.985584,39.747605]],[[-104.985584,39.747605],[-104.98519,39.747565]],[[-104.98519,39.747565],[-104.985101,39.747556],[-104.984999,39.747556]],[[-104.984999,39.747556],[-104.984716,39.747557]],[[-104.984716,39.747557],[-104.978374,39.747537]],[[-104.978374,39.747537],[-104.978188,39.747509]],[[-104.978188,39.747509],[-104.977554,39.746972]],[[-104.977554,39.746972],[-104.976497,39.746188]],[[-104.976497,39.746188],[-104.974787,39.744843]],[[-104.974787,39.744843],[-104.973393,39.743788],[-104.97342,39.740211]],[[-104.97342,39.740211],[-104.973358,39.740089]],[[-104.973358,39.740089],[-104.973104,39.740045]],[[-104.973104,39.740045],[-104.959792,39.739997]],[[-104.959792,39.739997],[-104.959479,39.740016]],[[-104.959479,39.740016],[-104.958453,39.74017]],[[-104.958453,39.74017],[-104.957903,39.740215]],[[-104.957903,39.740215],[-104.950661,39.740173],[-104.942406,39.740144]],[[-104.942406,39.740144],[-104.940754,39.740138]],[[-104.940754,39.740138],[-104.940621,39.740138]],[[-104.940621,39.740138],[-104.940603,39.740138],[-104.938056,39.740139]],[[-104.938056,39.740139],[-104.931718,39.740142]],[[-104.931718,39.740142],[-104.922331,39.740151],[-104.91244,39.740162],[-104.903465,39.740154]],[[-104.903465,39.740154],[-104.903465,39.740154],[-104.903465,39.740154]],[[-104.903465,39.740154],[-104.903471,39.732903],[-104.903469,39.732903]],[[-104.903469,39.732903],[-104.902112,39.732882]],[[-104.902112,39.732882],[-104.90205,39.732881],[-104.884714,39.732855]],[[-104.884714,39.732855],[-104.884723,39.730575],[-104.884982,39.730217],[-104.885324,39.729903],[-104.886531,39.729157],[-104.88504,39.728149],[-104.884781,39.727946],[-104.881995,39.725071],[-104.881495,39.725337],[-104.880976,39.725532],[-104.880755,39.725594],[-104.875343,39.725584],[-104.875354,39.719235],[-104.875237,39.719235],[-104.875219,39.719077],[-104.875166,39.718923],[-104.875024,39.718712],[-104.874891,39.71859],[-104.874959,39.71851],[-104.87489,39.718461],[-104.874588,39.718337],[-104.874481,39.718264],[-104.874226,39.718227],[-104.872907,39.718195],[-104.870654,39.718213],[-104.870675,39.709943],[-104.865984,39.711061],[-104.865979,39.703912],[-104.867026,39.703579],[-104.868285,39.703269],[-104.868485,39.703193],[-104.868602,39.703121],[-104.868741,39.702987],[-104.868808,39.702884],[-104.869346,39.701509],[-104.869551,39.701213],[-104.869745,39.701037],[-104.870102,39.700829],[-104.870374,39.700733],[-104.870664,39.700675],[-104.87066,39.698371],[-104.868215,39.698373],[-104.868218,39.700188],[-104.86716,39.700187],[-104.867157,39.699283],[-104.865975,39.699286],[-104.865973,39.696567],[-104.87532,39.696564],[-104.875341,39.698446],[-104.877733,39.698454],[-104.877742,39.696567],[-104.894105,39.696602],[-104.894103,39.695897],[-104.894777,39.6959],[-104.894781,39.696604],[-104.896834,39.696611],[-104.89704,39.696527],[-104.897342,39.696287],[-104.897911,39.69608],[-104.899168,39.695374],[-104.899577,39.695809],[-104.899652,39.695768],[-104.90039,39.696559],[-104.899759,39.697163],[-104.903532,39.698535],[-104.903519,39.698527],[-104.903518,39.696635],[-104.900114,39.692964],[-104.90352,39.692997],[-104.903522,39.689361],[-104.898821,39.689347],[-104.898832,39.690732],[-104.898192,39.690735],[-104.898838,39.691436],[-104.898849,39.692965],[-104.894206,39.692985],[-104.894093,39.692902],[-104.894069,39.685702],[-104.889339,39.685693],[-104.889319,39.682064],[-104.894056,39.682069],[-104.894067,39.678456],[-104.903541,39.678483],[-104.903524,39.684764],[-104.90509,39.685722],[-104.905173,39.685722],[-104.905167,39.683904],[-104.904613,39.683904],[-104.904601,39.68028],[-104.908105,39.680278],[-104.908104,39.679815],[-104.906992,39.679817],[-104.906994,39.678804],[-104.906126,39.678488],[-104.905796,39.678485],[-104.905648,39.678449],[-104.905367,39.678347],[-104.905114,39.678209],[-104.904896,39.678038],[-104.903548,39.676769],[-104.903551,39.667633]],[[-104.903551,39.667633],[-104.904787,39.667643]],[[-104.904787,39.667643],[-104.905902,39.667652],[-104.912884,39.66764]],[[-104.912884,39.66764],[-104.914646,39.6676]],[[-104.914646,39.6676],[-104.916387,39.667595]],[[-104.916387,39.667595],[-104.917554,39.667592],[-104.917568,39.67299],[-104.919308,39.673925],[-104.919588,39.673992],[-104.91993,39.673995],[-104.92013,39.674021],[-104.920497,39.674149],[-104.92106,39.67457],[-104.921057,39.674844],[-104.922261,39.674842],[-104.922264,39.675563],[-104.922413,39.675646],[-104.92267,39.675707],[-104.922874,39.6757],[-104.923198,39.6756],[-104.923435,39.675476],[-104.92344,39.676571],[-104.924473,39.67657],[-104.924474,39.676215],[-104.924769,39.676161],[-104.924764,39.676361],[-104.925293,39.676361],[-104.925297,39.67675],[-104.925754,39.676745],[-104.925756,39.676591],[-104.925791,39.676591],[-104.925784,39.675836],[-104.925734,39.675835],[-104.925735,39.675289],[-104.927592,39.675281],[-104.927585,39.674835],[-104.930077,39.674832],[-104.926302,39.669408],[-104.925328,39.66942],[-104.925168,39.669405],[-104.92494,39.669342],[-104.925096,39.668985],[-104.924969,39.668836],[-104.924916,39.668634],[-104.924722,39.668437],[-104.922929,39.667892],[-104.922679,39.667851],[-104.922674,39.667669],[-104.922649,39.667588],[-104.921289,39.66759],[-104.921442,39.667761],[-104.920712,39.668176],[-104.920582,39.668043],[-104.921018,39.667786],[-104.920733,39.667515]],[[-104.920733,39.667515],[-104.92389,39.667542]],[[-104.92389,39.667542],[-104.925675,39.667496],[-104.925674,39.667495]],[[-104.925674,39.667495],[-104.926272,39.66748]],[[-104.926272,39.66748],[-104.926331,39.66754]],[[-104.926331,39.66754],[-104.927413,39.667486]],[[-104.927413,39.667486],[-104.930436,39.667475]],[[-104.930436,39.667475],[-104.930436,39.667475],[-104.930436,39.667475]],[[-104.930436,39.667475],[-104.930438,39.668483],[-104.929266,39.668486],[-104.929265,39.669398],[-104.928084,39.6694],[-104.928091,39.668974],[-104.927211,39.668973],[-104.929661,39.67239],[-104.93079,39.672396],[-104.930787,39.672818],[-104.931627,39.672816],[-104.93163,39.67337],[-104.933895,39.673355],[-104.933888,39.6712],[-104.933041,39.671201],[-104.933038,39.670583],[-104.931724,39.670585],[-104.931727,39.671203],[-104.93162,39.671203],[-104.931618,39.667476]],[[-104.931618,39.667476],[-104.936497,39.667483]],[[-104.936497,39.667483],[-104.936799,39.667557]],[[-104.936799,39.667557],[-104.937871,39.667992]],[[-104.937871,39.667992],[-104.938491,39.668172]],[[-104.938491,39.668172],[-104.939251,39.668292]],[[-104.939251,39.668292],[-104.94069,39.668338]],[[-104.94069,39.668338],[-104.940712,39.674322]],[[-104.940712,39.674322],[-104.940758,39.678423]],[[-104.940758,39.678423],[-104.940914,39.680101]],[[-104.940914,39.680101],[-104.94086,39.681124]],[[-104.94086,39.681124],[-104.940795,39.681453]],[[-104.940795,39.681453],[-104.940697,39.681787]],[[-104.940697,39.681787],[-104.940697,39.68297]],[[-104.940697,39.68297],[-104.940661,39.682964],[-104.940805,39.683]],[[-104.940805,39.683],[-104.94491,39.684039]],[[-104.94491,39.684039],[-104.946187,39.684312]],[[-104.946187,39.684312],[-104.947377,39.684492]],[[-104.947377,39.684492],[-104.947868,39.684567],[-104.948629,39.684645]],[[-104.948629,39.684645],[-104.949609,39.684708]],[[-104.949609,39.684708],[-104.950481,39.684733],[-104.950717,39.684733]],[[-104.950717,39.684733],[-104.959457,39.684737]],[[-104.959457,39.684737],[-104.96118,39.68474]],[[-104.96118,39.68474],[-104.961754,39.684776]],[[-104.961754,39.684776],[-104.962628,39.684885]],[[-104.962628,39.684885],[-104.963178,39.685006]],[[-104.963178,39.685006],[-104.963712,39.685155]],[[-104.963712,39.685155],[-104.964656,39.685522]],[[-104.964656,39.685522],[-104.968737,39.687513]],[[-104.968737,39.687513],[-104.973435,39.689818]],[[-104.973435,39.689818],[-104.974773,39.690482]],[[-104.974773,39.690482],[-104.975389,39.690845]],[[-104.877675,39.708369],[-104.875383,39.708906],[-104.872161,39.709681],[-104.872161,39.709684],[-104.877675,39.708369]],[[-104.875385,39.708195],[-104.875362,39.705489],[-104.875359,39.705489],[-104.875381,39.708606],[-104.875385,39.708195]],[[-104.878051,39.701406],[-104.877981,39.701421],[-104.87718,39.701713],[-104.877181,39.701716],[-104.878051,39.701406]],[[-104.878249,39.701353],[-104.87819,39.70137],[-104.878415,39.701344],[-104.878414,39.701341],[-104.878249,39.701353]],[[-104.878437,39.706351],[-104.878537,39.706335],[-104.878537,39.706333],[-104.878467,39.706339],[-104.878437,39.706351]],[[-104.878743,39.701369],[-104.878711,39.701357],[-104.878554,39.701344],[-104.878553,39.701346],[-104.878743,39.701369]],[[-104.878701,39.706319],[-104.878911,39.706351],[-104.878912,39.706348],[-104.878746,39.706315],[-104.878701,39.706319]],[[-104.879913,39.706741],[-104.880142,39.706789],[-104.880199,39.706788],[-104.880199,39.706787],[-104.879913,39.706741]],[[-104.880308,39.706785],[-104.880355,39.706787],[-104.880395,39.706777],[-104.880395,39.706775],[-104.880308,39.706785]],[[-104.882949,39.703746],[-104.882899,39.703704],[-104.882709,39.70361],[-104.882707,39.703612],[-104.882949,39.703746]],[[-104.882813,39.706206],[-104.882898,39.706189],[-104.882936,39.70617],[-104.882935,39.706168],[-104.882813,39.706206]],[[-104.883016,39.706128],[-104.883053,39.706112],[-104.883137,39.706041],[-104.883135,39.706039],[-104.883016,39.706128]],[[-104.883069,39.703851],[-104.88306,39.703836],[-104.883047,39.703825],[-104.883046,39.703827],[-104.883069,39.703851]],[[-104.883251,39.705881],[-104.883257,39.705854],[-104.883194,39.705968],[-104.883197,39.70597],[-104.883251,39.705881]],[[-104.88328,39.705761],[-104.883285,39.705746],[-104.883282,39.705376],[-104.883279,39.705376],[-104.88328,39.705761]],[[-104.883623,39.706964],[-104.883458,39.707003],[-104.883458,39.707005],[-104.88371,39.706958],[-104.883623,39.706964]],[[-104.88412,39.70692],[-104.883993,39.706934],[-104.884355,39.706925],[-104.884355,39.706922],[-104.88412,39.70692]],[[-104.884097,39.723938],[-104.884118,39.723923],[-104.884048,39.723945],[-104.884049,39.723947],[-104.884097,39.723938]],[[-104.88418,39.723883],[-104.884229,39.72381],[-104.884227,39.723808],[-104.884151,39.723901],[-104.88418,39.723883]],[[-104.886047,39.702862],[-104.886014,39.702846],[-104.884985,39.70267],[-104.884984,39.702673],[-104.886047,39.702862]],[[-104.885832,39.707227],[-104.885714,39.707186],[-104.885713,39.707188],[-104.885897,39.707263],[-104.885832,39.707227]],[[-104.886251,39.707443],[-104.886229,39.707434],[-104.886282,39.707465],[-104.886283,39.707463],[-104.886251,39.707443]],[[-104.892278,39.701888],[-104.892111,39.702121],[-104.892113,39.702123],[-104.89224,39.701959],[-104.892278,39.701888]],[[-104.895412,39.717359],[-104.895481,39.717353],[-104.895481,39.717351],[-104.895442,39.717348],[-104.895412,39.717359]],[[-104.895576,39.717359],[-104.895726,39.717401],[-104.895727,39.717398],[-104.895611,39.717362],[-104.895576,39.717359]],[[-104.89603,39.717068],[-104.896016,39.717047],[-104.895973,39.717019],[-104.895972,39.717021],[-104.89603,39.717068]],[[-104.896079,39.717168],[-104.89608,39.71714],[-104.896065,39.717118],[-104.896065,39.717118],[-104.896079,39.717168]],[[-104.896076,39.686865],[-104.896181,39.686841],[-104.896181,39.68684],[-104.896123,39.686841],[-104.896076,39.686865]],[[-104.89702,39.686828],[-104.896892,39.686833],[-104.898273,39.686836],[-104.898273,39.686833],[-104.89702,39.686828]],[[-104.898796,39.685712],[-104.902681,39.68572],[-104.898793,39.68341],[-104.898796,39.685712]],[[-104.903502,39.685707],[-104.903513,39.685488],[-104.903519,39.685131],[-104.903516,39.685131],[-104.903502,39.685707]],[[-104.903548,39.7218],[-104.903545,39.7218],[-104.903543,39.722238],[-104.903546,39.722238],[-104.903548,39.7218]],[[-104.908215,39.682082],[-104.911053,39.682086],[-104.91093,39.682083],[-104.91093,39.6799],[-104.908213,39.679891],[-104.908215,39.682082]],[[-104.912896,39.700254],[-104.912899,39.701337],[-104.912902,39.701337],[-104.9129,39.699525],[-104.912896,39.700254]],[[-104.913726,39.711212],[-104.914136,39.711216],[-104.914878,39.711202],[-104.914878,39.711199],[-104.913726,39.711212]],[[-104.921648,39.697391],[-104.921645,39.697399],[-104.921645,39.697454],[-104.921648,39.697454],[-104.921648,39.697391]],[[-104.921747,39.696993],[-104.921721,39.697049],[-104.921699,39.697152],[-104.921701,39.697153],[-104.921747,39.696993]],[[-104.922015,39.696425],[-104.921902,39.696632],[-104.921801,39.696866],[-104.921803,39.696867],[-104.922015,39.696425]],[[-104.923174,39.707478],[-104.923175,39.707475],[-104.923024,39.707447],[-104.923024,39.70745],[-104.923174,39.707478]],[[-104.924819,39.70773],[-104.924789,39.707722],[-104.924706,39.70771],[-104.924705,39.707713],[-104.924819,39.70773]],[[-104.927422,39.696733],[-104.925362,39.696742],[-104.925362,39.696745],[-104.927281,39.696739],[-104.927422,39.696733]],[[-104.940708,39.696579],[-104.940706,39.69477],[-104.940564,39.694771],[-104.940565,39.695412],[-104.939521,39.69541],[-104.93952,39.694768],[-104.93627,39.694775],[-104.936279,39.696591],[-104.936434,39.69659],[-104.93643,39.69785],[-104.935916,39.697851],[-104.935922,39.696592],[-104.928223,39.696613],[-104.928219,39.698432],[-104.928806,39.698427],[-104.92879,39.700235],[-104.93173,39.700221],[-104.93173,39.700326],[-104.932893,39.700312],[-104.932893,39.701329],[-104.934063,39.70132],[-104.934055,39.703767],[-104.933302,39.703779],[-104.932867,39.703623],[-104.932893,39.702056],[-104.931722,39.702065],[-104.931715,39.703866],[-104.927002,39.703866],[-104.926996,39.706708],[-104.928293,39.706698],[-104.928297,39.706794],[-104.929128,39.706795],[-104.92913,39.706419],[-104.929547,39.706421],[-104.929556,39.708519],[-104.926992,39.708061],[-104.926993,39.708121],[-104.929557,39.708589],[-104.930812,39.70887],[-104.931693,39.709135],[-104.931684,39.711103],[-104.940697,39.711084],[-104.940707,39.697737],[-104.94072,39.697733],[-104.940038,39.69774],[-104.940036,39.697935],[-104.938573,39.697941],[-104.938574,39.696668],[-104.939563,39.696666],[-104.939564,39.696577],[-104.940708,39.696579]],[[-104.933267,39.67846],[-104.927635,39.678472],[-104.927635,39.678475],[-104.931626,39.678471],[-104.933267,39.67846]],[[-104.928125,39.731668],[-104.928935,39.73198],[-104.928936,39.731977],[-104.928055,39.731633],[-104.928125,39.731668]],[[-104.928309,39.701282],[-104.928653,39.701621],[-104.929192,39.702051],[-104.929321,39.702045],[-104.929323,39.70128],[-104.928309,39.701282]],[[-104.931854,39.733108],[-104.932153,39.733228],[-104.932378,39.733302],[-104.932379,39.733299],[-104.931854,39.733108]],[[-104.932556,39.733349],[-104.932893,39.733433],[-104.933271,39.733501],[-104.933272,39.733498],[-104.932556,39.733349]],[[-104.93333,39.677722],[-104.933328,39.677724],[-104.933854,39.678302],[-104.933803,39.678244],[-104.93333,39.677722]],[[-104.93501,39.733716],[-104.933925,39.733589],[-104.936684,39.733932],[-104.936585,39.733913],[-104.93501,39.733716]],[[-104.93607,39.680727],[-104.936215,39.680863],[-104.936583,39.681143],[-104.936585,39.681141],[-104.93607,39.680727]],[[-104.937103,39.734012],[-104.937692,39.734162],[-104.937692,39.734159],[-104.937311,39.734052],[-104.937103,39.734012]],[[-104.940565,39.688525],[-104.940559,39.68933],[-104.940567,39.69147],[-104.94057,39.69147],[-104.940565,39.688525]],[[-104.940584,39.686795],[-104.940581,39.686795],[-104.940566,39.687634],[-104.940569,39.687634],[-104.940584,39.686795]],[[-104.940638,39.719016],[-104.940651,39.71769],[-104.940631,39.715327],[-104.940628,39.715327],[-104.940638,39.719016]],[[-104.940666,39.711478],[-104.940655,39.711573],[-104.940635,39.713658],[-104.940638,39.713658],[-104.940666,39.711478]],[[-104.940697,39.711099],[-104.940671,39.711381],[-104.940674,39.711381],[-104.940697,39.71123],[-104.940697,39.711099]],[[-104.944557,39.701883],[-104.944593,39.701966],[-104.944636,39.702047],[-104.944638,39.702045],[-104.944557,39.701883]],[[-104.94954,39.713696],[-104.949538,39.713698],[-104.949624,39.713807],[-104.949602,39.713764],[-104.94954,39.713696]],[[-104.949686,39.713927],[-104.949725,39.714033],[-104.949727,39.714032],[-104.949701,39.713957],[-104.949686,39.713927]],[[-104.950923,39.713869],[-104.950889,39.713818],[-104.950756,39.713707],[-104.950755,39.713709],[-104.950923,39.713869]],[[-104.951578,39.71448],[-104.951518,39.714433],[-104.951517,39.714435],[-104.951545,39.714462],[-104.951578,39.71448]],[[-104.953108,39.715094],[-104.953109,39.715091],[-104.952572,39.714809],[-104.952823,39.714956],[-104.953108,39.715094]],[[-104.95375,39.715397],[-104.953592,39.715326],[-104.953591,39.715328],[-104.953707,39.715385],[-104.95375,39.715397]],[[-104.954086,39.715451],[-104.954087,39.715448],[-104.953825,39.715418],[-104.953856,39.715427],[-104.954086,39.715451]],[[-104.957787,39.715832],[-104.957787,39.71583],[-104.957301,39.715873],[-104.957419,39.715873],[-104.957787,39.715832]],[[-104.964672,39.71429],[-104.964611,39.714306],[-104.964586,39.71432],[-104.964587,39.714321],[-104.964672,39.71429]],[[-104.965081,39.714177],[-104.965012,39.714185],[-104.964971,39.714197],[-104.964972,39.714199],[-104.965081,39.714177]],[[-104.967602,39.736835],[-104.967602,39.736832],[-104.965201,39.736828],[-104.965201,39.736831],[-104.967602,39.736835]],[[-104.96542,39.714178],[-104.965292,39.714142],[-104.965278,39.714144],[-104.965278,39.714144],[-104.96542,39.714178]],[[-104.968891,39.716493],[-104.968893,39.716491],[-104.968843,39.716457],[-104.968852,39.716468],[-104.968891,39.716493]],[[-104.96939,39.716896],[-104.969225,39.716725],[-104.969202,39.716708],[-104.969201,39.71671],[-104.96939,39.716896]],[[-104.96982,39.717315],[-104.969822,39.717313],[-104.969785,39.717286],[-104.969801,39.717302],[-104.96982,39.717315]],[[-104.972939,39.726581],[-104.972943,39.728576],[-104.972946,39.728576],[-104.972949,39.727292],[-104.972939,39.726581]],[[-104.973,39.734325],[-104.97299,39.732058],[-104.972955,39.72973],[-104.972952,39.72973],[-104.973,39.734325]],[[-104.973068,39.740013],[-104.97308,39.740023],[-104.973042,39.73993],[-104.97304,39.739931],[-104.973068,39.740013]],[[-104.9734,39.713658],[-104.973403,39.711117],[-104.973391,39.709016],[-104.973388,39.709016],[-104.9734,39.713658]],[[-104.975877,39.736875],[-104.973668,39.736885],[-104.980843,39.736893],[-104.980843,39.73689],[-104.975877,39.736875]],[[-104.980055,39.711124],[-104.980055,39.711121],[-104.978872,39.711116],[-104.978872,39.711119],[-104.980055,39.711124]],[[-104.982328,39.738803],[-104.98231,39.735162],[-104.982301,39.734495],[-104.982312,39.736895],[-104.982328,39.738803]],[[-104.987417,39.730174],[-104.987413,39.732053],[-104.987421,39.733183],[-104.987424,39.733183],[-104.987417,39.730174]],[[-104.987425,39.727284],[-104.987421,39.728064],[-104.987424,39.728064],[-104.987433,39.727116],[-104.987425,39.727284]],[[-104.934081,39.698408],[-104.934066,39.700176],[-104.93173,39.700178],[-104.931738,39.698431],[-104.934081,39.698408]],[[-104.912813,39.740163],[-104.931718,39.740142]],[[-104.931718,39.740142],[-104.932097,39.740142],[-104.938056,39.740139]],[[-104.938056,39.740139],[-104.940621,39.740138]],[[-104.940621,39.740138],[-104.940754,39.740138]],[[-104.940754,39.740138],[-104.940754,39.740138]],[[-104.940754,39.740138],[-104.940754,39.74195]],[[-104.940754,39.74195],[-104.940806,39.743763],[-104.940663,39.743761]],[[-104.940663,39.743761],[-104.94065,39.746134]],[[-104.94065,39.746134],[-104.940603,39.747399]],[[-104.940603,39.747399],[-104.94059,39.751045],[-104.94059,39.752848]],[[-104.94059,39.752848],[-104.940557,39.754429]],[[-104.940557,39.754429],[-104.940518,39.754673]],[[-104.940518,39.754673],[-104.940506,39.761963]],[[-104.940506,39.761963],[-104.940668,39.761957]],[[-104.940668,39.761957],[-104.940669,39.764482]],[[-104.940669,39.764482],[-104.940635,39.765801]],[[-104.940635,39.765801],[-104.940617,39.769191]],[[-104.940617,39.769191],[-104.940627,39.772886],[-104.940627,39.772886]],[[-104.940627,39.772886],[-104.940495,39.772887]],[[-104.940495,39.772887],[-104.940487,39.773954]],[[-104.940487,39.773954],[-104.940553,39.777935]],[[-104.940553,39.777935],[-104.940505,39.780644],[-104.940447,39.781991]],[[-104.940447,39.781991],[-104.94042,39.785533]],[[-104.94042,39.785533],[-104.940347,39.788802],[-104.940334,39.789112]],[[-104.940334,39.789112],[-104.940184,39.78991]],[[-104.940184,39.78991],[-104.939898,39.790984]],[[-104.939898,39.790984],[-104.92696,39.791047],[-104.926991,39.783784],[-104.912884,39.783828],[-104.903521,39.78383],[-104.903565,39.798402],[-104.901429,39.7984],[-104.901427,39.800212],[-104.899078,39.800211],[-104.89908,39.798399],[-104.88446,39.798391],[-104.884415,39.812823],[-104.866271,39.812854],[-104.866223,39.798419],[-104.847203,39.798355],[-104.828064,39.798203],[-104.8097,39.798314],[-104.79083,39.798312],[-104.790976,39.812869],[-104.790904,39.820113],[-104.790676,39.827271],[-104.790835,39.841826],[-104.771977,39.841783],[-104.762325,39.84181],[-104.762286,39.845421],[-104.730948,39.845214],[-104.730371,39.896161],[-104.703287,39.895976],[-104.703159,39.906956],[-104.69211,39.906879],[-104.692023,39.914218],[-104.679547,39.914114],[-104.67965,39.907047],[-104.659186,39.906825],[-104.630915,39.906685],[-104.630915,39.899433],[-104.621532,39.899377],[-104.602669,39.899092],[-104.599548,39.899076],[-104.599777,39.88134],[-104.605121,39.881381],[-104.605227,39.873146],[-104.619121,39.873252],[-104.619528,39.841293],[-104.619809,39.82235],[-104.640355,39.822504],[-104.640351,39.822596],[-104.655369,39.822707],[-104.655487,39.8131],[-104.666166,39.813177],[-104.666048,39.822895],[-104.762503,39.82346],[-104.762661,39.812872],[-104.762695,39.798342],[-104.753273,39.798377],[-104.734382,39.798316],[-104.734524,39.785364],[-104.734588,39.774843],[-104.735234,39.774851],[-104.734581,39.774836],[-104.734606,39.769225],[-104.753404,39.769291],[-104.764583,39.769198],[-104.764558,39.771575],[-104.772194,39.771507],[-104.772167,39.776418],[-104.781571,39.776444],[-104.781587,39.772804],[-104.791505,39.772834],[-104.809893,39.77284],[-104.828173,39.772796],[-104.828183,39.769166],[-104.832879,39.769181],[-104.83288,39.766375],[-104.833601,39.766548],[-104.835583,39.766925],[-104.8376,39.767168],[-104.856414,39.768577],[-104.856348,39.758139],[-104.855492,39.757818],[-104.854983,39.75794],[-104.854838,39.757861],[-104.854324,39.758083],[-104.853458,39.757649],[-104.852981,39.757509],[-104.852029,39.75735],[-104.850788,39.756779],[-104.848229,39.756442],[-104.848023,39.755475],[-104.847749,39.755271],[-104.846879,39.755241],[-104.846874,39.754732],[-104.879945,39.754752],[-104.879951,39.74746],[-104.884674,39.747474],[-104.884659,39.740165],[-104.884714,39.732855]],[[-104.884714,39.732855],[-104.902112,39.732882]],[[-104.902112,39.732882],[-104.902764,39.732883],[-104.903469,39.732903]],[[-104.903469,39.732903],[-104.903465,39.740154]],[[-104.903465,39.740154],[-104.903465,39.740154]],[[-104.903465,39.740154],[-104.912813,39.740163]],[[-104.741518,39.78813],[-104.741533,39.78812],[-104.741532,39.788119],[-104.741502,39.788132],[-104.741518,39.78813]],[[-104.741582,39.788087],[-104.741612,39.78802],[-104.74161,39.788019],[-104.74156,39.788102],[-104.741582,39.788087]],[[-104.741626,39.787835],[-104.741628,39.787836],[-104.741652,39.787797],[-104.741638,39.787813],[-104.741626,39.787835]],[[-104.741718,39.787716],[-104.741823,39.787695],[-104.741822,39.787693],[-104.741728,39.787703],[-104.741718,39.787716]],[[-104.743131,39.788074],[-104.743424,39.788152],[-104.743547,39.788178],[-104.743548,39.788175],[-104.743131,39.788074]],[[-104.743136,39.797534],[-104.743149,39.797528],[-104.743268,39.797422],[-104.743266,39.79742],[-104.743136,39.797534]],[[-104.743501,39.797244],[-104.743625,39.797301],[-104.743708,39.797317],[-104.743708,39.797315],[-104.743501,39.797244]],[[-104.744644,39.79734],[-104.744654,39.797341],[-104.744665,39.797338],[-104.744664,39.797336],[-104.744644,39.79734]],[[-104.744757,39.797309],[-104.744788,39.797302],[-104.744808,39.797291],[-104.744807,39.797289],[-104.744757,39.797309]],[[-104.74492,39.797224],[-104.744934,39.797218],[-104.744942,39.79721],[-104.744941,39.797209],[-104.74492,39.797224]],[[-104.745072,39.797019],[-104.745096,39.796967],[-104.745098,39.796939],[-104.745096,39.796939],[-104.745072,39.797019]],[[-104.748307,39.77433],[-104.748737,39.7742],[-104.748736,39.774197],[-104.748396,39.774295],[-104.748307,39.77433]],[[-104.749293,39.781184],[-104.749253,39.781177],[-104.749218,39.781177],[-104.749218,39.78118],[-104.749293,39.781184]],[[-104.749994,39.774094],[-104.750163,39.774119],[-104.750164,39.774117],[-104.750052,39.774096],[-104.749994,39.774094]],[[-104.750174,39.781285],[-104.75012,39.78127],[-104.750016,39.781259],[-104.750016,39.781262],[-104.750174,39.781285]],[[-104.750487,39.774176],[-104.751002,39.774333],[-104.751003,39.77433],[-104.750583,39.774193],[-104.750487,39.774176]],[[-104.750808,39.781436],[-104.750732,39.781408],[-104.750562,39.78137],[-104.750562,39.781373],[-104.750808,39.781436]],[[-104.753311,39.775119],[-104.753314,39.775119],[-104.753317,39.773654],[-104.753314,39.773654],[-104.753311,39.775119]],[[-104.753646,39.776873],[-104.753519,39.776614],[-104.753517,39.776615],[-104.753625,39.776841],[-104.753646,39.776873]],[[-104.754027,39.777423],[-104.754029,39.777422],[-104.753796,39.777102],[-104.753877,39.777226],[-104.754027,39.777423]],[[-104.755433,39.779019],[-104.755431,39.779021],[-104.75593,39.779545],[-104.755888,39.77949],[-104.755433,39.779019]],[[-104.755507,39.782564],[-104.756088,39.781576],[-104.756188,39.781388],[-104.756185,39.781386],[-104.755507,39.782564]],[[-104.756004,39.779641],[-104.756155,39.779887],[-104.756157,39.779885],[-104.756075,39.779733],[-104.756004,39.779641]],[[-104.756413,39.781692],[-104.756814,39.781772],[-104.756909,39.781779],[-104.756391,39.781683],[-104.756413,39.781692]],[[-104.757066,39.78353],[-104.757066,39.783527],[-104.756654,39.78341],[-104.756846,39.783475],[-104.757066,39.78353]],[[-104.757158,39.781798],[-104.757258,39.781795],[-104.757258,39.781792],[-104.757102,39.781792],[-104.757158,39.781798]],[[-104.758055,39.783724],[-104.758055,39.783721],[-104.757473,39.78363],[-104.757559,39.783651],[-104.758055,39.783724]],[[-104.757572,39.781783],[-104.757605,39.781775],[-104.757503,39.781783],[-104.757503,39.781786],[-104.757572,39.781783]],[[-104.758016,39.789817],[-104.757986,39.789826],[-104.758211,39.789828],[-104.758211,39.789825],[-104.758016,39.789817]],[[-104.759265,39.789742],[-104.759242,39.789741],[-104.759348,39.789794],[-104.759349,39.789792],[-104.759265,39.789742]],[[-104.759247,39.777339],[-104.75925,39.77734],[-104.759262,39.777321],[-104.759261,39.77732],[-104.759247,39.777339]],[[-104.766665,39.783791],[-104.766665,39.783788],[-104.759599,39.783815],[-104.760225,39.783816],[-104.766665,39.783791]],[[-104.759941,39.776683],[-104.759942,39.776685],[-104.760071,39.776612],[-104.760042,39.776625],[-104.759941,39.776683]],[[-104.760051,39.790637],[-104.760045,39.79062],[-104.760032,39.790647],[-104.760051,39.790637]],[[-104.760212,39.776544],[-104.760453,39.776455],[-104.760452,39.776452],[-104.760288,39.776508],[-104.760212,39.776544]],[[-104.762015,39.776421],[-104.762233,39.776495],[-104.762234,39.776492],[-104.762106,39.776439],[-104.762015,39.776421]],[[-104.762501,39.776603],[-104.763528,39.777181],[-104.763529,39.777179],[-104.762549,39.776623],[-104.762501,39.776603]],[[-104.762537,39.792704],[-104.762657,39.792767],[-104.762668,39.792769],[-104.762668,39.792768],[-104.762537,39.792704]],[[-104.7627,39.792773],[-104.762725,39.792776],[-104.762796,39.792752],[-104.762796,39.79275],[-104.7627,39.792773]],[[-104.765378,39.798337],[-104.768277,39.79832],[-104.768277,39.798317],[-104.765946,39.798328],[-104.765378,39.798337]],[[-104.772124,39.783655],[-104.772144,39.781512],[-104.772133,39.779114],[-104.77213,39.779114],[-104.772124,39.783655]],[[-104.772136,39.787546],[-104.772145,39.7874],[-104.77214,39.786972],[-104.772137,39.786972],[-104.772136,39.787546]],[[-104.774763,39.798456],[-104.772646,39.798411],[-104.772646,39.798414],[-104.774237,39.798454],[-104.774763,39.798456]],[[-104.817899,39.792208],[-104.816584,39.793108],[-104.816586,39.79311],[-104.817921,39.7922],[-104.817899,39.792208]],[[-104.818265,39.792026],[-104.818141,39.792088],[-104.818142,39.79209],[-104.818329,39.792016],[-104.818265,39.792026]],[[-104.829218,39.783309],[-104.82929,39.783356],[-104.82945,39.783423],[-104.829451,39.78342],[-104.829218,39.783309]],[[-104.835489,39.792481],[-104.835492,39.792481],[-104.835502,39.791669],[-104.835499,39.791669],[-104.835489,39.792481]],[[-104.839244,39.779013],[-104.839144,39.778982],[-104.839143,39.778984],[-104.83928,39.779034],[-104.839244,39.779013]],[[-104.842915,39.781292],[-104.842937,39.781305],[-104.84296,39.781312],[-104.842961,39.78131],[-104.842915,39.781292]],[[-104.846179,39.782316],[-104.8463,39.782357],[-104.846361,39.782365],[-104.846362,39.782363],[-104.846179,39.782316]],[[-104.846537,39.782385],[-104.846561,39.782391],[-104.846586,39.782391],[-104.846586,39.782389],[-104.846537,39.782385]],[[-104.874678,39.798349],[-104.87186,39.79835],[-104.86745,39.798384],[-104.86745,39.798387],[-104.874678,39.798349]],[[-104.876749,39.80867],[-104.876307,39.808195],[-104.876305,39.808197],[-104.87662,39.808548],[-104.876749,39.80867]],[[-104.878594,39.810236],[-104.878548,39.810185],[-104.877622,39.809439],[-104.87762,39.809441],[-104.878594,39.810236]],[[-104.878919,39.810622],[-104.878835,39.810481],[-104.878773,39.810417],[-104.878772,39.810418],[-104.878919,39.810622]],[[-104.878923,39.811669],[-104.87898,39.811554],[-104.879025,39.811409],[-104.879022,39.811408],[-104.878923,39.811669]],[[-104.880202,39.757487],[-104.880212,39.757478],[-104.880231,39.757446],[-104.880229,39.757445],[-104.880202,39.757487]],[[-104.880448,39.757072],[-104.880458,39.757059],[-104.880475,39.757019],[-104.880473,39.757018],[-104.880448,39.757072]],[[-104.880644,39.756614],[-104.880658,39.756586],[-104.880676,39.75652],[-104.880674,39.756519],[-104.880644,39.756614]],[[-104.880768,39.75617],[-104.880784,39.756117],[-104.8808,39.755995],[-104.880797,39.755995],[-104.880768,39.75617]],[[-104.880834,39.755711],[-104.880841,39.755669],[-104.880847,39.755218],[-104.880844,39.755218],[-104.880834,39.755711]],[[-104.882624,39.753609],[-104.882624,39.753612],[-104.883254,39.753586],[-104.883153,39.753583],[-104.882624,39.753609]],[[-104.883771,39.7536],[-104.883771,39.753603],[-104.884318,39.753634],[-104.884081,39.753609],[-104.883771,39.7536]],[[-104.885754,39.753842],[-104.884829,39.753687],[-104.884695,39.753673],[-104.884694,39.753675],[-104.885754,39.753842]],[[-104.88899,39.793265],[-104.88839,39.792829],[-104.888389,39.792832],[-104.888958,39.793246],[-104.88899,39.793265]],[[-104.889304,39.793446],[-104.889169,39.793368],[-104.889168,39.79337],[-104.88925,39.793419],[-104.889304,39.793446]],[[-104.889769,39.793662],[-104.88977,39.793659],[-104.8896,39.79359],[-104.88967,39.793624],[-104.889769,39.793662]],[[-104.88989,39.768864],[-104.889943,39.768783],[-104.889941,39.768781],[-104.889864,39.768891],[-104.88989,39.768864]],[[-104.890104,39.768537],[-104.890126,39.768493],[-104.890124,39.768492],[-104.890083,39.768565],[-104.890104,39.768537]],[[-104.890259,39.793837],[-104.89026,39.793835],[-104.890086,39.793783],[-104.890129,39.7938],[-104.890259,39.793837]],[[-104.890239,39.768266],[-104.890278,39.768136],[-104.890275,39.768135],[-104.890217,39.768307],[-104.890239,39.768266]],[[-104.890294,39.75382],[-104.890432,39.753826],[-104.890863,39.753825],[-104.890863,39.753822],[-104.890294,39.75382]],[[-104.891073,39.794032],[-104.891094,39.794032],[-104.890606,39.793937],[-104.890628,39.793943],[-104.891073,39.794032]],[[-104.891607,39.794091],[-104.891359,39.794065],[-104.891359,39.794067],[-104.891526,39.794088],[-104.891607,39.794091]],[[-104.900286,39.740159],[-104.892156,39.740162],[-104.892156,39.740165],[-104.89643,39.740166],[-104.900286,39.740159]],[[-104.892244,39.794109],[-104.892244,39.794107],[-104.892221,39.794107],[-104.892221,39.79411],[-104.892244,39.794109]],[[-104.895382,39.793584],[-104.895382,39.793581],[-104.89382,39.793905],[-104.894029,39.79387],[-104.895382,39.793584]],[[-104.903413,39.754739],[-104.903411,39.756614],[-104.903431,39.752619],[-104.903428,39.752619],[-104.903413,39.754739]],[[-104.925779,39.761857],[-104.925782,39.761866],[-104.926607,39.761861],[-104.926607,39.761858],[-104.925779,39.761857]],[[-105.053243,39.734928],[-105.053214,39.740315],[-105.053254,39.754855],[-105.053255,39.783822],[-105.06267,39.783856],[-105.062663,39.788357],[-105.064916,39.788366],[-105.064912,39.790328],[-105.064325,39.790328],[-105.064323,39.791088],[-105.062657,39.791086],[-105.062658,39.790518],[-105.061808,39.790509],[-105.061493,39.791084],[-105.053234,39.791072],[-105.034517,39.791151],[-105.034529,39.792057],[-105.02997,39.79204],[-105.029962,39.791134],[-105.02525,39.791115],[-105.025273,39.793966],[-105.025159,39.794019],[-105.024789,39.794104],[-105.024529,39.794096],[-105.024361,39.794062],[-105.024062,39.79393],[-105.023938,39.793835],[-105.023765,39.793646],[-105.023553,39.793514],[-105.023306,39.793438],[-105.022947,39.793412],[-105.022766,39.793447],[-105.022603,39.793517],[-105.022403,39.793649],[-105.022206,39.793817],[-105.021986,39.794111],[-105.021831,39.794557],[-105.021062,39.794364],[-105.021519,39.793297],[-105.020639,39.793114],[-105.020567,39.793017],[-105.020554,39.791097],[-104.997811,39.791029],[-104.993246,39.791034],[-104.993239,39.792051],[-104.990669,39.79205],[-104.99029,39.791526],[-104.990278,39.791039],[-104.986398,39.791046],[-104.986392,39.791876],[-104.985805,39.791874],[-104.9858,39.791678],[-104.985213,39.791675],[-104.985214,39.791048],[-104.97818,39.791061],[-104.978178,39.791892],[-104.977726,39.79189],[-104.977718,39.791061],[-104.975984,39.791058],[-104.975969,39.792442],[-104.973079,39.792422],[-104.973069,39.794099],[-104.974683,39.79411],[-104.974691,39.795698],[-104.971176,39.795686],[-104.971177,39.796141],[-104.971668,39.796149],[-104.97166,39.798325],[-104.968643,39.798304],[-104.968653,39.793204],[-104.96839,39.793197],[-104.968364,39.793262],[-104.967551,39.793266],[-104.967694,39.79282],[-104.967799,39.79263],[-104.967942,39.791852],[-104.96832,39.791856],[-104.968466,39.791701],[-104.968781,39.791441],[-104.968783,39.791049],[-104.960201,39.791033],[-104.955439,39.794654],[-104.940486,39.794618],[-104.940497,39.790981],[-104.939898,39.790984]],[[-104.940334,39.789112],[-104.94042,39.785533]],[[-104.940447,39.781991],[-104.940517,39.779961],[-104.940553,39.777935]],[[-104.940495,39.772887],[-104.940627,39.772887],[-104.940627,39.772886]],[[-104.940627,39.772886],[-104.940617,39.769191]],[[-104.940668,39.761957],[-104.940506,39.761968],[-104.940506,39.761963]],[[-104.940506,39.761963],[-104.940518,39.758304],[-104.940518,39.754673]],[[-104.94059,39.752848],[-104.940603,39.747399]],[[-104.940663,39.743761],[-104.940806,39.743761],[-104.940754,39.74195]],[[-104.940754,39.740138],[-104.942406,39.740144]],[[-104.942406,39.740144],[-104.957903,39.740215]],[[-104.959792,39.739997],[-104.964776,39.740008],[-104.973104,39.740045]],[[-104.97342,39.740211],[-104.973405,39.743796],[-104.974787,39.744843]],[[-104.978374,39.747537],[-104.983947,39.747567],[-104.984716,39.747557]],[[-104.984716,39.747557],[-104.984949,39.747554],[-104.984999,39.747556]],[[-104.984999,39.747556],[-104.98519,39.747565]],[[-104.98519,39.747565],[-104.985386,39.747574],[-104.985584,39.747605]],[[-104.98741,39.747366],[-104.987404,39.748918],[-104.987536,39.749056]],[[-104.991701,39.752297],[-104.996563,39.748538],[-104.996563,39.748538]],[[-104.996563,39.748538],[-105.000159,39.745762]],[[-105.000432,39.745528],[-105.000409,39.745083],[-105.000403,39.745027]],[[-105.000403,39.745027],[-105.000312,39.744273]],[[-104.987508,39.719377],[-104.98752,39.715998]],[[-104.98752,39.715998],[-104.987521,39.715682],[-104.993999,39.715706]],[[-104.993995,39.714823],[-104.996362,39.714816],[-105.000867,39.714801]],[[-105.001764,39.714696],[-105.00182,39.714813],[-105.001476,39.713916]],[[-105.000377,39.711588],[-105.000153,39.711211],[-104.99996,39.710899]],[[-104.992301,39.69893],[-104.99228,39.698641],[-104.992265,39.698303]],[[-104.992394,39.696669],[-104.992394,39.696669]],[[-104.992394,39.696669],[-104.992403,39.696669]],[[-104.992403,39.696669],[-105.001525,39.696714],[-105.001525,39.696714]],[[-105.001525,39.696714],[-105.0157,39.696772]],[[-105.0157,39.696772],[-105.023728,39.696742]],[[-105.023728,39.696742],[-105.025069,39.696755]],[[-105.025069,39.696755],[-105.032084,39.69674]],[[-105.032084,39.69674],[-105.032786,39.696778]],[[-105.032786,39.696778],[-105.033557,39.69689]],[[-105.033557,39.69689],[-105.034008,39.696986]],[[-105.034008,39.696986],[-105.034793,39.697211]],[[-105.034793,39.697211],[-105.035083,39.697243]],[[-105.035083,39.697243],[-105.0354,39.697224]],[[-105.0354,39.697224],[-105.035538,39.697186]],[[-105.035538,39.697186],[-105.036378,39.696864]],[[-105.036378,39.696864],[-105.036716,39.696766]],[[-105.036716,39.696766],[-105.043649,39.696782]],[[-105.043649,39.696782],[-105.043739,39.696746]],[[-105.043739,39.696746],[-105.048408,39.696774],[-105.050468,39.696768]],[[-105.050468,39.696768],[-105.051885,39.696765],[-105.053238,39.696778]],[[-105.053238,39.696778],[-105.05326,39.711352],[-105.05329,39.718439],[-105.053252,39.733115],[-105.054429,39.733111],[-105.054432,39.733648],[-105.054684,39.733647],[-105.054685,39.733728],[-105.055023,39.733727],[-105.055019,39.733109],[-105.055606,39.733107],[-105.055596,39.73492],[-105.053243,39.734928]],[[-104.949924,39.761962],[-104.951235,39.761964],[-104.94592,39.761939],[-104.94592,39.761942],[-104.949924,39.761962]],[[-104.950109,39.772913],[-104.951955,39.772922],[-104.952888,39.77292],[-104.952888,39.772917],[-104.950109,39.772913]],[[-104.95661,39.743802],[-104.95661,39.743805],[-104.956707,39.743805],[-104.956707,39.743802],[-104.95661,39.743802]],[[-104.959123,39.772905],[-104.959123,39.772907],[-104.962094,39.772902],[-104.962094,39.772899],[-104.959123,39.772905]],[[-104.959744,39.770382],[-104.959756,39.768163],[-104.95976,39.76453],[-104.959757,39.76453],[-104.959744,39.770382]],[[-104.959771,39.749464],[-104.959775,39.752221],[-104.959794,39.746255],[-104.959791,39.746255],[-104.959771,39.749464]],[[-104.96632,39.783764],[-104.961484,39.783768],[-104.961484,39.783771],[-104.965619,39.783771],[-104.96632,39.783764]],[[-104.970623,39.76817],[-104.965957,39.768159],[-104.962044,39.768161],[-104.962044,39.768164],[-104.970623,39.76817]],[[-104.971616,39.762014],[-104.97089,39.762008],[-104.969596,39.762007],[-104.969596,39.76201],[-104.971616,39.762014]],[[-104.972764,39.769658],[-104.970645,39.771288],[-104.970647,39.77129],[-104.971926,39.770309],[-104.972764,39.769658]],[[-104.975849,39.773291],[-104.975851,39.773289],[-104.973242,39.77128],[-104.97456,39.77231],[-104.975849,39.773291]],[[-104.973358,39.761714],[-104.97335,39.762056],[-104.973342,39.76345],[-104.973345,39.76345],[-104.973358,39.761714]],[[-104.97782,39.776457],[-104.977819,39.776491],[-104.977821,39.776492],[-104.977831,39.776434],[-104.97782,39.776457]],[[-104.977849,39.77742],[-104.977952,39.777962],[-104.977955,39.777962],[-104.977846,39.777354],[-104.977849,39.77742]],[[-104.978736,39.774873],[-104.978634,39.775004],[-104.978637,39.775005],[-104.978799,39.774805],[-104.978736,39.774873]],[[-104.979779,39.75615],[-104.980987,39.755215],[-104.980985,39.755213],[-104.978873,39.756845],[-104.979779,39.75615]],[[-104.979076,39.77448],[-104.979068,39.774494],[-104.979146,39.774411],[-104.979144,39.774409],[-104.979076,39.77448]],[[-104.984858,39.752579],[-104.98486,39.752577],[-104.984041,39.75195],[-104.984039,39.751952],[-104.984858,39.752579]],[[-104.988132,39.761753],[-104.988128,39.761742],[-104.988135,39.761807],[-104.988138,39.761807],[-104.988132,39.761753]],[[-104.988149,39.762478],[-104.98817,39.762393],[-104.988176,39.762222],[-104.988173,39.762222],[-104.988149,39.762478]],[[-104.989113,39.766113],[-104.988877,39.76618],[-104.988877,39.766182],[-104.989315,39.766073],[-104.989113,39.766113]],[[-104.991001,39.765845],[-104.991387,39.765754],[-104.991498,39.765716],[-104.991497,39.765714],[-104.991001,39.765845]],[[-104.996304,39.75709],[-104.995792,39.757493],[-104.995794,39.757496],[-104.996356,39.757058],[-104.996304,39.75709]],[[-104.99656,39.756039],[-104.99634,39.755885],[-104.996339,39.755887],[-104.996755,39.756199],[-104.99656,39.756039]],[[-104.996711,39.762543],[-104.997239,39.76248],[-104.997239,39.762478],[-104.996787,39.762522],[-104.996711,39.762543]],[[-104.998159,39.762157],[-104.99792,39.762221],[-104.997896,39.762233],[-104.997897,39.762235],[-104.998159,39.762157]],[[-104.998216,39.768274],[-104.998219,39.768348],[-104.998223,39.767671],[-104.99822,39.767671],[-104.998216,39.768274]],[[-104.998677,39.762044],[-104.998725,39.762025],[-104.998273,39.762122],[-104.998273,39.762124],[-104.998677,39.762044]],[[-104.999607,39.761587],[-104.999406,39.761696],[-104.999408,39.761699],[-104.999685,39.761558],[-104.999607,39.761587]],[[-105.002327,39.740183],[-105.000159,39.740208],[-104.999508,39.740219],[-105.00006,39.740216],[-105.002327,39.740183]],[[-105.000424,39.746492],[-105.000431,39.746512],[-105.000428,39.746462],[-105.000426,39.746462],[-105.000424,39.746492]],[[-105.000482,39.746733],[-105.000535,39.746864],[-105.000537,39.746863],[-105.00047,39.746673],[-105.000482,39.746733]],[[-105.001149,39.748059],[-105.001185,39.748109],[-105.001075,39.747883],[-105.001073,39.747885],[-105.001149,39.748059]],[[-105.001595,39.761036],[-105.001737,39.761016],[-105.001763,39.761006],[-105.001762,39.761004],[-105.001595,39.761036]],[[-105.001805,39.748867],[-105.001938,39.748963],[-105.00194,39.74896],[-105.0018,39.748858],[-105.001805,39.748867]],[[-105.00251,39.715755],[-105.002202,39.71537],[-105.0022,39.715371],[-105.002474,39.715721],[-105.00251,39.715755]],[[-105.00309,39.716267],[-105.003092,39.716264],[-105.00268,39.715919],[-105.002728,39.715965],[-105.00309,39.716267]],[[-105.007039,39.763238],[-105.007039,39.763235],[-105.006303,39.763235],[-105.006303,39.763238],[-105.007039,39.763238]],[[-105.00806,39.725872],[-105.008141,39.725865],[-105.007964,39.725864],[-105.007964,39.725867],[-105.00806,39.725872]],[[-105.008521,39.754749],[-105.008521,39.754752],[-105.008559,39.754744],[-105.008559,39.754743],[-105.008521,39.754749]],[[-105.008616,39.754719],[-105.00864,39.754711],[-105.008757,39.754624],[-105.008755,39.754622],[-105.008616,39.754719]],[[-105.009125,39.754348],[-105.009165,39.75432],[-105.009207,39.754265],[-105.009206,39.754264],[-105.009125,39.754348]],[[-105.009408,39.754015],[-105.009402,39.754027],[-105.009436,39.753994],[-105.009434,39.753992],[-105.009408,39.754015]],[[-105.015459,39.724152],[-105.015402,39.724085],[-105.015329,39.724029],[-105.015328,39.724031],[-105.015459,39.724152]],[[-105.015801,39.725288],[-105.015846,39.724916],[-105.015846,39.72486],[-105.015844,39.72486],[-105.015801,39.725288]],[[-105.015846,39.724702],[-105.015846,39.724667],[-105.015811,39.724584],[-105.015809,39.724585],[-105.015846,39.724702]],[[-105.017377,39.740577],[-105.017214,39.740971],[-105.017217,39.740972],[-105.017339,39.740677],[-105.017377,39.740577]],[[-105.024155,39.78435],[-105.023508,39.784295],[-105.023508,39.784298],[-105.023945,39.784341],[-105.024155,39.78435]],[[-105.025257,39.78439],[-105.024831,39.784377],[-105.024831,39.78438],[-105.025147,39.784394],[-105.025257,39.78439]],[[-105.025473,39.784378],[-105.025665,39.784374],[-105.026795,39.784285],[-105.026795,39.784282],[-105.025473,39.784378]],[[-105.031601,39.769458],[-105.0316,39.769461],[-105.034244,39.76954],[-105.033083,39.769496],[-105.031601,39.769458]],[[-105.03639,39.758514],[-105.035224,39.758525],[-105.047466,39.758496],[-105.047466,39.758493],[-105.03639,39.758514]],[[-105.035574,39.735243],[-105.035534,39.735286],[-105.035535,39.735288],[-105.035566,39.735262],[-105.035574,39.735243]],[[-105.035701,39.734944],[-105.035659,39.735],[-105.035637,39.735089],[-105.035639,39.73509],[-105.035701,39.734944]],[[-105.040512,39.783602],[-105.040512,39.783599],[-105.036747,39.783592],[-105.038293,39.783606],[-105.040512,39.783602]],[[-105.036846,39.734325],[-105.036826,39.734326],[-105.036809,39.734335],[-105.036809,39.734336],[-105.036846,39.734325]],[[-105.039319,39.743963],[-105.03715,39.743964],[-105.045049,39.743988],[-105.045049,39.743985],[-105.039319,39.743963]],[[-105.038046,39.762137],[-105.044004,39.762128],[-105.049877,39.762105],[-105.049877,39.762102],[-105.038046,39.762137]],[[-105.039296,39.73435],[-105.039236,39.734328],[-105.038905,39.734268],[-105.038904,39.734271],[-105.039296,39.73435]],[[-105.039511,39.734389],[-105.039691,39.734426],[-105.039691,39.734424],[-105.039591,39.734393],[-105.039511,39.734389]],[[-105.040078,39.718932],[-105.04008,39.718934],[-105.040287,39.718768],[-105.040249,39.71879],[-105.040078,39.718932]],[[-105.040385,39.718713],[-105.040459,39.718698],[-105.040459,39.718696],[-105.040405,39.718702],[-105.040385,39.718713]],[[-105.040667,39.718676],[-105.040638,39.71868],[-105.041273,39.718723],[-105.041273,39.718721],[-105.040667,39.718676]],[[-105.040966,39.730484],[-105.040942,39.730496],[-105.040936,39.730507],[-105.040966,39.730484]],[[-105.041102,39.730436],[-105.041027,39.730447],[-105.041017,39.730453],[-105.041017,39.730453],[-105.041102,39.730436]],[[-105.04381,39.783639],[-105.043552,39.783607],[-105.043458,39.783606],[-105.043458,39.783609],[-105.04381,39.783639]],[[-105.046056,39.702344],[-105.046056,39.70233],[-105.045895,39.702183],[-105.045893,39.702185],[-105.046056,39.702344]],[[-105.048511,39.71131],[-105.0479,39.711308],[-105.04963,39.711342],[-105.04963,39.711339],[-105.048511,39.71131]],[[-105.050487,39.72854],[-105.050367,39.728567],[-105.050239,39.728619],[-105.05024,39.728621],[-105.050487,39.72854]],[[-105.050754,39.78481],[-105.050753,39.784807],[-105.05035,39.784941],[-105.050412,39.784928],[-105.050754,39.78481]],[[-105.050882,39.728488],[-105.0507,39.728485],[-105.050657,39.728495],[-105.050657,39.728497],[-105.050882,39.728488]],[[-105.05181,39.734982],[-105.051863,39.734973],[-105.051714,39.734956],[-105.051713,39.734959],[-105.05181,39.734982]],[[-105.051903,39.734978],[-105.051918,39.734988],[-105.05192,39.734986],[-105.05191,39.734979],[-105.051903,39.734978]],[[-105.076126,39.624232],[-105.074527,39.624234],[-105.076283,39.625102],[-105.080242,39.629468],[-105.080962,39.631334],[-105.081575,39.631308],[-105.081574,39.631335],[-105.083722,39.631334],[-105.083743,39.630236],[-105.081701,39.630237],[-105.081757,39.627325],[-105.083823,39.627325],[-105.083799,39.628534],[-105.08559,39.628534],[-105.085636,39.626114],[-105.087401,39.626053],[-105.087394,39.627097],[-105.091174,39.627088],[-105.091196,39.624208],[-105.107547,39.624214],[-105.107527,39.627097],[-105.109977,39.627091],[-105.109924,39.635078],[-105.091126,39.635091],[-105.091112,39.638709],[-105.081431,39.638717],[-105.08148,39.636244],[-105.08129,39.63617],[-105.080867,39.636148],[-105.080316,39.636212],[-105.079977,39.636639],[-105.079492,39.636733],[-105.079056,39.636712],[-105.077667,39.636448],[-105.077256,39.636404],[-105.076659,39.636419],[-105.075822,39.636516],[-105.075257,39.636503],[-105.074911,39.636614],[-105.074809,39.636679],[-105.074773,39.636653],[-105.074182,39.636774],[-105.073762,39.63662],[-105.073275,39.636555],[-105.073207,39.638709],[-105.073215,39.638654],[-105.076919,39.638645],[-105.076912,39.639114],[-105.076877,39.639442],[-105.076769,39.63976],[-105.076046,39.641116],[-105.07598,39.641345],[-105.075933,39.641906],[-105.07586,39.642114],[-105.074473,39.644258],[-105.074263,39.644472],[-105.074009,39.644654],[-105.072589,39.645294],[-105.072401,39.645404],[-105.072256,39.645548],[-105.072188,39.645658],[-105.072134,39.645836],[-105.07213,39.645998],[-105.063246,39.646007],[-105.063205,39.649634],[-105.06262,39.649634],[-105.062615,39.649685],[-105.057097,39.649692],[-105.057079,39.651238],[-105.05564,39.651233],[-105.055641,39.651171],[-105.05356,39.651164],[-105.053738,39.651394],[-105.053722,39.651363],[-105.054185,39.651505],[-105.054474,39.651534],[-105.05477,39.651626],[-105.055023,39.651773],[-105.05522,39.651966],[-105.057072,39.651979],[-105.057068,39.652855],[-105.05807,39.652854],[-105.058051,39.651466],[-105.058227,39.651466],[-105.058234,39.651258],[-105.061991,39.651238],[-105.06199,39.651497],[-105.062595,39.651502],[-105.062609,39.65029],[-105.063894,39.650298],[-105.063906,39.649633],[-105.070826,39.649623],[-105.070831,39.650016],[-105.069916,39.650008],[-105.069701,39.650474],[-105.069163,39.651174],[-105.069127,39.651313],[-105.068198,39.652206],[-105.06805,39.652206],[-105.06805,39.652502],[-105.067524,39.652505],[-105.067529,39.653253],[-105.067264,39.653253],[-105.067278,39.656885],[-105.070166,39.656881],[-105.070168,39.657449],[-105.070068,39.659094],[-105.071981,39.659611],[-105.071983,39.66003],[-105.076682,39.65934],[-105.076684,39.659915],[-105.078275,39.660709],[-105.078926,39.661541],[-105.079226,39.661999],[-105.081388,39.661996],[-105.081409,39.670161],[-105.080979,39.670021],[-105.080535,39.669911],[-105.079912,39.669809],[-105.079276,39.669765],[-105.079276,39.669352],[-105.078389,39.669356],[-105.076716,39.669089],[-105.07672,39.669426],[-105.076033,39.669324],[-105.075919,39.67],[-105.075298,39.67005],[-105.074945,39.670476],[-105.074501,39.670224],[-105.072992,39.669781],[-105.072722,39.669801],[-105.072536,39.669415],[-105.07201,39.66935],[-105.072001,39.667786],[-105.053266,39.667793],[-105.053272,39.672265],[-105.053243,39.672265],[-105.053243,39.675045],[-105.062618,39.675015],[-105.062632,39.679301],[-105.061407,39.678244],[-105.060998,39.678023],[-105.060336,39.677935],[-105.059341,39.678314],[-105.057793,39.678689],[-105.05782,39.682277],[-105.053231,39.682302],[-105.053238,39.696778]],[[-105.053238,39.696778],[-105.050468,39.696768]],[[-105.050468,39.696768],[-105.043739,39.696746]],[[-105.043649,39.696782],[-105.03906,39.696767],[-105.036716,39.696766]],[[-105.0157,39.696772],[-105.001525,39.696714],[-105.001525,39.696714]],[[-105.001525,39.696714],[-104.992403,39.696669]],[[-104.992403,39.696669],[-104.992394,39.696669],[-104.992394,39.696669]],[[-104.992394,39.696669],[-104.987441,39.696642]],[[-104.976198,39.691409],[-104.975734,39.69107],[-104.975552,39.690958]],[[-104.975552,39.690958],[-104.974773,39.690482]],[[-104.973435,39.689818],[-104.968737,39.687505],[-104.968737,39.687513]],[[-104.968737,39.687513],[-104.968737,39.687526],[-104.964656,39.685522]],[[-104.959457,39.684737],[-104.951242,39.684745],[-104.950717,39.684733]],[[-104.950717,39.684733],[-104.949609,39.684708]],[[-104.948629,39.684645],[-104.947377,39.684492]],[[-104.947377,39.684492],[-104.94688,39.684432],[-104.946187,39.684312]],[[-104.94491,39.684039],[-104.941257,39.68313],[-104.940805,39.683]],[[-104.940805,39.683],[-104.940697,39.68297]],[[-104.940712,39.674322],[-104.940693,39.668338],[-104.94069,39.668338]],[[-104.931618,39.667476],[-104.931604,39.667577],[-104.930438,39.667578],[-104.930436,39.667475]],[[-104.930436,39.667475],[-104.930436,39.667475]],[[-104.925674,39.667495],[-104.924031,39.665128]],[[-104.924031,39.665128],[-104.92372,39.664635]],[[-104.92372,39.664635],[-104.923036,39.663307]],[[-104.923036,39.663307],[-104.922433,39.661952],[-104.918862,39.653927]],[[-104.918862,39.653927],[-104.918458,39.653089]],[[-104.918458,39.653089],[-104.917499,39.65118]],[[-104.917499,39.65118],[-104.916659,39.649653]],[[-104.916659,39.649653],[-104.916624,39.64959],[-104.913877,39.644821]],[[-104.913877,39.644821],[-104.912739,39.642846]],[[-104.912739,39.642846],[-104.911202,39.640347]],[[-104.911202,39.640347],[-104.91061,39.639181]],[[-104.91061,39.639181],[-104.910325,39.638696]],[[-104.910325,39.638696],[-104.910325,39.638696],[-104.911204,39.638686]],[[-104.911204,39.638686],[-104.91171,39.638593]],[[-104.91171,39.638593],[-104.912027,39.638475]],[[-104.912027,39.638475],[-104.912304,39.638321]],[[-104.912304,39.638321],[-104.91243,39.638233]],[[-104.91243,39.638233],[-104.912462,39.638133]],[[-104.912462,39.638133],[-104.913264,39.638699]],[[-104.913264,39.638699],[-104.913267,39.63868],[-104.922506,39.645857],[-104.931883,39.645834],[-104.931723,39.653077],[-104.94069,39.653062],[-104.954975,39.653093],[-104.954409,39.655798],[-104.953525,39.655877],[-104.953531,39.655968],[-104.953799,39.656723],[-104.959464,39.656726],[-104.959455,39.661599],[-104.963076,39.661587],[-104.963048,39.660386],[-104.968838,39.660439],[-104.968814,39.665859],[-104.973474,39.665871],[-104.973471,39.666623],[-104.973498,39.666619],[-104.973497,39.666939],[-104.97347,39.666934],[-104.973467,39.667684],[-104.980537,39.667705],[-104.997015,39.667669],[-105.000196,39.667682],[-105.002677,39.666904],[-105.002991,39.666783],[-105.003408,39.666558],[-105.003596,39.666425],[-105.003799,39.66621],[-105.003896,39.665999],[-105.00392,39.665775],[-105.004879,39.663681],[-105.005062,39.663682],[-105.004945,39.661505],[-105.004889,39.661249],[-105.004803,39.660998],[-105.00457,39.660549],[-105.010901,39.660578],[-105.008185,39.664102],[-105.008114,39.664101],[-105.007665,39.66474],[-105.007327,39.665347],[-105.007153,39.665733],[-105.00637,39.667709],[-105.006366,39.676745],[-105.008706,39.676759],[-105.008707,39.678627],[-105.015715,39.678686],[-105.015699,39.675023],[-105.015724,39.667756],[-105.015835,39.660514],[-105.022812,39.660505],[-105.022844,39.656811],[-105.025359,39.65681],[-105.025361,39.656864],[-105.032667,39.656883],[-105.032377,39.656666],[-105.032144,39.65637],[-105.032172,39.653284],[-105.034625,39.653284],[-105.03466,39.645926],[-105.034651,39.645886],[-105.03437,39.645886],[-105.034371,39.645638],[-105.034427,39.645579],[-105.034446,39.643806],[-105.032761,39.643795],[-105.032795,39.642855],[-105.02999,39.642827],[-105.029989,39.642253],[-105.029891,39.642251],[-105.029915,39.640094],[-105.030017,39.640094],[-105.030047,39.638635],[-105.034711,39.638629],[-105.034778,39.632578],[-105.034758,39.633176],[-105.030069,39.633167],[-105.030068,39.632951],[-105.029749,39.632629],[-105.029682,39.632481],[-105.029667,39.632376],[-105.029077,39.632354],[-105.028937,39.632328],[-105.027265,39.631655],[-105.026922,39.63155],[-105.0264,39.631484],[-105.025411,39.631481],[-105.025435,39.628534],[-105.026378,39.628508],[-105.026926,39.628448],[-105.027464,39.628351],[-105.027991,39.628217],[-105.028887,39.627909],[-105.029323,39.6278],[-105.031106,39.627809],[-105.032947,39.628129],[-105.033502,39.628199],[-105.034804,39.628204],[-105.034807,39.627813],[-105.035919,39.627817],[-105.036163,39.627851],[-105.036397,39.627918],[-105.036815,39.628138],[-105.037386,39.627471],[-105.038018,39.626843],[-105.039571,39.627849],[-105.040037,39.628048],[-105.040155,39.627867],[-105.040268,39.627749],[-105.040645,39.628001],[-105.040921,39.627755],[-105.04134,39.628018],[-105.04172,39.627673],[-105.042302,39.628053],[-105.042785,39.627585],[-105.043296,39.627819],[-105.04357,39.627909],[-105.044163,39.628036],[-105.044137,39.631465],[-105.053316,39.631512],[-105.053245,39.638778],[-105.058817,39.638767],[-105.05876,39.638976],[-105.059295,39.638768],[-105.059567,39.638705],[-105.059785,39.638685],[-105.059068,39.638683],[-105.05985,39.634698],[-105.057071,39.631506],[-105.053444,39.629305],[-105.053459,39.627712],[-105.05579,39.626005],[-105.055819,39.624258],[-105.053494,39.624261],[-105.053527,39.620874],[-105.05434,39.620829],[-105.055359,39.621061],[-105.056283,39.621111],[-105.057254,39.62092],[-105.057396,39.620499],[-105.056499,39.619925],[-105.057128,39.619377],[-105.057097,39.61939],[-105.05817,39.617382],[-105.058108,39.614416],[-105.09702,39.614318],[-105.09704,39.618437],[-105.065084,39.618525],[-105.065101,39.620052],[-105.065672,39.620607],[-105.073656,39.623285],[-105.076126,39.624232]],[[-104.925147,39.653061],[-104.925147,39.653064],[-104.925553,39.653063],[-104.925553,39.65306],[-104.925147,39.653061]],[[-104.959392,39.66797],[-104.95939,39.678521],[-104.959393,39.678521],[-104.959404,39.669416],[-104.959392,39.66797]],[[-104.959446,39.663756],[-104.959443,39.663691],[-104.959432,39.664479],[-104.959435,39.664479],[-104.959446,39.663756]],[[-104.973476,39.671244],[-104.973473,39.671244],[-104.973459,39.673753],[-104.973462,39.673753],[-104.973476,39.671244]],[[-104.997438,39.67265],[-104.997404,39.673037],[-104.997407,39.673037],[-104.99745,39.672617],[-104.997438,39.67265]],[[-104.99799,39.678457],[-104.997941,39.678083],[-104.997917,39.677958],[-104.997914,39.677958],[-104.99799,39.678457]],[[-104.998443,39.690496],[-104.997941,39.690729],[-104.997943,39.690731],[-104.998398,39.690524],[-104.998443,39.690496]],[[-104.997996,39.678479],[-104.997992,39.678479],[-104.998001,39.678538],[-104.998004,39.678537],[-104.997996,39.678479]],[[-104.99842,39.679786],[-104.99846,39.679884],[-104.998546,39.680026],[-104.998548,39.680025],[-104.99842,39.679786]],[[-104.9987,39.690339],[-104.999362,39.689844],[-104.999375,39.689832],[-104.998581,39.690409],[-104.9987,39.690339]],[[-104.999039,39.668809],[-104.99899,39.668867],[-104.999123,39.668748],[-104.999122,39.668746],[-104.999039,39.668809]],[[-104.999291,39.668619],[-104.999267,39.66864],[-104.999372,39.668567],[-104.99937,39.668564],[-104.999291,39.668619]],[[-104.999561,39.689653],[-104.999559,39.689652],[-104.999549,39.68967],[-104.999556,39.689664],[-104.999561,39.689653]],[[-104.999747,39.689186],[-104.999744,39.689185],[-104.999671,39.68941],[-104.999688,39.689373],[-104.999747,39.689186]],[[-105.00007,39.68818],[-104.99993,39.688537],[-104.999933,39.688538],[-105.000062,39.688221],[-105.00007,39.68818]],[[-105.000109,39.687888],[-105.000106,39.687888],[-105.000096,39.688051],[-105.000101,39.688028],[-105.000109,39.687888]],[[-105.000951,39.681422],[-105.000872,39.681361],[-105.00087,39.681363],[-105.000986,39.681463],[-105.000951,39.681422]],[[-105.001149,39.681637],[-105.001115,39.6816],[-105.001114,39.681601],[-105.00116,39.681662],[-105.001149,39.681637]],[[-105.001381,39.682127],[-105.001379,39.682128],[-105.001409,39.682224],[-105.001405,39.682179],[-105.001381,39.682127]],[[-105.001432,39.682504],[-105.001429,39.682504],[-105.001437,39.68272],[-105.001442,39.682632],[-105.001432,39.682504]],[[-105.015413,39.68234],[-105.015703,39.682347],[-105.021605,39.682304],[-105.021605,39.682301],[-105.015413,39.68234]],[[-105.025077,39.674188],[-105.025058,39.676255],[-105.025061,39.676255],[-105.025076,39.67514],[-105.025077,39.674188]],[[-105.025072,39.671795],[-105.025079,39.672012],[-105.025082,39.669831],[-105.025079,39.669831],[-105.025072,39.671795]],[[-105.034787,39.657739],[-105.034736,39.657708],[-105.033648,39.657214],[-105.033647,39.657217],[-105.034787,39.657739]],[[-105.040693,39.667721],[-105.039519,39.667718],[-105.042297,39.667733],[-105.042297,39.66773],[-105.040693,39.667721]],[[-105.040692,39.676645],[-105.040733,39.676698],[-105.040808,39.676752],[-105.04081,39.67675],[-105.040692,39.676645]],[[-105.041041,39.676789],[-105.041041,39.676787],[-105.040837,39.676767],[-105.04091,39.676788],[-105.041041,39.676789]],[[-105.042881,39.66252],[-105.042878,39.661249],[-105.042875,39.661249],[-105.042871,39.662627],[-105.042881,39.66252]],[[-105.052996,39.649385],[-105.052997,39.649333],[-105.052994,39.649333],[-105.052991,39.649415],[-105.052996,39.649385]],[[-105.053237,39.657918],[-105.053231,39.657639],[-105.053246,39.661863],[-105.053249,39.661863],[-105.053237,39.657918]],[[-105.0601,39.656127],[-105.060099,39.65613],[-105.06092,39.656387],[-105.06059,39.65627],[-105.0601,39.656127]],[[-105.061265,39.656509],[-105.061073,39.656444],[-105.061622,39.656666],[-105.061623,39.656663],[-105.061265,39.656509]],[[-105.061917,39.656806],[-105.061915,39.656809],[-105.062458,39.657098],[-105.062344,39.657028],[-105.061917,39.656806]],[[-105.062567,39.652898],[-105.063563,39.652902],[-105.06357,39.651866],[-105.062573,39.651862],[-105.062567,39.652898]],[[-105.062794,39.657304],[-105.063327,39.657675],[-105.063329,39.657673],[-105.062949,39.657398],[-105.062794,39.657304]],[[-105.063892,39.615109],[-105.06389,39.615111],[-105.064073,39.615258],[-105.063992,39.615178],[-105.063892,39.615109]],[[-105.06398,39.653259],[-105.063993,39.653785],[-105.064921,39.653783],[-105.064919,39.653257],[-105.06398,39.653259]],[[-105.064229,39.61541],[-105.064654,39.615889],[-105.064656,39.615887],[-105.064278,39.615457],[-105.064229,39.61541]],[[-105.065084,39.659226],[-105.065149,39.659264],[-105.065151,39.659262],[-105.065053,39.659199],[-105.065084,39.659226]],[[-105.065439,39.65943],[-105.06561,39.659505],[-105.065611,39.659502],[-105.065399,39.659405],[-105.065439,39.65943]],[[-105.066018,39.616923],[-105.066069,39.616934],[-105.065926,39.616879],[-105.065925,39.616882],[-105.066018,39.616923]],[[-105.067024,39.659777],[-105.06848,39.659777],[-105.06848,39.659775],[-105.066693,39.659761],[-105.067024,39.659777]],[[-105.067215,39.617113],[-105.067361,39.617102],[-105.067361,39.617099],[-105.067128,39.617104],[-105.067215,39.617113]],[[-105.067911,39.617057],[-105.069611,39.616864],[-105.069611,39.616861],[-105.067734,39.617069],[-105.067911,39.617057]],[[-105.077896,39.635533],[-105.074922,39.635542],[-105.074922,39.635545],[-105.077607,39.635545],[-105.077896,39.635533]],[[-105.079469,39.633774],[-105.079418,39.633818],[-105.079543,39.633737],[-105.079542,39.633735],[-105.079469,39.633774]],[[-105.080884,39.635008],[-105.08088,39.635694],[-105.081493,39.635696],[-105.081498,39.63501],[-105.080884,39.635008]],[[-105.096226,39.630412],[-105.096298,39.63024],[-105.096295,39.630239],[-105.096185,39.630466],[-105.096226,39.630412]],[[-105.096326,39.628754],[-105.096313,39.62873],[-105.096337,39.628833],[-105.09634,39.628833],[-105.096326,39.628754]],[[-105.096352,39.62912],[-105.09635,39.62912],[-105.096357,39.629747],[-105.096359,39.629465],[-105.096352,39.62912]],[[-104.92389,39.667542],[-104.923718,39.667586],[-104.923885,39.667542],[-104.920733,39.667515]],[[-104.920733,39.667515],[-104.920318,39.66712],[-104.920593,39.666947],[-104.922231,39.666955],[-104.92225,39.663768],[-104.922163,39.663737],[-104.922187,39.663662],[-104.922158,39.663572],[-104.921615,39.662958],[-104.921557,39.662855],[-104.921536,39.662706],[-104.921582,39.66256],[-104.921876,39.662257],[-104.921026,39.660346],[-104.918885,39.660346],[-104.918895,39.659929],[-104.918624,39.65993],[-104.918257,39.659355],[-104.917903,39.659157],[-104.917822,39.659322],[-104.916767,39.659018],[-104.916873,39.658803],[-104.915908,39.658516],[-104.915942,39.658439],[-104.916263,39.658096],[-104.91604,39.657504],[-104.915522,39.657519],[-104.915521,39.657136],[-104.915906,39.657157],[-104.916582,39.656127],[-104.915873,39.656056],[-104.915852,39.656182],[-104.915781,39.656358],[-104.91526,39.656181],[-104.913099,39.656189],[-104.913065,39.66314],[-104.915049,39.663148],[-104.915597,39.66326],[-104.915949,39.663479],[-104.91596,39.66616],[-104.916399,39.666162],[-104.916387,39.667595]],[[-104.916387,39.667595],[-104.916387,39.667601],[-104.914646,39.6676]],[[-104.912884,39.66764],[-104.904787,39.667643]],[[-104.904787,39.667643],[-104.904767,39.667643],[-104.903551,39.667633]],[[-104.903551,39.667633],[-104.903551,39.667611],[-104.894031,39.667596],[-104.890226,39.664505],[-104.888362,39.665682],[-104.888938,39.665746],[-104.889118,39.66582],[-104.889748,39.666357],[-104.889863,39.666497],[-104.890469,39.667587],[-104.885174,39.667574],[-104.879527,39.663941],[-104.876222,39.66394],[-104.875992,39.664113],[-104.875804,39.664313],[-104.875664,39.664536],[-104.875553,39.664897],[-104.875543,39.665927],[-104.875388,39.668494],[-104.875414,39.668824],[-104.875447,39.668964],[-104.876379,39.671128],[-104.876619,39.67141],[-104.877469,39.672075],[-104.875446,39.672081],[-104.87543,39.6748],[-104.87063,39.674787],[-104.865976,39.670963],[-104.865956,39.667524],[-104.866032,39.660282],[-104.856424,39.660299],[-104.856035,39.660371],[-104.855776,39.660491],[-104.855608,39.660299],[-104.854934,39.660301],[-104.854237,39.660082],[-104.853074,39.659778],[-104.852017,39.659608],[-104.851693,39.65946],[-104.849256,39.659084],[-104.848883,39.659125],[-104.848635,39.659086],[-104.848637,39.657843],[-104.848563,39.657842],[-104.848569,39.657069],[-104.847261,39.657077],[-104.847933,39.656817],[-104.848632,39.656604],[-104.852315,39.655778],[-104.853205,39.655498],[-104.85406,39.655158],[-104.855171,39.654597],[-104.867171,39.647619],[-104.867674,39.64733],[-104.868206,39.647076],[-104.869117,39.646745],[-104.870072,39.646285],[-104.871198,39.646237],[-104.873051,39.645836],[-104.874077,39.645555],[-104.875065,39.645206],[-104.87558,39.644991],[-104.87546,39.65167],[-104.87669,39.653058],[-104.871382,39.653055],[-104.880782,39.65307],[-104.880101,39.653066],[-104.880343,39.641323],[-104.885095,39.638972],[-104.885265,39.624136],[-104.9019,39.624101],[-104.913417,39.624095],[-104.913237,39.638657],[-104.913264,39.638699]],[[-104.913264,39.638699],[-104.913264,39.638699],[-104.912462,39.638133]],[[-104.911204,39.638686],[-104.910325,39.638696]],[[-104.910325,39.638696],[-104.910325,39.638696],[-104.91061,39.639181]],[[-104.912739,39.642846],[-104.913358,39.64392],[-104.913877,39.644821]],[[-104.913877,39.644821],[-104.916659,39.649653]],[[-104.916659,39.649653],[-104.916684,39.649697],[-104.917499,39.65118]],[[-104.918862,39.653927],[-104.923036,39.663307]],[[-104.923036,39.663307],[-104.923445,39.664128],[-104.92372,39.664635]],[[-104.925674,39.667495],[-104.92389,39.667542]],[[-104.86638,39.659364],[-104.866428,39.656982],[-104.866425,39.656982],[-104.86635,39.660075],[-104.86638,39.659364]],[[-104.866513,39.655771],[-104.866489,39.655859],[-104.866454,39.656165],[-104.866456,39.656166],[-104.866513,39.655771]],[[-104.866565,39.655553],[-104.866694,39.655174],[-104.866691,39.655173],[-104.866601,39.655408],[-104.866565,39.655553]],[[-104.86822,39.660777],[-104.868206,39.66074],[-104.86817,39.660702],[-104.868169,39.660704],[-104.86822,39.660777]],[[-104.868328,39.661023],[-104.868326,39.661013],[-104.868318,39.661008],[-104.868328,39.661023]],[[-104.869359,39.653195],[-104.86936,39.653198],[-104.869521,39.653158],[-104.869441,39.653171],[-104.869359,39.653195]],[[-104.873993,39.669959],[-104.874022,39.669978],[-104.874023,39.669976],[-104.873977,39.669939],[-104.873993,39.669959]],[[-104.874224,39.670113],[-104.874311,39.670157],[-104.874312,39.670155],[-104.874196,39.670092],[-104.874224,39.670113]],[[-104.874859,39.670452],[-104.874896,39.670481],[-104.874897,39.67048],[-104.874878,39.670463],[-104.874859,39.670452]],[[-104.875184,39.67079],[-104.875182,39.670791],[-104.875206,39.670828],[-104.875208,39.670827],[-104.875184,39.67079]],[[-104.892247,39.635906],[-104.8921,39.635968],[-104.892692,39.635763],[-104.892692,39.635761],[-104.892247,39.635906]],[[-104.894238,39.65869],[-104.894222,39.658744],[-104.894222,39.658772],[-104.894224,39.658772],[-104.894238,39.65869]],[[-104.894357,39.658507],[-104.894306,39.658552],[-104.894254,39.658638],[-104.894256,39.658639],[-104.894357,39.658507]],[[-104.894502,39.658388],[-104.894465,39.658406],[-104.89443,39.658438],[-104.894431,39.658439],[-104.894502,39.658388]],[[-104.894517,39.638059],[-104.894627,39.638215],[-104.894694,39.638276],[-104.894696,39.638275],[-104.894517,39.638059]],[[-104.894789,39.658282],[-104.894779,39.65828],[-104.894768,39.658282],[-104.894769,39.658285],[-104.894789,39.658282]],[[-104.89518,39.638586],[-104.895304,39.638633],[-104.895456,39.638673],[-104.895457,39.63867],[-104.89518,39.638586]],[[-104.898626,39.650274],[-104.898321,39.649818],[-104.898318,39.64982],[-104.898644,39.650315],[-104.898626,39.650274]],[[-104.898728,39.650481],[-104.898715,39.650459],[-104.898734,39.650509],[-104.898736,39.650509],[-104.898728,39.650481]],[[-104.898796,39.650716],[-104.89878,39.650662],[-104.898778,39.650663],[-104.898794,39.650747],[-104.898796,39.650716]],[[-104.901867,39.65974],[-104.900881,39.658611],[-104.900878,39.658613],[-104.901574,39.65941],[-104.901867,39.65974]],[[-104.911174,39.653104],[-104.901916,39.653116],[-104.901916,39.653119],[-104.907166,39.653116],[-104.911174,39.653104]],[[-104.902152,39.645999],[-104.902235,39.645968],[-104.902234,39.645966],[-104.902187,39.645978],[-104.902152,39.645999]],[[-104.902366,39.645932],[-104.902509,39.645918],[-104.902508,39.645915],[-104.902413,39.645921],[-104.902366,39.645932]],[[-104.902694,39.660821],[-104.902697,39.660692],[-104.902685,39.660643],[-104.902683,39.660644],[-104.902694,39.660821]],[[-104.903295,39.625962],[-104.903797,39.626836],[-104.903927,39.626837],[-104.903919,39.624194],[-104.902914,39.624189],[-104.902806,39.624312],[-104.903295,39.625962]],[[-104.905262,39.640515],[-104.905116,39.640455],[-104.905115,39.640458],[-104.905226,39.640504],[-104.905262,39.640515]],[[-104.905468,39.640575],[-104.905527,39.640596],[-104.905591,39.640606],[-104.905591,39.640603],[-104.905468,39.640575]],[[-104.906016,39.634009],[-104.905909,39.633986],[-104.905601,39.63396],[-104.905601,39.633963],[-104.906016,39.634009]],[[-104.905765,39.640631],[-104.905858,39.640649],[-104.905937,39.640649],[-104.905937,39.640647],[-104.905765,39.640631]],[[-104.90716,39.62889],[-104.907058,39.628506],[-104.907055,39.628506],[-104.907164,39.628932],[-104.90716,39.62889]],[[-104.907394,39.634418],[-104.907361,39.634396],[-104.907316,39.634379],[-104.907315,39.634381],[-104.907394,39.634418]],[[-104.908806,39.632048],[-104.908925,39.632115],[-104.909019,39.632158],[-104.90902,39.632156],[-104.908806,39.632048]],[[-104.912987,39.644811],[-104.912983,39.644771],[-104.912975,39.64485],[-104.912977,39.64485],[-104.912987,39.644811]]]}},{"type":"Feature","properties":{"layer":"school","districts":["1","2","3","4","5"]},"geometry":{"type":"MultiLineString","coordinates":[[[-104.968814,39.665859],[-104.973474,39.665871],[-104.973471,39.666623],[-104.973498,39.666619],[-104.973497,39.666939],[-104.97347,39.666934],[-104.973467,39.667684],[-104.980537,39.667705],[-104.987582,39.667691]],[[-104.987582,39.667691],[-104.987577,39.678528]],[[-104.987577,39.678528],[-104.987579,39.682157]],[[-104.987579,39.682157],[-104.98751,39.689408],[-104.987441,39.696642]],[[-104.987441,39.696642],[-104.98748,39.701023]],[[-104.98748,39.701023],[-104.987493,39.701491]],[[-104.987493,39.701491],[-104.98755,39.701539]],[[-104.98755,39.701539],[-104.987572,39.702004]],[[-104.987572,39.702004],[-104.987538,39.702142]],[[-104.987538,39.702142],[-104.987498,39.702651]],[[-104.987498,39.702651],[-104.987499,39.703889]],[[-104.987499,39.703889],[-104.987633,39.707544]],[[-104.987633,39.707544],[-104.987524,39.715682]],[[-104.987524,39.715682],[-104.98752,39.715998]],[[-104.98752,39.715998],[-104.987512,39.716584]],[[-104.987512,39.716584],[-104.981478,39.716541]],[[-104.981478,39.716541],[-104.98145,39.719352]],[[-104.98145,39.719352],[-104.980291,39.719351]],[[-104.980291,39.719351],[-104.980294,39.721153]],[[-104.980294,39.721153],[-104.980314,39.721494]],[[-104.980314,39.721494],[-104.978832,39.720579]],[[-104.978832,39.720579],[-104.977677,39.719825]],[[-104.977677,39.719825],[-104.976828,39.71939]],[[-104.976828,39.71939],[-104.976094,39.719109]],[[-104.976094,39.719109],[-104.975105,39.718838]],[[-104.975105,39.718838],[-104.973258,39.718412],[-104.973258,39.718412]],[[-104.973258,39.718412],[-104.971336,39.71797]],[[-104.971336,39.71797],[-104.970993,39.717862]],[[-104.970993,39.717862],[-104.970761,39.717745]],[[-104.970761,39.717745],[-104.970598,39.717709]],[[-104.970598,39.717709],[-104.970146,39.717537]],[[-104.970146,39.717537],[-104.969875,39.717357],[-104.969842,39.717329]],[[-104.969842,39.717329],[-104.969767,39.717268]],[[-104.969767,39.717268],[-104.969731,39.717239],[-104.969529,39.717033]],[[-104.969529,39.717033],[-104.969225,39.716725],[-104.969193,39.716702]],[[-104.969193,39.716702],[-104.968954,39.716534]],[[-104.968954,39.716534],[-104.968839,39.716453]],[[-104.968839,39.716453],[-104.968827,39.716445],[-104.968207,39.715745]],[[-104.968207,39.715745],[-104.967577,39.715213]],[[-104.967577,39.715213],[-104.966685,39.714693]],[[-104.966685,39.714693],[-104.96618,39.714354]],[[-104.96618,39.714354],[-104.966161,39.714342],[-104.966137,39.714333]],[[-104.966137,39.714333],[-104.965885,39.714242]],[[-104.965885,39.714242],[-104.965553,39.714211]],[[-104.965553,39.714211],[-104.965292,39.714142],[-104.965278,39.714144]],[[-104.965278,39.714144],[-104.96513,39.714167]],[[-104.96513,39.714167],[-104.965012,39.714185],[-104.964946,39.714205]],[[-104.964946,39.714205],[-104.964711,39.714275]],[[-104.964711,39.714275],[-104.964611,39.714306],[-104.964576,39.714325]],[[-104.964576,39.714325],[-104.964054,39.714617]],[[-104.964054,39.714617],[-104.963901,39.714643]],[[-104.963901,39.714643],[-104.963719,39.714732]],[[-104.963719,39.714732],[-104.963386,39.714817]],[[-104.963386,39.714817],[-104.963034,39.715072]],[[-104.963034,39.715072],[-104.962301,39.715236]],[[-104.962301,39.715236],[-104.961598,39.715442]],[[-104.961598,39.715442],[-104.961371,39.715484]],[[-104.961371,39.715484],[-104.960217,39.715581]],[[-104.960217,39.715581],[-104.959937,39.715639]],[[-104.959937,39.715639],[-104.9597,39.715632]],[[-104.9597,39.715632],[-104.959319,39.715665]],[[-104.959319,39.715665],[-104.958362,39.715781],[-104.957903,39.71582]],[[-104.957903,39.71582],[-104.957271,39.715873]],[[-104.957271,39.715873],[-104.957221,39.715878],[-104.956623,39.715877]],[[-104.956623,39.715877],[-104.955736,39.715743]],[[-104.955736,39.715743],[-104.955449,39.715736]],[[-104.955449,39.715736],[-104.954732,39.715603]],[[-104.954732,39.715603],[-104.954256,39.715469]],[[-104.954256,39.715469],[-104.953814,39.715415]],[[-104.953814,39.715415],[-104.953789,39.715412],[-104.953764,39.715401]],[[-104.953764,39.715401],[-104.953532,39.7153]],[[-104.953532,39.7153],[-104.953362,39.715226],[-104.953176,39.715127]],[[-104.953176,39.715127],[-104.952512,39.714775]],[[-104.952512,39.714775],[-104.952043,39.714625]],[[-104.952043,39.714625],[-104.951694,39.714547]],[[-104.951694,39.714547],[-104.951619,39.714509],[-104.951592,39.714489]],[[-104.951592,39.714489],[-104.951504,39.714422]],[[-104.951504,39.714422],[-104.95144,39.714375],[-104.950928,39.713874]],[[-104.950928,39.713874],[-104.950889,39.713818],[-104.950727,39.713683]],[[-104.950727,39.713683],[-104.950132,39.713365]],[[-104.950132,39.713365],[-104.950072,39.713315]],[[-104.950072,39.713315],[-104.950027,39.713173]],[[-104.950027,39.713173],[-104.949907,39.713148]],[[-104.949907,39.713148],[-104.949326,39.712776]],[[-104.949326,39.712776],[-104.949213,39.712661]],[[-104.949213,39.712661],[-104.94905,39.712321]],[[-104.94905,39.712321],[-104.948913,39.712154]],[[-104.948913,39.712154],[-104.94861,39.711945]],[[-104.94861,39.711945],[-104.948467,39.711764]],[[-104.948467,39.711764],[-104.948265,39.711724]],[[-104.948265,39.711724],[-104.948021,39.711617]],[[-104.948021,39.711617],[-104.94802,39.711617],[-104.946896,39.711354]],[[-104.946896,39.711354],[-104.946564,39.711388]],[[-104.946564,39.711388],[-104.946497,39.711516]],[[-104.946497,39.711516],[-104.94257,39.711506]],[[-104.94257,39.711506],[-104.940667,39.71143]],[[-104.940667,39.71143],[-104.940666,39.71143],[-104.940668,39.711416]],[[-104.940668,39.711416],[-104.940697,39.71123],[-104.940707,39.697737],[-104.94072,39.697733],[-104.940038,39.69774],[-104.940036,39.697935],[-104.938573,39.697941],[-104.938574,39.696668],[-104.939563,39.696666],[-104.939564,39.696577],[-104.940708,39.696579],[-104.940706,39.69477],[-104.940564,39.694771],[-104.940565,39.695412],[-104.939521,39.69541],[-104.93952,39.694768],[-104.93627,39.694775],[-104.936279,39.696591],[-104.936434,39.69659],[-104.93643,39.69785],[-104.935916,39.697851],[-104.935922,39.696592],[-104.928223,39.696613],[-104.928223,39.696643]],[[-104.928223,39.696643],[-104.927942,39.696652]],[[-104.927942,39.696652],[-104.927499,39.69673]],[[-104.927499,39.69673],[-104.924164,39.696749]],[[-104.924164,39.696749],[-104.923767,39.696813]],[[-104.923767,39.696813],[-104.922262,39.69591]],[[-104.922262,39.69591],[-104.922099,39.696261],[-104.922094,39.696259]],[[-104.922094,39.696259],[-104.921766,39.696159]],[[-104.921766,39.696159],[-104.921492,39.696108]],[[-104.921492,39.696108],[-104.921294,39.696004]],[[-104.921294,39.696004],[-104.920964,39.695717]],[[-104.920964,39.695717],[-104.920818,39.695521]],[[-104.920818,39.695521],[-104.920721,39.695459]],[[-104.920721,39.695459],[-104.920353,39.695354]],[[-104.920353,39.695354],[-104.919893,39.695165]],[[-104.919893,39.695165],[-104.919318,39.694785]],[[-104.919318,39.694785],[-104.918878,39.694599]],[[-104.918878,39.694599],[-104.918211,39.694028]],[[-104.918211,39.694028],[-104.918103,39.693971]],[[-104.918103,39.693971],[-104.917534,39.693812]],[[-104.917534,39.693812],[-104.91749,39.693781]],[[-104.91749,39.693781],[-104.91737,39.693509]],[[-104.91737,39.693509],[-104.917183,39.693323]],[[-104.917183,39.693323],[-104.916871,39.693153]],[[-104.916871,39.693153],[-104.916504,39.693012]],[[-104.916504,39.693012],[-104.916256,39.692768]],[[-104.916256,39.692768],[-104.915839,39.692595]],[[-104.915839,39.692595],[-104.915466,39.692296]],[[-104.915466,39.692296],[-104.915087,39.692258]],[[-104.915087,39.692258],[-104.914823,39.692188]],[[-104.914823,39.692188],[-104.91442,39.691991]],[[-104.91442,39.691991],[-104.913989,39.691732]],[[-104.913989,39.691732],[-104.913817,39.691586]],[[-104.913817,39.691586],[-104.913602,39.691333]],[[-104.913602,39.691333],[-104.912899,39.690939]],[[-104.912899,39.690939],[-104.912728,39.690851]],[[-104.912728,39.690851],[-104.912599,39.69084]],[[-104.912599,39.69084],[-104.912426,39.690784]],[[-104.912426,39.690784],[-104.912023,39.690533]],[[-104.912023,39.690533],[-104.911476,39.69028]],[[-104.911476,39.69028],[-104.911394,39.690202]],[[-104.911394,39.690202],[-104.911281,39.69001]],[[-104.911281,39.69001],[-104.910937,39.689887]],[[-104.910937,39.689887],[-104.910495,39.689628]],[[-104.910495,39.689628],[-104.910125,39.689367]],[[-104.910125,39.689367],[-104.909912,39.689365]],[[-104.909912,39.689365],[-104.909786,39.689317]],[[-104.909786,39.689317],[-104.909693,39.689252]],[[-104.909693,39.689252],[-104.90964,39.689137],[-104.909606,39.68895]],[[-104.909606,39.68895],[-104.909523,39.688802],[-104.909455,39.688751]],[[-104.909455,39.688751],[-104.909232,39.688725]],[[-104.909232,39.688725],[-104.909058,39.688665]],[[-104.909058,39.688665],[-104.908972,39.688606]],[[-104.908972,39.688606],[-104.908865,39.688463]],[[-104.908865,39.688463],[-104.908782,39.688397]],[[-104.908782,39.688397],[-104.907765,39.687886]],[[-104.907765,39.687886],[-104.907252,39.687797]],[[-104.907252,39.687797],[-104.90705,39.687727]],[[-104.90705,39.687727],[-104.906822,39.687427]],[[-104.906822,39.687427],[-104.906747,39.68736]],[[-104.906747,39.68736],[-104.906365,39.687263]],[[-104.906365,39.687263],[-104.906085,39.687039]],[[-104.906085,39.687039],[-104.906029,39.686982]],[[-104.906029,39.686982],[-104.906048,39.686883]],[[-104.906048,39.686883],[-104.906011,39.686822]],[[-104.906011,39.686822],[-104.905554,39.686693]],[[-104.905554,39.686693],[-104.905403,39.686727]],[[-104.905403,39.686727],[-104.905246,39.686668]],[[-104.905246,39.686668],[-104.905196,39.68662]],[[-104.905196,39.68662],[-104.905075,39.686392]],[[-104.905075,39.686392],[-104.904702,39.686049]],[[-104.904702,39.686049],[-104.904505,39.685926]],[[-104.904505,39.685926],[-104.90418,39.68583]],[[-104.90418,39.68583],[-104.904066,39.685726],[-104.903865,39.685656]],[[-104.903865,39.685656],[-104.903721,39.685552]],[[-104.903721,39.685552],[-104.903513,39.685488]],[[-104.903513,39.685488],[-104.903516,39.685131],[-104.903497,39.685928]],[[-104.903497,39.685928],[-104.903525,39.687248]],[[-104.903525,39.687248],[-104.903548,39.687381]],[[-104.903548,39.687381],[-104.903522,39.689361]],[[-104.903522,39.689361],[-104.898821,39.689347],[-104.898832,39.690732],[-104.898192,39.690735],[-104.898838,39.691436],[-104.898849,39.692965],[-104.894206,39.692985],[-104.894093,39.692902],[-104.894069,39.685702],[-104.889339,39.685693],[-104.889319,39.682064],[-104.894056,39.682069],[-104.894067,39.678456],[-104.903541,39.678483],[-104.903524,39.684764],[-104.90509,39.685722],[-104.905173,39.685722],[-104.905167,39.683904],[-104.904613,39.683904],[-104.904601,39.68028],[-104.908105,39.680278],[-104.908104,39.679815],[-104.906992,39.679817],[-104.906994,39.678804],[-104.906126,39.678488],[-104.905796,39.678485],[-104.905648,39.678449],[-104.905367,39.678347],[-104.905114,39.678209],[-104.904896,39.678038],[-104.903548,39.676769],[-104.903551,39.667611],[-104.894031,39.667596],[-104.890226,39.664505],[-104.888362,39.665682],[-104.888938,39.665746],[-104.889118,39.66582],[-104.889748,39.666357],[-104.889863,39.666497],[-104.890469,39.667587],[-104.885174,39.667574],[-104.879527,39.663941],[-104.876222,39.66394],[-104.875992,39.664113],[-104.875804,39.664313],[-104.875664,39.664536],[-104.875553,39.664897],[-104.875543,39.665927],[-104.875388,39.668494],[-104.875414,39.668824],[-104.875447,39.668964],[-104.876379,39.671128],[-104.876619,39.67141],[-104.877469,39.672075],[-104.875446,39.672081],[-104.87543,39.6748],[-104.87063,39.674787],[-104.865976,39.670963],[-104.865956,39.667524],[-104.866032,39.660282],[-104.856424,39.660299],[-104.856035,39.660371],[-104.855776,39.660491],[-104.855608,39.660299],[-104.854934,39.660301],[-104.854237,39.660082],[-104.853074,39.659778],[-104.852017,39.659608],[-104.851693,39.65946],[-104.849256,39.659084],[-104.848883,39.659125],[-104.848635,39.659086],[-104.848637,39.657843],[-104.848563,39.657842],[-104.848569,39.657069],[-104.847261,39.657077],[-104.847933,39.656817],[-104.848632,39.656604],[-104.852315,39.655778],[-104.853205,39.655498],[-104.85406,39.655158],[-104.855171,39.654597],[-104.867171,39.647619],[-104.867674,39.64733],[-104.868206,39.647076],[-104.869117,39.646745],[-104.870072,39.646285],[-104.871198,39.646237],[-104.873051,39.645836],[-104.874077,39.645555],[-104.875065,39.645206],[-104.87558,39.644991],[-104.87546,39.65167],[-104.87669,39.653058],[-104.871382,39.653055],[-104.880782,39.65307],[-104.880101,39.653066],[-104.880343,39.641323],[-104.885095,39.638972],[-104.885265,39.624136],[-104.9019,39.624101],[-104.913417,39.624095],[-104.913237,39.638657],[-104.913264,39.638699],[-104.913267,39.63868],[-104.922506,39.645857],[-104.931883,39.645834],[-104.931723,39.653077],[-104.94069,39.653062],[-104.954975,39.653093],[-104.954409,39.655798],[-104.953525,39.655877],[-104.953531,39.655968],[-104.953799,39.656723],[-104.959464,39.656726],[-104.959455,39.661599],[-104.963076,39.661587],[-104.963048,39.660386],[-104.968838,39.660439],[-104.968814,39.665859]],[[-104.86638,39.659364],[-104.866428,39.656982],[-104.866425,39.656982],[-104.86635,39.660075],[-104.86638,39.659364]],[[-104.866513,39.655771],[-104.866489,39.655859],[-104.866454,39.656165],[-104.866456,39.656166],[-104.866513,39.655771]],[[-104.866694,39.655174],[-104.866601,39.655408],[-104.866565,39.655553],[-104.866567,39.655554],[-104.866694,39.655174]],[[-104.86822,39.660777],[-104.868206,39.66074],[-104.86817,39.660702],[-104.868169,39.660704],[-104.86822,39.660777]],[[-104.868328,39.661023],[-104.868326,39.661013],[-104.868318,39.661008],[-104.868328,39.661023]],[[-104.869521,39.653161],[-104.869441,39.653171],[-104.869359,39.653195],[-104.86936,39.653198],[-104.869521,39.653161]],[[-104.873977,39.669939],[-104.873993,39.669959],[-104.874022,39.669978],[-104.874023,39.669976],[-104.873977,39.669939]],[[-104.874196,39.670092],[-104.874224,39.670113],[-104.874311,39.670157],[-104.874312,39.670155],[-104.874196,39.670092]],[[-104.874878,39.670463],[-104.874857,39.670454],[-104.874896,39.670481],[-104.874897,39.67048],[-104.874878,39.670463]],[[-104.875193,39.670802],[-104.875182,39.670791],[-104.875206,39.670828],[-104.875208,39.670827],[-104.875193,39.670802]],[[-104.892099,39.635966],[-104.892692,39.635763],[-104.892692,39.635761],[-104.892247,39.635906],[-104.892099,39.635966]],[[-104.894222,39.658744],[-104.894224,39.658772],[-104.894238,39.65869],[-104.894236,39.658689],[-104.894222,39.658744]],[[-104.894357,39.658507],[-104.894306,39.658552],[-104.894254,39.658638],[-104.894256,39.658639],[-104.894357,39.658507]],[[-104.894502,39.658388],[-104.894465,39.658406],[-104.89443,39.658438],[-104.894431,39.658439],[-104.894502,39.658388]],[[-104.894694,39.638276],[-104.894517,39.638059],[-104.894515,39.638061],[-104.894627,39.638215],[-104.894694,39.638276]],[[-104.894789,39.658282],[-104.894779,39.65828],[-104.894768,39.658282],[-104.894769,39.658285],[-104.894789,39.658282]],[[-104.895456,39.638673],[-104.895457,39.63867],[-104.895179,39.638589],[-104.895304,39.638633],[-104.895456,39.638673]],[[-104.896181,39.686841],[-104.896123,39.686841],[-104.896076,39.686865],[-104.896077,39.686866],[-104.896181,39.686841]],[[-104.896892,39.68683],[-104.896892,39.686833],[-104.898273,39.686836],[-104.898273,39.686833],[-104.896892,39.68683]],[[-104.898321,39.649818],[-104.898318,39.64982],[-104.898646,39.650314],[-104.898626,39.650274],[-104.898321,39.649818]],[[-104.898717,39.650458],[-104.898734,39.650509],[-104.898736,39.650509],[-104.898728,39.650481],[-104.898717,39.650458]],[[-104.89878,39.650662],[-104.898778,39.650663],[-104.898796,39.650747],[-104.898796,39.650716],[-104.89878,39.650662]],[[-104.898793,39.68341],[-104.898796,39.685712],[-104.902681,39.68572],[-104.90116,39.684817],[-104.898793,39.68341]],[[-104.900881,39.658611],[-104.901574,39.65941],[-104.901867,39.65974],[-104.901869,39.659738],[-104.900881,39.658611]],[[-104.911174,39.653104],[-104.901916,39.653116],[-104.901916,39.653119],[-104.907166,39.653116],[-104.911174,39.653104]],[[-104.902187,39.645978],[-104.902153,39.646001],[-104.902235,39.645968],[-104.902234,39.645966],[-104.902187,39.645978]],[[-104.902413,39.645921],[-104.902367,39.645934],[-104.902509,39.645918],[-104.902508,39.645915],[-104.902413,39.645921]],[[-104.902685,39.660643],[-104.902694,39.660821],[-104.902696,39.660821],[-104.902697,39.660692],[-104.902685,39.660643]],[[-104.903927,39.626837],[-104.903919,39.624194],[-104.902914,39.624189],[-104.902806,39.624312],[-104.903295,39.625962],[-104.903797,39.626836],[-104.903927,39.626837]],[[-104.905226,39.640504],[-104.905263,39.640513],[-104.905116,39.640455],[-104.905115,39.640458],[-104.905226,39.640504]],[[-104.905902,39.667652],[-104.910668,39.667644],[-104.910668,39.667641],[-104.905135,39.667643],[-104.905902,39.667652]],[[-104.905527,39.640596],[-104.905591,39.640606],[-104.905591,39.640603],[-104.905468,39.640575],[-104.905527,39.640596]],[[-104.905601,39.63396],[-104.905601,39.633963],[-104.906016,39.634007],[-104.905909,39.633986],[-104.905601,39.63396]],[[-104.905858,39.640649],[-104.905937,39.640647],[-104.905765,39.640631],[-104.905764,39.640634],[-104.905858,39.640649]],[[-104.907164,39.628932],[-104.90716,39.62889],[-104.907058,39.628506],[-104.907055,39.628506],[-104.907164,39.628932]],[[-104.907316,39.634379],[-104.907315,39.634381],[-104.907395,39.634416],[-104.907361,39.634396],[-104.907316,39.634379]],[[-104.91093,39.682083],[-104.91093,39.6799],[-104.908213,39.679891],[-104.908215,39.682082],[-104.911053,39.682086],[-104.91093,39.682083]],[[-104.908925,39.632115],[-104.90902,39.632156],[-104.908806,39.632048],[-104.908805,39.632051],[-104.908925,39.632115]],[[-104.912975,39.64485],[-104.912987,39.644811],[-104.912985,39.644771],[-104.912983,39.644771],[-104.912975,39.64485]],[[-104.917568,39.67299],[-104.919308,39.673925],[-104.919588,39.673992],[-104.91993,39.673995],[-104.92013,39.674021],[-104.920497,39.674149],[-104.92106,39.67457],[-104.921057,39.674844],[-104.922261,39.674842],[-104.922264,39.675563],[-104.922413,39.675646],[-104.92267,39.675707],[-104.922874,39.6757],[-104.923198,39.6756],[-104.923435,39.675476],[-104.92344,39.676571],[-104.924473,39.67657],[-104.924474,39.676215],[-104.924769,39.676161],[-104.924764,39.676361],[-104.925293,39.676361],[-104.925297,39.67675],[-104.925754,39.676745],[-104.925756,39.676591],[-104.925791,39.676591],[-104.925784,39.675836],[-104.925734,39.675835],[-104.925735,39.675289],[-104.927592,39.675281],[-104.927585,39.674835],[-104.930077,39.674832],[-104.926302,39.669408],[-104.925328,39.66942],[-104.925168,39.669405],[-104.92494,39.669342],[-104.925096,39.668985],[-104.924969,39.668836],[-104.924916,39.668634],[-104.924722,39.668437],[-104.922929,39.667892],[-104.922679,39.667851],[-104.922674,39.667669],[-104.922649,39.667588],[-104.921289,39.66759],[-104.921442,39.667761],[-104.920712,39.668176],[-104.920582,39.668043],[-104.921018,39.667786],[-104.920318,39.66712],[-104.920593,39.666947],[-104.922231,39.666955],[-104.92225,39.663768],[-104.922163,39.663737],[-104.922187,39.663662],[-104.922158,39.663572],[-104.921615,39.662958],[-104.921557,39.662855],[-104.921536,39.662706],[-104.921582,39.66256],[-104.921876,39.662257],[-104.921026,39.660346],[-104.918885,39.660346],[-104.918895,39.659929],[-104.918624,39.65993],[-104.918257,39.659355],[-104.917903,39.659157],[-104.917822,39.659322],[-104.916767,39.659018],[-104.916873,39.658803],[-104.915908,39.658516],[-104.915942,39.658439],[-104.916263,39.658096],[-104.91604,39.657504],[-104.915522,39.657519],[-104.915521,39.657136],[-104.915906,39.657157],[-104.916582,39.656127],[-104.915873,39.656056],[-104.915852,39.656182],[-104.915781,39.656358],[-104.91526,39.656181],[-104.913099,39.656189],[-104.913065,39.66314],[-104.915049,39.663148],[-104.915597,39.66326],[-104.915949,39.663479],[-104.91596,39.66616],[-104.916399,39.666162],[-104.916387,39.667595],[-104.917554,39.667592],[-104.917568,39.67299]],[[-104.923135,39.663499],[-104.923445,39.664128],[-104.923657,39.664518],[-104.923659,39.664517],[-104.923135,39.663499]],[[-104.925553,39.653063],[-104.925553,39.65306],[-104.925147,39.653061],[-104.925147,39.653064],[-104.925553,39.653063]],[[-104.931604,39.667577],[-104.930436,39.667578],[-104.930438,39.668483],[-104.929266,39.668486],[-104.929265,39.669398],[-104.928084,39.6694],[-104.928091,39.668974],[-104.927211,39.668973],[-104.929661,39.67239],[-104.93079,39.672396],[-104.930787,39.672818],[-104.931627,39.672816],[-104.93163,39.67337],[-104.933895,39.673355],[-104.933888,39.6712],[-104.933041,39.671201],[-104.933038,39.670583],[-104.931724,39.670585],[-104.931727,39.671203],[-104.93162,39.671203],[-104.931618,39.66749],[-104.931604,39.667577]],[[-104.933267,39.67846],[-104.927635,39.678472],[-104.927635,39.678475],[-104.931626,39.678471],[-104.933267,39.67846]],[[-104.933851,39.678304],[-104.933803,39.678244],[-104.93333,39.677722],[-104.933328,39.677724],[-104.933851,39.678304]],[[-104.936215,39.680863],[-104.936583,39.681143],[-104.936585,39.681141],[-104.93607,39.680727],[-104.936215,39.680863]],[[-104.940559,39.68933],[-104.940567,39.69147],[-104.94057,39.69147],[-104.940565,39.688525],[-104.940559,39.68933]],[[-104.940566,39.687501],[-104.940569,39.687634],[-104.940584,39.686795],[-104.940581,39.686795],[-104.940566,39.687501]],[[-104.940697,39.68297],[-104.940662,39.682961],[-104.940661,39.682964],[-104.940717,39.682978],[-104.940697,39.68297]],[[-104.944636,39.702047],[-104.944638,39.702045],[-104.944555,39.701884],[-104.944593,39.701966],[-104.944636,39.702047]],[[-104.947471,39.684504],[-104.947868,39.684567],[-104.94848,39.684629],[-104.94848,39.684627],[-104.947471,39.684504]],[[-104.95059,39.684733],[-104.950101,39.684719],[-104.950101,39.684722],[-104.950481,39.684733],[-104.95059,39.684733]],[[-104.959404,39.669416],[-104.959389,39.66797],[-104.95939,39.678521],[-104.959393,39.678521],[-104.959404,39.669416]],[[-104.959446,39.663756],[-104.959443,39.663691],[-104.959432,39.664479],[-104.959435,39.664479],[-104.959446,39.663756]],[[-104.968737,39.687505],[-104.968737,39.687513],[-104.971409,39.688823],[-104.97141,39.688821],[-104.968737,39.687505]],[[-104.9734,39.713658],[-104.973403,39.711117],[-104.973391,39.709016],[-104.973388,39.709016],[-104.9734,39.713658]],[[-104.973461,39.673119],[-104.973462,39.673753],[-104.973476,39.671244],[-104.973473,39.671244],[-104.973461,39.673119]],[[-104.975734,39.69107],[-104.975587,39.690983],[-104.976093,39.691335],[-104.976095,39.691333],[-104.975734,39.69107]],[[-104.980055,39.711124],[-104.980055,39.711121],[-104.978872,39.711116],[-104.978872,39.711119],[-104.980055,39.711124]],[[-104.931738,39.698431],[-104.934081,39.698408],[-104.934066,39.700176],[-104.93173,39.700178],[-104.931738,39.698431]],[[-105.076126,39.624232],[-105.074527,39.624234],[-105.076283,39.625102],[-105.080242,39.629468],[-105.080962,39.631334],[-105.081575,39.631308],[-105.081574,39.631335],[-105.083722,39.631334],[-105.083743,39.630236],[-105.081701,39.630237],[-105.081757,39.627325],[-105.083823,39.627325],[-105.083799,39.628534],[-105.08559,39.628534],[-105.085636,39.626114],[-105.087401,39.626053],[-105.087394,39.627097],[-105.091174,39.627088],[-105.091196,39.624208],[-105.107547,39.624214],[-105.107527,39.627097],[-105.109977,39.627091],[-105.109924,39.635078],[-105.091126,39.635091],[-105.091112,39.638709],[-105.081431,39.638717],[-105.08148,39.636244],[-105.08129,39.63617],[-105.080867,39.636148],[-105.080316,39.636212],[-105.079977,39.636639],[-105.079492,39.636733],[-105.079056,39.636712],[-105.077667,39.636448],[-105.077256,39.636404],[-105.076659,39.636419],[-105.075822,39.636516],[-105.075257,39.636503],[-105.074911,39.636614],[-105.074809,39.636679],[-105.074773,39.636653],[-105.074182,39.636774],[-105.073762,39.63662],[-105.073275,39.636555],[-105.073207,39.638709],[-105.073215,39.638654],[-105.076919,39.638645],[-105.076912,39.639114],[-105.076877,39.639442],[-105.076769,39.63976],[-105.076046,39.641116],[-105.07598,39.641345],[-105.075933,39.641906],[-105.07586,39.642114],[-105.074473,39.644258],[-105.074263,39.644472],[-105.074009,39.644654],[-105.072589,39.645294],[-105.072401,39.645404],[-105.072256,39.645548],[-105.072188,39.645658],[-105.072134,39.645836],[-105.07213,39.645998],[-105.063246,39.646007],[-105.063205,39.649634],[-105.06262,39.649634],[-105.062615,39.649685],[-105.057097,39.649692],[-105.057079,39.651238],[-105.05564,39.651233],[-105.055641,39.651171],[-105.05356,39.651164],[-105.053738,39.651394],[-105.053722,39.651363],[-105.054185,39.651505],[-105.054474,39.651534],[-105.05477,39.651626],[-105.055023,39.651773],[-105.05522,39.651966],[-105.057072,39.651979],[-105.057068,39.652855],[-105.05807,39.652854],[-105.058051,39.651466],[-105.058227,39.651466],[-105.058234,39.651258],[-105.061991,39.651238],[-105.06199,39.651497],[-105.062595,39.651502],[-105.062609,39.65029],[-105.063894,39.650298],[-105.063906,39.649633],[-105.070826,39.649623],[-105.070831,39.650016],[-105.069916,39.650008],[-105.069701,39.650474],[-105.069163,39.651174],[-105.069127,39.651313],[-105.068198,39.652206],[-105.06805,39.652206],[-105.06805,39.652502],[-105.067524,39.652505],[-105.067529,39.653253],[-105.067264,39.653253],[-105.067278,39.656885],[-105.070166,39.656881],[-105.070168,39.657449],[-105.070068,39.659094],[-105.071981,39.659611],[-105.071983,39.66003],[-105.076682,39.65934],[-105.076684,39.659915],[-105.078275,39.660709],[-105.078926,39.661541],[-105.079226,39.661999],[-105.081388,39.661996],[-105.081409,39.670161],[-105.080979,39.670021],[-105.080535,39.669911],[-105.079912,39.669809],[-105.079276,39.669765],[-105.079276,39.669352],[-105.078389,39.669356],[-105.076716,39.669089],[-105.07672,39.669426],[-105.076033,39.669324],[-105.075919,39.67],[-105.075298,39.67005],[-105.074945,39.670476],[-105.074501,39.670224],[-105.072992,39.669781],[-105.072722,39.669801],[-105.072536,39.669415],[-105.07201,39.66935],[-105.072001,39.667786],[-105.053266,39.667793],[-105.053272,39.672265],[-105.053243,39.672265],[-105.053243,39.675045],[-105.062618,39.675015],[-105.062632,39.679301],[-105.061407,39.678244],[-105.060998,39.678023],[-105.060336,39.677935],[-105.059341,39.678314],[-105.057793,39.678689],[-105.05782,39.682277],[-105.053231,39.682302],[-105.05326,39.711352],[-105.05329,39.718439],[-105.053264,39.725809]],[[-105.053264,39.725809],[-105.048755,39.725823]],[[-105.048755,39.725823],[-105.047422,39.725748]],[[-105.047422,39.725748],[-105.046277,39.725737]],[[-105.046277,39.725737],[-105.046278,39.725811]],[[-105.046278,39.725811],[-105.039464,39.725797],[-105.035128,39.725769]],[[-105.035128,39.725769],[-105.033859,39.725855]],[[-105.033859,39.725855],[-105.032984,39.725703]],[[-105.032984,39.725703],[-105.032988,39.725657]],[[-105.032988,39.725657],[-105.031708,39.725586]],[[-105.031708,39.725586],[-105.025147,39.725551]],[[-105.025147,39.725551],[-105.025146,39.725435],[-105.022931,39.725423]],[[-105.022931,39.725423],[-105.021427,39.72535]],[[-105.021427,39.72535],[-105.019093,39.725196]],[[-105.019093,39.725196],[-105.018679,39.725194]],[[-105.018679,39.725194],[-105.018683,39.725328]],[[-105.018683,39.725328],[-105.017644,39.725378]],[[-105.017644,39.725378],[-105.015779,39.725511]],[[-105.015779,39.725511],[-105.015846,39.724916],[-105.015846,39.724837]],[[-105.015846,39.724837],[-105.015846,39.724705]],[[-105.015846,39.724705],[-105.015846,39.724667],[-105.015802,39.724564]],[[-105.015802,39.724564],[-105.015702,39.724425]],[[-105.015702,39.724425],[-105.015677,39.724392],[-105.015628,39.724337]],[[-105.015628,39.724337],[-105.015477,39.724168]],[[-105.015477,39.724168],[-105.015402,39.724085],[-105.015309,39.724014]],[[-105.015309,39.724014],[-105.014517,39.723571]],[[-105.014517,39.723571],[-105.014059,39.723271]],[[-105.014059,39.723271],[-105.01303,39.722674]],[[-105.01303,39.722674],[-105.012821,39.722507]],[[-105.012821,39.722507],[-105.01271,39.722447]],[[-105.01271,39.722447],[-105.012067,39.722244]],[[-105.012067,39.722244],[-105.010214,39.721807]],[[-105.010214,39.721807],[-105.009963,39.721703]],[[-105.009963,39.721703],[-105.009643,39.721512]],[[-105.009643,39.721512],[-105.009227,39.721192]],[[-105.009227,39.721192],[-105.008785,39.72077]],[[-105.008785,39.72077],[-105.00713,39.719113]],[[-105.00713,39.719113],[-105.006686,39.718587]],[[-105.006686,39.718587],[-105.006406,39.718375]],[[-105.006406,39.718375],[-105.005506,39.717785]],[[-105.005506,39.717785],[-105.003379,39.716509]],[[-105.003379,39.716509],[-105.002651,39.71589]],[[-105.002651,39.71589],[-105.002558,39.715812],[-105.002521,39.715766]],[[-105.002521,39.715766],[-105.002052,39.715184]],[[-105.002052,39.715184],[-105.001835,39.714852]],[[-105.001835,39.714852],[-105.001559,39.714132],[-105.001764,39.714696]],[[-105.001764,39.714696],[-105.000867,39.714801]],[[-105.000867,39.714801],[-104.993995,39.714823]],[[-104.993995,39.714823],[-104.993999,39.715706]],[[-104.993999,39.715706],[-104.987524,39.715682]],[[-104.987524,39.715682],[-104.987521,39.715682]],[[-104.987521,39.715682],[-104.987633,39.707544]],[[-104.987441,39.696642],[-104.987579,39.682157]],[[-104.987582,39.667691],[-104.997015,39.667669],[-105.000196,39.667682],[-105.002677,39.666904],[-105.002991,39.666783],[-105.003408,39.666558],[-105.003596,39.666425],[-105.003799,39.66621],[-105.003896,39.665999],[-105.00392,39.665775],[-105.004879,39.663681],[-105.005062,39.663682],[-105.004945,39.661505],[-105.004889,39.661249],[-105.004803,39.660998],[-105.00457,39.660549],[-105.010901,39.660578],[-105.008185,39.664102],[-105.008114,39.664101],[-105.007665,39.66474],[-105.007327,39.665347],[-105.007153,39.665733],[-105.00637,39.667709],[-105.006366,39.676745],[-105.008706,39.676759],[-105.008707,39.678627],[-105.015715,39.678686],[-105.015699,39.675023],[-105.015724,39.667756],[-105.015835,39.660514],[-105.022812,39.660505],[-105.022844,39.656811],[-105.025359,39.65681],[-105.025361,39.656864],[-105.032667,39.656883],[-105.032377,39.656666],[-105.032144,39.65637],[-105.032172,39.653284],[-105.034625,39.653284],[-105.03466,39.645926],[-105.034651,39.645886],[-105.03437,39.645886],[-105.034371,39.645638],[-105.034427,39.645579],[-105.034446,39.643806],[-105.032761,39.643795],[-105.032795,39.642855],[-105.02999,39.642827],[-105.029989,39.642253],[-105.029891,39.642251],[-105.029915,39.640094],[-105.030017,39.640094],[-105.030047,39.638635],[-105.034711,39.638629],[-105.034778,39.632578],[-105.034758,39.633176],[-105.030069,39.633167],[-105.030068,39.632951],[-105.029749,39.632629],[-105.029682,39.632481],[-105.029667,39.632376],[-105.029077,39.632354],[-105.028937,39.632328],[-105.027265,39.631655],[-105.026922,39.63155],[-105.0264,39.631484],[-105.025411,39.631481],[-105.025435,39.628534],[-105.026378,39.628508],[-105.026926,39.628448],[-105.027464,39.628351],[-105.027991,39.628217],[-105.028887,39.627909],[-105.029323,39.6278],[-105.031106,39.627809],[-105.032947,39.628129],[-105.033502,39.628199],[-105.034804,39.628204],[-105.034807,39.627813],[-105.035919,39.627817],[-105.036163,39.627851],[-105.036397,39.627918],[-105.036815,39.628138],[-105.037386,39.627471],[-105.038018,39.626843],[-105.039571,39.627849],[-105.040037,39.628048],[-105.040155,39.627867],[-105.040268,39.627749],[-105.040645,39.628001],[-105.040921,39.627755],[-105.04134,39.628018],[-105.04172,39.627673],[-105.042302,39.628053],[-105.042785,39.627585],[-105.043296,39.627819],[-105.04357,39.627909],[-105.044163,39.628036],[-105.044137,39.631465],[-105.053316,39.631512],[-105.053245,39.638778],[-105.058817,39.638767],[-105.05876,39.638976],[-105.059295,39.638768],[-105.059567,39.638705],[-105.059785,39.638685],[-105.059068,39.638683],[-105.05985,39.634698],[-105.057071,39.631506],[-105.053444,39.629305],[-105.053459,39.627712],[-105.05579,39.626005],[-105.055819,39.624258],[-105.053494,39.624261],[-105.053527,39.620874],[-105.05434,39.620829],[-105.055359,39.621061],[-105.056283,39.621111],[-105.057254,39.62092],[-105.057396,39.620499],[-105.056499,39.619925],[-105.057128,39.619377],[-105.057097,39.61939],[-105.05817,39.617382],[-105.058108,39.614416],[-105.09702,39.614318],[-105.09704,39.618437],[-105.065084,39.618525],[-105.065101,39.620052],[-105.065672,39.620607],[-105.073656,39.623285],[-105.076126,39.624232]],[[-104.997404,39.673037],[-104.997407,39.673037],[-104.997448,39.672617],[-104.997438,39.67265],[-104.997404,39.673037]],[[-104.99799,39.678457],[-104.997941,39.678083],[-104.997917,39.677958],[-104.997914,39.677958],[-104.99799,39.678457]],[[-104.998398,39.690524],[-104.998442,39.690494],[-104.997941,39.690729],[-104.997943,39.690731],[-104.998398,39.690524]],[[-104.997996,39.678479],[-104.997992,39.678479],[-104.998001,39.678538],[-104.998004,39.678537],[-104.997996,39.678479]],[[-104.99846,39.679884],[-104.998546,39.680026],[-104.998548,39.680025],[-104.99842,39.679786],[-104.99846,39.679884]],[[-104.998581,39.690409],[-104.9987,39.690339],[-104.999375,39.689832],[-104.999373,39.68983],[-104.998581,39.690409]],[[-104.998988,39.668865],[-104.999123,39.668748],[-104.999122,39.668746],[-104.999039,39.668809],[-104.998988,39.668865]],[[-104.999265,39.668638],[-104.999267,39.66864],[-104.999372,39.668567],[-104.99937,39.668564],[-104.999265,39.668638]],[[-104.999556,39.689664],[-104.999561,39.689653],[-104.999559,39.689652],[-104.999548,39.68967],[-104.999556,39.689664]],[[-104.999688,39.689373],[-104.999747,39.689186],[-104.999744,39.689185],[-104.999669,39.689409],[-104.999688,39.689373]],[[-105.000062,39.688221],[-105.000069,39.688179],[-104.99993,39.688537],[-104.999933,39.688538],[-105.000062,39.688221]],[[-105.000101,39.688028],[-105.000109,39.687888],[-105.000106,39.687888],[-105.000094,39.688051],[-105.000101,39.688028]],[[-105.000119,39.711155],[-105.000116,39.711156],[-105.00019,39.711278],[-105.000193,39.711277],[-105.000119,39.711155]],[[-105.000872,39.681361],[-105.00087,39.681363],[-105.000987,39.681461],[-105.000951,39.681422],[-105.000872,39.681361]],[[-105.001115,39.6816],[-105.001114,39.681601],[-105.001161,39.681662],[-105.001149,39.681637],[-105.001115,39.6816]],[[-105.001407,39.682225],[-105.001405,39.682179],[-105.001381,39.682127],[-105.001379,39.682128],[-105.001407,39.682225]],[[-105.001442,39.682632],[-105.001432,39.682504],[-105.001429,39.682504],[-105.001435,39.68272],[-105.001442,39.682632]],[[-105.015703,39.682347],[-105.021605,39.682304],[-105.021605,39.682301],[-105.015413,39.68234],[-105.015703,39.682347]],[[-105.025077,39.674188],[-105.025058,39.676255],[-105.025061,39.676255],[-105.025076,39.67514],[-105.025077,39.674188]],[[-105.025082,39.669831],[-105.025072,39.671795],[-105.025077,39.672012],[-105.025079,39.672012],[-105.025082,39.669831]],[[-105.034787,39.657739],[-105.034736,39.657708],[-105.033648,39.657214],[-105.033647,39.657217],[-105.034787,39.657739]],[[-105.040087,39.696773],[-105.040087,39.69677],[-105.038625,39.696766],[-105.038625,39.696769],[-105.040087,39.696773]],[[-105.040693,39.667721],[-105.039519,39.667718],[-105.042297,39.667733],[-105.042297,39.66773],[-105.040693,39.667721]],[[-105.040078,39.718932],[-105.04008,39.718934],[-105.040287,39.718768],[-105.040249,39.71879],[-105.040078,39.718932]],[[-105.040385,39.718713],[-105.040459,39.718698],[-105.040459,39.718696],[-105.040405,39.718702],[-105.040385,39.718713]],[[-105.040667,39.718676],[-105.040638,39.71868],[-105.041273,39.718723],[-105.041273,39.718721],[-105.040667,39.718676]],[[-105.040692,39.676645],[-105.040733,39.676698],[-105.040808,39.676752],[-105.04081,39.67675],[-105.040692,39.676645]],[[-105.04091,39.676788],[-105.041041,39.676789],[-105.041041,39.676787],[-105.040837,39.676766],[-105.04091,39.676788]],[[-105.042878,39.661249],[-105.042875,39.661249],[-105.042874,39.662628],[-105.042881,39.66252],[-105.042878,39.661249]],[[-105.044873,39.696749],[-105.048408,39.696774],[-105.049972,39.696769],[-105.049972,39.696767],[-105.044873,39.696749]],[[-105.046056,39.70233],[-105.045895,39.702183],[-105.045893,39.702185],[-105.046056,39.702344],[-105.046056,39.70233]],[[-105.048511,39.71131],[-105.0479,39.711308],[-105.04963,39.711342],[-105.04963,39.711339],[-105.048511,39.71131]],[[-105.052997,39.649333],[-105.052994,39.649333],[-105.052994,39.649415],[-105.052996,39.649385],[-105.052997,39.649333]],[[-105.053237,39.657918],[-105.053231,39.657639],[-105.053246,39.661863],[-105.053249,39.661863],[-105.053237,39.657918]],[[-105.06059,39.65627],[-105.0601,39.656127],[-105.060099,39.65613],[-105.06092,39.65639],[-105.06059,39.65627]],[[-105.061265,39.656509],[-105.061073,39.656444],[-105.061622,39.656666],[-105.061623,39.656663],[-105.061265,39.656509]],[[-105.062344,39.657028],[-105.061917,39.656806],[-105.061915,39.656809],[-105.062457,39.6571],[-105.062344,39.657028]],[[-105.062567,39.652898],[-105.063563,39.652902],[-105.06357,39.651866],[-105.062573,39.651862],[-105.062567,39.652898]],[[-105.062949,39.657398],[-105.062793,39.657306],[-105.063327,39.657675],[-105.063329,39.657673],[-105.062949,39.657398]],[[-105.063892,39.615109],[-105.06389,39.615111],[-105.064073,39.615258],[-105.063992,39.615178],[-105.063892,39.615109]],[[-105.06398,39.653259],[-105.063993,39.653785],[-105.064921,39.653783],[-105.064919,39.653257],[-105.06398,39.653259]],[[-105.064229,39.61541],[-105.064654,39.615889],[-105.064656,39.615887],[-105.064278,39.615457],[-105.064229,39.61541]],[[-105.065053,39.659199],[-105.065084,39.659226],[-105.065149,39.659264],[-105.065151,39.659262],[-105.065053,39.659199]],[[-105.065399,39.659405],[-105.065439,39.65943],[-105.06561,39.659505],[-105.065611,39.659502],[-105.065399,39.659405]],[[-105.066018,39.616923],[-105.066069,39.616934],[-105.065926,39.616879],[-105.065925,39.616882],[-105.066018,39.616923]],[[-105.066693,39.659761],[-105.067024,39.659777],[-105.06848,39.659777],[-105.06848,39.659775],[-105.066693,39.659761]],[[-105.067215,39.617113],[-105.067361,39.617102],[-105.067361,39.617099],[-105.067128,39.617104],[-105.067215,39.617113]],[[-105.067911,39.617057],[-105.069611,39.616864],[-105.069611,39.616861],[-105.067734,39.617069],[-105.067911,39.617057]],[[-105.077874,39.63554],[-105.077896,39.635533],[-105.074922,39.635542],[-105.077607,39.635545],[-105.077874,39.63554]],[[-105.079543,39.633737],[-105.079469,39.633774],[-105.079416,39.633816],[-105.079418,39.633818],[-105.079543,39.633737]],[[-105.081498,39.63501],[-105.080884,39.635008],[-105.08088,39.635694],[-105.081493,39.635696],[-105.081498,39.63501]],[[-105.096298,39.63024],[-105.096295,39.630239],[-105.096186,39.630467],[-105.096226,39.630412],[-105.096298,39.63024]],[[-105.096326,39.628754],[-105.096313,39.62873],[-105.096337,39.628833],[-105.09634,39.628833],[-105.096326,39.628754]],[[-105.096354,39.629747],[-105.096359,39.629465],[-105.096352,39.62912],[-105.09635,39.62912],[-105.096354,39.629747]],[[-104.978781,39.727271],[-104.987425,39.727284]],[[-104.987425,39.727284],[-104.987416,39.728886]],[[-104.987416,39.728886],[-104.987414,39.729081]],[[-104.987414,39.729081],[-104.987413,39.732053],[-104.987425,39.733865]],[[-104.987425,39.733865],[-104.987404,39.736858]],[[-104.987404,39.736858],[-104.987423,39.73844]],[[-104.987423,39.73844],[-104.987399,39.740115]],[[-104.987399,39.740115],[-104.987427,39.742217]],[[-104.987427,39.742217],[-104.987386,39.743366]],[[-104.987386,39.743366],[-104.98743,39.744842]],[[-104.98743,39.744842],[-104.98741,39.747366],[-104.987394,39.751589]],[[-104.987394,39.751589],[-104.987424,39.752791]],[[-104.987424,39.752791],[-104.987387,39.754429]],[[-104.987387,39.754429],[-104.987236,39.754378],[-104.987216,39.754362]],[[-104.987216,39.754362],[-104.987177,39.754334]],[[-104.987177,39.754334],[-104.986371,39.753733],[-104.985309,39.75292]],[[-104.985309,39.75292],[-104.982897,39.751076]],[[-104.982897,39.751076],[-104.982024,39.750368]],[[-104.982024,39.750368],[-104.981103,39.749719]],[[-104.981103,39.749719],[-104.979491,39.748426]],[[-104.979491,39.748426],[-104.978188,39.747509]],[[-104.978188,39.747509],[-104.977554,39.746972]],[[-104.977554,39.746972],[-104.976497,39.746188]],[[-104.976497,39.746188],[-104.974787,39.744843]],[[-104.974787,39.744843],[-104.973393,39.743788],[-104.97342,39.740211]],[[-104.97342,39.740211],[-104.973358,39.740089]],[[-104.973358,39.740089],[-104.973104,39.740045]],[[-104.973104,39.740045],[-104.959792,39.739997]],[[-104.959792,39.739997],[-104.959479,39.740016]],[[-104.959479,39.740016],[-104.958453,39.74017]],[[-104.958453,39.74017],[-104.957903,39.740215]],[[-104.957903,39.740215],[-104.950661,39.740173],[-104.942406,39.740144]],[[-104.942406,39.740144],[-104.940754,39.740138]],[[-104.940754,39.740138],[-104.940754,39.74195]],[[-104.940754,39.74195],[-104.940806,39.743763],[-104.940663,39.743761]],[[-104.940663,39.743761],[-104.94065,39.746134]],[[-104.94065,39.746134],[-104.940603,39.747399]],[[-104.940603,39.747399],[-104.94059,39.751045]],[[-104.94059,39.751045],[-104.931711,39.751064],[-104.930889,39.751065]],[[-104.930889,39.751065],[-104.924907,39.751075]],[[-104.924907,39.751075],[-104.922293,39.751079],[-104.912859,39.751089]],[[-104.912859,39.751089],[-104.912142,39.751017]],[[-104.912142,39.751017],[-104.903438,39.751025],[-104.903438,39.751025]],[[-104.903438,39.751025],[-104.898727,39.751025]],[[-104.898727,39.751025],[-104.898759,39.747451]],[[-104.898759,39.747451],[-104.885876,39.747475]],[[-104.885876,39.747475],[-104.885052,39.747475]],[[-104.885052,39.747475],[-104.884674,39.747476],[-104.884674,39.747474]],[[-104.884674,39.747474],[-104.884659,39.740165],[-104.884723,39.730575],[-104.884982,39.730217],[-104.885324,39.729903],[-104.886531,39.729157],[-104.88504,39.728149],[-104.884781,39.727946],[-104.881995,39.725071],[-104.881495,39.725337],[-104.880976,39.725532],[-104.880755,39.725594],[-104.875343,39.725584],[-104.875354,39.719235],[-104.875237,39.719235],[-104.875219,39.719077],[-104.875166,39.718923],[-104.875024,39.718712],[-104.874891,39.71859],[-104.874959,39.71851],[-104.87489,39.718461],[-104.874588,39.718337],[-104.874481,39.718264],[-104.874226,39.718227],[-104.872907,39.718195],[-104.870654,39.718213],[-104.870675,39.709943],[-104.865984,39.711061],[-104.865979,39.703912],[-104.867026,39.703579],[-104.868285,39.703269],[-104.868485,39.703193],[-104.868602,39.703121],[-104.868741,39.702987],[-104.868808,39.702884],[-104.869346,39.701509],[-104.869551,39.701213],[-104.869745,39.701037],[-104.870102,39.700829],[-104.870374,39.700733],[-104.870664,39.700675],[-104.87066,39.698371],[-104.868215,39.698373],[-104.868218,39.700188],[-104.86716,39.700187],[-104.867157,39.699283],[-104.865975,39.699286],[-104.865973,39.696567],[-104.87532,39.696564],[-104.875341,39.698446],[-104.877733,39.698454],[-104.877742,39.696567],[-104.894105,39.696602],[-104.894103,39.695897],[-104.894777,39.6959],[-104.894781,39.696604],[-104.896834,39.696611],[-104.89704,39.696527],[-104.897342,39.696287],[-104.897911,39.69608],[-104.899168,39.695374],[-104.899577,39.695809],[-104.899652,39.695768],[-104.90039,39.696559],[-104.899759,39.697163],[-104.903532,39.698535],[-104.903519,39.698527],[-104.903518,39.696635],[-104.900114,39.692964],[-104.90352,39.692997],[-104.903522,39.689361]],[[-104.903497,39.685928],[-104.903513,39.685488]],[[-104.903721,39.685552],[-104.903865,39.685656],[-104.903865,39.685656]],[[-104.903865,39.685656],[-104.904066,39.685726],[-104.90418,39.68583]],[[-104.909455,39.688751],[-104.909523,39.688802],[-104.909606,39.68895]],[[-104.909606,39.68895],[-104.90964,39.689137],[-104.909693,39.689252]],[[-104.922094,39.696259],[-104.922262,39.69591]],[[-104.924164,39.696749],[-104.927281,39.696739],[-104.927499,39.69673]],[[-104.928223,39.696643],[-104.928219,39.698432],[-104.928806,39.698427],[-104.92879,39.700235],[-104.93173,39.700221],[-104.93173,39.700326],[-104.932893,39.700312],[-104.932893,39.701329],[-104.934063,39.70132],[-104.934055,39.703767],[-104.933302,39.703779],[-104.932867,39.703623],[-104.932893,39.702056],[-104.931722,39.702065],[-104.931715,39.703866],[-104.927002,39.703866],[-104.926996,39.706708],[-104.928293,39.706698],[-104.928297,39.706794],[-104.929128,39.706795],[-104.92913,39.706419],[-104.929547,39.706421],[-104.929556,39.708519],[-104.926992,39.708061],[-104.926993,39.708121],[-104.929557,39.708589],[-104.930812,39.70887],[-104.931693,39.709135],[-104.931684,39.711103],[-104.940696,39.711084],[-104.940668,39.711416]],[[-104.940668,39.711416],[-104.940667,39.71143]],[[-104.94257,39.711506],[-104.946193,39.711503],[-104.946497,39.711516]],[[-104.946896,39.711354],[-104.948021,39.711617]],[[-104.948021,39.711617],[-104.948058,39.711626],[-104.948265,39.711724]],[[-104.950727,39.713683],[-104.950928,39.713874]],[[-104.950928,39.713874],[-104.951504,39.714422]],[[-104.951504,39.714422],[-104.951545,39.714462],[-104.951592,39.714489]],[[-104.951592,39.714489],[-104.951694,39.714547]],[[-104.952512,39.714775],[-104.952823,39.714956],[-104.953176,39.715127]],[[-104.953176,39.715127],[-104.953532,39.7153]],[[-104.953532,39.7153],[-104.953707,39.715385],[-104.953764,39.715401]],[[-104.953764,39.715401],[-104.953814,39.715415]],[[-104.953814,39.715415],[-104.953856,39.715427],[-104.954256,39.715469]],[[-104.956623,39.715877],[-104.957271,39.715873]],[[-104.957271,39.715873],[-104.957419,39.715873],[-104.957903,39.71582]],[[-104.957903,39.71582],[-104.959319,39.715665]],[[-104.964054,39.714617],[-104.964526,39.714344],[-104.964576,39.714325]],[[-104.964576,39.714325],[-104.964711,39.714275]],[[-104.964711,39.714275],[-104.964849,39.714225],[-104.964946,39.714205]],[[-104.964946,39.714205],[-104.96513,39.714167]],[[-104.96513,39.714167],[-104.96526,39.71414],[-104.965278,39.714144]],[[-104.965278,39.714144],[-104.965553,39.714211]],[[-104.965885,39.714242],[-104.966066,39.714298],[-104.966137,39.714333]],[[-104.966137,39.714333],[-104.96618,39.714354]],[[-104.96618,39.714354],[-104.966253,39.714391],[-104.966685,39.714693]],[[-104.968207,39.715745],[-104.968839,39.716453]],[[-104.968839,39.716453],[-104.968852,39.716468],[-104.968954,39.716534]],[[-104.968954,39.716534],[-104.969155,39.716665],[-104.969193,39.716702]],[[-104.969193,39.716702],[-104.969529,39.717033]],[[-104.969529,39.717033],[-104.969767,39.717268]],[[-104.969767,39.717268],[-104.969801,39.717302],[-104.969842,39.717329]],[[-104.969842,39.717329],[-104.970146,39.717537]],[[-104.971336,39.71797],[-104.973258,39.718412],[-104.973258,39.718412]],[[-104.973258,39.718412],[-104.975105,39.718838]],[[-104.980314,39.721494],[-104.979936,39.721615]],[[-104.979936,39.721615],[-104.979944,39.724111]],[[-104.979944,39.724111],[-104.978766,39.724107]],[[-104.978766,39.724107],[-104.978781,39.727271]],[[-104.877675,39.708369],[-104.875383,39.708906],[-104.872161,39.709681],[-104.872161,39.709684],[-104.877675,39.708369]],[[-104.875385,39.708195],[-104.875362,39.705489],[-104.875359,39.705489],[-104.875381,39.708606],[-104.875385,39.708195]],[[-104.878051,39.701406],[-104.877981,39.701421],[-104.87718,39.701713],[-104.877181,39.701716],[-104.878051,39.701406]],[[-104.878249,39.701353],[-104.87819,39.70137],[-104.878415,39.701344],[-104.878414,39.701341],[-104.878249,39.701353]],[[-104.878437,39.706351],[-104.878537,39.706335],[-104.878537,39.706333],[-104.878467,39.706339],[-104.878437,39.706351]],[[-104.878743,39.701369],[-104.878711,39.701357],[-104.878554,39.701344],[-104.878553,39.701346],[-104.878743,39.701369]],[[-104.878701,39.706319],[-104.878911,39.706351],[-104.878912,39.706348],[-104.878746,39.706315],[-104.878701,39.706319]],[[-104.879913,39.706741],[-104.880142,39.706789],[-104.880199,39.706788],[-104.880199,39.706787],[-104.879913,39.706741]],[[-104.880308,39.706785],[-104.880355,39.706787],[-104.880395,39.706777],[-104.880395,39.706775],[-104.880308,39.706785]],[[-104.882949,39.703746],[-104.882899,39.703704],[-104.882709,39.70361],[-104.882707,39.703612],[-104.882949,39.703746]],[[-104.882813,39.706206],[-104.882898,39.706189],[-104.882936,39.70617],[-104.882935,39.706168],[-104.882813,39.706206]],[[-104.883016,39.706128],[-104.883053,39.706112],[-104.883137,39.706041],[-104.883135,39.706039],[-104.883016,39.706128]],[[-104.883069,39.703851],[-104.88306,39.703836],[-104.883047,39.703825],[-104.883046,39.703827],[-104.883069,39.703851]],[[-104.883251,39.705881],[-104.883257,39.705854],[-104.883194,39.705968],[-104.883197,39.70597],[-104.883251,39.705881]],[[-104.88328,39.705761],[-104.883285,39.705746],[-104.883282,39.705376],[-104.883279,39.705376],[-104.88328,39.705761]],[[-104.883623,39.706964],[-104.883458,39.707003],[-104.883458,39.707005],[-104.88371,39.706958],[-104.883623,39.706964]],[[-104.88412,39.70692],[-104.883993,39.706934],[-104.884355,39.706925],[-104.884355,39.706922],[-104.88412,39.70692]],[[-104.884097,39.723938],[-104.884118,39.723923],[-104.884048,39.723945],[-104.884049,39.723947],[-104.884097,39.723938]],[[-104.88418,39.723883],[-104.884229,39.72381],[-104.884227,39.723808],[-104.884151,39.723901],[-104.88418,39.723883]],[[-104.886047,39.702862],[-104.886014,39.702846],[-104.884985,39.70267],[-104.884984,39.702673],[-104.886047,39.702862]],[[-104.885832,39.707227],[-104.885714,39.707186],[-104.885713,39.707188],[-104.885897,39.707263],[-104.885832,39.707227]],[[-104.886251,39.707443],[-104.886229,39.707434],[-104.886282,39.707465],[-104.886283,39.707463],[-104.886251,39.707443]],[[-104.89224,39.701959],[-104.892277,39.701887],[-104.892111,39.702121],[-104.892113,39.702123],[-104.89224,39.701959]],[[-104.89643,39.740166],[-104.900286,39.740156],[-104.892156,39.740162],[-104.892156,39.740165],[-104.89643,39.740166]],[[-104.895412,39.717359],[-104.895481,39.717353],[-104.895481,39.717351],[-104.895442,39.717348],[-104.895412,39.717359]],[[-104.895576,39.717359],[-104.895726,39.717401],[-104.895727,39.717398],[-104.895611,39.717362],[-104.895576,39.717359]],[[-104.896016,39.717047],[-104.895973,39.717019],[-104.895972,39.717021],[-104.89603,39.717068],[-104.896016,39.717047]],[[-104.89608,39.71714],[-104.896065,39.717118],[-104.896079,39.717168],[-104.89608,39.717168],[-104.89608,39.71714]],[[-104.903547,39.722007],[-104.903545,39.7218],[-104.903543,39.722238],[-104.903546,39.722238],[-104.903547,39.722007]],[[-104.9129,39.699525],[-104.912896,39.700254],[-104.912899,39.701337],[-104.912902,39.701337],[-104.9129,39.699525]],[[-104.913726,39.711212],[-104.914136,39.711216],[-104.914878,39.711202],[-104.914878,39.711199],[-104.913726,39.711212]],[[-104.921648,39.697391],[-104.921645,39.697399],[-104.921645,39.697454],[-104.921648,39.697454],[-104.921648,39.697391]],[[-104.921747,39.696993],[-104.921721,39.697049],[-104.921699,39.697152],[-104.921701,39.697153],[-104.921747,39.696993]],[[-104.922015,39.696425],[-104.921902,39.696632],[-104.921801,39.696866],[-104.921803,39.696867],[-104.922015,39.696425]],[[-104.923174,39.707478],[-104.923175,39.707475],[-104.923024,39.707447],[-104.923024,39.70745],[-104.923174,39.707478]],[[-104.924819,39.70773],[-104.924789,39.707722],[-104.924706,39.70771],[-104.924705,39.707713],[-104.924819,39.70773]],[[-104.928055,39.731633],[-104.928125,39.731668],[-104.928935,39.73198],[-104.928936,39.731977],[-104.928055,39.731633]],[[-104.928309,39.701282],[-104.928653,39.701621],[-104.929192,39.702051],[-104.929321,39.702045],[-104.929323,39.70128],[-104.928309,39.701282]],[[-104.931854,39.733108],[-104.932153,39.733228],[-104.932378,39.733302],[-104.932379,39.733299],[-104.931854,39.733108]],[[-104.932893,39.733433],[-104.933271,39.733501],[-104.933272,39.733498],[-104.932556,39.733349],[-104.932893,39.733433]],[[-104.936683,39.733934],[-104.936585,39.733913],[-104.933926,39.733586],[-104.933925,39.733589],[-104.936683,39.733934]],[[-104.937311,39.734052],[-104.937102,39.734014],[-104.937692,39.734162],[-104.937692,39.734159],[-104.937311,39.734052]],[[-104.940638,39.719016],[-104.940651,39.71769],[-104.940631,39.715327],[-104.940628,39.715327],[-104.940638,39.719016]],[[-104.940666,39.711478],[-104.940655,39.711573],[-104.940635,39.713658],[-104.940638,39.713658],[-104.940666,39.711478]],[[-104.94954,39.713696],[-104.949538,39.713698],[-104.949624,39.713807],[-104.949602,39.713764],[-104.94954,39.713696]],[[-104.949686,39.713927],[-104.949725,39.714033],[-104.949727,39.714032],[-104.949701,39.713957],[-104.949686,39.713927]],[[-104.965201,39.736828],[-104.965201,39.736831],[-104.967602,39.736835],[-104.967602,39.736832],[-104.965201,39.736828]],[[-104.972949,39.727292],[-104.972936,39.726581],[-104.972943,39.728576],[-104.972946,39.728576],[-104.972949,39.727292]],[[-104.973,39.734325],[-104.97299,39.732058],[-104.972955,39.72973],[-104.972952,39.72973],[-104.973,39.734325]],[[-104.97308,39.740023],[-104.973042,39.73993],[-104.97304,39.739931],[-104.973068,39.740013],[-104.97308,39.740023]],[[-104.975877,39.736875],[-104.973668,39.736885],[-104.980843,39.736893],[-104.980843,39.73689],[-104.975877,39.736875]],[[-104.984433,39.74756],[-104.981421,39.74755],[-104.981421,39.747553],[-104.983947,39.747567],[-104.984433,39.74756]],[[-104.982301,39.734495],[-104.982312,39.736895],[-104.982328,39.738803],[-104.98231,39.735162],[-104.982301,39.734495]],[[-104.985101,39.747556],[-104.985054,39.747556],[-104.985053,39.747558],[-104.985144,39.747563],[-104.985101,39.747556]],[[-104.973353,39.768172],[-104.973357,39.769196]],[[-104.973357,39.769196],[-104.969734,39.771991]],[[-104.969734,39.771991],[-104.968486,39.772919]],[[-104.968486,39.772919],[-104.965947,39.772894]],[[-104.965947,39.772894],[-104.959411,39.772902]],[[-104.959411,39.772902],[-104.959666,39.772217]],[[-104.959666,39.772217],[-104.95974,39.771924]],[[-104.95974,39.771924],[-104.959756,39.768163],[-104.959763,39.762]],[[-104.959763,39.762],[-104.954773,39.761995],[-104.951843,39.761969]],[[-104.951843,39.761969],[-104.948933,39.761944],[-104.945037,39.761938]],[[-104.945037,39.761938],[-104.944572,39.7619]],[[-104.944572,39.7619],[-104.943735,39.761763]],[[-104.943735,39.761763],[-104.943298,39.761725]],[[-104.943298,39.761725],[-104.942921,39.761723]],[[-104.942921,39.761723],[-104.942466,39.761756]],[[-104.942466,39.761756],[-104.941359,39.761909]],[[-104.941359,39.761909],[-104.940668,39.761957],[-104.940669,39.764482]],[[-104.940669,39.764482],[-104.940635,39.765801]],[[-104.940635,39.765801],[-104.940617,39.769191]],[[-104.940617,39.769191],[-104.940627,39.772886],[-104.940627,39.772886]],[[-104.940627,39.772886],[-104.940495,39.772887]],[[-104.940495,39.772887],[-104.940487,39.773954]],[[-104.940487,39.773954],[-104.940553,39.777935]],[[-104.940553,39.777935],[-104.940505,39.780644],[-104.940447,39.781991]],[[-104.940447,39.781991],[-104.94042,39.785533]],[[-104.94042,39.785533],[-104.940347,39.788802],[-104.940334,39.789112]],[[-104.940334,39.789112],[-104.940184,39.78991]],[[-104.940184,39.78991],[-104.939898,39.790984]],[[-104.939898,39.790984],[-104.92696,39.791047],[-104.926991,39.783784],[-104.912884,39.783828],[-104.903521,39.78383],[-104.903565,39.798402],[-104.901429,39.7984],[-104.901427,39.800212],[-104.899078,39.800211],[-104.89908,39.798399],[-104.88446,39.798391],[-104.884415,39.812823],[-104.866271,39.812854],[-104.866223,39.798419],[-104.847203,39.798355],[-104.828064,39.798203],[-104.8097,39.798314],[-104.79083,39.798312],[-104.790976,39.812869],[-104.790904,39.820113],[-104.790676,39.827271],[-104.790835,39.841826],[-104.771977,39.841783],[-104.762325,39.84181],[-104.762286,39.845421],[-104.730948,39.845214],[-104.730371,39.896161],[-104.703287,39.895976],[-104.703159,39.906956],[-104.69211,39.906879],[-104.692023,39.914218],[-104.679547,39.914114],[-104.67965,39.907047],[-104.659186,39.906825],[-104.630915,39.906685],[-104.630915,39.899433],[-104.621532,39.899377],[-104.602669,39.899092],[-104.599548,39.899076],[-104.599777,39.88134],[-104.605121,39.881381],[-104.605227,39.873146],[-104.619121,39.873252],[-104.619528,39.841293],[-104.619809,39.82235],[-104.640355,39.822504],[-104.640351,39.822596],[-104.655369,39.822707],[-104.655487,39.8131],[-104.666166,39.813177],[-104.666048,39.822895],[-104.762503,39.82346],[-104.762661,39.812872],[-104.762695,39.798342],[-104.753273,39.798377],[-104.734382,39.798316],[-104.734524,39.785364],[-104.734588,39.774843],[-104.735234,39.774851],[-104.734581,39.774836],[-104.734606,39.769225],[-104.753404,39.769291],[-104.764583,39.769198],[-104.764558,39.771575],[-104.772194,39.771507],[-104.772167,39.776418],[-104.781571,39.776444],[-104.781587,39.772804],[-104.791505,39.772834],[-104.809893,39.77284],[-104.828173,39.772796],[-104.828183,39.769166],[-104.832879,39.769181],[-104.83288,39.766375],[-104.833601,39.766548],[-104.835583,39.766925],[-104.8376,39.767168],[-104.856414,39.768577],[-104.856348,39.758139],[-104.855492,39.757818],[-104.854983,39.75794],[-104.854838,39.757861],[-104.854324,39.758083],[-104.853458,39.757649],[-104.852981,39.757509],[-104.852029,39.75735],[-104.850788,39.756779],[-104.848229,39.756442],[-104.848023,39.755475],[-104.847749,39.755271],[-104.846879,39.755241],[-104.846874,39.754732],[-104.879945,39.754752],[-104.879951,39.74746],[-104.884674,39.747474]],[[-104.884674,39.747474],[-104.885052,39.747475]],[[-104.885052,39.747475],[-104.885184,39.747476],[-104.885876,39.747475]],[[-104.885876,39.747475],[-104.897571,39.747453],[-104.898759,39.747451]],[[-104.898727,39.751025],[-104.903438,39.751025],[-104.903438,39.751025]],[[-104.903438,39.751025],[-104.912142,39.751017]],[[-104.912859,39.751089],[-104.924907,39.751075]],[[-104.924907,39.751075],[-104.928171,39.751071],[-104.930889,39.751065]],[[-104.930889,39.751065],[-104.94059,39.751045]],[[-104.94059,39.751045],[-104.940593,39.751597],[-104.940603,39.747399]],[[-104.940663,39.743761],[-104.940806,39.743761],[-104.940754,39.74195]],[[-104.940754,39.740138],[-104.940754,39.740138],[-104.942406,39.740144]],[[-104.942406,39.740144],[-104.957903,39.740215]],[[-104.959792,39.739997],[-104.964776,39.740008],[-104.973104,39.740045]],[[-104.97342,39.740211],[-104.973405,39.743796],[-104.974787,39.744843]],[[-104.982897,39.751076],[-104.984622,39.752401]],[[-104.984622,39.752401],[-104.976157,39.758945]],[[-104.976157,39.758945],[-104.975295,39.758269]],[[-104.975295,39.758269],[-104.973841,39.759402]],[[-104.973841,39.759402],[-104.973707,39.75948]],[[-104.973707,39.75948],[-104.973533,39.759524]],[[-104.973533,39.759524],[-104.973335,39.759516]],[[-104.973335,39.759516],[-104.973361,39.76116]],[[-104.973361,39.76116],[-104.97335,39.762056],[-104.973329,39.765774]],[[-104.973329,39.765774],[-104.973362,39.766502]],[[-104.973362,39.766502],[-104.973353,39.768172]],[[-104.741518,39.78813],[-104.741533,39.78812],[-104.741532,39.788119],[-104.741502,39.788132],[-104.741518,39.78813]],[[-104.741582,39.788087],[-104.741612,39.78802],[-104.74161,39.788019],[-104.74156,39.788102],[-104.741582,39.788087]],[[-104.741626,39.787835],[-104.741628,39.787836],[-104.741652,39.787797],[-104.741638,39.787813],[-104.741626,39.787835]],[[-104.741718,39.787716],[-104.741823,39.787695],[-104.741822,39.787693],[-104.741728,39.787703],[-104.741718,39.787716]],[[-104.743131,39.788074],[-104.743424,39.788152],[-104.743547,39.788178],[-104.743548,39.788175],[-104.743131,39.788074]],[[-104.743136,39.797534],[-104.743149,39.797528],[-104.743268,39.797422],[-104.743266,39.79742],[-104.743136,39.797534]],[[-104.743501,39.797244],[-104.743625,39.797301],[-104.743708,39.797317],[-104.743708,39.797315],[-104.743501,39.797244]],[[-104.744644,39.79734],[-104.744654,39.797341],[-104.744665,39.797338],[-104.744664,39.797336],[-104.744644,39.79734]],[[-104.744757,39.797309],[-104.744788,39.797302],[-104.744808,39.797291],[-104.744807,39.797289],[-104.744757,39.797309]],[[-104.74492,39.797224],[-104.744934,39.797218],[-104.744942,39.79721],[-104.744941,39.797209],[-104.74492,39.797224]],[[-104.745072,39.797019],[-104.745096,39.796967],[-104.745098,39.796939],[-104.745096,39.796939],[-104.745072,39.797019]],[[-104.748307,39.77433],[-104.748737,39.7742],[-104.748736,39.774197],[-104.748396,39.774295],[-104.748307,39.77433]],[[-104.749293,39.781184],[-104.749253,39.781177],[-104.749218,39.781177],[-104.749218,39.78118],[-104.749293,39.781184]],[[-104.749994,39.774094],[-104.750163,39.774119],[-104.750164,39.774117],[-104.750052,39.774096],[-104.749994,39.774094]],[[-104.750174,39.781285],[-104.75012,39.78127],[-104.750016,39.781259],[-104.750016,39.781262],[-104.750174,39.781285]],[[-104.750487,39.774176],[-104.751002,39.774333],[-104.751003,39.77433],[-104.750583,39.774193],[-104.750487,39.774176]],[[-104.750808,39.781436],[-104.750732,39.781408],[-104.750562,39.78137],[-104.750562,39.781373],[-104.750808,39.781436]],[[-104.753311,39.775119],[-104.753314,39.775119],[-104.753317,39.773654],[-104.753314,39.773654],[-104.753311,39.775119]],[[-104.753646,39.776873],[-104.753519,39.776614],[-104.753517,39.776615],[-104.753625,39.776841],[-104.753646,39.776873]],[[-104.754027,39.777423],[-104.754029,39.777422],[-104.753796,39.777102],[-104.753877,39.777226],[-104.754027,39.777423]],[[-104.755433,39.779019],[-104.755431,39.779021],[-104.75593,39.779545],[-104.755888,39.77949],[-104.755433,39.779019]],[[-104.755507,39.782564],[-104.756088,39.781576],[-104.756188,39.781388],[-104.756185,39.781386],[-104.755507,39.782564]],[[-104.756004,39.779641],[-104.756155,39.779887],[-104.756157,39.779885],[-104.756075,39.779733],[-104.756004,39.779641]],[[-104.756413,39.781692],[-104.756814,39.781772],[-104.756909,39.781779],[-104.756391,39.781683],[-104.756413,39.781692]],[[-104.757066,39.78353],[-104.757066,39.783527],[-104.756654,39.78341],[-104.756846,39.783475],[-104.757066,39.78353]],[[-104.757158,39.781798],[-104.757258,39.781795],[-104.757258,39.781792],[-104.757102,39.781792],[-104.757158,39.781798]],[[-104.758055,39.783724],[-104.758055,39.783721],[-104.757473,39.78363],[-104.757559,39.783651],[-104.758055,39.783724]],[[-104.757572,39.781783],[-104.757605,39.781775],[-104.757503,39.781783],[-104.757503,39.781786],[-104.757572,39.781783]],[[-104.758016,39.789817],[-104.757986,39.789826],[-104.758211,39.789828],[-104.758211,39.789825],[-104.758016,39.789817]],[[-104.759265,39.789742],[-104.759242,39.789741],[-104.759348,39.789794],[-104.759349,39.789792],[-104.759265,39.789742]],[[-104.759247,39.777339],[-104.75925,39.77734],[-104.759262,39.777321],[-104.759261,39.77732],[-104.759247,39.777339]],[[-104.766665,39.783791],[-104.766665,39.783788],[-104.759599,39.783815],[-104.760225,39.783816],[-104.766665,39.783791]],[[-104.759941,39.776683],[-104.759942,39.776685],[-104.760071,39.776612],[-104.760042,39.776625],[-104.759941,39.776683]],[[-104.760051,39.790637],[-104.760045,39.79062],[-104.760032,39.790647],[-104.760051,39.790637]],[[-104.760212,39.776544],[-104.760453,39.776455],[-104.760452,39.776452],[-104.760288,39.776508],[-104.760212,39.776544]],[[-104.762015,39.776421],[-104.762233,39.776495],[-104.762234,39.776492],[-104.762106,39.776439],[-104.762015,39.776421]],[[-104.762501,39.776603],[-104.763528,39.777181],[-104.763529,39.777179],[-104.762549,39.776623],[-104.762501,39.776603]],[[-104.762668,39.792769],[-104.762537,39.792704],[-104.762535,39.792707],[-104.762657,39.792767],[-104.762668,39.792769]],[[-104.762725,39.792776],[-104.762796,39.792752],[-104.762796,39.79275],[-104.7627,39.792773],[-104.762725,39.792776]],[[-104.765946,39.798328],[-104.765378,39.79834],[-104.768277,39.79832],[-104.768277,39.798317],[-104.765946,39.798328]],[[-104.772124,39.783655],[-104.772144,39.781512],[-104.772133,39.779114],[-104.77213,39.779114],[-104.772124,39.783655]],[[-104.772136,39.787546],[-104.772145,39.7874],[-104.77214,39.786972],[-104.772137,39.786972],[-104.772136,39.787546]],[[-104.774763,39.798456],[-104.772646,39.798411],[-104.772646,39.798414],[-104.774237,39.798454],[-104.774763,39.798456]],[[-104.817899,39.792208],[-104.816584,39.793108],[-104.816586,39.79311],[-104.817921,39.7922],[-104.817899,39.792208]],[[-104.818265,39.792026],[-104.818141,39.792088],[-104.818142,39.79209],[-104.818329,39.792016],[-104.818265,39.792026]],[[-104.82929,39.783356],[-104.82945,39.783423],[-104.829451,39.78342],[-104.829218,39.783309],[-104.82929,39.783356]],[[-104.835502,39.791669],[-104.835499,39.791669],[-104.835489,39.792481],[-104.835492,39.792481],[-104.835502,39.791669]],[[-104.839244,39.779013],[-104.839144,39.778982],[-104.839143,39.778984],[-104.83928,39.779034],[-104.839244,39.779013]],[[-104.842915,39.781292],[-104.842937,39.781305],[-104.84296,39.781312],[-104.842961,39.78131],[-104.842915,39.781292]],[[-104.846179,39.782316],[-104.8463,39.782357],[-104.846361,39.782365],[-104.846362,39.782363],[-104.846179,39.782316]],[[-104.846537,39.782385],[-104.846561,39.782391],[-104.846586,39.782391],[-104.846586,39.782389],[-104.846537,39.782385]],[[-104.874678,39.798349],[-104.87186,39.79835],[-104.86745,39.798384],[-104.86745,39.798387],[-104.874678,39.798349]],[[-104.876749,39.80867],[-104.876307,39.808195],[-104.876305,39.808197],[-104.87662,39.808548],[-104.876749,39.80867]],[[-104.878594,39.810236],[-104.878548,39.810185],[-104.877622,39.809439],[-104.87762,39.809441],[-104.878594,39.810236]],[[-104.878919,39.810622],[-104.878835,39.810481],[-104.878773,39.810417],[-104.878772,39.810418],[-104.878919,39.810622]],[[-104.878923,39.811669],[-104.87898,39.811554],[-104.879025,39.811409],[-104.879022,39.811408],[-104.878923,39.811669]],[[-104.880212,39.757478],[-104.880231,39.757446],[-104.880229,39.757445],[-104.880202,39.757487],[-104.880212,39.757478]],[[-104.880458,39.757059],[-104.880475,39.757019],[-104.880473,39.757018],[-104.880448,39.757072],[-104.880458,39.757059]],[[-104.880658,39.756586],[-104.880676,39.75652],[-104.880674,39.756519],[-104.880644,39.756614],[-104.880658,39.756586]],[[-104.880784,39.756117],[-104.8808,39.755995],[-104.880797,39.755995],[-104.880768,39.75617],[-104.880784,39.756117]],[[-104.880841,39.755669],[-104.880847,39.755218],[-104.880844,39.755218],[-104.880834,39.755711],[-104.880841,39.755669]],[[-104.883254,39.753588],[-104.883153,39.753583],[-104.882624,39.753609],[-104.882624,39.753612],[-104.883254,39.753588]],[[-104.884318,39.753636],[-104.884081,39.753609],[-104.883771,39.7536],[-104.883771,39.753603],[-104.884318,39.753636]],[[-104.885754,39.753842],[-104.884829,39.753687],[-104.884695,39.753673],[-104.884694,39.753675],[-104.885754,39.753842]],[[-104.88899,39.793265],[-104.88839,39.792829],[-104.888389,39.792832],[-104.888958,39.793246],[-104.88899,39.793265]],[[-104.889304,39.793446],[-104.889169,39.793368],[-104.889168,39.79337],[-104.88925,39.793419],[-104.889304,39.793446]],[[-104.889769,39.793662],[-104.88977,39.793659],[-104.8896,39.79359],[-104.88967,39.793624],[-104.889769,39.793662]],[[-104.889864,39.768891],[-104.88989,39.768864],[-104.889943,39.768783],[-104.889941,39.768781],[-104.889864,39.768891]],[[-104.890083,39.768565],[-104.890104,39.768537],[-104.890126,39.768493],[-104.890124,39.768492],[-104.890083,39.768565]],[[-104.890259,39.793837],[-104.89026,39.793835],[-104.890086,39.793783],[-104.890129,39.7938],[-104.890259,39.793837]],[[-104.890217,39.768307],[-104.890239,39.768266],[-104.890278,39.768136],[-104.890275,39.768135],[-104.890217,39.768307]],[[-104.890432,39.753826],[-104.890863,39.753825],[-104.890863,39.753822],[-104.890294,39.75382],[-104.890432,39.753826]],[[-104.891073,39.794032],[-104.891094,39.794032],[-104.890606,39.793937],[-104.890628,39.793943],[-104.891073,39.794032]],[[-104.891607,39.794091],[-104.891359,39.794065],[-104.891359,39.794067],[-104.891526,39.794088],[-104.891607,39.794091]],[[-104.892244,39.794109],[-104.892244,39.794107],[-104.892221,39.794107],[-104.892221,39.79411],[-104.892244,39.794109]],[[-104.895382,39.793584],[-104.895382,39.793581],[-104.89382,39.793905],[-104.894029,39.79387],[-104.895382,39.793584]],[[-104.903413,39.754739],[-104.903411,39.756614],[-104.903431,39.752619],[-104.903428,39.752619],[-104.903413,39.754739]],[[-104.925779,39.761857],[-104.925782,39.761866],[-104.926607,39.761861],[-104.926607,39.761858],[-104.925779,39.761857]],[[-104.940518,39.757868],[-104.940515,39.757868],[-104.940512,39.759185],[-104.940515,39.759185],[-104.940518,39.757868]],[[-104.956694,39.743802],[-104.95661,39.743802],[-104.95661,39.743805],[-104.956707,39.743805],[-104.956694,39.743802]],[[-104.959771,39.749464],[-104.959775,39.752221],[-104.959794,39.746255],[-104.959791,39.746255],[-104.959771,39.749464]],[[-104.970623,39.76817],[-104.965957,39.768159],[-104.962044,39.768161],[-104.962044,39.768164],[-104.970623,39.76817]],[[-104.969596,39.762007],[-104.969596,39.76201],[-104.971616,39.762011],[-104.97089,39.762008],[-104.969596,39.762007]],[[-105.053243,39.734928],[-105.053214,39.740315],[-105.053254,39.754855],[-105.053255,39.783822],[-105.06267,39.783856],[-105.062663,39.788357],[-105.064916,39.788366],[-105.064912,39.790328],[-105.064325,39.790328],[-105.064323,39.791088],[-105.062657,39.791086],[-105.062658,39.790518],[-105.061808,39.790509],[-105.061493,39.791084],[-105.053234,39.791072],[-105.034517,39.791151],[-105.034529,39.792057],[-105.02997,39.79204],[-105.029962,39.791134],[-105.02525,39.791115],[-105.025273,39.793966],[-105.025159,39.794019],[-105.024789,39.794104],[-105.024529,39.794096],[-105.024361,39.794062],[-105.024062,39.79393],[-105.023938,39.793835],[-105.023765,39.793646],[-105.023553,39.793514],[-105.023306,39.793438],[-105.022947,39.793412],[-105.022766,39.793447],[-105.022603,39.793517],[-105.022403,39.793649],[-105.022206,39.793817],[-105.021986,39.794111],[-105.021831,39.794557],[-105.021062,39.794364],[-105.021519,39.793297],[-105.020639,39.793114],[-105.020567,39.793017],[-105.020554,39.791097],[-104.997811,39.791029],[-104.993246,39.791034],[-104.993239,39.792051],[-104.990669,39.79205],[-104.99029,39.791526],[-104.990278,39.791039],[-104.986398,39.791046],[-104.986392,39.791876],[-104.985805,39.791874],[-104.9858,39.791678],[-104.985213,39.791675],[-104.985214,39.791048],[-104.97818,39.791061],[-104.978178,39.791892],[-104.977726,39.79189],[-104.977718,39.791061],[-104.975984,39.791058],[-104.975969,39.792442],[-104.973079,39.792422],[-104.973069,39.794099],[-104.974683,39.79411],[-104.974691,39.795698],[-104.971176,39.795686],[-104.971177,39.796141],[-104.971668,39.796149],[-104.97166,39.798325],[-104.968643,39.798304],[-104.968653,39.793204],[-104.96839,39.793197],[-104.968364,39.793262],[-104.967551,39.793266],[-104.967694,39.79282],[-104.967799,39.79263],[-104.967942,39.791852],[-104.96832,39.791856],[-104.968466,39.791701],[-104.968781,39.791441],[-104.968783,39.791049],[-104.960201,39.791033],[-104.955439,39.794654],[-104.940486,39.794618],[-104.940497,39.790981],[-104.939898,39.790984]],[[-104.940334,39.789112],[-104.94042,39.785533]],[[-104.940447,39.781991],[-104.940517,39.779961],[-104.940553,39.777935]],[[-104.940495,39.772887],[-104.940627,39.772887],[-104.940627,39.772886]],[[-104.940627,39.772886],[-104.940617,39.769191]],[[-104.940669,39.764482],[-104.940668,39.761956],[-104.941359,39.761909]],[[-104.945037,39.761938],[-104.951843,39.761969]],[[-104.951843,39.761969],[-104.959763,39.762]],[[-104.959763,39.762],[-104.95974,39.771924]],[[-104.959411,39.772902],[-104.959123,39.772907],[-104.965947,39.772894]],[[-104.969734,39.771991],[-104.971926,39.770309],[-104.973357,39.769196]],[[-104.973357,39.769196],[-104.973348,39.767928],[-104.973362,39.766502]],[[-104.973329,39.765774],[-104.973361,39.76116]],[[-104.976157,39.758945],[-104.979779,39.75615],[-104.984622,39.752401]],[[-104.984622,39.752401],[-104.985309,39.75292]],[[-104.985309,39.75292],[-104.987177,39.754334]],[[-104.987177,39.754334],[-104.987214,39.754362],[-104.987216,39.754362]],[[-104.987216,39.754362],[-104.987387,39.754429]],[[-104.987394,39.751589],[-104.98743,39.744842]],[[-104.987427,39.742217],[-104.987407,39.74148],[-104.987399,39.740115]],[[-104.987425,39.733865],[-104.987414,39.729081]],[[-104.987414,39.729081],[-104.987414,39.729022],[-104.987416,39.728886]],[[-104.987416,39.728886],[-104.987433,39.727116],[-104.987425,39.727284]],[[-104.987425,39.727284],[-104.978781,39.727271],[-104.978766,39.724107]],[[-104.987512,39.716584],[-104.987513,39.717946],[-104.98752,39.715998]],[[-104.98752,39.715998],[-104.987521,39.715682]],[[-104.993995,39.714823],[-104.996362,39.714816],[-105.000867,39.714801]],[[-105.001764,39.714696],[-105.001835,39.714852]],[[-105.002052,39.715184],[-105.002474,39.715721],[-105.002521,39.715766]],[[-105.002521,39.715766],[-105.002651,39.71589]],[[-105.002651,39.71589],[-105.002728,39.715965],[-105.003379,39.716509]],[[-105.015309,39.724014],[-105.015477,39.724168]],[[-105.015477,39.724168],[-105.015523,39.724211],[-105.015628,39.724337]],[[-105.015628,39.724337],[-105.015702,39.724425]],[[-105.015702,39.724425],[-105.01574,39.724472],[-105.015802,39.724564]],[[-105.015802,39.724564],[-105.015846,39.724705]],[[-105.015846,39.724705],[-105.015856,39.724737],[-105.015846,39.724837]],[[-105.015846,39.724837],[-105.015779,39.725511]],[[-105.022931,39.725423],[-105.025146,39.725435],[-105.025147,39.725551]],[[-105.035128,39.725769],[-105.046278,39.725811]],[[-105.053264,39.725809],[-105.053252,39.733115],[-105.054429,39.733111],[-105.054432,39.733648],[-105.054684,39.733647],[-105.054685,39.733728],[-105.055023,39.733727],[-105.055019,39.733109],[-105.055606,39.733107],[-105.055596,39.73492],[-105.053243,39.734928]],[[-104.950109,39.772913],[-104.951955,39.772922],[-104.952888,39.77292],[-104.952888,39.772917],[-104.950109,39.772913]],[[-104.96632,39.783764],[-104.961484,39.783768],[-104.961484,39.783771],[-104.965619,39.783771],[-104.96632,39.783764]],[[-104.975849,39.773291],[-104.975851,39.773289],[-104.973242,39.77128],[-104.97456,39.77231],[-104.975849,39.773291]],[[-104.97782,39.776457],[-104.977819,39.776491],[-104.977821,39.776492],[-104.977831,39.776434],[-104.97782,39.776457]],[[-104.977849,39.77742],[-104.977952,39.777962],[-104.977955,39.777962],[-104.977846,39.777354],[-104.977849,39.77742]],[[-104.978736,39.774873],[-104.978634,39.775004],[-104.978637,39.775005],[-104.978799,39.774805],[-104.978736,39.774873]],[[-104.979076,39.77448],[-104.979068,39.774494],[-104.979146,39.774411],[-104.979144,39.774409],[-104.979076,39.77448]],[[-104.988132,39.761753],[-104.988128,39.761742],[-104.988135,39.761807],[-104.988138,39.761807],[-104.988132,39.761753]],[[-104.988149,39.762478],[-104.98817,39.762393],[-104.988176,39.762222],[-104.988173,39.762222],[-104.988149,39.762478]],[[-104.989113,39.766113],[-104.988877,39.76618],[-104.988877,39.766182],[-104.989315,39.766073],[-104.989113,39.766113]],[[-104.991001,39.765845],[-104.991387,39.765754],[-104.991498,39.765716],[-104.991497,39.765714],[-104.991001,39.765845]],[[-104.996304,39.75709],[-104.995792,39.757493],[-104.995794,39.757496],[-104.996356,39.757058],[-104.996304,39.75709]],[[-104.99656,39.756039],[-104.99634,39.755885],[-104.996339,39.755887],[-104.996755,39.756199],[-104.99656,39.756039]],[[-104.996711,39.762543],[-104.997239,39.76248],[-104.997239,39.762478],[-104.996787,39.762522],[-104.996711,39.762543]],[[-104.998159,39.762157],[-104.99792,39.762221],[-104.997896,39.762233],[-104.997897,39.762235],[-104.998159,39.762157]],[[-104.998216,39.768274],[-104.998219,39.768348],[-104.998223,39.767671],[-104.99822,39.767671],[-104.998216,39.768274]],[[-104.998677,39.762044],[-104.998725,39.762025],[-104.998273,39.762122],[-104.998273,39.762124],[-104.998677,39.762044]],[[-104.999607,39.761587],[-104.999406,39.761696],[-104.999408,39.761699],[-104.999685,39.761558],[-104.999607,39.761587]],[[-105.00006,39.740216],[-105.002327,39.740183],[-105.002327,39.74018],[-104.999508,39.740216],[-105.00006,39.740216]],[[-105.000409,39.745138],[-105.000412,39.745138],[-105.000408,39.745069],[-105.000405,39.745069],[-105.000409,39.745138]],[[-105.000428,39.746462],[-105.000424,39.746492],[-105.000429,39.746512],[-105.000431,39.746512],[-105.000428,39.746462]],[[-105.00047,39.746673],[-105.000482,39.746733],[-105.000535,39.746864],[-105.000537,39.746863],[-105.00047,39.746673]],[[-105.001075,39.747883],[-105.001149,39.748059],[-105.001183,39.74811],[-105.001185,39.748109],[-105.001075,39.747883]],[[-105.001595,39.761036],[-105.001737,39.761016],[-105.001763,39.761006],[-105.001762,39.761004],[-105.001595,39.761036]],[[-105.0018,39.748858],[-105.001805,39.748867],[-105.001938,39.748963],[-105.00194,39.74896],[-105.0018,39.748858]],[[-105.006303,39.763235],[-105.006303,39.763238],[-105.007039,39.763238],[-105.007039,39.763235],[-105.006303,39.763235]],[[-105.008141,39.725868],[-105.007964,39.725864],[-105.007964,39.725867],[-105.00806,39.725872],[-105.008141,39.725868]],[[-105.008521,39.754749],[-105.008521,39.754752],[-105.008559,39.754744],[-105.008559,39.754743],[-105.008521,39.754749]],[[-105.008616,39.754719],[-105.00864,39.754711],[-105.008757,39.754624],[-105.008755,39.754622],[-105.008616,39.754719]],[[-105.009125,39.754348],[-105.009165,39.75432],[-105.009207,39.754265],[-105.009206,39.754264],[-105.009125,39.754348]],[[-105.009408,39.754015],[-105.009402,39.754027],[-105.009436,39.753994],[-105.009434,39.753992],[-105.009408,39.754015]],[[-105.017377,39.740577],[-105.017214,39.740971],[-105.017217,39.740972],[-105.017339,39.740677],[-105.017377,39.740577]],[[-105.023508,39.784295],[-105.023945,39.784341],[-105.024155,39.78435],[-105.024155,39.784347],[-105.023508,39.784295]],[[-105.025257,39.78439],[-105.024831,39.784377],[-105.024831,39.78438],[-105.025147,39.784394],[-105.025257,39.78439]],[[-105.025473,39.784378],[-105.025665,39.784374],[-105.026795,39.784285],[-105.026795,39.784282],[-105.025473,39.784378]],[[-105.031601,39.769458],[-105.0316,39.769461],[-105.034244,39.76954],[-105.033083,39.769496],[-105.031601,39.769458]],[[-105.03639,39.758514],[-105.035224,39.758525],[-105.047466,39.758496],[-105.047466,39.758493],[-105.03639,39.758514]],[[-105.035566,39.735262],[-105.035574,39.735242],[-105.035534,39.735286],[-105.035535,39.735288],[-105.035566,39.735262]],[[-105.035662,39.735007],[-105.035637,39.735089],[-105.035639,39.73509],[-105.035701,39.734944],[-105.035662,39.735007]],[[-105.038293,39.783606],[-105.040512,39.783602],[-105.040512,39.783599],[-105.036747,39.783589],[-105.038293,39.783606]],[[-105.036846,39.734325],[-105.036826,39.734326],[-105.036809,39.734335],[-105.036809,39.734336],[-105.036846,39.734325]],[[-105.045049,39.743988],[-105.039319,39.743963],[-105.03715,39.743961],[-105.03715,39.743964],[-105.045049,39.743988]],[[-105.038046,39.762137],[-105.044004,39.762128],[-105.049877,39.762105],[-105.049877,39.762102],[-105.038046,39.762137]],[[-105.039296,39.73435],[-105.039236,39.734328],[-105.038905,39.734268],[-105.038904,39.734271],[-105.039296,39.73435]],[[-105.039591,39.734393],[-105.039511,39.734391],[-105.039691,39.734426],[-105.039691,39.734424],[-105.039591,39.734393]],[[-105.040936,39.730507],[-105.040966,39.730484],[-105.040965,39.730482],[-105.040942,39.730496],[-105.040936,39.730507]],[[-105.041017,39.730453],[-105.041102,39.730436],[-105.041101,39.730433],[-105.041027,39.730447],[-105.041017,39.730453]],[[-105.043458,39.783606],[-105.04381,39.783639],[-105.043811,39.783637],[-105.043552,39.783607],[-105.043458,39.783606]],[[-105.050239,39.728619],[-105.05024,39.728621],[-105.050486,39.728537],[-105.050367,39.728567],[-105.050239,39.728619]],[[-105.050754,39.78481],[-105.050753,39.784807],[-105.05035,39.784941],[-105.050412,39.784928],[-105.050754,39.78481]],[[-105.050657,39.728495],[-105.050882,39.728488],[-105.050881,39.728485],[-105.0507,39.728485],[-105.050657,39.728495]],[[-105.051714,39.734956],[-105.05181,39.734982],[-105.051863,39.734974],[-105.051863,39.734973],[-105.051714,39.734956]],[[-105.05191,39.734979],[-105.051903,39.734978],[-105.051918,39.734988],[-105.05192,39.734986],[-105.05191,39.734979]]]}}]}