{"type":"FeatureCollection","source":"U.S. Census Bureau TIGER/Line 2024, tl_2024_08_sldl","simplified_m":120.0,"features":[{"type":"Feature","properties":{"d":1,"label":[-105.04652,39.65844],"area":16.3},"geometry":{"type":"Polygon","coordinates":[[[-105.10992,39.62716],[-105.10988,39.63507],[-105.0911,39.63508],[-105.0911,39.63872],[-105.08168,39.63876],[-105.08156,39.63617],[-105.07331,39.63656],[-105.07327,39.63874],[-105.07677,39.63935],[-105.07205,39.64598],[-105.06322,39.64599],[-105.0632,39.64963],[-105.05358,39.65116],[-105.05803,39.65296],[-105.05806,39.65125],[-105.0626,39.65151],[-105.06392,39.64957],[-105.07083,39.64958],[-105.06749,39.65249],[-105.06729,39.65688],[-105.07014,39.65687],[-105.07197,39.66002],[-105.07668,39.65931],[-105.08145,39.66206],[-105.08146,39.66858],[-105.08135,39.67013],[-105.07667,39.66906],[-105.07495,39.67049],[-105.07199,39.66776],[-105.05326,39.66779],[-105.05325,39.67504],[-105.06262,39.67501],[-105.06262,39.67928],[-105.05779,39.6787],[-105.0578,39.68227],[-105.05322,39.68229],[-105.05325,39.70044],[-105.04812,39.70042],[-105.04558,39.7022],[-105.02521,39.70222],[-105.02506,39.69675],[-104.98743,39.69663],[-104.98757,39.66768],[-105.00035,39.66773],[-105.00397,39.66625],[-105.0044,39.66048],[-105.01094,39.66051],[-105.00632,39.6677],[-105.00636,39.67676],[-105.00864,39.67678],[-105.00866,39.67863],[-105.0157,39.67868],[-105.0158,39.66051],[-105.02298,39.6605],[-105.023,39.6568],[-105.03308,39.65695],[-105.03466,39.64371],[-105.02998,39.64282],[-105.03,39.63858],[-105.03471,39.63859],[-105.03476,39.63318],[-105.02536,39.63144],[-105.02542,39.62856],[-105.04281,39.62758],[-105.04414,39.63146],[-105.05341,39.6315],[-105.05334,39.63877],[-105.05904,39.63876],[-105.0593,39.63433],[-105.05346,39.62953],[-105.05581,39.62424],[-105.05348,39.62425],[-105.05352,39.62086],[-105.05724,39.62091],[-105.05813,39.61441],[-105.09701,39.61431],[-105.09703,39.61836],[-105.06514,39.61858],[-105.06566,39.6206],[-105.07612,39.62423],[-105.07452,39.62423],[-105.08095,39.63133],[-105.08371,39.63133],[-105.08173,39.62731],[-105.08558,39.62853],[-105.08563,39.62611],[-105.09116,39.62708],[-105.09126,39.6242],[-105.1075,39.62422],[-105.1075,39.62709],[-105.10992,39.62716]]]}},{"type":"Feature","properties":{"d":2,"label":[-104.96402,39.69115],"area":12.5},"geometry":{"type":"Polygon","coordinates":[[[-104.98757,39.66768],[-104.9874,39.72909],[-104.96019,39.72911],[-104.96017,39.72561],[-104.9228,39.72563],[-104.92229,39.71121],[-104.94068,39.71108],[-104.94068,39.65301],[-104.95498,39.65299],[-104.95379,39.65668],[-104.95949,39.65669],[-104.95944,39.66153],[-104.96878,39.66042],[-104.96881,39.66584],[-104.97349,39.66587],[-104.97349,39.66768],[-104.98757,39.66768]]]}},{"type":"Feature","properties":{"d":3,"label":[-104.95128,39.64762],"area":21.5},"geometry":{"type":"Polygon","coordinates":[[[-105.03495,39.62416],[-105.03482,39.62818],[-105.02542,39.62856],[-105.02536,39.63036],[-105.03006,39.63318],[-105.03476,39.63318],[-105.03471,39.63859],[-105.03,39.63858],[-105.02993,39.64018],[-105.02998,39.64282],[-105.03466,39.64371],[-105.03462,39.65328],[-105.03216,39.65328],[-105.03308,39.65695],[-105.023,39.6568],[-105.02298,39.6605],[-105.0158,39.66051],[-105.0157,39.67868],[-105.00866,39.67863],[-105.00864,39.67678],[-105.00636,39.67676],[-105.00632,39.6677],[-105.01094,39.66051],[-105.0044,39.66048],[-105.00397,39.66625],[-105.00035,39.66773],[-104.97349,39.66768],[-104.97349,39.66587],[-104.96881,39.66584],[-104.96878,39.66042],[-104.95944,39.66153],[-104.95949,39.65669],[-104.95379,39.65668],[-104.95498,39.65299],[-104.88478,39.65307],[-104.88472,39.65989],[-104.89021,39.66441],[-104.88835,39.66567],[-104.89046,39.66758],[-104.88516,39.66757],[-104.87953,39.66393],[-104.87621,39.66393],[-104.87538,39.66865],[-104.87746,39.67207],[-104.87531,39.67206],[-104.87529,39.67477],[-104.87088,39.67476],[-104.86605,39.67085],[-104.86633,39.66031],[-104.85544,39.6608],[-104.84868,39.65922],[-104.8473,39.6571],[-104.87005,39.64628],[-104.8761,39.64437],[-104.87609,39.64589],[-104.88031,39.6459],[-104.88033,39.64131],[-104.88512,39.63895],[-104.88526,39.62413],[-104.98029,39.62405],[-104.98044,39.61684],[-104.98803,39.61684],[-104.98802,39.61985],[-104.995,39.62224],[-104.99499,39.62404],[-105.00096,39.62411],[-104.99976,39.62049],[-105.00676,39.62052],[-105.00669,39.62907],[-105.01382,39.62939],[-105.01405,39.62574],[-105.0161,39.62576],[-105.01606,39.62773],[-105.02311,39.62774],[-105.02311,39.62413],[-105.03495,39.62416]]]}},{"type":"Feature","properties":{"d":4,"label":[-105.03443,39.74726],"area":11.6},"geometry":{"type":"Polygon","coordinates":[[[-105.065,39.79032],[-105.03464,39.79205],[-105.02526,39.79111],[-105.02515,39.794],[-105.02514,39.78439],[-105.01583,39.78371],[-105.01583,39.7584],[-105.01181,39.75841],[-105.01022,39.75717],[-105.01269,39.75537],[-105.00949,39.75393],[-105.01513,39.74985],[-105.01798,39.73891],[-105.01577,39.7255],[-105.02514,39.72543],[-105.02508,39.70208],[-105.04558,39.7022],[-105.04812,39.70042],[-105.05325,39.70044],[-105.05323,39.73311],[-105.05559,39.73311],[-105.05559,39.73451],[-105.05323,39.73492],[-105.05318,39.7838],[-105.06266,39.78385],[-105.06265,39.78834],[-105.06499,39.78836],[-105.065,39.79032]]]}},{"type":"Feature","properties":{"d":5,"label":[-105.00147,39.74804],"area":15.3},"geometry":{"type":"Polygon","coordinates":[[[-105.02515,39.794],[-105.02111,39.79428],[-105.02054,39.79109],[-104.97595,39.79104],[-104.97595,39.79242],[-104.97307,39.79242],[-104.97467,39.79561],[-104.97116,39.79557],[-104.97164,39.79829],[-104.96872,39.7984],[-104.96886,39.79104],[-104.96019,39.79102],[-104.95544,39.79463],[-104.94048,39.7946],[-104.94049,39.77289],[-104.9594,39.77289],[-104.95975,39.76815],[-104.97334,39.76816],[-104.98736,39.75701],[-104.98743,39.69663],[-105.02506,39.69675],[-105.02514,39.72543],[-105.01577,39.7255],[-105.01798,39.73891],[-105.01513,39.74985],[-105.00949,39.75393],[-105.01269,39.75537],[-105.01022,39.75717],[-105.01181,39.75841],[-105.01583,39.7584],[-105.01583,39.78371],[-105.02514,39.78439],[-105.02515,39.794]]]}},{"type":"Feature","properties":{"d":6,"label":[-104.88944,39.72121],"area":9.0},"geometry":{"type":"Polygon","coordinates":[[[-104.9874,39.72909],[-104.9872,39.74752],[-104.97818,39.7475],[-104.97338,39.74378],[-104.97341,39.74003],[-104.88465,39.74016],[-104.88471,39.73093],[-104.88661,39.72922],[-104.88193,39.72496],[-104.87533,39.72558],[-104.87528,39.71881],[-104.8706,39.71818],[-104.87063,39.71017],[-104.86597,39.71105],[-104.86597,39.70381],[-104.86866,39.70301],[-104.87066,39.69838],[-104.86714,39.70019],[-104.86596,39.69656],[-104.87531,39.69651],[-104.87532,39.69844],[-104.87773,39.69844],[-104.87772,39.69651],[-104.8991,39.69539],[-104.90354,39.69853],[-104.90341,39.72564],[-104.96017,39.72561],[-104.96019,39.72911],[-104.9874,39.72909]]]}},{"type":"Feature","properties":{"d":7,"label":[-104.69093,39.84212],"area":57.7},"geometry":{"type":"Polygon","coordinates":[[[-104.90356,39.79839],[-104.89907,39.8002],[-104.89907,39.79837],[-104.88447,39.79832],[-104.88441,39.81282],[-104.86607,39.81285],[-104.86604,39.79839],[-104.7909,39.79825],[-104.79086,39.8418],[-104.76232,39.84179],[-104.76228,39.84539],[-104.73095,39.84519],[-104.73039,39.89613],[-104.70331,39.89595],[-104.70319,39.90693],[-104.69214,39.90685],[-104.69205,39.91418],[-104.67958,39.91402],[-104.67966,39.90701],[-104.63094,39.90664],[-104.63094,39.89929],[-104.59958,39.89904],[-104.59981,39.88131],[-104.60515,39.88135],[-104.60526,39.87311],[-104.61915,39.87322],[-104.6198,39.82242],[-104.65539,39.82261],[-104.65545,39.813],[-104.66618,39.81308],[-104.66606,39.82279],[-104.76246,39.82344],[-104.76261,39.79843],[-104.7344,39.79844],[-104.7346,39.76918],[-104.76457,39.76919],[-104.76456,39.77157],[-104.77217,39.7715],[-104.77216,39.77641],[-104.78156,39.77648],[-104.78158,39.7728],[-104.82816,39.77237],[-104.86589,39.77563],[-104.8659,39.78243],[-104.87736,39.78261],[-104.88216,39.78577],[-104.8998,39.78559],[-104.90074,39.7833],[-104.90349,39.78729],[-104.90356,39.79839]]]}},{"type":"Feature","properties":{"d":8,"label":[-104.91634,39.76527],"area":17.4},"geometry":{"type":"Polygon","coordinates":[[[-104.9874,39.74736],[-104.98736,39.75701],[-104.97334,39.76816],[-104.95975,39.76815],[-104.9594,39.77289],[-104.94049,39.77289],[-104.93988,39.79099],[-104.92703,39.79105],[-104.927,39.78378],[-104.90344,39.78381],[-104.90349,39.78729],[-104.90074,39.7833],[-104.8998,39.78559],[-104.88216,39.78577],[-104.87736,39.78261],[-104.8659,39.78243],[-104.86589,39.77563],[-104.82816,39.77237],[-104.82817,39.76916],[-104.83301,39.76918],[-104.83297,39.76639],[-104.85639,39.76858],[-104.85634,39.75813],[-104.84821,39.75642],[-104.84694,39.75469],[-104.8799,39.75474],[-104.87997,39.74744],[-104.88466,39.74747],[-104.88465,39.74016],[-104.97341,39.74003],[-104.97338,39.74378],[-104.97818,39.7475],[-104.9874,39.74736]]]}},{"type":"Feature","properties":{"d":9,"label":[-104.90798,39.68929],"area":13.0},"geometry":{"type":"Polygon","coordinates":[[[-104.94068,39.65301],[-104.94068,39.71108],[-104.92229,39.71121],[-104.9228,39.72563],[-104.90341,39.72564],[-104.90354,39.69853],[-104.8991,39.69539],[-104.89681,39.69659],[-104.87544,39.69651],[-104.87539,39.67846],[-104.87088,39.67476],[-104.87529,39.67477],[-104.87531,39.67206],[-104.87746,39.67207],[-104.87538,39.66865],[-104.87621,39.66393],[-104.87953,39.66393],[-104.88516,39.66757],[-104.89046,39.66758],[-104.88835,39.66567],[-104.89021,39.66441],[-104.88472,39.65989],[-104.88478,39.65307],[-104.94068,39.65301]]]}},{"type":"Feature","properties":{"d":10,"label":[-105.25579,40.03324],"area":25.5},"geometry":{"type":"Polygon","coordinates":[[[-105.29143,40.00657],[-105.29068,40.01034],[-105.28722,40.01045],[-105.28752,40.01524],[-105.28324,40.0151],[-105.28563,40.02315],[-105.28562,40.03499],[-105.28207,40.03498],[-105.28213,40.05822],[-105.27979,40.05824],[-105.28213,40.05958],[-105.28212,40.06373],[-105.28446,40.06373],[-105.28443,40.06572],[-105.2814,40.06524],[-105.28467,40.07381],[-105.28221,40.07991],[-105.2821,40.07666],[-105.27836,40.07579],[-105.27744,40.07999],[-105.26349,40.0802],[-105.26346,40.07824],[-105.2378,40.07833],[-105.22989,40.08007],[-105.23499,40.08015],[-105.23356,40.08733],[-105.22586,40.08846],[-105.22468,40.08553],[-105.21636,40.08714],[-105.21635,40.08892],[-105.2069,40.0889],[-105.2069,40.0944],[-105.18363,40.09436],[-105.18792,40.09012],[-105.18807,40.07619],[-105.19455,40.07542],[-105.19385,40.07289],[-105.17846,40.07289],[-105.17836,40.06913],[-105.18278,40.06803],[-105.18806,40.06912],[-105.18807,40.07263],[-105.19593,40.07266],[-105.19824,40.06916],[-105.20215,40.06915],[-105.20223,40.06553],[-105.19677,40.06552],[-105.19279,40.06197],[-105.19948,40.0637],[-105.20391,40.06188],[-105.20209,40.06055],[-105.20307,40.05879],[-105.20702,40.05833],[-105.20703,40.06179],[-105.216,40.06185],[-105.21592,40.05825],[-105.21281,40.05822],[-105.21609,40.05722],[-105.21596,40.05462],[-105.22079,40.05575],[-105.22551,40.05476],[-105.2255,40.05104],[-105.23487,40.05109],[-105.24378,40.03871],[-105.23851,40.03864],[-105.24101,40.0365],[-105.23629,40.03483],[-105.23368,40.04015],[-105.21842,40.03997],[-105.21843,40.03832],[-105.22071,40.03834],[-105.22072,40.0365],[-105.22597,40.03347],[-105.22599,40.02932],[-105.21146,40.02925],[-105.21102,40.02314],[-105.20659,40.02069],[-105.20657,40.01477],[-105.2028,40.01475],[-105.20275,40.01266],[-105.2078,40.01462],[-105.20746,40.01103],[-105.21306,40.01262],[-105.21251,40.00369],[-105.21102,40.00371],[-105.21281,40.00042],[-105.21282,39.97808],[-105.23567,39.9858],[-105.23447,39.98359],[-105.23721,39.97148],[-105.25063,39.98648],[-105.25645,39.99005],[-105.26357,40.00014],[-105.29059,40.00006],[-105.28918,40.00573],[-105.29143,40.00657]]]}},{"type":"Feature","properties":{"d":11,"label":[-105.12619,40.16834],"area":29.2},"geometry":{"type":"Polygon","coordinates":[[[-105.17856,40.13079],[-105.17802,40.20332],[-105.1311,40.20325],[-105.1311,40.20686],[-105.12632,40.20682],[-105.12632,40.20321],[-105.12155,40.20319],[-105.12137,40.21042],[-105.11551,40.21041],[-105.1156,40.20318],[-105.10189,40.20328],[-105.10237,40.2104],[-105.0978,40.21038],[-105.09781,40.2068],[-105.09319,40.20678],[-105.09321,40.20317],[-105.07416,40.2033],[-105.07394,40.16236],[-105.06615,40.15886],[-105.05533,40.16019],[-105.05539,40.13826],[-105.07424,40.13985],[-105.07424,40.13481],[-105.1025,40.13413],[-105.11676,40.13069],[-105.13102,40.13074],[-105.13096,40.13407],[-105.13871,40.13406],[-105.14563,40.12596],[-105.14562,40.12885],[-105.1552,40.12692],[-105.15992,40.12894],[-105.16658,40.12633],[-105.16898,40.12714],[-105.16894,40.13066],[-105.17856,40.13079]]]}},{"type":"Feature","properties":{"d":12,"label":[-105.15698,40.02404],"area":79.1},"geometry":{"type":"Polygon","coordinates":[[[-105.2821,40.07666],[-105.2812,40.10407],[-105.24963,40.10535],[-105.24907,40.10174],[-105.20688,40.10165],[-105.2069,40.10762],[-105.18972,40.11569],[-105.18322,40.11659],[-105.18326,40.12752],[-105.17979,40.13059],[-105.16894,40.13066],[-105.16898,40.12714],[-105.16658,40.12633],[-105.15992,40.12894],[-105.1552,40.12692],[-105.14562,40.12885],[-105.14563,40.12596],[-105.13871,40.13406],[-105.13096,40.13407],[-105.13116,40.04529],[-105.11238,40.04869],[-105.11234,40.04651],[-105.10728,40.0483],[-105.10264,40.04765],[-105.10292,40.01108],[-105.09768,40.01107],[-105.09681,40.01465],[-105.0746,40.01487],[-105.07459,40.00036],[-105.06045,40.00037],[-105.05553,40.00563],[-105.05552,40.00025],[-105.05282,40.00026],[-105.0528,39.97767],[-105.05855,39.97526],[-105.05775,39.96864],[-105.05283,39.96589],[-105.05289,39.95783],[-105.07194,39.95794],[-105.0719,39.9502],[-105.07657,39.95054],[-105.07664,39.94333],[-105.09107,39.94328],[-105.09085,39.93605],[-105.10924,39.93614],[-105.11345,39.93151],[-105.10941,39.92547],[-105.11877,39.9338],[-105.11856,39.94332],[-105.10935,39.94334],[-105.10933,39.95064],[-105.12051,39.95053],[-105.12194,39.95416],[-105.128,39.95417],[-105.12816,39.93962],[-105.13758,39.93971],[-105.1376,39.92893],[-105.14704,39.92894],[-105.14714,39.91389],[-105.16677,39.91414],[-105.16425,39.91736],[-105.16573,39.92291],[-105.16579,39.91785],[-105.17511,39.91786],[-105.17521,39.92509],[-105.17205,39.92508],[-105.16919,39.92638],[-105.16919,39.92869],[-105.16601,39.92872],[-105.16575,39.9401],[-105.16931,39.93923],[-105.16929,39.94127],[-105.16829,39.94321],[-105.16576,39.9432],[-105.16573,39.94858],[-105.16996,39.94765],[-105.17171,39.95049],[-105.1777,39.95048],[-105.17898,39.95765],[-105.17537,39.95758],[-105.17703,39.95944],[-105.17526,39.96067],[-105.18248,39.96359],[-105.18927,39.96147],[-105.18232,39.96438],[-105.2087,39.97467],[-105.22054,39.98013],[-105.21282,39.97808],[-105.21281,40.00042],[-105.21102,40.00371],[-105.21251,40.00369],[-105.21306,40.01262],[-105.20746,40.01103],[-105.2078,40.01462],[-105.20275,40.01266],[-105.2028,40.01475],[-105.20657,40.01477],[-105.20659,40.02069],[-105.21102,40.02314],[-105.21146,40.02925],[-105.22599,40.02932],[-105.22597,40.03347],[-105.22072,40.0365],[-105.22071,40.03834],[-105.21843,40.03832],[-105.21842,40.03997],[-105.23368,40.04015],[-105.23629,40.03483],[-105.24101,40.0365],[-105.23851,40.03864],[-105.24379,40.03858],[-105.23487,40.05109],[-105.2255,40.05104],[-105.22551,40.05476],[-105.22079,40.05575],[-105.21596,40.05462],[-105.21609,40.05722],[-105.21281,40.05822],[-105.21592,40.05825],[-105.216,40.06185],[-105.20703,40.06179],[-105.20702,40.05833],[-105.20307,40.05879],[-105.20209,40.06055],[-105.20391,40.06188],[-105.19948,40.0637],[-105.19279,40.06197],[-105.19677,40.06552],[-105.20223,40.06553],[-105.20215,40.06915],[-105.19824,40.06916],[-105.19593,40.07266],[-105.18807,40.07263],[-105.18806,40.06912],[-105.18278,40.06803],[-105.17836,40.06913],[-105.17846,40.07289],[-105.19385,40.07289],[-105.19455,40.07542],[-105.18807,40.07619],[-105.18792,40.09012],[-105.18363,40.09436],[-105.2069,40.0944],[-105.2069,40.0889],[-105.21635,40.08892],[-105.21636,40.08714],[-105.22468,40.08553],[-105.22586,40.08846],[-105.23356,40.08733],[-105.23499,40.08015],[-105.22989,40.08007],[-105.2378,40.07833],[-105.26346,40.07824],[-105.26349,40.0802],[-105.27744,40.07999],[-105.27836,40.07579],[-105.2821,40.07666]]]}},{"type":"Feature","properties":{"d":13,"label":[-106.10347,39.7156],"area":7615.1},"geometry":{"type":"Polygon","coordinates":[[[-106.87322,40.97364],[-106.87058,40.98122],[-106.86231,40.9837],[-106.85706,40.98128],[-106.85543,40.98709],[-106.85074,40.99025],[-106.86129,40.99624],[-106.86145,40.99997],[-106.85777,41.00266],[-106.45571,41.00212],[-106.19055,40.99758],[-106.19544,40.9882],[-106.19112,40.98603],[-106.19021,40.97454],[-106.18674,40.97021],[-106.1877,40.96491],[-106.18484,40.96383],[-106.18739,40.95872],[-106.18436,40.9546],[-106.18929,40.94589],[-106.18531,40.93397],[-106.16943,40.92351],[-106.16817,40.9184],[-106.1592,40.91473],[-106.15855,40.91062],[-106.14788,40.90464],[-106.14407,40.9049],[-106.13691,40.90203],[-106.1367,40.89958],[-106.13125,40.89661],[-106.12762,40.88489],[-106.13242,40.87655],[-106.13067,40.87387],[-106.12318,40.8675],[-106.11654,40.86644],[-106.1047,40.86033],[-106.10813,40.85223],[-106.10244,40.85233],[-106.09852,40.84974],[-106.10126,40.84356],[-106.0997,40.84209],[-106.09245,40.8407],[-106.08791,40.8334],[-106.07958,40.83024],[-106.07132,40.82233],[-106.06483,40.82157],[-106.05772,40.81712],[-106.0578,40.81444],[-106.0515,40.80914],[-106.05235,40.80586],[-106.04674,40.80302],[-106.04537,40.79186],[-106.03965,40.78576],[-106.03457,40.78528],[-106.02969,40.78156],[-106.03103,40.77787],[-106.02891,40.77752],[-106.02925,40.77344],[-106.02449,40.77126],[-106.02662,40.76795],[-106.02067,40.75843],[-106.02226,40.75469],[-106.01527,40.75282],[-106.01054,40.7408],[-105.99483,40.73214],[-105.99058,40.72718],[-105.98808,40.72137],[-105.99008,40.71831],[-105.98874,40.7096],[-105.97709,40.70265],[-105.97259,40.69562],[-105.97396,40.69014],[-105.96993,40.68539],[-105.97139,40.68077],[-105.96666,40.67568],[-105.96504,40.66821],[-105.95582,40.65885],[-105.95443,40.64744],[-105.94849,40.64232],[-105.94926,40.62732],[-105.94502,40.62185],[-105.94702,40.61669],[-105.94206,40.60908],[-105.92989,40.60575],[-105.92227,40.57424],[-105.91844,40.5707],[-105.91469,40.57064],[-105.91089,40.56642],[-105.90991,40.55881],[-105.91183,40.55269],[-105.90509,40.53529],[-105.91118,40.52218],[-105.90832,40.51607],[-105.90451,40.51412],[-105.89458,40.5202],[-105.88009,40.52327],[-105.86909,40.52074],[-105.85706,40.50786],[-105.8523,40.50655],[-105.85179,40.49847],[-105.8561,40.49041],[-105.85493,40.48625],[-105.84697,40.48279],[-105.83782,40.48303],[-105.8346,40.47987],[-105.82011,40.47597],[-105.80734,40.47453],[-105.80713,40.47241],[-105.81105,40.47094],[-105.80448,40.46422],[-105.80761,40.45226],[-105.80577,40.44733],[-105.81597,40.43721],[-105.81431,40.42946],[-105.81727,40.42432],[-105.79095,40.39864],[-105.79123,40.38786],[-105.78725,40.38087],[-105.78182,40.37699],[-105.78195,40.37376],[-105.77411,40.36523],[-105.76913,40.36447],[-105.76801,40.3601],[-105.76023,40.35618],[-105.75829,40.3524],[-105.7533,40.35142],[-105.75238,40.34909],[-105.74776,40.34751],[-105.74227,40.34928],[-105.73635,40.34661],[-105.73544,40.34298],[-105.72994,40.33962],[-105.72737,40.33398],[-105.72144,40.33202],[-105.71313,40.32557],[-105.70168,40.32431],[-105.70202,40.32171],[-105.69872,40.32078],[-105.69765,40.31827],[-105.70211,40.31208],[-105.69014,40.30865],[-105.69099,40.30494],[-105.68576,40.30292],[-105.68825,40.29771],[-105.68737,40.29373],[-105.68116,40.29195],[-105.68649,40.28829],[-105.68058,40.28446],[-105.67926,40.27891],[-105.68147,40.27905],[-105.68035,40.27467],[-105.68243,40.2728],[-105.67819,40.26812],[-105.66791,40.26772],[-105.65417,40.26134],[-105.65082,40.25369],[-105.64402,40.24994],[-105.66001,40.24883],[-105.66905,40.22418],[-105.66316,40.22003],[-105.6703,40.21936],[-105.67056,40.2078],[-105.67764,40.20233],[-105.67763,40.18902],[-105.67036,40.18462],[-105.67179,40.18003],[-105.6683,40.17703],[-105.66973,40.17426],[-105.66692,40.16989],[-105.67147,40.16542],[-105.66754,40.16119],[-105.66773,40.15828],[-105.66134,40.15652],[-105.656,40.15128],[-105.64729,40.15097],[-105.64628,40.14862],[-105.63566,40.14601],[-105.63547,40.14042],[-105.6297,40.13782],[-105.62998,40.13043],[-105.62609,40.12735],[-105.62878,40.12351],[-105.62657,40.11865],[-105.62997,40.11416],[-105.63465,40.11323],[-105.63668,40.10699],[-105.63605,40.10135],[-105.63202,40.09719],[-105.63469,40.09512],[-105.63368,40.08858],[-105.636,40.08455],[-105.63262,40.08145],[-105.63543,40.07495],[-105.64112,40.073],[-105.63887,40.06703],[-105.64181,40.06787],[-105.64669,40.06522],[-105.65106,40.05844],[-105.64446,40.04985],[-105.63749,40.04584],[-105.64064,40.03502],[-105.65279,40.02377],[-105.65191,40.0209],[-105.6588,40.01911],[-105.66161,40.01647],[-105.67014,40.01688],[-105.68072,40.01401],[-105.68783,40.01598],[-105.68982,40.01511],[-105.68847,40.00695],[-105.69105,40.00376],[-105.69119,39.99731],[-105.68904,39.99537],[-105.68321,39.99465],[-105.68316,39.99288],[-105.68748,39.98542],[-105.6849,39.97945],[-105.69034,39.96986],[-105.68824,39.95977],[-105.68511,39.95874],[-105.69435,39.95015],[-105.69176,39.94642],[-105.69369,39.9424],[-105.68294,39.93379],[-105.67508,39.93325],[-105.68227,39.92191],[-105.68219,39.91748],[-105.68598,39.91565],[-105.68786,39.9117],[-105.68723,39.90419],[-105.69031,39.9019],[-105.69112,39.89729],[-105.69972,39.8915],[-105.69769,39.88431],[-105.70078,39.87889],[-105.69685,39.8717],[-105.69612,39.86152],[-105.69035,39.852],[-105.69575,39.83948],[-105.70327,39.83671],[-105.71337,39.83821],[-105.71901,39.83191],[-105.71924,39.82754],[-105.72394,39.82464],[-105.72436,39.81823],[-105.73346,39.81254],[-105.73592,39.80499],[-105.75056,39.8013],[-105.76388,39.79498],[-105.77812,39.79848],[-105.78466,39.80243],[-105.79373,39.80194],[-105.79901,39.80343],[-105.80194,39.79934],[-105.80826,39.79733],[-105.81051,39.79147],[-105.81919,39.78983],[-105.82295,39.7856],[-105.83,39.78822],[-105.84409,39.78952],[-105.85148,39.78777],[-105.85494,39.79615],[-105.87231,39.79669],[-105.87557,39.79926],[-105.88739,39.797],[-105.88769,39.78902],[-105.89266,39.78264],[-105.88672,39.766],[-105.88048,39.7593],[-105.88484,39.75172],[-105.88237,39.74033],[-105.88944,39.73155],[-105.90672,39.72753],[-105.91178,39.71529],[-105.92141,39.70994],[-105.92462,39.69897],[-105.92004,39.69389],[-105.91958,39.69029],[-105.92133,39.68431],[-105.92703,39.6767],[-105.92668,39.67359],[-105.91075,39.66229],[-105.89681,39.66466],[-105.89395,39.65942],[-105.88486,39.65708],[-105.87961,39.66364],[-105.86477,39.66722],[-105.85995,39.65923],[-105.85661,39.65761],[-105.85434,39.64908],[-105.84866,39.64416],[-105.84155,39.64618],[-105.83492,39.642],[-105.82596,39.64093],[-105.82118,39.64269],[-105.81724,39.63356],[-105.79349,39.63638],[-105.78323,39.62994],[-105.78271,39.61796],[-105.77614,39.61108],[-105.77597,39.60514],[-105.78275,39.60014],[-105.80015,39.59342],[-105.80808,39.58339],[-105.81778,39.58078],[-105.8199,39.58223],[-105.83239,39.57757],[-105.83859,39.5723],[-105.8366,39.56879],[-105.82966,39.56487],[-105.7216,39.56527],[-105.58799,39.5682],[-105.50029,39.56614],[-105.39895,39.56606],[-105.39865,39.32619],[-105.39671,39.26488],[-105.39787,39.12956],[-105.33038,39.12969],[-105.32896,38.6972],[-105.44839,38.69758],[-105.6674,38.69482],[-105.85086,38.69392],[-105.88891,38.69515],[-105.94449,38.69309],[-106.02275,38.69418],[-106.02264,38.66533],[-106.08903,38.66513],[-106.07754,38.62605],[-106.08465,38.59417],[-106.0801,38.57029],[-106.08328,38.5542],[-106.07965,38.54899],[-106.07966,38.53566],[-106.06569,38.53521],[-106.03906,38.54382],[-106.02498,38.54173],[-106.01318,38.54268],[-106.01296,38.54515],[-106.0085,38.54496],[-106.00597,38.54205],[-106.00057,38.54382],[-105.99621,38.54188],[-105.98808,38.54182],[-105.98806,38.53844],[-105.98173,38.53394],[-105.97358,38.51841],[-105.95469,38.50607],[-105.94875,38.50683],[-105.9437,38.50364],[-105.93819,38.50335],[-106.01075,38.44657],[-106.01768,38.44869],[-106.01692,38.4518],[-106.01904,38.45442],[-106.03092,38.45355],[-106.04277,38.45827],[-106.05207,38.45422],[-106.05857,38.45694],[-106.06224,38.45033],[-106.05888,38.4481],[-106.05815,38.44425],[-106.07654,38.42365],[-106.10571,38.42218],[-106.24694,38.42277],[-106.24948,38.43324],[-106.24536,38.43917],[-106.26133,38.44235],[-106.26607,38.44174],[-106.27412,38.44689],[-106.27225,38.44878],[-106.27266,38.4552],[-106.28061,38.45434],[-106.28853,38.46137],[-106.29033,38.47325],[-106.30399,38.47776],[-106.31146,38.49487],[-106.31775,38.49488],[-106.32011,38.49769],[-106.32723,38.49759],[-106.33041,38.49373],[-106.34282,38.50288],[-106.34812,38.51187],[-106.3426,38.52154],[-106.34713,38.52876],[-106.35419,38.53338],[-106.3554,38.54256],[-106.35353,38.54997],[-106.34664,38.55886],[-106.34687,38.5651],[-106.34462,38.56856],[-106.35167,38.57691],[-106.35342,38.58147],[-106.3513,38.58349],[-106.36102,38.59449],[-106.35932,38.59939],[-106.3647,38.60589],[-106.3642,38.6145],[-106.3745,38.62085],[-106.38007,38.62042],[-106.38537,38.625],[-106.38517,38.63236],[-106.3799,38.63848],[-106.38579,38.63863],[-106.39016,38.64103],[-106.40119,38.6397],[-106.40172,38.64578],[-106.40794,38.64768],[-106.41772,38.64446],[-106.42955,38.65123],[-106.42909,38.65762],[-106.43221,38.66792],[-106.43807,38.67664],[-106.43786,38.6825],[-106.44018,38.68687],[-106.44596,38.68899],[-106.45213,38.69878],[-106.44349,38.70923],[-106.43166,38.70871],[-106.42527,38.71031],[-106.42347,38.72085],[-106.41667,38.72781],[-106.41675,38.73376],[-106.42005,38.73881],[-106.41801,38.74203],[-106.41999,38.75104],[-106.41508,38.75718],[-106.41928,38.76616],[-106.41382,38.77909],[-106.41676,38.78727],[-106.41288,38.79116],[-106.41459,38.79914],[-106.41791,38.80069],[-106.42273,38.80837],[-106.41505,38.81528],[-106.41618,38.82409],[-106.40713,38.82934],[-106.39565,38.8225],[-106.38363,38.82471],[-106.38175,38.83286],[-106.37882,38.83613],[-106.3704,38.83847],[-106.36446,38.84618],[-106.36504,38.85299],[-106.35689,38.85532],[-106.3493,38.85489],[-106.34894,38.86511],[-106.34011,38.87123],[-106.33585,38.87205],[-106.33678,38.87499],[-106.33406,38.88131],[-106.32751,38.8823],[-106.32604,38.88893],[-106.32131,38.8926],[-106.3261,38.911],[-106.33498,38.91167],[-106.33813,38.90872],[-106.34524,38.90707],[-106.35707,38.91295],[-106.36424,38.91094],[-106.36748,38.90692],[-106.37344,38.90661],[-106.37622,38.90954],[-106.37698,38.92267],[-106.38084,38.92569],[-106.39234,38.91878],[-106.39396,38.91225],[-106.40212,38.91062],[-106.4076,38.91476],[-106.41317,38.91627],[-106.41718,38.9209],[-106.41823,38.92663],[-106.42116,38.92809],[-106.43026,38.92491],[-106.43717,38.91491],[-106.44215,38.91557],[-106.45381,38.91275],[-106.45781,38.91008],[-106.46503,38.91035],[-106.47221,38.91593],[-106.48091,38.91864],[-106.48994,38.92632],[-106.49071,38.92968],[-106.50437,38.93685],[-106.50716,38.94609],[-106.51574,38.94866],[-106.51988,38.95397],[-106.52668,38.95541],[-106.52851,38.95988],[-106.52186,38.96867],[-106.52839,38.98073],[-106.53418,38.98229],[-106.54676,38.99108],[-106.55072,38.9917],[-106.55421,38.99871],[-106.55988,38.99853],[-106.56613,38.99379],[-106.56983,38.99448],[-106.57716,38.99044],[-106.58616,38.99281],[-106.59502,38.99107],[-106.59921,38.99799],[-106.59445,39.00419],[-106.59492,39.02081],[-106.59169,39.02492],[-106.59438,39.02996],[-106.59952,39.03379],[-106.59723,39.04482],[-106.58425,39.04719],[-106.57755,39.05321],[-106.57759,39.07276],[-106.57952,39.07557],[-106.57708,39.07944],[-106.58492,39.08483],[-106.58616,39.09405],[-106.58031,39.10216],[-106.56399,39.10604],[-106.56499,39.11401],[-106.55817,39.12022],[-106.56041,39.12845],[-106.56468,39.13294],[-106.55868,39.14385],[-106.56263,39.15195],[-106.56127,39.15568],[-106.55719,39.15671],[-106.55168,39.16147],[-106.5381,39.15801],[-106.53514,39.16315],[-106.52094,39.15735],[-106.51108,39.16353],[-106.50844,39.16777],[-106.51,39.17465],[-106.50821,39.17805],[-106.49961,39.18385],[-106.49817,39.1927],[-106.49365,39.19833],[-106.49387,39.21932],[-106.48971,39.22798],[-106.49874,39.23493],[-106.49765,39.24202],[-106.48825,39.24926],[-106.48106,39.25989],[-106.48407,39.2654],[-106.48295,39.27244],[-106.48983,39.27314],[-106.49363,39.27798],[-106.49854,39.27933],[-106.50403,39.28476],[-106.50165,39.29982],[-106.49251,39.304],[-106.48512,39.31257],[-106.47876,39.31422],[-106.47622,39.31475],[-106.47336,39.30884],[-106.46827,39.30731],[-106.46586,39.31146],[-106.45973,39.31301],[-106.45422,39.31226],[-106.45065,39.3167],[-106.44405,39.31522],[-106.43977,39.31732],[-106.43246,39.31635],[-106.42695,39.32335],[-106.42845,39.33513],[-106.43228,39.33596],[-106.43493,39.3411],[-106.43348,39.35417],[-106.42815,39.36089],[-106.41478,39.36749],[-106.40515,39.37893],[-106.40063,39.38096],[-106.38063,39.37615],[-106.3782,39.3694],[-106.37082,39.36064],[-106.36447,39.35997],[-106.35802,39.35514],[-106.35174,39.35368],[-106.33925,39.35906],[-106.32122,39.35927],[-106.3116,39.36222],[-106.30256,39.36112],[-106.29631,39.35734],[-106.29531,39.35294],[-106.28569,39.35213],[-106.28381,39.34947],[-106.27095,39.35807],[-106.26382,39.35877],[-106.25907,39.36201],[-106.25098,39.35763],[-106.25015,39.3607],[-106.23952,39.36567],[-106.23392,39.37294],[-106.2269,39.37417],[-106.22563,39.37963],[-106.20673,39.37964],[-106.2104,39.38412],[-106.20312,39.38961],[-106.20124,39.39593],[-106.21786,39.40835],[-106.21898,39.41233],[-106.22977,39.41605],[-106.23006,39.42226],[-106.23269,39.42625],[-106.22692,39.42863],[-106.22325,39.43381],[-106.23599,39.44596],[-106.23892,39.45136],[-106.23852,39.45517],[-106.25164,39.46504],[-106.25148,39.47671],[-106.24555,39.48939],[-106.24729,39.4913],[-106.25963,39.49497],[-106.25688,39.49966],[-106.24947,39.50397],[-106.24642,39.51275],[-106.25577,39.5199],[-106.2544,39.52741],[-106.25589,39.53181],[-106.24829,39.54425],[-106.24342,39.54412],[-106.23675,39.54859],[-106.23498,39.54785],[-106.23491,39.54349],[-106.22886,39.53841],[-106.22491,39.53139],[-106.21731,39.53203],[-106.21127,39.53013],[-106.20993,39.54694],[-106.19809,39.55028],[-106.19627,39.55689],[-106.20572,39.55821],[-106.20921,39.56259],[-106.21029,39.57167],[-106.21493,39.57475],[-106.21395,39.58202],[-106.21086,39.5868],[-106.21045,39.59557],[-106.20566,39.60387],[-106.20211,39.60584],[-106.19397,39.6055],[-106.18494,39.60226],[-106.1776,39.60906],[-106.17611,39.63397],[-106.18384,39.65215],[-106.18921,39.65334],[-106.19439,39.65112],[-106.2077,39.65529],[-106.21716,39.65459],[-106.21997,39.66259],[-106.22782,39.66084],[-106.23484,39.66203],[-106.24039,39.66814],[-106.23874,39.68027],[-106.2469,39.68065],[-106.25226,39.67898],[-106.25965,39.68081],[-106.26124,39.68579],[-106.2659,39.68954],[-106.26278,39.69671],[-106.26411,39.70129],[-106.27205,39.70435],[-106.2774,39.69954],[-106.29092,39.70407],[-106.29835,39.72057],[-106.31201,39.72519],[-106.32048,39.73167],[-106.32542,39.73323],[-106.33081,39.73927],[-106.33537,39.74936],[-106.34211,39.75303],[-106.34346,39.75899],[-106.35074,39.75688],[-106.35437,39.75235],[-106.36365,39.75208],[-106.37054,39.75661],[-106.3742,39.76222],[-106.37922,39.76304],[-106.38548,39.76716],[-106.39103,39.77694],[-106.38903,39.7877],[-106.39431,39.79056],[-106.39686,39.79009],[-106.39642,39.79578],[-106.40128,39.79986],[-106.4011,39.80565],[-106.40716,39.8128],[-106.41201,39.82867],[-106.42061,39.84],[-106.42374,39.84142],[-106.42557,39.84549],[-106.42363,39.85011],[-106.43293,39.86528],[-106.43396,39.87737],[-106.4281,39.88216],[-106.43014,39.90715],[-106.43287,39.91261],[-106.43918,39.91563],[-106.4403,39.91832],[-106.43451,39.92491],[-106.62657,39.92478],[-106.62611,39.99999],[-106.62653,40.00187],[-106.63703,40.00211],[-106.63699,40.17898],[-106.63312,40.179],[-106.63226,40.34156],[-106.65283,40.34156],[-106.65153,40.44938],[-106.65581,40.45019],[-106.65896,40.45938],[-106.65788,40.47156],[-106.6653,40.47052],[-106.66739,40.47374],[-106.66328,40.48027],[-106.65623,40.48441],[-106.65931,40.4902],[-106.65393,40.49244],[-106.65311,40.49473],[-106.6564,40.50095],[-106.6556,40.50851],[-106.66111,40.51194],[-106.65907,40.51458],[-106.67312,40.52246],[-106.67366,40.52586],[-106.66984,40.53445],[-106.67669,40.53803],[-106.67824,40.54405],[-106.6837,40.5448],[-106.68622,40.55133],[-106.69285,40.55664],[-106.69219,40.56354],[-106.70234,40.57802],[-106.69397,40.59445],[-106.69507,40.59801],[-106.69827,40.59939],[-106.70456,40.60759],[-106.70622,40.61561],[-106.70106,40.62551],[-106.70362,40.62777],[-106.69826,40.62748],[-106.69421,40.6329],[-106.68677,40.63473],[-106.68866,40.63965],[-106.68014,40.64804],[-106.68206,40.64968],[-106.68773,40.64987],[-106.69208,40.65775],[-106.69183,40.65996],[-106.68557,40.66288],[-106.68689,40.67273],[-106.68106,40.67517],[-106.68735,40.68268],[-106.68023,40.68368],[-106.67948,40.68592],[-106.67286,40.68834],[-106.66795,40.6963],[-106.67254,40.70691],[-106.66873,40.71104],[-106.67119,40.71638],[-106.66998,40.72071],[-106.67381,40.72402],[-106.66952,40.72879],[-106.67104,40.73282],[-106.67669,40.73663],[-106.66833,40.73912],[-106.66295,40.74302],[-106.66519,40.74886],[-106.66131,40.75335],[-106.6695,40.75966],[-106.6697,40.7617],[-106.65924,40.77286],[-106.64916,40.77539],[-106.64827,40.78185],[-106.63692,40.78949],[-106.63554,40.80476],[-106.63714,40.80921],[-106.63548,40.81137],[-106.64341,40.82145],[-106.65911,40.82375],[-106.66003,40.82665],[-106.66399,40.8282],[-106.66404,40.83497],[-106.6613,40.8409],[-106.66264,40.84334],[-106.65447,40.84554],[-106.65454,40.84912],[-106.65811,40.8537],[-106.66452,40.85676],[-106.66462,40.8592],[-106.66684,40.85916],[-106.66816,40.86514],[-106.67948,40.86956],[-106.6803,40.8743],[-106.68616,40.88062],[-106.68588,40.88582],[-106.69416,40.88802],[-106.69998,40.8848],[-106.70576,40.876],[-106.72779,40.87129],[-106.73828,40.87307],[-106.73934,40.87084],[-106.74682,40.88209],[-106.74085,40.8898],[-106.75001,40.89377],[-106.76112,40.89405],[-106.76493,40.89637],[-106.77006,40.8965],[-106.76754,40.89864],[-106.769,40.90414],[-106.78091,40.90704],[-106.78859,40.90284],[-106.78761,40.9006],[-106.7941,40.90074],[-106.7987,40.89622],[-106.8049,40.89731],[-106.80975,40.89975],[-106.80538,40.90233],[-106.81131,40.91595],[-106.81901,40.91864],[-106.81875,40.92254],[-106.8248,40.93201],[-106.82506,40.92885],[-106.82936,40.92426],[-106.85235,40.92518],[-106.8487,40.92672],[-106.85239,40.92973],[-106.8519,40.93355],[-106.85612,40.93498],[-106.85601,40.93733],[-106.86244,40.94147],[-106.86348,40.95241],[-106.86978,40.95622],[-106.87322,40.97364]]]}},{"type":"Feature","properties":{"d":14,"label":[-104.85537,38.94594],"area":42.7},"geometry":{"type":"Polygon","coordinates":[[[-104.9004,38.9513],[-104.89153,38.95119],[-104.89162,38.95474],[-104.83621,38.9546],[-104.82165,38.94753],[-104.81158,38.94019],[-104.81013,38.94745],[-104.79844,38.95475],[-104.79816,38.97658],[-104.80533,38.97571],[-104.80751,38.97868],[-104.81223,38.99089],[-104.81225,38.99661],[-104.81713,39.00109],[-104.83115,39.02718],[-104.82765,39.0283],[-104.82664,39.0348],[-104.80918,39.03458],[-104.80911,39.03101],[-104.81254,39.02919],[-104.8125,39.02724],[-104.80327,39.0272],[-104.79894,39.0274],[-104.79891,39.03106],[-104.78999,39.03446],[-104.77561,39.03526],[-104.78006,39.02283],[-104.7798,39.01113],[-104.77837,39.00917],[-104.76801,39.01262],[-104.75669,39.01272],[-104.75666,39.0055],[-104.76594,39.00553],[-104.76598,38.99818],[-104.75667,38.99826],[-104.75662,38.98373],[-104.70038,38.98385],[-104.7011,38.94107],[-104.71955,38.94031],[-104.7202,38.94852],[-104.72732,38.95641],[-104.73278,38.95446],[-104.74315,38.95446],[-104.75034,38.95674],[-104.76416,38.95671],[-104.76521,38.9514],[-104.77321,38.94656],[-104.77506,38.94228],[-104.77502,38.94026],[-104.76603,38.94019],[-104.76601,38.9351],[-104.77107,38.93309],[-104.79614,38.93255],[-104.79323,38.92873],[-104.79382,38.92571],[-104.79706,38.92461],[-104.8114,38.92584],[-104.81411,38.92078],[-104.81253,38.91463],[-104.81342,38.91097],[-104.81605,38.91096],[-104.81774,38.89765],[-104.85891,38.89663],[-104.87224,38.89793],[-104.87421,38.89624],[-104.87391,38.88387],[-104.86932,38.87645],[-104.86552,38.86086],[-104.87047,38.86094],[-104.8706,38.85873],[-104.87265,38.85828],[-104.87757,38.86004],[-104.88039,38.85637],[-104.88179,38.8568],[-104.87983,38.86043],[-104.88691,38.86276],[-104.88671,38.93671],[-104.89127,38.93782],[-104.89126,38.94034],[-104.8867,38.94033],[-104.88676,38.94394],[-104.89131,38.94392],[-104.89135,38.94749],[-104.90039,38.94763],[-104.9004,38.9513]]]}},{"type":"Feature","properties":{"d":15,"label":[-104.66901,38.84117],"area":87.9},"geometry":{"type":"Polygon","coordinates":[[[-104.72068,38.8346],[-104.71974,38.94031],[-104.7011,38.94107],[-104.70072,38.95486],[-104.68838,38.95491],[-104.6917,38.95173],[-104.69177,38.94817],[-104.68262,38.94821],[-104.68256,38.95183],[-104.67318,38.95186],[-104.67335,38.94058],[-104.62942,38.94044],[-104.62754,38.9389],[-104.62755,38.9264],[-104.62054,38.9264],[-104.61107,38.93163],[-104.60822,38.93053],[-104.6077,38.9262],[-104.61775,38.92631],[-104.62659,38.91325],[-104.62645,38.89347],[-104.62172,38.89349],[-104.62176,38.88987],[-104.61713,38.88987],[-104.61718,38.88262],[-104.62183,38.88263],[-104.62179,38.88624],[-104.62643,38.88625],[-104.62661,38.86995],[-104.636,38.86997],[-104.63603,38.86816],[-104.61728,38.86812],[-104.61728,38.86439],[-104.61262,38.8644],[-104.61261,38.86811],[-104.60793,38.8681],[-104.60795,38.86441],[-104.59869,38.86421],[-104.59872,38.85688],[-104.60336,38.85695],[-104.60335,38.85329],[-104.59868,38.85324],[-104.59875,38.84894],[-104.61266,38.84974],[-104.61268,38.84612],[-104.61875,38.84614],[-104.61736,38.83884],[-104.5349,38.83867],[-104.53465,38.81687],[-104.48861,38.81685],[-104.48812,38.78797],[-104.51587,38.78799],[-104.51568,38.7809],[-104.54144,38.78085],[-104.54792,38.78328],[-104.54824,38.7792],[-104.55227,38.77421],[-104.55258,38.76816],[-104.55518,38.76622],[-104.6085,38.76644],[-104.60829,38.7486],[-104.62709,38.73013],[-104.63233,38.72695],[-104.63854,38.72846],[-104.63854,38.73026],[-104.65059,38.73025],[-104.65236,38.72752],[-104.64994,38.73747],[-104.6827,38.73747],[-104.68267,38.76098],[-104.65966,38.76218],[-104.65956,38.78095],[-104.65341,38.78985],[-104.66025,38.8014],[-104.66883,38.80726],[-104.68188,38.82345],[-104.68278,38.83815],[-104.69186,38.83895],[-104.69192,38.83674],[-104.70138,38.83675],[-104.70138,38.83897],[-104.70606,38.83894],[-104.7061,38.83171],[-104.71075,38.83171],[-104.71069,38.83616],[-104.71887,38.83617],[-104.71887,38.83351],[-104.72068,38.8346]]]}},{"type":"Feature","properties":{"d":16,"label":[-104.79581,38.87437],"area":24.6},"geometry":{"type":"Polygon","coordinates":[[[-104.83582,38.88262],[-104.83002,38.89686],[-104.81774,38.89765],[-104.81605,38.91096],[-104.81342,38.91097],[-104.81253,38.91463],[-104.81411,38.92078],[-104.8114,38.92584],[-104.79706,38.92461],[-104.79382,38.92571],[-104.79304,38.92255],[-104.7868,38.91859],[-104.78666,38.90934],[-104.76476,38.89999],[-104.75751,38.89314],[-104.75734,38.8597],[-104.74774,38.86176],[-104.7386,38.86778],[-104.72749,38.86803],[-104.71989,38.8721],[-104.72066,38.83894],[-104.74805,38.83969],[-104.74608,38.83395],[-104.74977,38.83456],[-104.75444,38.83195],[-104.77589,38.83271],[-104.77615,38.82788],[-104.7805,38.82533],[-104.79113,38.82524],[-104.79435,38.82349],[-104.79471,38.83294],[-104.81293,38.83356],[-104.81007,38.85022],[-104.83186,38.85075],[-104.83582,38.88262]]]}},{"type":"Feature","properties":{"d":17,"label":[-104.73435,38.7962],"area":34.9},"geometry":{"type":"Polygon","coordinates":[[[-104.82244,38.81838],[-104.8155,38.81759],[-104.81744,38.82282],[-104.81617,38.82788],[-104.81323,38.82787],[-104.81293,38.83356],[-104.79471,38.83294],[-104.79511,38.82625],[-104.79319,38.8235],[-104.79113,38.82524],[-104.7805,38.82533],[-104.77615,38.82788],[-104.77589,38.83271],[-104.75444,38.83195],[-104.74977,38.83456],[-104.74608,38.83395],[-104.74805,38.83969],[-104.72066,38.83894],[-104.72066,38.83348],[-104.71779,38.83448],[-104.71887,38.83617],[-104.71069,38.83616],[-104.71075,38.83171],[-104.7061,38.83171],[-104.70606,38.83894],[-104.70138,38.83897],[-104.70138,38.83675],[-104.69192,38.83674],[-104.69186,38.83895],[-104.68278,38.83815],[-104.68188,38.82345],[-104.66883,38.80726],[-104.66052,38.80172],[-104.65341,38.79023],[-104.65956,38.78095],[-104.65966,38.76218],[-104.68267,38.76098],[-104.68416,38.76409],[-104.68861,38.76612],[-104.71592,38.76644],[-104.72038,38.77032],[-104.7206,38.78088],[-104.73072,38.78136],[-104.73869,38.77983],[-104.7387,38.77735],[-104.73924,38.7804],[-104.7537,38.78051],[-104.75615,38.77922],[-104.75795,38.77024],[-104.76674,38.76484],[-104.75922,38.75969],[-104.75843,38.75511],[-104.76063,38.75332],[-104.7796,38.76881],[-104.78394,38.77634],[-104.78496,38.76871],[-104.78678,38.76756],[-104.77802,38.76657],[-104.77639,38.76485],[-104.79854,38.76571],[-104.79923,38.7836],[-104.79626,38.78714],[-104.80272,38.79197],[-104.8035,38.79558],[-104.8174,38.7978],[-104.8178,38.80298],[-104.82227,38.80669],[-104.82244,38.81838]]]}},{"type":"Feature","properties":{"d":18,"label":[-104.87167,38.79563],"area":182.4},"geometry":{"type":"Polygon","coordinates":[[[-105.07218,38.79938],[-105.06644,38.86918],[-105.02863,38.86873],[-105.02734,38.93081],[-105.04107,38.93055],[-105.04119,38.93781],[-105.03434,38.9379],[-105.03437,38.93608],[-105.03194,38.9361],[-105.0319,38.93793],[-105.02726,38.93808],[-105.0273,38.98538],[-105.02994,38.99963],[-105.02751,39.01957],[-105.02175,39.02224],[-105.01366,39.02064],[-105.0123,39.02537],[-105.01211,39.01379],[-105.01618,39.00952],[-105.01486,39.00547],[-105.022,39.00044],[-105.02453,38.99563],[-105.01634,38.98283],[-105.00999,38.97919],[-105.00844,38.97424],[-104.99904,38.96214],[-104.98748,38.95727],[-104.98314,38.95114],[-104.97879,38.95132],[-104.97376,38.94861],[-104.97043,38.94921],[-104.96373,38.94311],[-104.96032,38.93793],[-104.96211,38.93128],[-104.95754,38.92806],[-104.96113,38.9213],[-104.95313,38.91814],[-104.95476,38.91615],[-104.95057,38.91355],[-104.94895,38.91529],[-104.94347,38.91527],[-104.94128,38.91767],[-104.9362,38.9178],[-104.93845,38.91608],[-104.93415,38.91749],[-104.93645,38.91623],[-104.93535,38.911],[-104.92309,38.91039],[-104.92089,38.90865],[-104.92193,38.90783],[-104.92284,38.90937],[-104.9249,38.90986],[-104.92295,38.90727],[-104.91972,38.90705],[-104.91702,38.90395],[-104.91551,38.90463],[-104.91342,38.90117],[-104.9106,38.90066],[-104.9101,38.90332],[-104.90936,38.90355],[-104.91023,38.90159],[-104.90761,38.89938],[-104.91135,38.89929],[-104.91365,38.8932],[-104.89853,38.8933],[-104.89634,38.89692],[-104.88619,38.89689],[-104.88691,38.86276],[-104.87983,38.86043],[-104.88179,38.8568],[-104.87832,38.85713],[-104.87757,38.86004],[-104.87265,38.85828],[-104.8706,38.85873],[-104.87047,38.86094],[-104.86552,38.86086],[-104.87494,38.88931],[-104.87515,38.89495],[-104.87224,38.89793],[-104.8699,38.89674],[-104.83002,38.89686],[-104.83581,38.88323],[-104.83186,38.85075],[-104.81007,38.85022],[-104.81323,38.82787],[-104.81617,38.82788],[-104.81744,38.82282],[-104.81541,38.81776],[-104.82244,38.81838],[-104.82227,38.80669],[-104.8178,38.80298],[-104.8174,38.7978],[-104.8035,38.79558],[-104.80272,38.79197],[-104.79626,38.78714],[-104.79923,38.7836],[-104.79887,38.76656],[-104.81242,38.7666],[-104.81079,38.74783],[-104.80765,38.73756],[-104.81821,38.72776],[-104.81962,38.71089],[-104.85095,38.67438],[-104.86208,38.66922],[-104.86608,38.65395],[-104.86453,38.64395],[-104.875,38.62593],[-104.89997,38.60816],[-104.91729,38.58586],[-104.94213,38.56754],[-104.94223,38.69627],[-104.93972,38.69632],[-104.93896,38.71052],[-104.93987,38.79654],[-104.94877,38.79856],[-105.01555,38.79782],[-105.07218,38.79938]]]}},{"type":"Feature","properties":{"d":19,"label":[-105.01829,40.10252],"area":146.4},"geometry":{"type":"Polygon","coordinates":[[[-105.13116,40.04529],[-105.13102,40.13074],[-105.11676,40.13069],[-105.1025,40.13413],[-105.07424,40.13481],[-105.07424,40.13985],[-105.05539,40.13826],[-105.05533,40.16019],[-105.06615,40.15886],[-105.07394,40.16236],[-105.07416,40.2033],[-105.0174,40.20391],[-105.01829,40.17483],[-104.99847,40.17516],[-104.99536,40.17198],[-104.99258,40.17179],[-104.98887,40.17418],[-104.97919,40.17499],[-104.97885,40.18185],[-104.97003,40.18329],[-104.97014,40.18975],[-104.96064,40.18979],[-104.96058,40.20425],[-104.8859,40.20383],[-104.88576,40.15981],[-104.90449,40.1601],[-104.90521,40.09485],[-104.88649,40.09477],[-104.8863,40.08003],[-104.86759,40.07973],[-104.86861,40.06565],[-104.87625,40.06539],[-104.87623,40.06186],[-104.88629,40.06186],[-104.88781,40.04225],[-104.88625,40.04088],[-104.88597,40.00036],[-104.96154,40.0004],[-104.96107,40.04414],[-104.97924,40.04376],[-104.98006,40.02933],[-104.9865,40.02931],[-104.98654,40.0258],[-104.99901,40.02578],[-104.99901,40.02351],[-104.99674,40.02351],[-104.99678,40.02082],[-104.99901,40.02063],[-104.99579,40.02036],[-104.99907,40.01489],[-104.98961,40.01489],[-104.98965,40.00768],[-105.00799,40.00758],[-105.00791,40.00048],[-105.05552,40.00025],[-105.05596,40.00567],[-105.06045,40.00037],[-105.07459,40.00036],[-105.0746,40.01487],[-105.09681,40.01465],[-105.09768,40.01107],[-105.10292,40.01108],[-105.10264,40.04765],[-105.10728,40.0483],[-105.11234,40.04651],[-105.11238,40.04869],[-105.13116,40.04529]]]}},{"type":"Feature","properties":{"d":20,"label":[-104.64543,39.01082],"area":312.0},"geometry":{"type":"Polygon","coordinates":[[[-105.03347,39.12978],[-104.55177,39.12943],[-104.55216,39.10044],[-104.5706,39.1003],[-104.57134,39.04247],[-104.53907,39.04258],[-104.53603,39.03598],[-104.53409,39.01629],[-104.53414,38.95474],[-104.55267,38.9549],[-104.55292,38.92531],[-104.6077,38.9262],[-104.60822,38.93053],[-104.61107,38.93163],[-104.62054,38.9264],[-104.62755,38.9264],[-104.62754,38.9389],[-104.62942,38.94044],[-104.67335,38.94058],[-104.67318,38.95186],[-104.68256,38.95183],[-104.68262,38.94821],[-104.69177,38.94817],[-104.6917,38.95173],[-104.68838,38.95491],[-104.70072,38.95486],[-104.70038,38.98385],[-104.75662,38.98373],[-104.75667,38.99826],[-104.76598,38.99818],[-104.76594,39.00553],[-104.75666,39.0055],[-104.75669,39.01272],[-104.76801,39.01262],[-104.77837,39.00917],[-104.7798,39.01113],[-104.78006,39.02283],[-104.77561,39.03526],[-104.78999,39.03446],[-104.79891,39.03106],[-104.79894,39.0274],[-104.80327,39.0272],[-104.8125,39.02724],[-104.81254,39.02919],[-104.80911,39.03101],[-104.80918,39.03458],[-104.82664,39.0348],[-104.82765,39.0283],[-104.83115,39.02718],[-104.81713,39.00109],[-104.81225,38.99661],[-104.81223,38.99089],[-104.80751,38.97868],[-104.80533,38.97571],[-104.79816,38.97658],[-104.79844,38.95475],[-104.81013,38.94745],[-104.81158,38.94019],[-104.82165,38.94753],[-104.83621,38.9546],[-104.89162,38.95474],[-104.89153,38.95119],[-104.9004,38.9513],[-104.90039,38.94763],[-104.89135,38.94749],[-104.89131,38.94392],[-104.88676,38.94394],[-104.8867,38.94033],[-104.89126,38.94034],[-104.89127,38.93673],[-104.88671,38.93671],[-104.88708,38.89679],[-104.89634,38.89692],[-104.89853,38.8933],[-104.91365,38.8932],[-104.91135,38.89929],[-104.90761,38.89938],[-104.91023,38.90159],[-104.90936,38.90355],[-104.9101,38.90332],[-104.9106,38.90066],[-104.91342,38.90117],[-104.91551,38.90463],[-104.91702,38.90395],[-104.91972,38.90705],[-104.92295,38.90727],[-104.9249,38.90986],[-104.92089,38.90865],[-104.92309,38.91039],[-104.93535,38.911],[-104.93646,38.91619],[-104.93421,38.91752],[-104.93845,38.91608],[-104.9362,38.9178],[-104.94128,38.91767],[-104.94347,38.91527],[-104.94895,38.91529],[-104.95057,38.91355],[-104.95482,38.91623],[-104.95313,38.91814],[-104.96079,38.92079],[-104.95754,38.92806],[-104.96215,38.93138],[-104.96121,38.94035],[-104.97026,38.94912],[-104.98365,38.95138],[-104.98748,38.95727],[-104.99206,38.958],[-105.00228,38.96476],[-105.00988,38.97906],[-105.01634,38.98283],[-105.0237,38.99338],[-105.0242,38.99802],[-105.01486,39.00547],[-105.01618,39.00952],[-105.01211,39.01379],[-105.01157,39.02347],[-105.0123,39.02537],[-105.01385,39.02058],[-105.02175,39.02224],[-105.02751,39.01957],[-105.03347,39.12978]]]}},{"type":"Feature","properties":{"d":21,"label":[-104.77382,38.6504],"area":204.3},"geometry":{"type":"Polygon","coordinates":[[[-104.94213,38.56754],[-104.91729,38.58586],[-104.89997,38.60816],[-104.87564,38.62498],[-104.86453,38.64395],[-104.86608,38.65395],[-104.86208,38.66922],[-104.85095,38.67438],[-104.81994,38.71029],[-104.81821,38.72776],[-104.80765,38.73756],[-104.81079,38.74783],[-104.81242,38.7666],[-104.77639,38.76485],[-104.77802,38.76657],[-104.78678,38.76756],[-104.78496,38.76871],[-104.78394,38.77634],[-104.7796,38.76881],[-104.76063,38.75332],[-104.75843,38.75511],[-104.75922,38.75969],[-104.76674,38.76484],[-104.75795,38.77024],[-104.75578,38.77956],[-104.73924,38.7804],[-104.7387,38.77735],[-104.73869,38.77983],[-104.73248,38.7811],[-104.7206,38.78088],[-104.72038,38.77032],[-104.71718,38.7669],[-104.68887,38.76616],[-104.68371,38.76363],[-104.6827,38.73747],[-104.64994,38.73747],[-104.65323,38.72773],[-104.65059,38.73025],[-104.63854,38.73026],[-104.64141,38.72697],[-104.64146,38.723],[-104.62828,38.72308],[-104.6274,38.71214],[-104.62381,38.71176],[-104.62712,38.70513],[-104.62764,38.69399],[-104.59915,38.69402],[-104.59918,38.69029],[-104.6054,38.6903],[-104.60543,38.68661],[-104.60905,38.68662],[-104.60916,38.67927],[-104.62303,38.6793],[-104.62305,38.68095],[-104.62705,38.68091],[-104.6271,38.68263],[-104.63343,38.68258],[-104.63336,38.67927],[-104.63661,38.67927],[-104.63644,38.66482],[-104.66395,38.66458],[-104.66397,38.65738],[-104.68243,38.65725],[-104.68252,38.66354],[-104.68538,38.66351],[-104.67282,38.61759],[-104.66792,38.58862],[-104.64727,38.56328],[-104.65155,38.56325],[-104.63068,38.51992],[-104.94158,38.51957],[-104.94213,38.56754]]]}},{"type":"Feature","properties":{"d":22,"label":[-104.75228,38.90821],"area":17.1},"geometry":{"type":"Polygon","coordinates":[[[-104.79614,38.93255],[-104.77107,38.93309],[-104.76601,38.9351],[-104.76603,38.94019],[-104.77502,38.94026],[-104.77506,38.94228],[-104.77321,38.94656],[-104.76521,38.9514],[-104.76416,38.95671],[-104.75034,38.95674],[-104.74315,38.95446],[-104.73278,38.95446],[-104.72732,38.95641],[-104.72469,38.95438],[-104.71951,38.94495],[-104.71989,38.8721],[-104.72749,38.86803],[-104.7386,38.86778],[-104.74774,38.86176],[-104.75734,38.8597],[-104.75751,38.89314],[-104.76476,38.89999],[-104.78713,38.90981],[-104.7868,38.91859],[-104.79344,38.92306],[-104.79332,38.92937],[-104.79614,38.93255]]]}},{"type":"Feature","properties":{"d":23,"label":[-105.13933,39.73058],"area":29.0},"geometry":{"type":"Polygon","coordinates":[[[-105.19727,39.69579],[-105.19892,39.7036],[-105.19339,39.7036],[-105.19082,39.71117],[-105.17503,39.71097],[-105.17482,39.71294],[-105.1655,39.71296],[-105.16551,39.71121],[-105.15437,39.71107],[-105.15404,39.72471],[-105.16566,39.72401],[-105.16611,39.72838],[-105.16904,39.72948],[-105.16906,39.7315],[-105.16664,39.73185],[-105.16783,39.73285],[-105.16495,39.73516],[-105.16658,39.74018],[-105.16092,39.74137],[-105.16227,39.74323],[-105.16375,39.7418],[-105.16333,39.74487],[-105.16545,39.74384],[-105.16544,39.74725],[-105.15648,39.74732],[-105.15559,39.74463],[-105.15108,39.74733],[-105.14519,39.75513],[-105.14321,39.76187],[-105.14574,39.76184],[-105.14731,39.76547],[-105.152,39.76543],[-105.15204,39.77156],[-105.16444,39.77279],[-105.16539,39.77441],[-105.16301,39.77511],[-105.16391,39.77618],[-105.14082,39.77876],[-105.14124,39.78538],[-105.13804,39.78539],[-105.13798,39.79094],[-105.13547,39.79376],[-105.13108,39.79366],[-105.13062,39.791],[-105.12855,39.79381],[-105.12852,39.78737],[-105.1238,39.78739],[-105.12379,39.79462],[-105.12212,39.79463],[-105.12212,39.79101],[-105.11991,39.79102],[-105.11908,39.79464],[-105.11431,39.79466],[-105.11434,39.78643],[-105.10979,39.78745],[-105.1097,39.7902],[-105.10491,39.79033],[-105.10489,39.78827],[-105.10018,39.78899],[-105.10019,39.78712],[-105.09552,39.78795],[-105.09665,39.78905],[-105.0861,39.78909],[-105.08612,39.78673],[-105.09237,39.78684],[-105.09394,39.78403],[-105.07206,39.78462],[-105.07342,39.78721],[-105.0674,39.78839],[-105.06265,39.78834],[-105.06266,39.78385],[-105.05318,39.7838],[-105.05448,39.75484],[-105.05958,39.75594],[-105.06323,39.75481],[-105.06205,39.75847],[-105.06503,39.75848],[-105.06608,39.75481],[-105.10957,39.75472],[-105.10955,39.7009],[-105.11977,39.687],[-105.11955,39.67489],[-105.14716,39.67481],[-105.14722,39.66681],[-105.15035,39.66563],[-105.15484,39.67123],[-105.15545,39.67604],[-105.16076,39.68136],[-105.16654,39.68039],[-105.18276,39.68459],[-105.18459,39.69275],[-105.19401,39.69268],[-105.1936,39.69694],[-105.19727,39.69579]]]}},{"type":"Feature","properties":{"d":24,"label":[-105.13391,39.80548],"area":25.9},"geometry":{"type":"Polygon","coordinates":[[[-105.22446,39.80217],[-105.22168,39.8223],[-105.21537,39.81894],[-105.214,39.81626],[-105.20325,39.81616],[-105.19819,39.81272],[-105.19815,39.82306],[-105.19276,39.82666],[-105.14945,39.82707],[-105.1462,39.83069],[-105.1358,39.83073],[-105.13584,39.83263],[-105.12851,39.83266],[-105.1289,39.84206],[-105.11009,39.84197],[-105.10981,39.83083],[-105.09154,39.83077],[-105.08934,39.82805],[-105.08149,39.82876],[-105.08155,39.83044],[-105.07207,39.8305],[-105.07205,39.82731],[-105.06224,39.82727],[-105.06224,39.82369],[-105.05327,39.82367],[-105.05327,39.82003],[-105.04403,39.81749],[-105.04401,39.80426],[-105.04051,39.80446],[-105.0405,39.80287],[-105.05289,39.80086],[-105.05325,39.79106],[-105.0644,39.79108],[-105.06499,39.78836],[-105.07342,39.78721],[-105.07206,39.78462],[-105.09394,39.78403],[-105.09237,39.78684],[-105.08612,39.78673],[-105.0861,39.78909],[-105.09665,39.78905],[-105.09552,39.78795],[-105.10019,39.78712],[-105.10018,39.78899],[-105.10489,39.78827],[-105.10491,39.79033],[-105.1097,39.7902],[-105.10979,39.78745],[-105.11434,39.78643],[-105.11431,39.79466],[-105.11908,39.79464],[-105.11991,39.79102],[-105.12212,39.79101],[-105.12212,39.79463],[-105.12379,39.79462],[-105.1238,39.78739],[-105.12852,39.78737],[-105.12855,39.79381],[-105.13062,39.791],[-105.13108,39.79366],[-105.13547,39.79376],[-105.13798,39.79094],[-105.13804,39.78539],[-105.14124,39.78538],[-105.14082,39.77876],[-105.16391,39.77618],[-105.16301,39.77511],[-105.16539,39.77441],[-105.16444,39.77279],[-105.15673,39.77311],[-105.15525,39.77249],[-105.17476,39.77146],[-105.17494,39.78661],[-105.18189,39.78722],[-105.18177,39.78577],[-105.18415,39.78579],[-105.18598,39.78713],[-105.18419,39.78355],[-105.18927,39.78355],[-105.19123,39.77626],[-105.18887,39.77549],[-105.18909,39.77236],[-105.19987,39.76937],[-105.20137,39.76955],[-105.19372,39.77337],[-105.19135,39.77704],[-105.19087,39.79081],[-105.19334,39.7908],[-105.1934,39.79374],[-105.19771,39.79387],[-105.20318,39.79733],[-105.20437,39.80463],[-105.2091,39.80195],[-105.22446,39.80217]]]}},{"type":"Feature","properties":{"d":25,"label":[-105.26849,39.4232],"area":468.1},"geometry":{"type":"Polygon","coordinates":[[[-105.39865,39.32619],[-105.39835,39.71715],[-105.39334,39.71554],[-105.37266,39.71586],[-105.3654,39.71263],[-105.35435,39.71205],[-105.34223,39.70417],[-105.334,39.70166],[-105.32971,39.70236],[-105.31162,39.7144],[-105.274,39.70578],[-105.25084,39.70406],[-105.24166,39.70178],[-105.23685,39.6987],[-105.21873,39.69622],[-105.20895,39.6957],[-105.20195,39.70243],[-105.19804,39.70034],[-105.19727,39.69579],[-105.1936,39.69694],[-105.19401,39.69268],[-105.18459,39.69275],[-105.18489,39.68911],[-105.18274,39.68913],[-105.18278,39.6819],[-105.19073,39.68186],[-105.18867,39.67708],[-105.18948,39.67097],[-105.18763,39.66739],[-105.18474,39.66739],[-105.18466,39.66373],[-105.17238,39.6639],[-105.17235,39.66743],[-105.16565,39.66755],[-105.16557,39.6603],[-105.16237,39.66028],[-105.16758,39.65451],[-105.1732,39.65665],[-105.17332,39.65911],[-105.17691,39.65908],[-105.17126,39.65358],[-105.17981,39.65344],[-105.18033,39.64946],[-105.18192,39.64946],[-105.16767,39.63649],[-105.17227,39.63326],[-105.16552,39.6261],[-105.16091,39.61686],[-105.16076,39.60575],[-105.15632,39.60032],[-105.15155,39.60093],[-105.14595,39.58975],[-105.13559,39.58916],[-105.11916,39.59388],[-105.11017,39.59304],[-105.10998,39.60973],[-105.09143,39.60969],[-105.091,39.588],[-105.08293,39.57182],[-105.0828,39.55879],[-105.085,39.55412],[-105.07715,39.55897],[-105.07294,39.5584],[-105.06844,39.56129],[-105.06211,39.55982],[-105.05914,39.56652],[-105.04874,39.56609],[-105.05137,39.56326],[-105.06071,39.55994],[-105.06113,39.55691],[-105.07642,39.54006],[-105.07774,39.53671],[-105.07611,39.53269],[-105.0801,39.52316],[-105.0784,39.51149],[-105.08505,39.50596],[-105.08675,39.49342],[-105.09871,39.48539],[-105.11171,39.48353],[-105.11509,39.48598],[-105.11765,39.48539],[-105.11827,39.48299],[-105.11628,39.48145],[-105.11903,39.48012],[-105.12182,39.4813],[-105.13493,39.47095],[-105.13263,39.46791],[-105.13253,39.46125],[-105.12418,39.45499],[-105.1231,39.44796],[-105.12614,39.44019],[-105.1236,39.43413],[-105.14492,39.419],[-105.15509,39.41407],[-105.16029,39.41424],[-105.16614,39.40863],[-105.17096,39.40782],[-105.16719,39.39975],[-105.16726,39.39431],[-105.16403,39.39145],[-105.16997,39.3891],[-105.17351,39.38342],[-105.16961,39.38068],[-105.173,39.37772],[-105.16717,39.3724],[-105.1692,39.3687],[-105.16657,39.36175],[-105.17185,39.35676],[-105.17213,39.35301],[-105.17735,39.34938],[-105.17923,39.33986],[-105.18784,39.33419],[-105.18216,39.33021],[-105.18818,39.32796],[-105.18549,39.32441],[-105.18881,39.32115],[-105.18871,39.31713],[-105.19846,39.30997],[-105.196,39.30208],[-105.20021,39.30203],[-105.20113,39.29927],[-105.20498,39.2998],[-105.20768,39.29819],[-105.20248,39.29358],[-105.20682,39.29381],[-105.20553,39.29168],[-105.20856,39.29117],[-105.21247,39.28448],[-105.21139,39.28073],[-105.21639,39.27762],[-105.21751,39.2746],[-105.21542,39.27248],[-105.22056,39.26917],[-105.21742,39.2604],[-105.2251,39.26052],[-105.22344,39.25615],[-105.22697,39.25635],[-105.22778,39.25386],[-105.23439,39.25531],[-105.23435,39.25198],[-105.2377,39.25067],[-105.23394,39.24687],[-105.23563,39.24426],[-105.24056,39.24406],[-105.2468,39.24038],[-105.25347,39.24331],[-105.25557,39.23585],[-105.26357,39.22906],[-105.2613,39.22327],[-105.2635,39.22098],[-105.26058,39.21685],[-105.25989,39.21061],[-105.26319,39.208],[-105.26952,39.20942],[-105.2756,39.20763],[-105.27808,39.20223],[-105.28227,39.20097],[-105.28639,39.18631],[-105.28927,39.18389],[-105.28751,39.17906],[-105.29475,39.17484],[-105.29382,39.17313],[-105.29944,39.17253],[-105.30201,39.16925],[-105.30043,39.16723],[-105.30489,39.16406],[-105.30796,39.16534],[-105.31321,39.15989],[-105.31563,39.1458],[-105.32307,39.1456],[-105.32196,39.13697],[-105.32945,39.12949],[-105.39787,39.12956],[-105.39671,39.26488],[-105.39865,39.32619]]]}},{"type":"Feature","properties":{"d":26,"label":[-107.84241,40.17997],"area":11814.9},"geometry":{"type":"Polygon","coordinates":[[[-109.05123,39.66047],[-109.05124,40.4416],[-109.04777,40.60988],[-109.05003,41.00069],[-108.55631,40.99962],[-108.25065,41.00011],[-107.50062,41.00235],[-106.85777,41.00266],[-106.86145,40.99997],[-106.86129,40.99624],[-106.85074,40.99025],[-106.85543,40.98709],[-106.85706,40.98128],[-106.86231,40.9837],[-106.87058,40.98122],[-106.87322,40.97303],[-106.86978,40.95622],[-106.86348,40.95241],[-106.86244,40.94147],[-106.85601,40.93733],[-106.85612,40.93498],[-106.8519,40.93355],[-106.85239,40.92973],[-106.8487,40.92672],[-106.85235,40.92518],[-106.82936,40.92426],[-106.82506,40.92885],[-106.82503,40.93212],[-106.81998,40.92531],[-106.81901,40.91864],[-106.81131,40.91595],[-106.80634,40.90664],[-106.80535,40.90198],[-106.80975,40.89975],[-106.80064,40.8959],[-106.79537,40.89792],[-106.7941,40.90074],[-106.78761,40.9006],[-106.78859,40.90284],[-106.78127,40.90697],[-106.769,40.90414],[-106.76754,40.89864],[-106.77006,40.8965],[-106.76493,40.89637],[-106.76112,40.89405],[-106.75001,40.89377],[-106.74085,40.8898],[-106.74682,40.88209],[-106.73934,40.87084],[-106.73828,40.87307],[-106.72779,40.87129],[-106.70576,40.876],[-106.69998,40.8848],[-106.69416,40.88802],[-106.68588,40.88582],[-106.68616,40.88062],[-106.6803,40.8743],[-106.67948,40.86956],[-106.66816,40.86514],[-106.66684,40.85916],[-106.66462,40.8592],[-106.66452,40.85676],[-106.65811,40.8537],[-106.65454,40.84912],[-106.65447,40.84554],[-106.66264,40.84334],[-106.6613,40.8409],[-106.66404,40.83497],[-106.66399,40.8282],[-106.66003,40.82665],[-106.65911,40.82375],[-106.64341,40.82145],[-106.63548,40.81137],[-106.63714,40.80921],[-106.63554,40.80476],[-106.63692,40.78949],[-106.64827,40.78185],[-106.64916,40.77539],[-106.65924,40.77286],[-106.6697,40.7617],[-106.6695,40.75966],[-106.66131,40.75335],[-106.66519,40.74886],[-106.66295,40.74302],[-106.66833,40.73912],[-106.67669,40.73663],[-106.67104,40.73282],[-106.66952,40.72879],[-106.67381,40.72402],[-106.66998,40.72071],[-106.67119,40.71638],[-106.66873,40.71104],[-106.67254,40.70691],[-106.66795,40.6963],[-106.67286,40.68834],[-106.67948,40.68592],[-106.68023,40.68368],[-106.68735,40.68268],[-106.68106,40.67517],[-106.68689,40.67273],[-106.68557,40.66288],[-106.69183,40.65996],[-106.69208,40.65775],[-106.68773,40.64987],[-106.68206,40.64968],[-106.68014,40.64804],[-106.68866,40.63965],[-106.68677,40.63473],[-106.69421,40.6329],[-106.69826,40.62748],[-106.70362,40.62777],[-106.70106,40.62551],[-106.70622,40.61561],[-106.70456,40.60759],[-106.69827,40.59939],[-106.69507,40.59801],[-106.69397,40.59445],[-106.70234,40.57802],[-106.69219,40.56354],[-106.69285,40.55664],[-106.68622,40.55133],[-106.6837,40.5448],[-106.67824,40.54405],[-106.67669,40.53803],[-106.66984,40.53445],[-106.67366,40.52586],[-106.67312,40.52246],[-106.65907,40.51458],[-106.66111,40.51194],[-106.6556,40.50851],[-106.6564,40.50095],[-106.65311,40.49473],[-106.65393,40.49244],[-106.65931,40.4902],[-106.65623,40.48441],[-106.66328,40.48027],[-106.66739,40.47374],[-106.6653,40.47052],[-106.65788,40.47156],[-106.65896,40.45938],[-106.65581,40.45019],[-106.65153,40.44938],[-106.65283,40.34156],[-106.63226,40.34156],[-106.63312,40.179],[-106.63699,40.17898],[-106.63703,40.00211],[-106.62653,40.00187],[-106.62611,39.99999],[-106.62657,39.92478],[-106.43451,39.92491],[-106.4403,39.91832],[-106.43918,39.91563],[-106.43287,39.91261],[-106.43014,39.90715],[-106.4281,39.88216],[-106.43396,39.87737],[-106.43293,39.86528],[-106.42363,39.85011],[-106.42557,39.84549],[-106.42374,39.84142],[-106.42061,39.84],[-106.41201,39.82867],[-106.40716,39.8128],[-106.4011,39.80565],[-106.40128,39.79986],[-106.39642,39.79578],[-106.39686,39.79009],[-106.39431,39.79056],[-106.38903,39.7877],[-106.39103,39.77694],[-106.38548,39.76716],[-106.37922,39.76304],[-106.3742,39.76222],[-106.37054,39.75661],[-106.36365,39.75208],[-106.35437,39.75235],[-106.35074,39.75688],[-106.34346,39.75899],[-106.34211,39.75303],[-106.33537,39.74936],[-106.33081,39.73927],[-106.32542,39.73323],[-106.32048,39.73167],[-106.31201,39.72519],[-106.29835,39.72057],[-106.29092,39.70407],[-106.2774,39.69954],[-106.27205,39.70435],[-106.26411,39.70129],[-106.26278,39.69671],[-106.2659,39.68954],[-106.26124,39.68579],[-106.25965,39.68081],[-106.25226,39.67898],[-106.2469,39.68065],[-106.23874,39.68027],[-106.24039,39.66814],[-106.23484,39.66203],[-106.22782,39.66084],[-106.21997,39.66259],[-106.21716,39.65459],[-106.2077,39.65529],[-106.19439,39.65112],[-106.18921,39.65334],[-106.18384,39.65215],[-106.17611,39.63397],[-106.1776,39.60906],[-106.18494,39.60226],[-106.20042,39.6064],[-106.20566,39.60387],[-106.21122,39.59321],[-106.21086,39.5868],[-106.21503,39.57519],[-106.21029,39.57167],[-106.20921,39.56259],[-106.20572,39.55821],[-106.19645,39.55735],[-106.19772,39.55076],[-106.20993,39.54694],[-106.21155,39.53001],[-106.21731,39.53203],[-106.22491,39.53139],[-106.22886,39.53841],[-106.23491,39.54349],[-106.23541,39.54826],[-106.24432,39.54384],[-106.24829,39.54425],[-106.25577,39.53223],[-106.2544,39.52741],[-106.25586,39.52083],[-106.24844,39.5157],[-106.24649,39.51212],[-106.24947,39.50397],[-106.25688,39.49966],[-106.25963,39.49497],[-106.24564,39.48969],[-106.25148,39.47671],[-106.25164,39.46504],[-106.23852,39.45517],[-106.23892,39.45136],[-106.23599,39.44596],[-106.22325,39.43381],[-106.22692,39.42863],[-106.23269,39.42625],[-106.23006,39.42226],[-106.23041,39.41695],[-106.22819,39.41444],[-106.21898,39.41233],[-106.21786,39.40835],[-106.20104,39.39482],[-106.20312,39.38961],[-106.2104,39.38412],[-106.20673,39.37964],[-106.22563,39.37963],[-106.2269,39.37417],[-106.23392,39.37294],[-106.23952,39.36567],[-106.25015,39.3607],[-106.25098,39.35763],[-106.25907,39.36201],[-106.26382,39.35877],[-106.27095,39.35807],[-106.28381,39.34947],[-106.28569,39.35213],[-106.29531,39.35294],[-106.29631,39.35734],[-106.30256,39.36112],[-106.3116,39.36222],[-106.32122,39.35927],[-106.33925,39.35906],[-106.35174,39.35368],[-106.35802,39.35514],[-106.36447,39.35997],[-106.37082,39.36064],[-106.3782,39.3694],[-106.38063,39.37615],[-106.40007,39.38101],[-106.40515,39.37893],[-106.41478,39.36749],[-106.42649,39.36187],[-106.50921,39.3623],[-106.51628,39.36879],[-106.5199,39.37976],[-106.52298,39.38172],[-106.52382,39.39393],[-106.54311,39.40189],[-106.54439,39.41359],[-106.54983,39.41989],[-106.55635,39.42249],[-106.56109,39.42982],[-106.59218,39.44292],[-106.61841,39.44311],[-106.61785,39.41907],[-106.65786,39.41952],[-106.6545,39.42486],[-106.66306,39.43112],[-106.66316,39.43379],[-106.66484,39.43344],[-106.6719,39.4402],[-106.6737,39.43873],[-106.68536,39.44144],[-106.68737,39.43237],[-106.7054,39.42819],[-106.71167,39.43318],[-106.7121,39.4266],[-106.71611,39.4238],[-106.72279,39.42616],[-106.73284,39.42138],[-106.73893,39.42406],[-106.7428,39.41976],[-106.74643,39.41927],[-106.75101,39.42209],[-106.75674,39.42143],[-106.76659,39.42342],[-106.76904,39.41949],[-106.77447,39.41747],[-106.78439,39.41838],[-106.78902,39.42057],[-106.79261,39.42567],[-106.808,39.42934],[-106.81511,39.441],[-106.8196,39.43947],[-106.82193,39.44901],[-106.83063,39.44086],[-106.82106,39.43153],[-106.82006,39.42796],[-106.82236,39.42484],[-106.82341,39.42651],[-106.82823,39.4234],[-106.84319,39.42179],[-106.85836,39.42769],[-106.85963,39.4337],[-106.87628,39.43557],[-106.8805,39.44167],[-106.88464,39.44192],[-106.89567,39.43837],[-106.90919,39.44732],[-106.91017,39.45285],[-106.91612,39.46177],[-106.9248,39.46666],[-106.93086,39.46549],[-106.93432,39.47083],[-106.95001,39.4767],[-106.9551,39.48239],[-106.97571,39.48425],[-106.9794,39.4879],[-106.98118,39.49629],[-106.9877,39.49116],[-106.99417,39.49055],[-107.00101,39.49523],[-107.01029,39.49759],[-107.02264,39.50767],[-107.03042,39.50934],[-107.0339,39.50603],[-107.03865,39.51234],[-107.04574,39.51112],[-107.04623,39.5154],[-107.04855,39.51638],[-107.04864,39.5279],[-107.04406,39.53189],[-107.04442,39.53449],[-107.04136,39.5341],[-107.0397,39.53672],[-107.04173,39.54322],[-107.03669,39.55805],[-107.03672,39.57434],[-107.05815,39.59007],[-107.06235,39.59792],[-107.068,39.60194],[-107.07578,39.60265],[-107.0851,39.60815],[-107.09172,39.60818],[-107.0993,39.61274],[-107.1017,39.61311],[-107.10617,39.61031],[-107.10763,39.61281],[-107.10638,39.62311],[-107.10715,39.62446],[-107.11386,39.6242],[-107.10469,39.62616],[-107.10051,39.63371],[-107.0781,39.64507],[-107.07841,39.6432],[-107.06556,39.63955],[-107.05725,39.64205],[-107.05679,39.64622],[-107.05406,39.64457],[-107.05693,39.64795],[-107.05034,39.64703],[-107.04949,39.64311],[-107.04668,39.64219],[-107.04315,39.64163],[-107.03915,39.64335],[-107.03442,39.64151],[-107.02851,39.64317],[-107.02547,39.64799],[-107.03809,39.64826],[-107.04578,39.65149],[-107.05657,39.65192],[-107.05882,39.65468],[-107.06711,39.65472],[-107.0712,39.65748],[-107.07186,39.66267],[-107.06739,39.66593],[-107.06768,39.66883],[-107.07425,39.67216],[-107.08682,39.67267],[-107.10288,39.68273],[-107.10831,39.685],[-107.11344,39.68451],[-107.11367,39.91911],[-107.03397,39.91891],[-107.03205,40.00294],[-107.03736,40.00308],[-107.03736,40.09154],[-107.31699,40.09076],[-107.31875,39.91497],[-107.43167,39.91772],[-107.43177,39.82838],[-107.5447,39.82808],[-107.69423,39.83011],[-107.78721,39.82505],[-107.9385,39.825],[-107.93855,39.69446],[-108.55472,39.69364],[-108.55463,39.65016],[-108.89573,39.65034],[-108.8957,39.66049],[-109.05123,39.66047]]]}},{"type":"Feature","properties":{"d":27,"label":[-105.31094,39.80509],"area":181.6},"geometry":{"type":"Polygon","coordinates":[[[-105.39835,39.71733],[-105.39785,39.91289],[-105.14714,39.91389],[-105.16569,39.91052],[-105.16543,39.8707],[-105.14885,39.87103],[-105.14761,39.86749],[-105.15231,39.8674],[-105.15318,39.86348],[-105.14532,39.86391],[-105.143,39.86298],[-105.14431,39.86085],[-105.14086,39.86164],[-105.14518,39.85916],[-105.14516,39.85668],[-105.14204,39.85883],[-105.13832,39.85301],[-105.11711,39.85154],[-105.11037,39.85354],[-105.10529,39.85895],[-105.10531,39.85642],[-105.10059,39.85639],[-105.10059,39.85294],[-105.0912,39.85132],[-105.0819,39.85162],[-105.08183,39.85644],[-105.06475,39.85655],[-105.0529,39.85204],[-105.05326,39.83997],[-105.0568,39.83997],[-105.05679,39.83816],[-105.06138,39.8363],[-105.06273,39.83825],[-105.06265,39.83091],[-105.08155,39.83044],[-105.08149,39.82876],[-105.08934,39.82805],[-105.09154,39.83077],[-105.10981,39.83083],[-105.11009,39.84197],[-105.1289,39.84206],[-105.12851,39.83266],[-105.13584,39.83263],[-105.1358,39.83073],[-105.1462,39.83069],[-105.14945,39.82707],[-105.19276,39.82666],[-105.19815,39.82306],[-105.19819,39.81272],[-105.20325,39.81616],[-105.214,39.81626],[-105.21537,39.81894],[-105.22168,39.8223],[-105.22446,39.80217],[-105.2091,39.80195],[-105.20437,39.80463],[-105.20318,39.79733],[-105.19771,39.79387],[-105.1934,39.79374],[-105.19334,39.7908],[-105.19087,39.79081],[-105.19135,39.77704],[-105.19372,39.77337],[-105.20137,39.76955],[-105.18909,39.77236],[-105.18887,39.77549],[-105.19123,39.77626],[-105.18927,39.78355],[-105.18419,39.78355],[-105.18598,39.78713],[-105.18415,39.78579],[-105.18177,39.78577],[-105.18189,39.78722],[-105.17494,39.78661],[-105.17476,39.77146],[-105.15283,39.77193],[-105.152,39.76543],[-105.14731,39.76547],[-105.14574,39.76184],[-105.14321,39.76187],[-105.14519,39.75513],[-105.15108,39.74733],[-105.15559,39.74463],[-105.15648,39.74732],[-105.16544,39.74725],[-105.16545,39.74384],[-105.16333,39.74487],[-105.16375,39.7418],[-105.16227,39.74323],[-105.16092,39.74137],[-105.16658,39.74018],[-105.16495,39.73516],[-105.16783,39.73285],[-105.16664,39.73185],[-105.16906,39.7315],[-105.16904,39.72948],[-105.16611,39.72838],[-105.16566,39.72401],[-105.15404,39.72471],[-105.15437,39.71107],[-105.16551,39.71121],[-105.1655,39.71296],[-105.17482,39.71294],[-105.17503,39.71097],[-105.19082,39.71117],[-105.19339,39.7036],[-105.19892,39.7036],[-105.19967,39.70125],[-105.20195,39.70243],[-105.21051,39.69547],[-105.23631,39.69859],[-105.24663,39.70317],[-105.27586,39.70611],[-105.31064,39.71435],[-105.31402,39.71376],[-105.32971,39.70236],[-105.334,39.70166],[-105.34223,39.70417],[-105.35435,39.71205],[-105.3654,39.71263],[-105.37266,39.71586],[-105.39334,39.71554],[-105.39835,39.71733]]]}},{"type":"Feature","properties":{"d":28,"label":[-105.11365,39.61918],"area":28.9},"geometry":{"type":"Polygon","coordinates":[[[-105.19073,39.68186],[-105.18278,39.6819],[-105.18276,39.68459],[-105.16654,39.68039],[-105.16076,39.68136],[-105.15545,39.67604],[-105.15484,39.67123],[-105.15035,39.66563],[-105.14722,39.66681],[-105.14716,39.67481],[-105.11955,39.67489],[-105.12026,39.6821],[-105.1097,39.68214],[-105.10969,39.6691],[-105.08713,39.67491],[-105.08135,39.67492],[-105.08145,39.66206],[-105.07668,39.65931],[-105.07197,39.66002],[-105.07014,39.65687],[-105.06729,39.65688],[-105.06749,39.65249],[-105.07083,39.64958],[-105.06392,39.64957],[-105.0626,39.65151],[-105.05806,39.65125],[-105.05803,39.65296],[-105.05375,39.65173],[-105.05707,39.65125],[-105.05709,39.6497],[-105.0632,39.64963],[-105.06322,39.64599],[-105.07205,39.64598],[-105.07415,39.6444],[-105.0768,39.63873],[-105.07327,39.63874],[-105.07331,39.63656],[-105.08156,39.63617],[-105.08168,39.63876],[-105.0911,39.63872],[-105.0911,39.63508],[-105.10988,39.63507],[-105.10992,39.62709],[-105.1075,39.62709],[-105.1075,39.62422],[-105.09126,39.6242],[-105.09116,39.62708],[-105.08563,39.62611],[-105.08558,39.62853],[-105.08173,39.62731],[-105.08371,39.63133],[-105.08095,39.63133],[-105.07452,39.62423],[-105.07612,39.62423],[-105.06509,39.62005],[-105.06514,39.61858],[-105.09703,39.61836],[-105.09701,39.61431],[-105.05813,39.61441],[-105.05808,39.6175],[-105.05748,39.61536],[-105.05376,39.61427],[-105.05362,39.60967],[-105.07253,39.60978],[-105.07279,39.5662],[-105.06436,39.56623],[-105.06202,39.56793],[-105.06155,39.56635],[-105.05914,39.56652],[-105.06066,39.56062],[-105.06745,39.56152],[-105.07294,39.5584],[-105.07715,39.55897],[-105.085,39.55412],[-105.0828,39.55879],[-105.08293,39.57182],[-105.091,39.588],[-105.09143,39.60969],[-105.10998,39.60973],[-105.11017,39.59304],[-105.11916,39.59388],[-105.13559,39.58916],[-105.14595,39.58975],[-105.15155,39.60093],[-105.15632,39.60032],[-105.16076,39.60575],[-105.16091,39.61686],[-105.16552,39.6261],[-105.17227,39.63326],[-105.16767,39.63649],[-105.18192,39.64946],[-105.18033,39.64946],[-105.17981,39.65344],[-105.17126,39.65358],[-105.17691,39.65908],[-105.17332,39.65911],[-105.1732,39.65665],[-105.16758,39.65451],[-105.16237,39.66028],[-105.16557,39.6603],[-105.16565,39.66755],[-105.17235,39.66743],[-105.17238,39.6639],[-105.18466,39.66373],[-105.18474,39.66739],[-105.18763,39.66739],[-105.18948,39.67097],[-105.18867,39.67708],[-105.19073,39.68186]]]}},{"type":"Feature","properties":{"d":29,"label":[-105.01171,39.91597],"area":33.4},"geometry":{"type":"Polygon","coordinates":[[[-105.16557,39.89249],[-105.13832,39.88923],[-105.13485,39.88929],[-105.13631,39.89202],[-105.13089,39.8927],[-105.1289,39.89035],[-105.12892,39.90026],[-105.1474,39.90009],[-105.14712,39.914],[-105.10861,39.91414],[-105.10064,39.90864],[-105.1001,39.90221],[-105.09669,39.89979],[-105.08428,39.89896],[-105.07169,39.89983],[-105.07178,39.90702],[-105.06239,39.90703],[-105.06238,39.91399],[-105.05529,39.91243],[-105.05297,39.91422],[-105.03435,39.91418],[-105.0344,39.92137],[-105.02355,39.92132],[-105.02354,39.91922],[-105.02155,39.91921],[-105.02154,39.92136],[-105.01547,39.92131],[-105.01566,39.94313],[-104.99702,39.94324],[-104.99706,39.94677],[-105.00626,39.9468],[-105.0063,39.95044],[-105.01253,39.95034],[-105.01686,39.95284],[-105.01569,39.97044],[-105.01342,39.97047],[-105.01341,39.97226],[-105.01572,39.97228],[-105.01584,39.98119],[-104.99742,39.98121],[-104.9974,39.97842],[-104.99947,39.97758],[-104.99738,39.97579],[-104.99725,39.96853],[-104.98816,39.96847],[-104.98808,39.91864],[-104.98987,39.91406],[-104.9932,39.91405],[-104.99265,39.91142],[-104.99665,39.91142],[-104.99663,39.89972],[-105.01553,39.89966],[-105.01552,39.88525],[-105.02502,39.88521],[-105.02501,39.86349],[-105.03444,39.86349],[-105.03441,39.85982],[-105.05042,39.8599],[-105.05043,39.86354],[-105.05319,39.86362],[-105.0529,39.85204],[-105.06475,39.85655],[-105.08183,39.85644],[-105.0819,39.85162],[-105.0912,39.85132],[-105.10059,39.85294],[-105.10059,39.85639],[-105.10531,39.85642],[-105.10529,39.85895],[-105.11014,39.85369],[-105.11606,39.85166],[-105.13832,39.85301],[-105.14204,39.85883],[-105.14516,39.85668],[-105.14518,39.85916],[-105.14086,39.86164],[-105.14431,39.86085],[-105.14357,39.86362],[-105.15318,39.86348],[-105.15231,39.8674],[-105.14761,39.86749],[-105.14885,39.87103],[-105.16541,39.87053],[-105.16557,39.89249]]]}},{"type":"Feature","properties":{"d":30,"label":[-105.0814,39.71308],"area":17.7},"geometry":{"type":"Polygon","coordinates":[[[-105.12004,39.68574],[-105.10955,39.7009],[-105.10957,39.75472],[-105.06608,39.75481],[-105.06603,39.75847],[-105.06205,39.75847],[-105.06323,39.75481],[-105.05324,39.75569],[-105.05323,39.73492],[-105.05559,39.73451],[-105.05559,39.73311],[-105.05323,39.73311],[-105.05319,39.6824],[-105.0578,39.68227],[-105.05779,39.6787],[-105.06262,39.67928],[-105.06262,39.67501],[-105.05325,39.67504],[-105.05326,39.66779],[-105.07199,39.66776],[-105.07495,39.67049],[-105.07921,39.66934],[-105.08135,39.67013],[-105.08135,39.67492],[-105.08713,39.67491],[-105.10969,39.6691],[-105.1097,39.68214],[-105.12003,39.68211],[-105.12004,39.68574]]]}},{"type":"Feature","properties":{"d":31,"label":[-104.9434,39.88016],"area":20.6},"geometry":{"type":"Polygon","coordinates":[[[-105.01545,39.86716],[-105.01552,39.88506],[-105.0061,39.88506],[-105.00612,39.87861],[-105.00169,39.87823],[-105.00222,39.87297],[-104.99557,39.8722],[-104.99333,39.86814],[-104.98867,39.86944],[-104.99144,39.87203],[-104.98721,39.8749],[-104.98629,39.88522],[-104.95892,39.88512],[-104.95894,39.89175],[-104.95654,39.89184],[-104.94458,39.88501],[-104.94489,39.89216],[-104.94955,39.89219],[-104.94958,39.8994],[-104.9403,39.89937],[-104.94034,39.92835],[-104.88363,39.92883],[-104.88394,39.92471],[-104.89301,39.91433],[-104.87245,39.91245],[-104.87652,39.90646],[-104.89355,39.90688],[-104.89356,39.90336],[-104.89739,39.90337],[-104.89834,39.89248],[-104.88781,39.89248],[-104.89061,39.88887],[-104.8937,39.88888],[-104.89369,39.88713],[-104.89754,39.88525],[-104.89725,39.88344],[-104.90122,39.88345],[-104.9025,39.88107],[-104.8974,39.88287],[-104.9004,39.87884],[-104.90466,39.87806],[-104.9072,39.87435],[-104.91351,39.87424],[-104.91143,39.8709],[-104.91262,39.86726],[-104.91966,39.86258],[-104.91968,39.85805],[-104.92444,39.85804],[-104.92498,39.85634],[-104.9292,39.85634],[-104.92914,39.85803],[-104.93516,39.85739],[-104.936,39.8563],[-104.92249,39.85611],[-104.92209,39.85482],[-104.93151,39.84579],[-104.93341,39.84006],[-104.93783,39.83915],[-104.93612,39.83584],[-104.94261,39.83087],[-104.94461,39.83088],[-104.94998,39.84214],[-104.94833,39.84176],[-104.9471,39.84451],[-104.94818,39.84415],[-104.94961,39.84425],[-104.94675,39.84463],[-104.94672,39.84707],[-104.94962,39.84799],[-104.94295,39.8487],[-104.94182,39.85239],[-104.94956,39.85246],[-104.94981,39.85611],[-104.97437,39.8562],[-104.97443,39.85405],[-104.97714,39.85419],[-104.97788,39.84653],[-104.98728,39.84538],[-104.98968,39.84894],[-104.99671,39.84709],[-104.99653,39.85262],[-105.00596,39.85257],[-105.00602,39.86896],[-105.01545,39.86716]]]}},{"type":"Feature","properties":{"d":32,"label":[-104.82791,39.85645],"area":90.3},"geometry":{"type":"Polygon","coordinates":[[[-105.00642,39.79105],[-105.00616,39.81378],[-104.9959,39.81847],[-104.9859,39.81895],[-104.98318,39.82091],[-104.98492,39.84538],[-104.97788,39.84653],[-104.97714,39.85419],[-104.97443,39.85405],[-104.97437,39.8562],[-104.94981,39.85611],[-104.94956,39.85246],[-104.94182,39.85239],[-104.94295,39.8487],[-104.94962,39.84799],[-104.94672,39.84707],[-104.94675,39.84463],[-104.94845,39.84462],[-104.94961,39.84425],[-104.9471,39.84451],[-104.94833,39.84176],[-104.94998,39.84214],[-104.94461,39.83088],[-104.94261,39.83087],[-104.93612,39.83584],[-104.93783,39.83915],[-104.93341,39.84006],[-104.93151,39.84579],[-104.92209,39.85482],[-104.92249,39.85611],[-104.936,39.8563],[-104.93516,39.85739],[-104.92914,39.85803],[-104.9292,39.85634],[-104.92498,39.85634],[-104.92444,39.85804],[-104.91968,39.85805],[-104.91966,39.86258],[-104.91262,39.86726],[-104.91143,39.8709],[-104.91351,39.87424],[-104.9072,39.87435],[-104.90466,39.87806],[-104.9004,39.87884],[-104.8974,39.88287],[-104.9025,39.88107],[-104.90122,39.88345],[-104.89725,39.88344],[-104.89754,39.88525],[-104.89369,39.88713],[-104.8937,39.88888],[-104.89061,39.88887],[-104.88781,39.89248],[-104.89834,39.89248],[-104.89839,39.90058],[-104.89739,39.90337],[-104.89356,39.90336],[-104.89355,39.90688],[-104.87652,39.90646],[-104.87049,39.91443],[-104.84679,39.91446],[-104.84635,39.89765],[-104.82472,39.9088],[-104.81893,39.91441],[-104.80891,39.9144],[-104.80893,39.91834],[-104.80543,39.92019],[-104.80669,39.92107],[-104.79853,39.92803],[-104.79346,39.92884],[-104.7899,39.92877],[-104.79002,39.91985],[-104.78993,39.91981],[-104.78991,39.92159],[-104.77117,39.92158],[-104.77101,39.91438],[-104.7335,39.91428],[-104.73341,39.92884],[-104.64044,39.9284],[-104.64036,39.90671],[-104.67966,39.90701],[-104.67958,39.91402],[-104.69205,39.91418],[-104.69214,39.90685],[-104.70319,39.90693],[-104.70331,39.89595],[-104.73039,39.89613],[-104.73095,39.84519],[-104.76228,39.84539],[-104.76232,39.84179],[-104.79086,39.8418],[-104.7909,39.79825],[-104.86604,39.79839],[-104.86607,39.81285],[-104.88441,39.81282],[-104.88447,39.79832],[-104.89907,39.79837],[-104.89907,39.8002],[-104.90356,39.79839],[-104.90344,39.78381],[-104.927,39.78378],[-104.92703,39.79105],[-104.94049,39.791],[-104.94048,39.7946],[-104.95544,39.79463],[-104.96019,39.79102],[-104.96886,39.79104],[-104.96872,39.7984],[-104.97164,39.79829],[-104.97116,39.79557],[-104.97467,39.79561],[-104.97307,39.79242],[-104.97595,39.79242],[-104.97595,39.79104],[-105.00642,39.79105]]]}},{"type":"Feature","properties":{"d":33,"label":[-104.93618,39.96622],"area":50.2},"geometry":{"type":"Polygon","coordinates":[[[-105.16517,39.89149],[-105.16569,39.91052],[-105.14714,39.91385],[-105.14704,39.92894],[-105.1376,39.92893],[-105.13758,39.93971],[-105.12816,39.93962],[-105.128,39.95417],[-105.12194,39.95416],[-105.12051,39.95053],[-105.10933,39.95064],[-105.10935,39.94334],[-105.11856,39.94332],[-105.11877,39.9338],[-105.10941,39.92547],[-105.11345,39.93151],[-105.10924,39.93614],[-105.09085,39.93605],[-105.09107,39.94328],[-105.07664,39.94333],[-105.07657,39.95054],[-105.0719,39.9502],[-105.07194,39.95794],[-105.05289,39.95783],[-105.05283,39.96589],[-105.05775,39.96864],[-105.05855,39.97526],[-105.0528,39.97767],[-105.05282,40.00026],[-105.00791,40.00048],[-105.00799,40.00758],[-104.98965,40.00768],[-104.98961,40.01489],[-104.99907,40.01489],[-104.99579,40.02036],[-104.99901,40.02063],[-104.99678,40.02082],[-104.99674,40.02351],[-104.99901,40.02351],[-104.99901,40.02578],[-104.98654,40.0258],[-104.9865,40.02931],[-104.98006,40.02933],[-104.97924,40.04376],[-104.96107,40.04414],[-104.96154,40.0004],[-104.92215,40.00033],[-104.92188,39.98648],[-104.8844,39.98668],[-104.88424,39.96484],[-104.89375,39.96478],[-104.89379,39.96002],[-104.88471,39.95702],[-104.88432,39.95515],[-104.89376,39.95869],[-104.90304,39.95757],[-104.90312,39.94308],[-104.92198,39.94301],[-104.92206,39.95744],[-104.94051,39.95753],[-104.95627,39.95744],[-104.95536,39.94868],[-104.95823,39.94294],[-104.98798,39.94307],[-104.98816,39.96847],[-104.99725,39.96853],[-104.99738,39.97579],[-104.99947,39.97758],[-104.9974,39.97842],[-104.99742,39.98121],[-105.01584,39.98119],[-105.01572,39.97228],[-105.01341,39.97226],[-105.01342,39.97047],[-105.01569,39.97044],[-105.01686,39.95284],[-105.01253,39.95034],[-105.0063,39.95044],[-105.00626,39.9468],[-104.99706,39.94677],[-104.99702,39.94324],[-105.01566,39.94313],[-105.01547,39.92131],[-105.02154,39.92136],[-105.02155,39.91921],[-105.02354,39.91922],[-105.02355,39.92132],[-105.0344,39.92137],[-105.03435,39.91418],[-105.05297,39.91422],[-105.05529,39.91243],[-105.06238,39.91399],[-105.06239,39.90703],[-105.07178,39.90702],[-105.07169,39.89983],[-105.08428,39.89896],[-105.09669,39.89979],[-105.1001,39.90221],[-105.10064,39.90864],[-105.10861,39.91414],[-105.14712,39.914],[-105.1474,39.90009],[-105.12868,39.89999],[-105.1289,39.89035],[-105.13089,39.8927],[-105.13631,39.89202],[-105.13485,39.88929],[-105.16517,39.89149]]]}},{"type":"Feature","properties":{"d":34,"label":[-104.96649,39.91249],"area":17.8},"geometry":{"type":"Polygon","coordinates":[[[-105.01553,39.89966],[-104.99663,39.89972],[-104.99665,39.91142],[-104.99265,39.91142],[-104.9932,39.91405],[-104.98987,39.91406],[-104.98792,39.91938],[-104.98798,39.94307],[-104.95823,39.94294],[-104.95536,39.94868],[-104.95627,39.95744],[-104.92206,39.95744],[-104.92198,39.94301],[-104.90312,39.94308],[-104.90328,39.94947],[-104.90205,39.94772],[-104.90033,39.95016],[-104.89371,39.95018],[-104.89368,39.94311],[-104.89163,39.94311],[-104.89164,39.95035],[-104.88414,39.95036],[-104.88428,39.94314],[-104.87127,39.94319],[-104.87886,39.93565],[-104.88406,39.93477],[-104.88413,39.92876],[-104.94034,39.92835],[-104.9403,39.89937],[-104.94958,39.8994],[-104.94955,39.89219],[-104.94489,39.89216],[-104.94458,39.88501],[-104.95654,39.89184],[-104.95894,39.89175],[-104.95892,39.88512],[-104.98629,39.88522],[-104.98721,39.8749],[-104.99144,39.87203],[-104.98885,39.86925],[-104.99333,39.86814],[-104.99557,39.8722],[-105.00131,39.87197],[-105.00169,39.87823],[-105.00612,39.87861],[-105.0061,39.88506],[-105.01552,39.88506],[-105.01553,39.89966]]]}},{"type":"Feature","properties":{"d":35,"label":[-105.02029,39.83809],"area":15.8},"geometry":{"type":"Polygon","coordinates":[[[-105.0721,39.8309],[-105.06265,39.83091],[-105.06273,39.83825],[-105.06138,39.8363],[-105.05679,39.83816],[-105.0568,39.83997],[-105.05326,39.83997],[-105.05319,39.86362],[-105.05043,39.86354],[-105.05042,39.8599],[-105.03441,39.85982],[-105.03444,39.86349],[-105.02501,39.86349],[-105.02502,39.88521],[-105.01552,39.88525],[-105.01545,39.86716],[-105.00602,39.86896],[-105.00596,39.85257],[-104.99653,39.85262],[-104.99671,39.84709],[-104.98968,39.84894],[-104.98728,39.84538],[-104.98492,39.84538],[-104.98395,39.84052],[-104.98318,39.82091],[-104.9859,39.81895],[-104.9959,39.81847],[-105.00616,39.81378],[-105.00642,39.79105],[-105.02054,39.79109],[-105.02184,39.79446],[-105.0253,39.79396],[-105.02526,39.79111],[-105.05325,39.79106],[-105.05289,39.80086],[-105.0405,39.80287],[-105.04051,39.80446],[-105.04401,39.80426],[-105.04403,39.81749],[-105.05327,39.82003],[-105.05327,39.82367],[-105.06224,39.82369],[-105.06224,39.82727],[-105.07205,39.82731],[-105.0721,39.8309]]]}},{"type":"Feature","properties":{"d":36,"label":[-104.71133,39.73275],"area":153.4},"geometry":{"type":"Polygon","coordinates":[[[-104.88466,39.74747],[-104.87997,39.74744],[-104.8799,39.75474],[-104.84694,39.75469],[-104.84821,39.75642],[-104.85634,39.75813],[-104.85639,39.76858],[-104.83297,39.76639],[-104.83301,39.76918],[-104.82817,39.76916],[-104.82819,39.77278],[-104.78158,39.7728],[-104.78156,39.77648],[-104.77216,39.77641],[-104.77217,39.7715],[-104.76456,39.77157],[-104.76457,39.76919],[-104.7346,39.76918],[-104.7344,39.79844],[-104.76261,39.79843],[-104.76246,39.82344],[-104.66606,39.82279],[-104.66618,39.81308],[-104.65545,39.813],[-104.65539,39.82261],[-104.6198,39.82242],[-104.61974,39.82685],[-104.48929,39.82501],[-104.48907,39.75716],[-104.50809,39.7575],[-104.50804,39.7385],[-104.60222,39.73988],[-104.60115,39.74443],[-104.58911,39.74634],[-104.59001,39.74758],[-104.59519,39.74692],[-104.59516,39.75052],[-104.59258,39.75106],[-104.59652,39.75353],[-104.60302,39.75391],[-104.61238,39.75394],[-104.61244,39.74702],[-104.61796,39.74704],[-104.61714,39.74498],[-104.62185,39.74468],[-104.62186,39.74133],[-104.61543,39.74235],[-104.6136,39.73998],[-104.62205,39.73985],[-104.6221,39.69102],[-104.61931,39.69081],[-104.61915,39.68846],[-104.6034,39.689],[-104.60336,39.69624],[-104.59327,39.69609],[-104.59316,39.70334],[-104.58364,39.70321],[-104.58431,39.66699],[-104.60352,39.66725],[-104.60377,39.63823],[-104.73506,39.63845],[-104.7349,39.65298],[-104.75424,39.65304],[-104.75348,39.67477],[-104.76192,39.67498],[-104.76882,39.67854],[-104.77246,39.67723],[-104.77235,39.69657],[-104.79108,39.69661],[-104.79116,39.72563],[-104.80057,39.72562],[-104.80062,39.74028],[-104.88465,39.74016],[-104.88466,39.74747]]]}},{"type":"Feature","properties":{"d":37,"label":[-104.8946,39.6059],"area":34.5},"geometry":{"type":"Polygon","coordinates":[[[-104.98064,39.61769],[-104.98029,39.62405],[-104.88526,39.62413],[-104.88512,39.63895],[-104.88033,39.64131],[-104.88031,39.6459],[-104.87615,39.64591],[-104.8779,39.64252],[-104.8756,39.64365],[-104.875,39.63864],[-104.87814,39.63139],[-104.87569,39.63137],[-104.87577,39.62686],[-104.8712,39.62686],[-104.87126,39.62426],[-104.84768,39.62409],[-104.84797,39.60412],[-104.84446,39.60591],[-104.83854,39.60593],[-104.83857,39.60412],[-104.83613,39.60411],[-104.83609,39.60592],[-104.83377,39.60591],[-104.83346,39.60409],[-104.83148,39.60409],[-104.83146,39.60592],[-104.82457,39.60589],[-104.82416,39.60218],[-104.82346,39.60518],[-104.81993,39.60574],[-104.81991,39.60948],[-104.8105,39.61036],[-104.80211,39.59494],[-104.7496,39.59492],[-104.74975,39.58772],[-104.7451,39.5877],[-104.74492,39.59388],[-104.74323,39.59269],[-104.744,39.58769],[-104.73793,39.58767],[-104.73798,39.58495],[-104.73423,39.58687],[-104.73175,39.58503],[-104.73276,39.58113],[-104.73112,39.58175],[-104.73199,39.58039],[-104.75523,39.58011],[-104.75655,39.57316],[-104.78279,39.57319],[-104.78286,39.56955],[-104.78737,39.56956],[-104.78483,39.56594],[-104.9417,39.56603],[-104.94125,39.60654],[-104.94563,39.60963],[-104.95618,39.6097],[-104.95736,39.60743],[-104.96236,39.60608],[-104.96467,39.60969],[-104.97986,39.6096],[-104.97866,39.61684],[-104.98064,39.61769]]]}},{"type":"Feature","properties":{"d":38,"label":[-105.00679,39.60224],"area":25.4},"geometry":{"type":"Polygon","coordinates":[[[-105.07279,39.5662],[-105.07253,39.60978],[-105.05362,39.60967],[-105.05376,39.61427],[-105.05748,39.61536],[-105.05808,39.6175],[-105.05724,39.62091],[-105.05352,39.62086],[-105.05348,39.62425],[-105.05581,39.62424],[-105.05346,39.62953],[-105.0593,39.63433],[-105.05904,39.63876],[-105.05334,39.63877],[-105.05341,39.6315],[-105.04414,39.63146],[-105.04281,39.62758],[-105.03482,39.62781],[-105.03495,39.62416],[-105.02311,39.62413],[-105.02311,39.62774],[-105.01606,39.62773],[-105.0161,39.62576],[-105.01405,39.62574],[-105.01382,39.62939],[-105.00669,39.62907],[-105.00676,39.62052],[-104.99976,39.62049],[-105.00096,39.62411],[-104.99499,39.62404],[-104.995,39.62224],[-104.98802,39.61985],[-104.98803,39.61684],[-104.97866,39.61684],[-104.97986,39.6096],[-104.96467,39.60969],[-104.96236,39.60608],[-104.95736,39.60743],[-104.95618,39.6097],[-104.94563,39.60963],[-104.94125,39.60654],[-104.9417,39.56603],[-105.05414,39.56609],[-105.06143,39.56631],[-105.06202,39.56793],[-105.06436,39.56623],[-105.07279,39.5662]]]}},{"type":"Feature","properties":{"d":39,"label":[-105.05037,39.34791],"area":676.5},"geometry":{"type":"Polygon","coordinates":[[[-105.32922,39.12969],[-105.32196,39.13697],[-105.32307,39.1456],[-105.31563,39.1458],[-105.31321,39.15989],[-105.30796,39.16534],[-105.30489,39.16406],[-105.30043,39.16723],[-105.30201,39.16925],[-105.29944,39.17253],[-105.29382,39.17313],[-105.29475,39.17484],[-105.28751,39.17906],[-105.28927,39.18389],[-105.28639,39.18631],[-105.28227,39.20097],[-105.27808,39.20223],[-105.2756,39.20763],[-105.26952,39.20942],[-105.26319,39.208],[-105.25989,39.21061],[-105.26058,39.21685],[-105.2635,39.22098],[-105.2613,39.22327],[-105.26357,39.22906],[-105.25557,39.23585],[-105.25347,39.24331],[-105.2468,39.24038],[-105.24056,39.24406],[-105.23563,39.24426],[-105.23394,39.24687],[-105.2377,39.25067],[-105.23435,39.25198],[-105.23439,39.25531],[-105.22778,39.25386],[-105.22697,39.25635],[-105.22344,39.25615],[-105.2251,39.26052],[-105.21742,39.2604],[-105.22056,39.26917],[-105.21542,39.27248],[-105.21751,39.2746],[-105.21639,39.27762],[-105.21139,39.28073],[-105.21247,39.28448],[-105.20856,39.29117],[-105.20553,39.29168],[-105.20682,39.29381],[-105.20248,39.29358],[-105.20768,39.29819],[-105.20498,39.2998],[-105.20113,39.29927],[-105.20021,39.30203],[-105.196,39.30208],[-105.19846,39.30997],[-105.18871,39.31713],[-105.18881,39.32115],[-105.18549,39.32441],[-105.18818,39.32796],[-105.18216,39.33021],[-105.18784,39.33419],[-105.17923,39.33986],[-105.17735,39.34938],[-105.17213,39.35301],[-105.17185,39.35676],[-105.16657,39.36175],[-105.1692,39.3687],[-105.16717,39.3724],[-105.173,39.37772],[-105.16961,39.38068],[-105.17351,39.38342],[-105.16997,39.3891],[-105.16403,39.39145],[-105.16726,39.39431],[-105.16719,39.39975],[-105.17096,39.40782],[-105.16614,39.40863],[-105.16029,39.41424],[-105.15509,39.41407],[-105.14492,39.419],[-105.1236,39.43413],[-105.12614,39.44019],[-105.1231,39.44796],[-105.12418,39.45499],[-105.13253,39.46125],[-105.13263,39.46791],[-105.13493,39.47095],[-105.12182,39.4813],[-105.11903,39.48012],[-105.11628,39.48145],[-105.11827,39.48299],[-105.11765,39.48539],[-105.11509,39.48598],[-105.11171,39.48353],[-105.09871,39.48539],[-105.08675,39.49342],[-105.08505,39.50596],[-105.0784,39.51149],[-105.0801,39.52316],[-105.07611,39.53269],[-105.07774,39.53671],[-105.07642,39.54006],[-105.05725,39.56231],[-105.05306,39.56311],[-105.04432,39.55713],[-105.04577,39.55104],[-105.04168,39.53992],[-105.02769,39.52367],[-105.01198,39.52277],[-105.00491,39.52916],[-104.97478,39.52709],[-104.96336,39.5241],[-104.94709,39.52456],[-104.94102,39.52746],[-104.93009,39.52167],[-104.9176,39.52123],[-104.91589,39.52328],[-104.91423,39.51965],[-104.91365,39.5219],[-104.90446,39.522],[-104.90423,39.55095],[-104.90595,39.55822],[-104.90442,39.56598],[-104.83948,39.56599],[-104.83941,39.55238],[-104.83012,39.55492],[-104.82962,39.50184],[-104.81954,39.49889],[-104.81273,39.49265],[-104.81222,39.49822],[-104.8123,39.4783],[-104.8215,39.47827],[-104.82179,39.46388],[-104.78907,39.46405],[-104.79594,39.45683],[-104.80963,39.44799],[-104.83038,39.42165],[-104.8404,39.41575],[-104.83494,39.4192],[-104.83962,39.42028],[-104.83961,39.43117],[-104.84429,39.4312],[-104.84428,39.43481],[-104.85827,39.435],[-104.85821,39.43146],[-104.86294,39.43156],[-104.86544,39.43589],[-104.86977,39.4383],[-104.86989,39.44092],[-104.86566,39.44269],[-104.86555,39.44465],[-104.87247,39.4477],[-104.87276,39.4498],[-104.87711,39.44973],[-104.87858,39.44619],[-104.89041,39.43552],[-104.90371,39.42651],[-104.93904,39.4343],[-104.9397,39.43152],[-104.94812,39.4316],[-104.95655,39.43417],[-104.96226,39.43364],[-104.9654,39.43139],[-104.95464,39.41791],[-104.9482,39.38976],[-104.9505,39.37968],[-104.95579,39.37037],[-104.95573,39.36759],[-104.95201,39.36446],[-104.95124,39.35491],[-104.94676,39.35491],[-104.94683,39.34759],[-104.92363,39.34831],[-104.92391,39.33302],[-104.93057,39.3331],[-104.9227,39.32668],[-104.92357,39.31272],[-104.92137,39.30993],[-104.92395,39.30938],[-104.92365,39.30046],[-104.91891,39.30102],[-104.9189,39.29706],[-104.90654,39.29844],[-104.89148,39.29702],[-104.87613,39.33893],[-104.8692,39.33791],[-104.87607,39.31852],[-104.82629,39.31844],[-104.82649,39.32467],[-104.82853,39.32599],[-104.82653,39.32598],[-104.82664,39.32937],[-104.82394,39.32938],[-104.83375,39.34385],[-104.85384,39.34387],[-104.8539,39.3511],[-104.84463,39.35108],[-104.84471,39.35468],[-104.83982,39.3547],[-104.84236,39.35786],[-104.8353,39.35214],[-104.82799,39.35175],[-104.82714,39.35331],[-104.81714,39.35495],[-104.80802,39.35493],[-104.80803,39.3513],[-104.80332,39.35129],[-104.80098,39.34767],[-104.7939,39.34768],[-104.79388,39.35307],[-104.79275,39.35079],[-104.78794,39.3515],[-104.78529,39.35507],[-104.78029,39.35738],[-104.77859,39.36385],[-104.77564,39.3658],[-104.76658,39.36603],[-104.76125,39.37314],[-104.76016,39.39122],[-104.76631,39.40571],[-104.75905,39.40582],[-104.76107,39.41426],[-104.76007,39.43511],[-104.74544,39.43074],[-104.74178,39.43517],[-104.73389,39.43571],[-104.73225,39.44218],[-104.70185,39.44209],[-104.69904,39.44565],[-104.68133,39.44557],[-104.68127,39.45141],[-104.67026,39.44267],[-104.66751,39.43492],[-104.6619,39.4344],[-104.66248,39.12953],[-105.32922,39.12969]]]}},{"type":"Feature","properties":{"d":40,"label":[-104.80533,39.64076],"area":20.8},"geometry":{"type":"Polygon","coordinates":[[[-104.87813,39.63162],[-104.875,39.63864],[-104.8756,39.64365],[-104.87788,39.6435],[-104.8473,39.6571],[-104.84868,39.65922],[-104.83718,39.6572],[-104.83179,39.65308],[-104.79122,39.65313],[-104.79102,39.67366],[-104.78002,39.67398],[-104.76882,39.67854],[-104.76192,39.67498],[-104.75348,39.67477],[-104.75424,39.65304],[-104.7349,39.65298],[-104.73506,39.63845],[-104.71888,39.63864],[-104.71885,39.62394],[-104.73184,39.62369],[-104.73517,39.62727],[-104.73819,39.6272],[-104.73823,39.62398],[-104.754,39.624],[-104.75389,39.63838],[-104.76047,39.63842],[-104.76077,39.63439],[-104.76326,39.63586],[-104.76342,39.62399],[-104.78605,39.62397],[-104.79817,39.62841],[-104.79826,39.62396],[-104.81035,39.62387],[-104.8105,39.61036],[-104.81991,39.60948],[-104.81993,39.60574],[-104.82346,39.60518],[-104.82459,39.60219],[-104.82457,39.60589],[-104.83146,39.60592],[-104.83148,39.60409],[-104.83346,39.60409],[-104.83377,39.60591],[-104.83609,39.60592],[-104.83613,39.60411],[-104.83857,39.60412],[-104.83854,39.60593],[-104.84446,39.60591],[-104.84797,39.60412],[-104.84768,39.62409],[-104.87126,39.62426],[-104.8712,39.62686],[-104.87577,39.62686],[-104.87569,39.63137],[-104.87813,39.63162]]]}},{"type":"Feature","properties":{"d":41,"label":[-104.8246,39.6756],"area":13.6},"geometry":{"type":"Polygon","coordinates":[[[-104.87773,39.69844],[-104.87532,39.69844],[-104.8742,39.69647],[-104.77235,39.69657],[-104.77246,39.67723],[-104.78002,39.67398],[-104.79102,39.67366],[-104.79122,39.65313],[-104.83179,39.65308],[-104.83902,39.65772],[-104.85544,39.6608],[-104.86633,39.66031],[-104.86605,39.67085],[-104.87539,39.67846],[-104.87544,39.69651],[-104.87772,39.69651],[-104.87773,39.69844]]]}},{"type":"Feature","properties":{"d":42,"label":[-104.83317,39.71843],"area":13.0},"geometry":{"type":"Polygon","coordinates":[[[-104.88654,39.72927],[-104.88471,39.73093],[-104.88465,39.74016],[-104.80062,39.74028],[-104.80057,39.72562],[-104.79116,39.72563],[-104.79108,39.69661],[-104.86596,39.69656],[-104.86714,39.70019],[-104.87066,39.69838],[-104.86866,39.70301],[-104.86597,39.70381],[-104.86597,39.71105],[-104.87063,39.71017],[-104.8706,39.71818],[-104.87528,39.71881],[-104.87533,39.72558],[-104.88193,39.72496],[-104.88654,39.72927]]]}},{"type":"Feature","properties":{"d":43,"label":[-104.97361,39.54284],"area":21.0},"geometry":{"type":"Polygon","coordinates":[[[-105.05306,39.56311],[-105.04874,39.56609],[-104.90442,39.56598],[-104.90595,39.55822],[-104.90368,39.52251],[-104.91365,39.5219],[-104.91423,39.51965],[-104.91589,39.52328],[-104.9176,39.52123],[-104.93009,39.52167],[-104.94102,39.52746],[-104.94709,39.52456],[-104.96336,39.5241],[-104.97478,39.52709],[-105.00491,39.52916],[-105.01198,39.52277],[-105.02769,39.52367],[-105.04168,39.53992],[-105.04577,39.55104],[-105.04432,39.55713],[-105.05306,39.56311]]]}},{"type":"Feature","properties":{"d":44,"label":[-104.74497,39.50072],"area":62.4},"geometry":{"type":"Polygon","coordinates":[[[-104.83948,39.56599],[-104.77439,39.56585],[-104.77443,39.56109],[-104.76817,39.55882],[-104.74636,39.5587],[-104.74189,39.55407],[-104.74172,39.55131],[-104.67956,39.55071],[-104.67931,39.5659],[-104.66016,39.56591],[-104.6619,39.4344],[-104.66751,39.43492],[-104.67026,39.44267],[-104.68127,39.45141],[-104.68133,39.44557],[-104.70011,39.44483],[-104.69994,39.45654],[-104.71829,39.45727],[-104.71905,39.46149],[-104.7224,39.46329],[-104.72562,39.46332],[-104.73048,39.46669],[-104.7357,39.46552],[-104.74475,39.47221],[-104.75233,39.47074],[-104.75523,39.47472],[-104.75838,39.47473],[-104.75966,39.44946],[-104.76636,39.45067],[-104.7647,39.4536],[-104.76614,39.45515],[-104.77156,39.44991],[-104.79045,39.45002],[-104.79053,39.45311],[-104.79365,39.45307],[-104.79364,39.45673],[-104.79606,39.45694],[-104.78907,39.46405],[-104.82179,39.46388],[-104.8215,39.47827],[-104.8123,39.4783],[-104.81222,39.49822],[-104.81273,39.49265],[-104.81954,39.49889],[-104.82957,39.50173],[-104.83012,39.55492],[-104.83941,39.55238],[-104.83948,39.56599]]]}},{"type":"Feature","properties":{"d":45,"label":[-104.85476,39.38582],"area":79.3},"geometry":{"type":"Polygon","coordinates":[[[-104.9654,39.43139],[-104.96226,39.43364],[-104.95655,39.43417],[-104.94812,39.4316],[-104.9397,39.43152],[-104.93904,39.4343],[-104.90371,39.42651],[-104.89041,39.43552],[-104.87858,39.44619],[-104.87711,39.44973],[-104.87264,39.44979],[-104.87247,39.4477],[-104.86555,39.44465],[-104.86566,39.44269],[-104.86989,39.44092],[-104.86977,39.4383],[-104.86544,39.43589],[-104.86294,39.43156],[-104.85821,39.43146],[-104.85827,39.435],[-104.84428,39.43481],[-104.84429,39.4312],[-104.83961,39.43117],[-104.83962,39.42028],[-104.83494,39.4192],[-104.83963,39.41753],[-104.8404,39.41575],[-104.8302,39.42183],[-104.80942,39.4482],[-104.79608,39.45673],[-104.79364,39.45673],[-104.79365,39.45307],[-104.79053,39.45311],[-104.79045,39.45002],[-104.77156,39.44991],[-104.76614,39.45515],[-104.7647,39.4536],[-104.76636,39.45067],[-104.75966,39.44946],[-104.75838,39.47473],[-104.75517,39.4747],[-104.75189,39.47062],[-104.75076,39.47207],[-104.74475,39.47221],[-104.73469,39.46518],[-104.73458,39.46637],[-104.72927,39.46633],[-104.72562,39.46332],[-104.71911,39.46154],[-104.71829,39.45727],[-104.69994,39.45654],[-104.70137,39.44221],[-104.73225,39.44218],[-104.73389,39.43571],[-104.74178,39.43517],[-104.74544,39.43074],[-104.76007,39.43511],[-104.76107,39.41426],[-104.75905,39.40582],[-104.76631,39.40571],[-104.76016,39.39122],[-104.76125,39.37314],[-104.76658,39.36603],[-104.77564,39.3658],[-104.77859,39.36385],[-104.78029,39.35738],[-104.78529,39.35507],[-104.78794,39.3515],[-104.79275,39.35079],[-104.79388,39.35307],[-104.7939,39.34768],[-104.80098,39.34767],[-104.80332,39.35129],[-104.80803,39.3513],[-104.80802,39.35493],[-104.81714,39.35495],[-104.82714,39.35331],[-104.82799,39.35175],[-104.8353,39.35214],[-104.84236,39.35786],[-104.83982,39.3547],[-104.84471,39.35468],[-104.84463,39.35108],[-104.8539,39.3511],[-104.85384,39.34387],[-104.83375,39.34385],[-104.82394,39.32938],[-104.82664,39.32937],[-104.82653,39.32598],[-104.82853,39.32599],[-104.82649,39.32467],[-104.82629,39.31844],[-104.87607,39.31852],[-104.8692,39.33791],[-104.87613,39.33893],[-104.89148,39.29702],[-104.90654,39.29844],[-104.91848,39.29699],[-104.91891,39.30102],[-104.92365,39.30046],[-104.92395,39.30938],[-104.92137,39.30993],[-104.92357,39.31272],[-104.9227,39.32668],[-104.93057,39.3331],[-104.92391,39.33302],[-104.92363,39.34831],[-104.94683,39.34759],[-104.94676,39.35491],[-104.95124,39.35491],[-104.95201,39.36446],[-104.95573,39.36759],[-104.95579,39.37037],[-104.9505,39.37968],[-104.9482,39.38976],[-104.95464,39.41791],[-104.9654,39.43139]]]}},{"type":"Feature","properties":{"d":46,"label":[-104.85967,38.12636],"area":675.4},"geometry":{"type":"Polygon","coordinates":[[[-105.05068,38.11382],[-105.04829,38.12777],[-105.04922,38.25797],[-104.94037,38.25827],[-104.94089,38.37203],[-104.84278,38.35536],[-104.8423,38.34807],[-104.83919,38.34532],[-104.83936,38.31622],[-104.85721,38.31541],[-104.86083,38.3074],[-104.8578,38.30509],[-104.85158,38.30533],[-104.84121,38.30188],[-104.81924,38.30199],[-104.81829,38.29701],[-104.79987,38.29649],[-104.77333,38.29173],[-104.77336,38.29481],[-104.76399,38.29486],[-104.76401,38.28742],[-104.74801,38.28768],[-104.74596,38.28856],[-104.7458,38.29469],[-104.73753,38.29486],[-104.73608,38.29108],[-104.73134,38.29106],[-104.73121,38.2874],[-104.73614,38.2874],[-104.73617,38.28378],[-104.71769,38.28375],[-104.71761,38.30909],[-104.69911,38.30911],[-104.69911,38.31641],[-104.69382,38.31639],[-104.69387,38.31278],[-104.68151,38.31243],[-104.68018,38.31645],[-104.66438,38.31595],[-104.66428,38.32341],[-104.66775,38.32343],[-104.67188,38.32697],[-104.6768,38.32702],[-104.67683,38.32344],[-104.68143,38.32347],[-104.68096,38.33805],[-104.67211,38.33801],[-104.67201,38.33157],[-104.67079,38.33426],[-104.66596,38.3343],[-104.66512,38.33066],[-104.66285,38.3307],[-104.66257,38.3417],[-104.65791,38.3417],[-104.65784,38.34537],[-104.65327,38.34538],[-104.65331,38.33812],[-104.64971,38.33814],[-104.64885,38.34158],[-104.62625,38.34183],[-104.62565,38.34539],[-104.62032,38.34537],[-104.62206,38.33818],[-104.61751,38.33822],[-104.6178,38.33459],[-104.61291,38.33466],[-104.61313,38.33108],[-104.5987,38.33115],[-104.59852,38.33479],[-104.59392,38.33485],[-104.59375,38.33848],[-104.58916,38.33853],[-104.58885,38.34589],[-104.57965,38.34586],[-104.5798,38.34222],[-104.5752,38.34224],[-104.57564,38.3313],[-104.57103,38.33134],[-104.5715,38.31658],[-104.53924,38.31708],[-104.53936,38.32348],[-104.54392,38.32431],[-104.53484,38.32449],[-104.52527,38.32452],[-104.52474,38.31714],[-104.46013,38.31727],[-104.46066,38.30331],[-104.44755,38.27737],[-104.44541,38.27664],[-104.44543,38.27349],[-104.45769,38.27446],[-104.45767,38.26658],[-104.45354,38.26683],[-104.45044,38.26461],[-104.44817,38.25843],[-104.44208,38.25895],[-104.438,38.26131],[-104.43325,38.25803],[-104.42483,38.25956],[-104.42194,38.25796],[-104.42168,38.25525],[-104.40734,38.25031],[-104.397,38.24796],[-104.38456,38.24923],[-104.38243,38.24451],[-104.37245,38.24548],[-104.36685,38.24245],[-104.36041,38.24154],[-104.34523,38.24379],[-104.34382,38.24575],[-104.34532,38.2515],[-104.34122,38.25349],[-104.32643,38.25],[-104.32263,38.24566],[-104.31487,38.24702],[-104.30949,38.24481],[-104.28496,38.24539],[-104.28473,38.23714],[-104.27675,38.23683],[-104.27086,38.23351],[-104.25473,38.23314],[-104.26131,38.22539],[-104.26881,38.22109],[-104.27667,38.21309],[-104.28527,38.20855],[-104.29177,38.202],[-104.3045,38.19801],[-104.30724,38.19189],[-104.30673,38.1837],[-104.31285,38.17975],[-104.31586,38.172],[-104.32122,38.16623],[-104.33234,38.16065],[-104.33571,38.15162],[-104.34069,38.14749],[-104.38675,38.14763],[-104.38684,38.15153],[-104.44011,38.16462],[-104.49736,38.18545],[-104.49734,38.18335],[-104.51957,38.18327],[-104.53087,38.2061],[-104.53452,38.20926],[-104.54059,38.20499],[-104.54125,38.20715],[-104.54548,38.20657],[-104.54787,38.20303],[-104.54499,38.20152],[-104.54933,38.20052],[-104.55468,38.19388],[-104.55954,38.19274],[-104.56112,38.19424],[-104.56251,38.19087],[-104.56855,38.19245],[-104.5743,38.19059],[-104.57882,38.18848],[-104.58081,38.18315],[-104.58855,38.18367],[-104.58792,38.1804],[-104.58237,38.17926],[-104.58352,38.1763],[-104.58844,38.17556],[-104.58593,38.17211],[-104.59298,38.17133],[-104.59322,38.16526],[-104.59798,38.16595],[-104.60149,38.15979],[-104.60764,38.15506],[-104.61603,38.15526],[-104.61564,38.16018],[-104.61554,38.15886],[-104.60975,38.16387],[-104.60717,38.16928],[-104.60244,38.16942],[-104.59001,38.17567],[-104.58949,38.184],[-104.58412,38.1861],[-104.57089,38.19835],[-104.57231,38.22375],[-104.58958,38.23165],[-104.58771,38.2329],[-104.58938,38.23452],[-104.58549,38.23752],[-104.57959,38.2352],[-104.57966,38.24201],[-104.5836,38.24229],[-104.58153,38.24566],[-104.58771,38.24609],[-104.58851,38.24795],[-104.57972,38.24736],[-104.5799,38.25094],[-104.56551,38.25919],[-104.56591,38.26517],[-104.55869,38.26698],[-104.55872,38.26986],[-104.55248,38.27165],[-104.57564,38.28465],[-104.57566,38.28819],[-104.58912,38.28811],[-104.58912,38.28681],[-104.58535,38.2869],[-104.58848,38.2861],[-104.60199,38.28766],[-104.60372,38.27964],[-104.59842,38.2649],[-104.60278,38.26396],[-104.60509,38.26526],[-104.60531,38.26336],[-104.61646,38.26056],[-104.60784,38.25493],[-104.60896,38.25369],[-104.61384,38.25415],[-104.62241,38.24905],[-104.62491,38.2509],[-104.62537,38.24417],[-104.64731,38.24399],[-104.64729,38.23901],[-104.64897,38.239],[-104.64893,38.2367],[-104.65261,38.23659],[-104.65259,38.23291],[-104.66239,38.23287],[-104.66228,38.22581],[-104.66628,38.22627],[-104.66833,38.22467],[-104.66212,38.21512],[-104.66219,38.18854],[-104.6393,38.18868],[-104.6393,38.19087],[-104.63376,38.1909],[-104.63644,38.17116],[-104.6695,38.1299],[-104.67466,38.11314],[-104.70557,38.07918],[-104.71523,38.06234],[-104.7278,38.04741],[-104.73093,38.03108],[-104.73716,38.02254],[-104.72808,38.02191],[-104.74045,38.01561],[-104.74486,38.00327],[-104.75278,37.99865],[-104.75643,37.99403],[-104.75531,37.99245],[-104.75825,37.99256],[-104.75754,37.99008],[-104.75953,37.99016],[-104.75892,37.98878],[-104.76254,37.98642],[-104.75857,37.96198],[-104.76357,37.95952],[-104.76533,37.95608],[-104.77752,37.9512],[-104.77708,37.94755],[-104.78883,37.9425],[-104.79186,37.937],[-104.79198,37.92326],[-104.80764,37.92366],[-104.8121,37.91873],[-104.81604,37.91857],[-104.81924,37.91549],[-104.82179,37.91592],[-104.82763,37.91308],[-104.82879,37.89113],[-105.01373,37.88127],[-105.01575,37.88551],[-105.0348,37.89458],[-105.03157,37.90415],[-105.03295,37.90532],[-105.03866,37.90444],[-105.03983,37.90812],[-105.0439,37.90954],[-105.04992,37.91548],[-105.05068,38.11382]]]}},{"type":"Feature","properties":{"d":47,"label":[-103.39466,37.8094],"area":16781.6},"geometry":{"type":"Polygon","coordinates":[[[-105.21843,37.5835],[-105.20703,37.5895],[-105.20377,37.59445],[-105.19324,37.59217],[-105.1941,37.60103],[-105.19631,37.60272],[-105.19564,37.60894],[-105.18974,37.61445],[-105.18444,37.61598],[-105.18755,37.61967],[-105.19173,37.61926],[-105.19105,37.6253],[-105.18548,37.62289],[-105.18593,37.62904],[-105.1745,37.63714],[-105.17017,37.64355],[-105.16249,37.64784],[-105.15892,37.65441],[-105.16569,37.6532],[-105.17066,37.64908],[-105.17863,37.65028],[-105.17452,37.6519],[-105.17512,37.65464],[-105.17007,37.65677],[-105.17077,37.65801],[-105.15345,37.66348],[-105.14755,37.66065],[-105.13217,37.66869],[-105.13079,37.66666],[-105.12964,37.66855],[-105.12067,37.66986],[-105.11108,37.67486],[-105.11056,37.67295],[-105.10619,37.67455],[-105.10608,37.67224],[-105.09777,37.67605],[-105.07798,37.68001],[-105.07225,37.68303],[-105.05298,37.6853],[-105.0313,37.69367],[-105.01357,37.69336],[-105.01412,37.72574],[-105.00307,37.7336],[-104.99598,37.73308],[-104.97629,37.73822],[-104.94132,37.7854],[-104.92205,37.82231],[-104.75122,37.821],[-104.73476,37.84668],[-104.72229,37.85414],[-104.70967,37.87199],[-104.66746,37.89508],[-104.66598,37.89878],[-104.6674,37.90894],[-104.66497,37.91285],[-104.65152,37.92056],[-104.63324,37.91938],[-104.62452,37.92312],[-104.61583,37.9475],[-104.61838,37.96944],[-104.6101,37.99493],[-104.61209,38.01781],[-104.61993,38.02591],[-104.6289,38.04596],[-104.62921,38.08335],[-104.63606,38.10533],[-104.63625,38.11171],[-104.62713,38.1332],[-104.61934,38.14446],[-104.61572,38.15885],[-104.61603,38.15526],[-104.60764,38.15506],[-104.60149,38.15979],[-104.59798,38.16595],[-104.59322,38.16526],[-104.59311,38.17121],[-104.58593,38.17211],[-104.58844,38.17556],[-104.58245,38.1778],[-104.583,38.18011],[-104.58792,38.1804],[-104.58855,38.18367],[-104.58081,38.18315],[-104.57882,38.18848],[-104.5743,38.19059],[-104.56855,38.19245],[-104.56251,38.19087],[-104.56112,38.19424],[-104.55954,38.19274],[-104.55468,38.19388],[-104.54933,38.20052],[-104.54499,38.20152],[-104.54787,38.20303],[-104.54548,38.20657],[-104.54125,38.20715],[-104.54059,38.20499],[-104.53452,38.20926],[-104.53087,38.2061],[-104.51957,38.18327],[-104.49734,38.18335],[-104.49736,38.18545],[-104.44011,38.16462],[-104.38684,38.15153],[-104.38675,38.14763],[-104.34069,38.14749],[-104.33571,38.15162],[-104.33234,38.16065],[-104.32122,38.16623],[-104.31586,38.172],[-104.31285,38.17975],[-104.30673,38.1837],[-104.30724,38.19189],[-104.3045,38.19801],[-104.29425,38.20025],[-104.25542,38.2316],[-104.25473,38.23314],[-104.27086,38.23351],[-104.27675,38.23683],[-104.28473,38.23714],[-104.28496,38.24539],[-104.30949,38.24481],[-104.31487,38.24702],[-104.32263,38.24566],[-104.32643,38.25],[-104.33919,38.25322],[-104.34494,38.25212],[-104.34523,38.24379],[-104.36041,38.24154],[-104.36685,38.24245],[-104.37245,38.24548],[-104.38243,38.24451],[-104.38456,38.24923],[-104.397,38.24796],[-104.40734,38.25031],[-104.42168,38.25525],[-104.42194,38.25796],[-104.42483,38.25956],[-104.43325,38.25803],[-104.438,38.26131],[-104.44208,38.25895],[-104.44817,38.25843],[-104.45044,38.26461],[-104.45354,38.26683],[-104.45767,38.26658],[-104.45769,38.27446],[-104.44543,38.27349],[-104.44541,38.27664],[-104.44755,38.27737],[-104.46066,38.30331],[-104.46013,38.31727],[-104.52474,38.31714],[-104.52527,38.32452],[-104.53484,38.32449],[-104.54392,38.32431],[-104.53936,38.32348],[-104.53924,38.31708],[-104.5715,38.31658],[-104.57103,38.33134],[-104.57564,38.3313],[-104.5752,38.34224],[-104.5798,38.34222],[-104.57965,38.34586],[-104.58885,38.34589],[-104.58916,38.33853],[-104.59375,38.33848],[-104.59392,38.33485],[-104.59852,38.33479],[-104.5987,38.33115],[-104.61313,38.33108],[-104.61291,38.33466],[-104.6178,38.33459],[-104.61751,38.33822],[-104.62206,38.33818],[-104.62032,38.34537],[-104.62565,38.34539],[-104.62625,38.34183],[-104.64885,38.34158],[-104.64971,38.33814],[-104.65331,38.33812],[-104.65327,38.34538],[-104.65784,38.34537],[-104.65791,38.3417],[-104.66257,38.3417],[-104.66285,38.3307],[-104.66512,38.33066],[-104.66596,38.3343],[-104.67079,38.33426],[-104.67201,38.33157],[-104.67211,38.33801],[-104.68096,38.33805],[-104.68143,38.32347],[-104.67683,38.32344],[-104.6768,38.32702],[-104.67188,38.32697],[-104.66775,38.32343],[-104.66428,38.32341],[-104.66438,38.31595],[-104.68018,38.31645],[-104.68151,38.31243],[-104.69387,38.31278],[-104.69382,38.31639],[-104.69911,38.31641],[-104.69911,38.30911],[-104.71761,38.30909],[-104.71769,38.28375],[-104.73617,38.28378],[-104.73614,38.2874],[-104.73121,38.2874],[-104.73134,38.29106],[-104.73608,38.29108],[-104.73753,38.29486],[-104.7458,38.29469],[-104.74596,38.28856],[-104.74946,38.28743],[-104.76401,38.28742],[-104.76399,38.29486],[-104.77336,38.29481],[-104.77448,38.29194],[-104.77509,38.29844],[-104.77291,38.30127],[-104.77677,38.30272],[-104.7765,38.31054],[-104.76944,38.31458],[-104.76301,38.31269],[-104.76154,38.31795],[-104.74948,38.31732],[-104.7415,38.32661],[-104.74428,38.33154],[-104.74373,38.33547],[-104.75473,38.33849],[-104.75467,38.34541],[-104.71767,38.3454],[-104.71769,38.35992],[-104.73631,38.35986],[-104.73631,38.36718],[-104.74083,38.36703],[-104.74102,38.37435],[-104.73668,38.37449],[-104.73659,38.38913],[-104.72697,38.38905],[-104.72697,38.39626],[-104.73645,38.3963],[-104.73654,38.40363],[-104.724,38.40355],[-104.72239,38.40559],[-104.72192,38.40355],[-104.71744,38.4035],[-104.71755,38.40716],[-104.69943,38.40715],[-104.69942,38.41066],[-104.6991,38.40947],[-104.69906,38.41066],[-104.68566,38.41069],[-104.68454,38.40695],[-104.672,38.40721],[-104.67202,38.41087],[-104.66377,38.41105],[-104.63989,38.4108],[-104.64006,38.40348],[-104.62628,38.40355],[-104.62633,38.49068],[-104.64464,38.49063],[-104.64469,38.51984],[-103.91052,38.52333],[-103.71548,38.52157],[-103.61299,38.52255],[-103.61298,38.51788],[-103.50467,38.51641],[-103.50467,38.52366],[-103.25056,38.52366],[-103.17288,38.52531],[-103.17294,38.61245],[-103.05424,38.61507],[-102.6205,38.61291],[-102.04508,38.61517],[-102.04452,37.98457],[-102.04161,37.68924],[-102.04209,36.99302],[-102.69814,36.99515],[-102.81507,36.99977],[-102.98698,36.99852],[-103.00233,37.00015],[-104.33883,36.99354],[-105.02923,36.99273],[-105.15504,36.99526],[-105.15418,37.29313],[-105.15791,37.29289],[-105.16456,37.28912],[-105.16547,37.29124],[-105.1634,37.30042],[-105.16692,37.31379],[-105.16544,37.31678],[-105.16689,37.32268],[-105.1631,37.32891],[-105.16795,37.33703],[-105.16405,37.34302],[-105.16891,37.36151],[-105.16575,37.36982],[-105.16898,37.37501],[-105.16532,37.38117],[-105.16676,37.3884],[-105.16265,37.3903],[-105.15727,37.39844],[-105.13857,37.40069],[-105.13267,37.40361],[-105.12972,37.40925],[-105.13058,37.41166],[-105.13596,37.41246],[-105.13942,37.41558],[-105.14104,37.42864],[-105.14512,37.429],[-105.14395,37.43174],[-105.14682,37.44109],[-105.14956,37.44318],[-105.15565,37.45655],[-105.15855,37.45732],[-105.16388,37.45452],[-105.17553,37.45653],[-105.17347,37.4611],[-105.17668,37.47559],[-105.1822,37.47921],[-105.17476,37.48527],[-105.17767,37.49139],[-105.17257,37.49877],[-105.17412,37.5093],[-105.17132,37.51325],[-105.17771,37.5341],[-105.18367,37.53965],[-105.18268,37.54678],[-105.17835,37.54632],[-105.18389,37.55264],[-105.18402,37.55584],[-105.19481,37.56465],[-105.19333,37.56638],[-105.19604,37.56987],[-105.20162,37.57402],[-105.21386,37.57788],[-105.21843,37.5835]]]}},{"type":"Feature","properties":{"d":48,"label":[-104.74422,40.17385],"area":543.4},"geometry":{"type":"Polygon","coordinates":[[[-104.92215,40.00033],[-104.88597,40.00036],[-104.88625,40.04088],[-104.88781,40.04225],[-104.88629,40.06186],[-104.87623,40.06186],[-104.87625,40.06539],[-104.86916,40.06542],[-104.86748,40.06694],[-104.86777,40.08004],[-104.88643,40.08013],[-104.88649,40.09477],[-104.90521,40.09485],[-104.90449,40.1601],[-104.88576,40.15981],[-104.8856,40.17492],[-104.8859,40.20383],[-104.90653,40.20383],[-104.90473,40.20437],[-104.90487,40.26231],[-104.88602,40.26207],[-104.88611,40.27648],[-104.8712,40.27619],[-104.86749,40.2795],[-104.86747,40.27257],[-104.87212,40.27259],[-104.87215,40.26901],[-104.86739,40.26703],[-104.86737,40.26534],[-104.86275,40.26532],[-104.8628,40.25435],[-104.8604,40.25399],[-104.86279,40.25314],[-104.86196,40.24707],[-104.84898,40.24681],[-104.84873,40.27074],[-104.85208,40.27403],[-104.8487,40.28501],[-104.84197,40.29257],[-104.83486,40.29352],[-104.82061,40.30816],[-104.81585,40.31013],[-104.81785,40.31577],[-104.81483,40.31867],[-104.80583,40.32198],[-104.79993,40.33038],[-104.79403,40.33168],[-104.78712,40.3303],[-104.78466,40.33357],[-104.77362,40.33755],[-104.76197,40.34074],[-104.75419,40.34026],[-104.75416,40.31921],[-104.73507,40.31924],[-104.73455,40.35565],[-104.71573,40.35572],[-104.71573,40.35934],[-104.71096,40.35933],[-104.711,40.36284],[-104.70192,40.36488],[-104.6977,40.36869],[-104.69688,40.36593],[-104.68944,40.36615],[-104.6778,40.3738],[-104.67771,40.38461],[-104.66836,40.38466],[-104.66894,40.39158],[-104.67404,40.39195],[-104.67404,40.39396],[-104.6688,40.3939],[-104.66831,40.39552],[-104.6605,40.39533],[-104.6637,40.39381],[-104.6519,40.39414],[-104.64943,40.39558],[-104.64944,40.39932],[-104.66263,40.3993],[-104.66613,40.40282],[-104.66365,40.40282],[-104.66368,40.40652],[-104.67321,40.40827],[-104.67086,40.42294],[-104.66599,40.42284],[-104.66402,40.42105],[-104.64114,40.4212],[-104.64099,40.42262],[-104.64006,40.42132],[-104.62583,40.421],[-104.62575,40.42309],[-104.62067,40.42469],[-104.61941,40.428],[-104.62127,40.42838],[-104.62123,40.43877],[-104.62555,40.4388],[-104.62558,40.44608],[-104.62909,40.44607],[-104.62924,40.44969],[-104.58363,40.44976],[-104.5834,40.42814],[-104.58947,40.42812],[-104.59052,40.42584],[-104.56716,40.4173],[-104.5633,40.41232],[-104.56441,40.39316],[-104.54736,40.39226],[-104.54556,40.39365],[-104.54556,40.39225],[-104.5477,40.39202],[-104.54357,40.3893],[-104.52959,40.3846],[-104.55487,40.38508],[-104.55481,40.38166],[-104.56421,40.38165],[-104.56513,40.30519],[-104.6021,40.30494],[-104.60287,40.15982],[-104.58444,40.16003],[-104.58445,40.16732],[-104.56584,40.16742],[-104.5659,40.15981],[-104.54717,40.15986],[-104.54701,40.14802],[-104.55049,40.14804],[-104.55047,40.14585],[-104.59402,40.14571],[-104.59405,40.1384],[-104.58484,40.13846],[-104.58471,40.13117],[-104.48933,40.13091],[-104.4707,40.1456],[-104.46116,40.14562],[-104.46118,40.14108],[-104.47072,40.12786],[-104.46577,40.13317],[-104.45424,40.15077],[-104.44281,40.13163],[-104.44214,40.11669],[-104.4143,40.11668],[-104.41463,40.00074],[-104.69714,40.00051],[-104.69738,39.97251],[-104.67844,39.97236],[-104.67814,39.92865],[-104.73341,39.92884],[-104.7335,39.91428],[-104.77101,39.91438],[-104.77117,39.92158],[-104.78991,39.92159],[-104.78993,39.91981],[-104.7899,39.92877],[-104.79853,39.92803],[-104.80893,39.91834],[-104.80891,39.9144],[-104.81893,39.91441],[-104.82472,39.9088],[-104.84635,39.89765],[-104.84679,39.91446],[-104.87049,39.91443],[-104.87245,39.91245],[-104.89301,39.91433],[-104.88374,39.92505],[-104.88406,39.93477],[-104.87886,39.93565],[-104.87127,39.94319],[-104.88428,39.94314],[-104.88414,39.95036],[-104.89164,39.95035],[-104.89161,39.9432],[-104.89368,39.94311],[-104.89371,39.95018],[-104.90033,39.95016],[-104.90225,39.94772],[-104.90375,39.95021],[-104.90304,39.95757],[-104.89376,39.95869],[-104.88432,39.95515],[-104.88471,39.95702],[-104.89379,39.96002],[-104.89375,39.96478],[-104.88424,39.96484],[-104.8844,39.98668],[-104.92188,39.98648],[-104.92215,40.00033]]]}},{"type":"Feature","properties":{"d":49,"label":[-105.39152,40.2824],"area":3431.4},"geometry":{"type":"Polygon","coordinates":[[[-106.19494,40.98694],[-106.19055,40.99758],[-105.72941,40.99682],[-104.94337,40.99821],[-104.94337,40.74022],[-105.17077,40.74081],[-105.17603,40.68762],[-105.17944,40.67728],[-105.18828,40.67382],[-105.19089,40.67016],[-105.18855,40.66368],[-105.17356,40.64842],[-105.173,40.64254],[-105.16749,40.63675],[-105.16896,40.6294],[-105.16179,40.62592],[-105.17144,40.6259],[-105.17382,40.60773],[-105.16307,40.59147],[-105.15552,40.56229],[-105.14844,40.55629],[-105.15062,40.54692],[-105.14959,40.53934],[-105.14624,40.53265],[-105.14132,40.53121],[-105.14089,40.52851],[-105.14343,40.52745],[-105.15123,40.51357],[-105.14915,40.50642],[-105.14995,40.48152],[-105.14047,40.47821],[-105.13717,40.47081],[-105.14936,40.42638],[-105.1478,40.41754],[-105.15508,40.41155],[-105.15225,40.40738],[-105.15367,40.39936],[-105.15961,40.39731],[-105.15652,40.39296],[-105.16302,40.39296],[-105.16365,40.37505],[-105.15881,40.37497],[-105.15886,40.37156],[-105.15619,40.37154],[-105.15549,40.36838],[-105.15393,40.36833],[-105.15412,40.37145],[-105.13497,40.37118],[-105.13501,40.36391],[-105.11871,40.36365],[-105.11279,40.36541],[-105.11125,40.36875],[-105.11001,40.36392],[-105.09726,40.36375],[-105.09734,40.34948],[-105.15025,40.34955],[-105.15032,40.31957],[-105.11233,40.31954],[-105.1123,40.30497],[-105.10759,40.3051],[-105.10751,40.29409],[-105.10301,40.29409],[-105.10245,40.26137],[-105.05509,40.26179],[-105.05518,40.20368],[-105.09321,40.20317],[-105.09319,40.20678],[-105.09781,40.2068],[-105.0978,40.21038],[-105.10237,40.2104],[-105.10189,40.20328],[-105.1156,40.20318],[-105.11551,40.21041],[-105.12137,40.21042],[-105.12155,40.20319],[-105.12632,40.20321],[-105.12632,40.20682],[-105.1311,40.20686],[-105.1311,40.20325],[-105.17802,40.20332],[-105.17842,40.13105],[-105.18326,40.12752],[-105.18322,40.11659],[-105.18972,40.11569],[-105.2069,40.10762],[-105.20688,40.10165],[-105.24907,40.10174],[-105.24963,40.10535],[-105.27752,40.1053],[-105.28167,40.10323],[-105.28218,40.08018],[-105.28468,40.07408],[-105.2814,40.06524],[-105.28443,40.06572],[-105.28446,40.06373],[-105.28212,40.06373],[-105.28213,40.05958],[-105.27979,40.05824],[-105.28213,40.05822],[-105.28207,40.03498],[-105.28562,40.03499],[-105.28563,40.02315],[-105.28324,40.0151],[-105.28752,40.01524],[-105.28722,40.01045],[-105.29142,40.00893],[-105.29143,40.00586],[-105.28918,40.00573],[-105.29059,40.00006],[-105.26357,40.00014],[-105.25645,39.99005],[-105.25063,39.98648],[-105.23721,39.97148],[-105.23447,39.98359],[-105.23567,39.9858],[-105.23367,39.98579],[-105.18232,39.96438],[-105.18926,39.96266],[-105.18927,39.96147],[-105.18248,39.96359],[-105.17526,39.96067],[-105.17703,39.95944],[-105.17537,39.95758],[-105.17898,39.95765],[-105.1777,39.95048],[-105.17171,39.95049],[-105.16996,39.94765],[-105.16573,39.94858],[-105.16576,39.9432],[-105.16829,39.94321],[-105.16929,39.94127],[-105.16931,39.93923],[-105.16575,39.9401],[-105.16601,39.92872],[-105.16919,39.92869],[-105.16919,39.92638],[-105.17205,39.92508],[-105.17521,39.92509],[-105.17511,39.91786],[-105.16579,39.91785],[-105.16573,39.92291],[-105.16424,39.91757],[-105.16615,39.91405],[-105.39785,39.91289],[-105.39895,39.56606],[-105.50029,39.56614],[-105.58799,39.5682],[-105.7216,39.56527],[-105.82966,39.56487],[-105.8366,39.56879],[-105.83859,39.5723],[-105.83239,39.57757],[-105.8199,39.58223],[-105.81778,39.58078],[-105.80808,39.58339],[-105.80015,39.59342],[-105.78275,39.60014],[-105.77597,39.60514],[-105.77614,39.61108],[-105.78271,39.61796],[-105.78323,39.62994],[-105.79349,39.63638],[-105.81724,39.63356],[-105.82118,39.64269],[-105.82596,39.64093],[-105.83492,39.642],[-105.84155,39.64618],[-105.84866,39.64416],[-105.85434,39.64908],[-105.85661,39.65761],[-105.85995,39.65923],[-105.86477,39.66722],[-105.87961,39.66364],[-105.88486,39.65708],[-105.89395,39.65942],[-105.89681,39.66466],[-105.91075,39.66229],[-105.92668,39.67359],[-105.92703,39.6767],[-105.92133,39.68431],[-105.91958,39.69029],[-105.92004,39.69389],[-105.92462,39.69897],[-105.92141,39.70994],[-105.91178,39.71529],[-105.90672,39.72753],[-105.88944,39.73155],[-105.88237,39.74033],[-105.88484,39.75172],[-105.88048,39.7593],[-105.88672,39.766],[-105.89266,39.78264],[-105.88769,39.78902],[-105.88739,39.797],[-105.87557,39.79926],[-105.87231,39.79669],[-105.85494,39.79615],[-105.85148,39.78777],[-105.84409,39.78952],[-105.83,39.78822],[-105.82295,39.7856],[-105.81919,39.78983],[-105.81051,39.79147],[-105.80826,39.79733],[-105.80194,39.79934],[-105.79901,39.80343],[-105.79373,39.80194],[-105.78466,39.80243],[-105.77812,39.79848],[-105.76388,39.79498],[-105.75056,39.8013],[-105.73592,39.80499],[-105.73346,39.81254],[-105.72436,39.81823],[-105.72394,39.82464],[-105.71924,39.82754],[-105.71901,39.83191],[-105.71337,39.83821],[-105.70327,39.83671],[-105.69575,39.83948],[-105.69035,39.852],[-105.69612,39.86152],[-105.69685,39.8717],[-105.70078,39.87889],[-105.69769,39.88431],[-105.69972,39.8915],[-105.69112,39.89729],[-105.69031,39.9019],[-105.68723,39.90419],[-105.68786,39.9117],[-105.68598,39.91565],[-105.68219,39.91748],[-105.68227,39.92191],[-105.67508,39.93325],[-105.68294,39.93379],[-105.69369,39.9424],[-105.69176,39.94642],[-105.69435,39.95015],[-105.68511,39.95874],[-105.68824,39.95977],[-105.69034,39.96986],[-105.6849,39.97945],[-105.68748,39.98542],[-105.68316,39.99288],[-105.68321,39.99465],[-105.68904,39.99537],[-105.69119,39.99731],[-105.69105,40.00376],[-105.68847,40.00695],[-105.68982,40.01511],[-105.68783,40.01598],[-105.68072,40.01401],[-105.67014,40.01688],[-105.66161,40.01647],[-105.6588,40.01911],[-105.65191,40.0209],[-105.65279,40.02377],[-105.64064,40.03502],[-105.63749,40.04584],[-105.64446,40.04985],[-105.65106,40.05844],[-105.64669,40.06522],[-105.64181,40.06787],[-105.63887,40.06703],[-105.64112,40.073],[-105.63543,40.07495],[-105.63262,40.08145],[-105.636,40.08455],[-105.63368,40.08858],[-105.63469,40.09512],[-105.63202,40.09719],[-105.63605,40.10135],[-105.63668,40.10699],[-105.63465,40.11323],[-105.62997,40.11416],[-105.62657,40.11865],[-105.62878,40.12351],[-105.62609,40.12735],[-105.62998,40.13043],[-105.6297,40.13782],[-105.63547,40.14042],[-105.63566,40.14601],[-105.64628,40.14862],[-105.64729,40.15097],[-105.656,40.15128],[-105.66134,40.15652],[-105.66773,40.15828],[-105.66754,40.16119],[-105.67147,40.16542],[-105.66692,40.16989],[-105.66973,40.17426],[-105.6683,40.17703],[-105.67179,40.18003],[-105.67036,40.18462],[-105.67763,40.18902],[-105.67764,40.20233],[-105.67056,40.2078],[-105.6703,40.21936],[-105.66316,40.22003],[-105.66905,40.22418],[-105.66001,40.24883],[-105.64402,40.24994],[-105.65082,40.25369],[-105.65417,40.26134],[-105.66791,40.26772],[-105.67819,40.26812],[-105.68243,40.2728],[-105.68035,40.27467],[-105.68147,40.27905],[-105.67926,40.27891],[-105.68058,40.28446],[-105.68649,40.28829],[-105.68116,40.29195],[-105.68737,40.29373],[-105.68825,40.29771],[-105.68576,40.30292],[-105.69099,40.30494],[-105.69014,40.30865],[-105.70211,40.31208],[-105.69765,40.31827],[-105.69872,40.32078],[-105.70202,40.32171],[-105.70168,40.32431],[-105.71313,40.32557],[-105.72144,40.33202],[-105.72737,40.33398],[-105.72994,40.33962],[-105.73544,40.34298],[-105.73635,40.34661],[-105.74227,40.34928],[-105.74776,40.34751],[-105.75238,40.34909],[-105.7533,40.35142],[-105.75829,40.3524],[-105.76023,40.35618],[-105.76801,40.3601],[-105.76913,40.36447],[-105.77411,40.36523],[-105.78195,40.37376],[-105.78182,40.37699],[-105.78725,40.38087],[-105.79123,40.38786],[-105.79095,40.39864],[-105.81727,40.42432],[-105.81431,40.42946],[-105.81597,40.43721],[-105.80577,40.44733],[-105.80761,40.45226],[-105.80448,40.46422],[-105.81105,40.47094],[-105.80713,40.47241],[-105.80734,40.47453],[-105.82011,40.47597],[-105.8346,40.47987],[-105.83782,40.48303],[-105.84697,40.48279],[-105.85493,40.48625],[-105.8561,40.49041],[-105.85179,40.49847],[-105.8523,40.50655],[-105.85706,40.50786],[-105.86909,40.52074],[-105.88009,40.52327],[-105.89458,40.5202],[-105.90451,40.51412],[-105.90832,40.51607],[-105.91118,40.52218],[-105.90509,40.53529],[-105.91183,40.55269],[-105.90991,40.55881],[-105.91089,40.56642],[-105.91469,40.57064],[-105.91844,40.5707],[-105.92227,40.57424],[-105.92989,40.60575],[-105.94206,40.60908],[-105.94702,40.61669],[-105.94502,40.62185],[-105.94926,40.62732],[-105.94849,40.64232],[-105.95443,40.64744],[-105.95582,40.65885],[-105.96504,40.66821],[-105.96666,40.67568],[-105.97139,40.68077],[-105.96993,40.68539],[-105.97396,40.69014],[-105.97259,40.69562],[-105.97709,40.70265],[-105.98874,40.7096],[-105.99008,40.71831],[-105.98808,40.72137],[-105.99058,40.72718],[-105.99483,40.73214],[-106.01054,40.7408],[-106.01527,40.75282],[-106.02226,40.75469],[-106.02067,40.75843],[-106.02662,40.76795],[-106.02449,40.77126],[-106.02925,40.77344],[-106.02891,40.77752],[-106.03103,40.77787],[-106.02969,40.78156],[-106.03457,40.78528],[-106.03965,40.78576],[-106.04537,40.79186],[-106.04674,40.80302],[-106.05235,40.80586],[-106.0515,40.80914],[-106.0578,40.81444],[-106.05772,40.81712],[-106.06483,40.82157],[-106.07132,40.82233],[-106.07958,40.83024],[-106.08791,40.8334],[-106.09245,40.8407],[-106.0997,40.84209],[-106.10126,40.84356],[-106.09852,40.84974],[-106.10244,40.85233],[-106.10813,40.85223],[-106.1047,40.86033],[-106.11654,40.86644],[-106.12318,40.8675],[-106.13067,40.87387],[-106.13242,40.87655],[-106.12762,40.88489],[-106.13125,40.89661],[-106.1367,40.89958],[-106.13691,40.90203],[-106.14407,40.9049],[-106.14788,40.90464],[-106.15855,40.91062],[-106.1592,40.91473],[-106.16817,40.9184],[-106.16943,40.92351],[-106.18531,40.93397],[-106.18929,40.94589],[-106.18436,40.9546],[-106.18739,40.95872],[-106.18484,40.96383],[-106.1877,40.96491],[-106.18674,40.97021],[-106.19021,40.97454],[-106.19112,40.98603],[-106.19494,40.98694]]]}},{"type":"Feature","properties":{"d":50,"label":[-104.71227,40.38926],"area":31.9},"geometry":{"type":"Polygon","coordinates":[[[-104.80352,40.37049],[-104.80342,40.37768],[-104.78443,40.3771],[-104.78438,40.38504],[-104.75617,40.38504],[-104.75621,40.39226],[-104.71588,40.39213],[-104.7159,40.40656],[-104.73505,40.40649],[-104.73476,40.45455],[-104.71048,40.45203],[-104.71047,40.45456],[-104.70614,40.45454],[-104.70622,40.45928],[-104.70151,40.45924],[-104.70142,40.45206],[-104.69672,40.45204],[-104.69578,40.45862],[-104.69243,40.44528],[-104.69023,40.44597],[-104.68916,40.43505],[-104.68628,40.43533],[-104.68563,40.43201],[-104.68191,40.43086],[-104.68269,40.42864],[-104.67941,40.42887],[-104.68045,40.42743],[-104.67746,40.42869],[-104.67766,40.42648],[-104.67324,40.42649],[-104.67324,40.42845],[-104.67086,40.42845],[-104.67242,40.42546],[-104.66847,40.42651],[-104.66846,40.42844],[-104.66273,40.4284],[-104.66279,40.42526],[-104.64939,40.42345],[-104.64934,40.42763],[-104.65633,40.42974],[-104.65623,40.43541],[-104.64211,40.43525],[-104.64179,40.43261],[-104.63362,40.4309],[-104.63506,40.45941],[-104.62971,40.45958],[-104.62909,40.44607],[-104.62558,40.44608],[-104.62555,40.4388],[-104.62123,40.43877],[-104.62067,40.42469],[-104.62575,40.42309],[-104.62583,40.421],[-104.64006,40.42132],[-104.64099,40.42262],[-104.64114,40.4212],[-104.66402,40.42105],[-104.66599,40.42284],[-104.67086,40.42294],[-104.67321,40.40827],[-104.66368,40.40652],[-104.66365,40.40282],[-104.66613,40.40282],[-104.66263,40.3993],[-104.64944,40.39932],[-104.64943,40.39558],[-104.6519,40.39414],[-104.6637,40.39381],[-104.6605,40.39533],[-104.66831,40.39552],[-104.6688,40.3939],[-104.67404,40.39396],[-104.67404,40.39195],[-104.66894,40.39158],[-104.66836,40.38466],[-104.67771,40.38461],[-104.6778,40.3738],[-104.68944,40.36615],[-104.69688,40.36593],[-104.6977,40.36869],[-104.70192,40.36488],[-104.711,40.36284],[-104.71096,40.35933],[-104.71573,40.35934],[-104.71573,40.35572],[-104.73455,40.35565],[-104.73507,40.31924],[-104.75416,40.31921],[-104.75419,40.34026],[-104.76225,40.34069],[-104.78576,40.33358],[-104.78362,40.34001],[-104.78454,40.37052],[-104.80352,40.37049]]]}},{"type":"Feature","properties":{"d":51,"label":[-105.05506,40.41803],"area":74.4},"geometry":{"type":"Polygon","coordinates":[[[-105.16365,40.37505],[-105.16302,40.39296],[-105.15652,40.39296],[-105.15962,40.39727],[-105.15367,40.39936],[-105.15225,40.40738],[-105.15508,40.41155],[-105.1478,40.41754],[-105.14936,40.42638],[-105.13748,40.47283],[-105.12462,40.47279],[-105.1246,40.48013],[-105.10127,40.48003],[-105.10118,40.48721],[-105.09635,40.48723],[-105.09644,40.47998],[-105.07742,40.48017],[-105.07722,40.48546],[-105.06784,40.48424],[-105.06784,40.48009],[-105.03423,40.48038],[-105.02899,40.48359],[-105.02307,40.48016],[-105.00111,40.4794],[-105.00116,40.47576],[-104.99237,40.47578],[-104.99211,40.46473],[-104.98222,40.4648],[-104.98251,40.43592],[-104.97685,40.43596],[-104.97679,40.44004],[-104.97168,40.44007],[-104.97173,40.43599],[-104.96339,40.43606],[-104.96397,40.41851],[-104.96208,40.41754],[-104.96398,40.4176],[-104.96437,40.40652],[-104.99092,40.40627],[-104.99267,40.40415],[-104.99388,40.38536],[-105.00246,40.38534],[-105.00125,40.37813],[-104.99499,40.37793],[-104.99076,40.37211],[-104.99439,40.37212],[-104.99441,40.37404],[-105.00252,40.37401],[-105.00243,40.34922],[-105.09734,40.34948],[-105.09726,40.36375],[-105.11001,40.36392],[-105.11125,40.36875],[-105.11279,40.36541],[-105.11871,40.36365],[-105.13501,40.36391],[-105.13497,40.37118],[-105.15412,40.37145],[-105.15393,40.36833],[-105.15549,40.36838],[-105.15619,40.37154],[-105.15886,40.37156],[-105.15881,40.37497],[-105.16365,40.37505]]]}},{"type":"Feature","properties":{"d":52,"label":[-105.06332,40.52703],"area":44.2},"geometry":{"type":"Polygon","coordinates":[[[-105.15123,40.51357],[-105.14304,40.52774],[-105.13798,40.52876],[-105.13577,40.52432],[-105.1333,40.53021],[-105.10563,40.53088],[-105.10563,40.53819],[-105.09613,40.53815],[-105.0961,40.55271],[-105.06752,40.55254],[-105.06748,40.55783],[-105.05799,40.55647],[-105.05685,40.58147],[-104.98678,40.5802],[-104.98681,40.57383],[-104.99157,40.57385],[-104.99157,40.57019],[-104.98208,40.57017],[-104.9821,40.56653],[-104.99637,40.56654],[-104.99725,40.56359],[-105.00103,40.56251],[-104.99178,40.53031],[-104.9913,40.51014],[-104.98845,40.50853],[-104.99124,40.50832],[-104.99133,40.48272],[-104.98971,40.47943],[-104.99151,40.47214],[-104.99237,40.47578],[-105.00116,40.47576],[-105.00111,40.4794],[-105.02307,40.48016],[-105.02867,40.48357],[-105.03423,40.48038],[-105.06784,40.48009],[-105.06784,40.48424],[-105.0774,40.48546],[-105.07742,40.48017],[-105.09644,40.47998],[-105.09635,40.48723],[-105.10118,40.48721],[-105.10127,40.48003],[-105.1246,40.48013],[-105.12462,40.47279],[-105.13748,40.47283],[-105.14334,40.48033],[-105.14995,40.48152],[-105.14915,40.50642],[-105.15123,40.51357]]]}},{"type":"Feature","properties":{"d":53,"label":[-105.078,40.58178],"area":32.9},"geometry":{"type":"Polygon","coordinates":[[[-105.15958,40.58234],[-105.1623,40.58926],[-105.1576,40.5903],[-105.15752,40.59499],[-105.15084,40.59506],[-105.15051,40.59181],[-105.14572,40.58925],[-105.13406,40.58958],[-105.13367,40.59675],[-105.11476,40.5965],[-105.1145,40.60665],[-105.09279,40.59639],[-105.09331,40.59903],[-105.09084,40.60074],[-105.09552,40.60328],[-105.08846,40.60355],[-105.0884,40.60874],[-105.09072,40.60876],[-105.0907,40.61075],[-105.08125,40.60954],[-105.08113,40.61161],[-105.07162,40.61414],[-105.07185,40.61779],[-105.06922,40.61779],[-105.06928,40.61413],[-105.06496,40.61329],[-105.0622,40.61455],[-105.06221,40.61221],[-105.05825,40.61234],[-105.05733,40.62054],[-105.0548,40.62057],[-105.06381,40.62948],[-105.05893,40.62823],[-105.06137,40.63076],[-105.05742,40.62739],[-105.0548,40.62877],[-105.05976,40.63236],[-105.05704,40.63335],[-105.05711,40.63939],[-105.03834,40.63927],[-105.02935,40.62754],[-105.02936,40.62473],[-105.00384,40.62456],[-105.0008,40.62588],[-104.99753,40.62452],[-105.00079,40.62393],[-104.99957,40.61123],[-104.98828,40.60919],[-104.98946,40.60448],[-104.98752,40.6028],[-104.9915,40.59981],[-104.98956,40.59691],[-104.9962,40.5955],[-104.99622,40.59357],[-104.9914,40.59494],[-104.99535,40.59198],[-104.9941,40.58868],[-104.99008,40.58843],[-104.99606,40.58846],[-104.99622,40.58138],[-104.9882,40.58114],[-105.05685,40.58147],[-105.05799,40.55647],[-105.06748,40.55783],[-105.06752,40.55254],[-105.0961,40.55271],[-105.09613,40.53815],[-105.10563,40.53819],[-105.10563,40.53088],[-105.1333,40.53021],[-105.13577,40.52432],[-105.13792,40.52872],[-105.14089,40.52851],[-105.14132,40.53121],[-105.14624,40.53265],[-105.14959,40.53934],[-105.15062,40.54692],[-105.14844,40.55629],[-105.15552,40.56229],[-105.15916,40.57272],[-105.15958,40.58234]]]}},{"type":"Feature","properties":{"d":54,"label":[-108.43571,38.94257],"area":3849.8},"geometry":{"type":"Polygon","coordinates":[[[-109.06009,38.49999],[-109.05982,38.71475],[-109.05402,38.87716],[-109.05275,38.99072],[-109.05076,39.36668],[-108.40961,39.36598],[-107.43095,39.36618],[-107.42846,39.36248],[-107.43051,39.34822],[-107.43676,39.34639],[-107.43854,39.34102],[-107.4429,39.33908],[-107.45082,39.33003],[-107.46253,39.32722],[-107.46596,39.32212],[-107.46326,39.31718],[-107.46521,39.31434],[-107.46175,39.31334],[-107.45646,39.30693],[-107.45167,39.30453],[-107.44721,39.30579],[-107.44491,39.3088],[-107.4388,39.30902],[-107.43777,39.30576],[-107.43973,39.30249],[-107.43748,39.29956],[-107.42117,39.29686],[-107.41261,39.29188],[-107.40856,39.2941],[-107.40489,39.29272],[-107.39696,39.29447],[-107.39696,39.28356],[-107.39396,39.28159],[-107.39407,39.27939],[-107.38219,39.27513],[-107.37932,39.27554],[-107.37748,39.27221],[-107.37994,39.2686],[-107.39146,39.26388],[-107.39142,39.26059],[-107.39596,39.25499],[-107.4003,39.25295],[-107.40717,39.25341],[-107.42195,39.25558],[-107.42457,39.25764],[-107.42958,39.25729],[-107.42946,39.24135],[-107.44284,39.23647],[-107.45129,39.23061],[-107.46077,39.23031],[-107.46389,39.22835],[-107.4747,39.22905],[-107.47888,39.23365],[-107.48421,39.23538],[-107.48689,39.2268],[-107.49455,39.21842],[-107.51068,39.21621],[-107.52029,39.20654],[-107.52884,39.20294],[-107.5233,39.19779],[-107.53335,39.19893],[-107.54257,39.1955],[-107.54284,39.1822],[-107.55812,39.17827],[-107.56844,39.18134],[-107.57299,39.17635],[-107.58363,39.17373],[-107.5933,39.16493],[-107.60711,39.16175],[-107.61395,39.15456],[-107.61911,39.15489],[-107.62128,39.15104],[-107.62892,39.14804],[-107.63241,39.14092],[-107.63828,39.14187],[-107.64793,39.13128],[-107.65131,39.13093],[-107.65376,39.124],[-107.66267,39.11624],[-107.66031,39.11177],[-107.67144,39.10763],[-107.67384,39.10109],[-107.68081,39.10026],[-107.68295,39.0927],[-107.68758,39.08804],[-107.69355,39.08751],[-107.69411,39.08514],[-107.70001,39.08386],[-107.70388,39.08499],[-107.70912,39.08309],[-107.72212,39.06862],[-107.72162,39.06525],[-107.72994,39.06613],[-107.73263,39.06296],[-107.73502,39.06628],[-107.73799,39.06616],[-107.7444,39.06219],[-107.74356,39.05795],[-107.7506,39.05399],[-107.75561,39.0539],[-107.75618,39.04967],[-107.76352,39.04693],[-107.76549,39.04329],[-107.77108,39.04369],[-107.7801,39.05255],[-107.78894,39.05628],[-107.79375,39.06145],[-107.82175,39.07051],[-107.81696,39.06715],[-107.81799,38.90333],[-107.82743,38.8958],[-107.8276,38.88018],[-107.85095,38.88022],[-107.85742,38.8728],[-107.87788,38.8722],[-107.87794,38.86822],[-107.88258,38.86458],[-107.88261,38.86107],[-107.88519,38.86092],[-107.88581,38.8547],[-107.88859,38.85161],[-107.89146,38.84964],[-107.90052,38.84952],[-107.90712,38.84187],[-107.91163,38.84138],[-107.9092,38.83944],[-107.92432,38.82826],[-107.94151,38.79892],[-107.93841,38.79677],[-107.93839,38.79322],[-107.935,38.79188],[-107.927,38.79278],[-107.92204,38.80006],[-107.88331,38.80282],[-107.83717,38.79718],[-107.83523,38.77197],[-107.82848,38.76184],[-107.83187,38.75575],[-107.83473,38.75472],[-107.83497,38.74958],[-107.83812,38.74699],[-107.83934,38.73077],[-107.8481,38.72295],[-107.84815,38.72093],[-107.83866,38.71074],[-107.83574,38.69875],[-107.83626,38.69452],[-107.84611,38.68379],[-107.84856,38.66811],[-108.3787,38.6681],[-108.37914,38.49999],[-109.06009,38.49999]],[[-108.73879,39.14142],[-108.7381,39.13191],[-108.73203,39.12073],[-108.72451,39.12071],[-108.7245,39.11716],[-108.71985,39.11716],[-108.71984,39.11364],[-108.71338,39.10995],[-108.7012,39.10989],[-108.70118,39.10629],[-108.7039,39.10429],[-108.69661,39.09595],[-108.68272,39.08494],[-108.67359,39.07418],[-108.66877,39.07048],[-108.66405,39.07041],[-108.66406,39.06315],[-108.65919,39.06315],[-108.65914,39.0559],[-108.65451,39.05591],[-108.6544,39.0487],[-108.64951,39.0487],[-108.64951,39.0459],[-108.63639,39.03604],[-108.63029,39.03603],[-108.62822,39.04112],[-108.62292,39.04497],[-108.62284,39.04864],[-108.61361,39.0486],[-108.61362,39.04495],[-108.608,39.04499],[-108.60806,39.04858],[-108.59421,39.04853],[-108.5941,39.05576],[-108.59129,39.05576],[-108.58854,39.05935],[-108.58949,39.05596],[-108.58309,39.05292],[-108.58487,39.04847],[-108.58022,39.04982],[-108.57355,39.048],[-108.56925,39.05079],[-108.56941,39.05551],[-108.56745,39.05472],[-108.56846,39.05042],[-108.57259,39.04725],[-108.57209,39.04499],[-108.56975,39.03851],[-108.56458,39.03392],[-108.56152,39.03393],[-108.5601,39.03036],[-108.54514,39.02909],[-108.53491,39.0306],[-108.5321,39.02928],[-108.532,39.02512],[-108.53012,39.02438],[-108.52464,39.02343],[-108.52458,39.02666],[-108.51937,39.02664],[-108.51677,39.02423],[-108.506,39.02307],[-108.50601,39.02129],[-108.49998,39.01949],[-108.49681,39.01949],[-108.4968,39.02127],[-108.48753,39.01864],[-108.48349,39.01973],[-108.48283,39.02674],[-108.49678,39.02674],[-108.4967,39.04843],[-108.48744,39.04846],[-108.48839,39.05149],[-108.48168,39.05594],[-108.48621,39.05641],[-108.48967,39.0529],[-108.49746,39.05292],[-108.49538,39.09181],[-108.49661,39.11715],[-108.50119,39.11716],[-108.50119,39.12438],[-108.50582,39.12438],[-108.50582,39.12799],[-108.52435,39.12801],[-108.52437,39.13164],[-108.53372,39.13167],[-108.53372,39.13528],[-108.53837,39.13528],[-108.53838,39.1389],[-108.54297,39.1389],[-108.54305,39.15338],[-108.5477,39.15337],[-108.54769,39.14976],[-108.55235,39.14975],[-108.55234,39.14252],[-108.56167,39.14252],[-108.56166,39.141],[-108.57102,39.14347],[-108.57091,39.13526],[-108.66396,39.13532],[-108.6639,39.11988],[-108.66864,39.12148],[-108.67057,39.11587],[-108.68013,39.12263],[-108.68679,39.12491],[-108.69032,39.1231],[-108.69188,39.11693],[-108.69572,39.11678],[-108.73681,39.1405],[-108.73353,39.1372],[-108.73761,39.13529],[-108.73879,39.14142]]]}},{"type":"Feature","properties":{"d":55,"label":[-108.58895,39.08417],"area":67.4},"geometry":{"type":"Polygon","coordinates":[[[-108.7381,39.13191],[-108.73879,39.14142],[-108.73761,39.13529],[-108.73353,39.1372],[-108.73681,39.1405],[-108.69572,39.11678],[-108.69188,39.11693],[-108.69032,39.1231],[-108.68679,39.12491],[-108.68013,39.12263],[-108.67057,39.11587],[-108.66864,39.12148],[-108.6639,39.11988],[-108.66396,39.13532],[-108.57091,39.13526],[-108.57102,39.14347],[-108.56166,39.141],[-108.56167,39.14252],[-108.55234,39.14252],[-108.55235,39.14975],[-108.54769,39.14976],[-108.5477,39.15337],[-108.54305,39.15338],[-108.54297,39.1389],[-108.53838,39.1389],[-108.53837,39.13528],[-108.53372,39.13528],[-108.53372,39.13167],[-108.52437,39.13164],[-108.52435,39.12801],[-108.50582,39.12799],[-108.50582,39.12438],[-108.50119,39.12438],[-108.50119,39.11716],[-108.49661,39.11715],[-108.49538,39.09181],[-108.49746,39.05292],[-108.48967,39.0529],[-108.48621,39.05641],[-108.48168,39.05594],[-108.48839,39.05149],[-108.48744,39.04846],[-108.4967,39.04843],[-108.49678,39.02674],[-108.48283,39.02674],[-108.48349,39.01973],[-108.48753,39.01864],[-108.4968,39.02127],[-108.49681,39.01949],[-108.49998,39.01949],[-108.50601,39.02129],[-108.506,39.02307],[-108.51677,39.02423],[-108.51937,39.02664],[-108.52458,39.02666],[-108.52464,39.02343],[-108.53012,39.02438],[-108.532,39.02512],[-108.5321,39.02928],[-108.53491,39.0306],[-108.54514,39.02909],[-108.5601,39.03036],[-108.56152,39.03393],[-108.56458,39.03392],[-108.56975,39.03851],[-108.57209,39.04499],[-108.57259,39.04725],[-108.56846,39.05042],[-108.56745,39.05472],[-108.56941,39.05551],[-108.56925,39.05079],[-108.57355,39.048],[-108.58022,39.04982],[-108.58487,39.04847],[-108.58309,39.05292],[-108.58949,39.05596],[-108.58854,39.05935],[-108.59129,39.05576],[-108.5941,39.05576],[-108.59421,39.04853],[-108.60806,39.04858],[-108.608,39.04499],[-108.61362,39.04495],[-108.61361,39.0486],[-108.62284,39.04864],[-108.62292,39.04497],[-108.62822,39.04112],[-108.63029,39.03603],[-108.63639,39.03604],[-108.64951,39.0459],[-108.64951,39.0487],[-108.6544,39.0487],[-108.65451,39.05591],[-108.65914,39.0559],[-108.65919,39.06315],[-108.66406,39.06315],[-108.66405,39.07041],[-108.66877,39.07048],[-108.67359,39.07418],[-108.68272,39.08494],[-108.69661,39.09595],[-108.7039,39.10429],[-108.70118,39.10629],[-108.7012,39.10989],[-108.71338,39.10995],[-108.71984,39.11364],[-108.71985,39.11716],[-108.7245,39.11716],[-108.72451,39.12071],[-108.73203,39.12073],[-108.7381,39.13191]]]}},{"type":"Feature","properties":{"d":56,"label":[-103.35483,39.24835],"area":11052.5},"geometry":{"type":"Polygon","coordinates":[[[-104.71371,39.61666],[-104.69777,39.61646],[-104.69778,39.62288],[-104.68347,39.62311],[-104.68346,39.62031],[-104.67915,39.62032],[-104.67903,39.63819],[-104.68387,39.63819],[-104.68391,39.63435],[-104.6865,39.63435],[-104.68647,39.63834],[-104.60377,39.63823],[-104.60352,39.66725],[-104.58431,39.66699],[-104.58364,39.70321],[-104.59316,39.70334],[-104.59327,39.69609],[-104.60336,39.69624],[-104.6034,39.689],[-104.61915,39.68846],[-104.61931,39.69081],[-104.6221,39.69102],[-104.62205,39.73985],[-104.6136,39.73998],[-104.61543,39.74235],[-104.62186,39.74133],[-104.62185,39.74468],[-104.61714,39.74498],[-104.61796,39.74704],[-104.61244,39.74702],[-104.61238,39.75394],[-104.59652,39.75353],[-104.59258,39.75106],[-104.59516,39.75052],[-104.59519,39.74692],[-104.58958,39.7471],[-104.60115,39.74443],[-104.60222,39.73988],[-104.50804,39.7385],[-104.50809,39.7575],[-104.48907,39.75716],[-104.48929,39.82501],[-104.61974,39.82685],[-104.61915,39.87322],[-104.60526,39.87311],[-104.60515,39.88135],[-104.59981,39.88131],[-104.59958,39.89904],[-104.63094,39.89929],[-104.63094,39.90664],[-104.64036,39.90671],[-104.64044,39.9284],[-104.67814,39.92865],[-104.67844,39.97236],[-104.69738,39.97251],[-104.69714,40.00051],[-104.16933,40.00078],[-103.7057,40.00137],[-103.70707,39.5663],[-103.15438,39.56565],[-102.9352,39.56855],[-102.61237,39.56886],[-102.55155,39.57066],[-102.31349,39.57114],[-102.04981,39.57406],[-102.04479,38.61534],[-102.6205,38.61291],[-103.05424,38.61507],[-103.17294,38.61245],[-103.17288,38.52531],[-103.25056,38.52366],[-103.50467,38.52366],[-103.50467,38.51641],[-103.61298,38.51788],[-103.61299,38.52255],[-103.71548,38.52157],[-103.91052,38.52333],[-104.63068,38.51992],[-104.65155,38.56325],[-104.64727,38.56328],[-104.66792,38.58862],[-104.67282,38.61759],[-104.68538,38.66351],[-104.68252,38.66354],[-104.68243,38.65725],[-104.66397,38.65738],[-104.66395,38.66458],[-104.63644,38.66482],[-104.63661,38.67927],[-104.63336,38.67927],[-104.63343,38.68258],[-104.6271,38.68263],[-104.62705,38.68091],[-104.62305,38.68095],[-104.62303,38.6793],[-104.60916,38.67927],[-104.60905,38.68662],[-104.60543,38.68661],[-104.6054,38.6903],[-104.59918,38.69029],[-104.59915,38.69402],[-104.62764,38.69399],[-104.62712,38.70513],[-104.62381,38.71176],[-104.6274,38.71214],[-104.62828,38.72308],[-104.64146,38.723],[-104.64149,38.7262],[-104.63873,38.72845],[-104.63233,38.72695],[-104.62709,38.73013],[-104.60829,38.7486],[-104.6085,38.76644],[-104.55518,38.76622],[-104.55258,38.76816],[-104.55227,38.77421],[-104.54824,38.7792],[-104.54792,38.78328],[-104.54144,38.78085],[-104.51568,38.7809],[-104.51587,38.78799],[-104.48812,38.78797],[-104.48861,38.81685],[-104.53465,38.81687],[-104.5349,38.83867],[-104.61736,38.83884],[-104.61875,38.84614],[-104.61268,38.84612],[-104.61266,38.84974],[-104.59875,38.84894],[-104.59868,38.85324],[-104.60335,38.85329],[-104.60336,38.85695],[-104.59872,38.85688],[-104.59869,38.86421],[-104.60795,38.86441],[-104.60793,38.8681],[-104.61261,38.86811],[-104.61262,38.8644],[-104.61728,38.86439],[-104.61728,38.86812],[-104.63603,38.86816],[-104.636,38.86997],[-104.62661,38.86995],[-104.62643,38.88625],[-104.62179,38.88624],[-104.62183,38.88263],[-104.61718,38.88262],[-104.61713,38.88987],[-104.62176,38.88987],[-104.62172,38.89349],[-104.62645,38.89347],[-104.62659,38.91325],[-104.61775,38.92631],[-104.55292,38.92531],[-104.55267,38.9549],[-104.53414,38.95474],[-104.53409,39.01629],[-104.53603,39.03598],[-104.53907,39.04258],[-104.57134,39.04247],[-104.5706,39.1003],[-104.55216,39.10044],[-104.55177,39.12943],[-104.66248,39.12953],[-104.66016,39.56591],[-104.64212,39.56589],[-104.64201,39.57431],[-104.66078,39.57435],[-104.66067,39.58025],[-104.6795,39.58036],[-104.67957,39.59643],[-104.68634,39.60567],[-104.69741,39.61003],[-104.70488,39.60945],[-104.71183,39.61289],[-104.71371,39.61666]]]}},{"type":"Feature","properties":{"d":57,"label":[-108.04654,39.51739],"area":4151.7},"geometry":{"type":"Polygon","coordinates":[[[-109.05076,39.36668],[-109.05123,39.66047],[-108.8957,39.66049],[-108.89573,39.65034],[-108.55463,39.65016],[-108.55472,39.69364],[-107.93855,39.69446],[-107.9385,39.825],[-107.78721,39.82505],[-107.69423,39.83011],[-107.5447,39.82808],[-107.43177,39.82838],[-107.43167,39.91772],[-107.31875,39.91497],[-107.31699,40.09076],[-107.03736,40.09154],[-107.03736,40.00308],[-107.03205,40.00294],[-107.03397,39.91891],[-107.11367,39.91911],[-107.11344,39.68451],[-107.10831,39.685],[-107.10288,39.68273],[-107.08682,39.67267],[-107.07425,39.67216],[-107.06768,39.66883],[-107.06739,39.66593],[-107.07186,39.66267],[-107.0712,39.65748],[-107.06711,39.65472],[-107.05882,39.65468],[-107.05657,39.65192],[-107.04578,39.65149],[-107.03809,39.64826],[-107.02547,39.64799],[-107.02851,39.64317],[-107.03442,39.64151],[-107.03915,39.64335],[-107.04315,39.64163],[-107.04668,39.64219],[-107.04949,39.64311],[-107.05034,39.64703],[-107.05693,39.64795],[-107.05406,39.64457],[-107.05679,39.64622],[-107.05725,39.64205],[-107.06556,39.63955],[-107.07841,39.6432],[-107.0781,39.64507],[-107.10051,39.63371],[-107.10469,39.62616],[-107.11345,39.625],[-107.11386,39.6242],[-107.10715,39.62446],[-107.10638,39.62311],[-107.10763,39.61281],[-107.10617,39.61031],[-107.1017,39.61311],[-107.0993,39.61274],[-107.09172,39.60818],[-107.0851,39.60815],[-107.07578,39.60265],[-107.068,39.60194],[-107.06235,39.59792],[-107.05815,39.59007],[-107.03672,39.57434],[-107.03669,39.55805],[-107.04173,39.54322],[-107.0397,39.53672],[-107.04136,39.5341],[-107.04442,39.53449],[-107.04406,39.53189],[-107.04864,39.5279],[-107.04672,39.51224],[-107.04372,39.51063],[-107.03865,39.51234],[-107.0339,39.50603],[-107.03042,39.50934],[-107.02264,39.50767],[-107.01029,39.49759],[-107.00101,39.49523],[-106.99417,39.49055],[-106.9877,39.49116],[-106.98118,39.49629],[-106.9794,39.4879],[-106.97571,39.48425],[-106.9551,39.48239],[-106.95001,39.4767],[-106.93432,39.47083],[-106.93086,39.46549],[-106.9248,39.46666],[-106.91612,39.46177],[-106.91017,39.45285],[-106.90919,39.44732],[-106.89567,39.43837],[-106.88464,39.44192],[-106.8805,39.44167],[-106.87628,39.43557],[-106.85963,39.4337],[-106.85836,39.42769],[-106.84319,39.42179],[-106.82823,39.4234],[-106.82341,39.42651],[-106.82236,39.42484],[-106.82006,39.42796],[-106.82106,39.43153],[-106.83063,39.44086],[-106.82193,39.44901],[-106.8196,39.43947],[-106.81511,39.441],[-106.808,39.42934],[-106.79261,39.42567],[-106.78902,39.42057],[-106.78439,39.41838],[-106.77447,39.41747],[-106.76904,39.41949],[-106.76659,39.42342],[-106.75674,39.42143],[-106.75101,39.42209],[-106.74643,39.41927],[-106.7428,39.41976],[-106.73893,39.42406],[-106.73284,39.42138],[-106.72279,39.42616],[-106.71611,39.4238],[-106.7121,39.4266],[-106.71167,39.43318],[-106.7054,39.42819],[-106.68737,39.43237],[-106.68536,39.44144],[-106.6737,39.43873],[-106.6719,39.4402],[-106.66484,39.43344],[-106.66316,39.43379],[-106.66306,39.43112],[-106.6545,39.42486],[-106.65786,39.41952],[-106.61785,39.41907],[-106.61841,39.44311],[-106.59218,39.44292],[-106.56109,39.42982],[-106.55635,39.42249],[-106.54983,39.41989],[-106.54439,39.41359],[-106.54311,39.40189],[-106.52382,39.39393],[-106.52298,39.38172],[-106.5199,39.37976],[-106.51628,39.36879],[-106.50921,39.3623],[-106.42649,39.36187],[-106.43348,39.35417],[-106.43536,39.34397],[-106.43355,39.33749],[-106.42845,39.33513],[-106.42695,39.32335],[-106.43246,39.31635],[-106.43977,39.31732],[-106.44405,39.31522],[-106.45065,39.3167],[-106.45422,39.31226],[-106.45973,39.31301],[-106.46586,39.31146],[-106.46827,39.30731],[-106.47336,39.30884],[-106.47622,39.31475],[-106.4841,39.31293],[-106.49185,39.30662],[-106.49251,39.304],[-106.4999,39.30148],[-106.50269,39.29807],[-106.50403,39.28476],[-106.49854,39.27933],[-106.49363,39.27798],[-106.48983,39.27314],[-106.48295,39.27244],[-106.48407,39.2654],[-106.48106,39.25989],[-106.48825,39.24926],[-106.49765,39.24202],[-106.49874,39.23493],[-106.48971,39.22798],[-106.49387,39.21932],[-106.49365,39.19833],[-106.49817,39.1927],[-106.49961,39.18385],[-106.50821,39.17805],[-106.51,39.17465],[-106.50844,39.16777],[-106.51108,39.16353],[-106.52094,39.15735],[-106.53514,39.16315],[-106.5381,39.15801],[-106.55168,39.16147],[-106.55719,39.15671],[-106.56127,39.15568],[-106.56263,39.15195],[-106.55868,39.14385],[-106.56468,39.13294],[-106.56041,39.12845],[-106.55817,39.12022],[-106.56499,39.11401],[-106.56399,39.10604],[-106.58031,39.10216],[-106.58616,39.09405],[-106.58492,39.08483],[-106.57708,39.07944],[-106.57952,39.07557],[-106.57759,39.07276],[-106.57755,39.05321],[-106.58425,39.04719],[-106.59723,39.04482],[-106.59952,39.03379],[-106.59438,39.02996],[-106.59169,39.02492],[-106.59492,39.02081],[-106.59445,39.00419],[-106.5983,38.99874],[-106.61274,38.9957],[-106.61466,38.99999],[-106.62417,39.00364],[-106.63004,39.01221],[-106.63789,39.0147],[-106.63833,39.01922],[-106.64839,39.02215],[-106.65005,39.02633],[-106.64685,39.03329],[-106.65549,39.04442],[-106.6641,39.04185],[-106.67405,39.04581],[-106.68445,39.04513],[-106.693,39.05506],[-106.70305,39.05592],[-106.70785,39.05346],[-106.71032,39.04757],[-106.71722,39.0483],[-106.72266,39.04516],[-106.7407,39.04591],[-106.74214,39.044],[-106.74936,39.04253],[-106.74718,39.04002],[-106.74512,39.02692],[-106.75134,39.02579],[-106.75575,39.02058],[-106.7619,39.0193],[-106.7616,39.01618],[-106.76859,39.00817],[-106.77501,39.00612],[-106.77812,39.00128],[-106.78251,38.99927],[-106.78221,38.99074],[-106.78617,38.98525],[-106.79659,38.98417],[-106.80025,38.98218],[-106.79969,38.97965],[-106.80187,38.9783],[-106.81068,38.97868],[-106.81693,38.98138],[-106.82725,38.97772],[-106.83427,38.98084],[-106.83592,38.98358],[-106.8469,38.98701],[-106.85655,38.99897],[-106.86085,39.00929],[-106.86775,39.00686],[-106.87731,39.00648],[-106.87804,38.99428],[-106.88435,38.99041],[-106.8912,38.99102],[-106.89313,38.98953],[-106.90033,38.99249],[-106.9082,38.99258],[-106.90984,39.00017],[-106.91787,38.99918],[-106.93506,39.00608],[-106.94464,39.01443],[-106.95098,39.0166],[-106.95811,39.01551],[-106.9647,39.01754],[-106.96394,39.02851],[-106.9669,39.0308],[-106.97379,39.02888],[-106.97953,39.03076],[-106.98801,39.0308],[-106.99614,39.03417],[-107.00162,39.04227],[-106.99967,39.04277],[-106.99684,39.04934],[-106.98976,39.05198],[-106.99085,39.06004],[-106.9864,39.06247],[-106.98628,39.06428],[-106.98897,39.07071],[-106.99696,39.06935],[-107.00425,39.0745],[-107.01249,39.08438],[-107.01996,39.08955],[-107.03633,39.09493],[-107.04617,39.10192],[-107.05323,39.11057],[-107.06019,39.11196],[-107.06632,39.11881],[-107.28249,39.11872],[-107.28259,39.12387],[-107.28541,39.12513],[-107.28354,39.12793],[-107.28641,39.1366],[-107.29384,39.14471],[-107.29628,39.15433],[-107.29988,39.15646],[-107.3043,39.15555],[-107.30764,39.15713],[-107.31874,39.16531],[-107.33342,39.1662],[-107.33691,39.16904],[-107.34354,39.1686],[-107.35343,39.17304],[-107.35965,39.18483],[-107.36353,39.18632],[-107.3669,39.19204],[-107.37721,39.19965],[-107.37709,39.20413],[-107.38062,39.21023],[-107.37684,39.22013],[-107.37932,39.23109],[-107.37605,39.2367],[-107.37139,39.23892],[-107.37532,39.24188],[-107.37636,39.24599],[-107.39042,39.25059],[-107.39456,39.25669],[-107.39146,39.26388],[-107.37918,39.2691],[-107.37838,39.2748],[-107.39407,39.27939],[-107.39396,39.28159],[-107.39696,39.28356],[-107.39615,39.28951],[-107.39813,39.295],[-107.40384,39.29279],[-107.40856,39.2941],[-107.41261,39.29188],[-107.42117,39.29686],[-107.43748,39.29956],[-107.43973,39.30249],[-107.43777,39.30576],[-107.4388,39.30902],[-107.44491,39.3088],[-107.44721,39.30579],[-107.45167,39.30453],[-107.45646,39.30693],[-107.46175,39.31334],[-107.46521,39.31434],[-107.46326,39.31718],[-107.46596,39.32212],[-107.46253,39.32722],[-107.45082,39.33003],[-107.4429,39.33908],[-107.43854,39.34102],[-107.43676,39.34639],[-107.43051,39.34822],[-107.42846,39.36248],[-107.43095,39.36618],[-108.40961,39.36598],[-109.05076,39.36668]]]}},{"type":"Feature","properties":{"d":58,"label":[-108.02955,38.28783],"area":10612.9},"geometry":{"type":"Polygon","coordinates":[[[-109.0602,38.27824],[-109.06012,38.50003],[-108.37914,38.49999],[-108.3787,38.6681],[-107.84856,38.66811],[-107.84611,38.68379],[-107.83626,38.69452],[-107.83574,38.69875],[-107.83866,38.71074],[-107.84815,38.72093],[-107.8481,38.72295],[-107.83934,38.73077],[-107.83812,38.74699],[-107.83497,38.74958],[-107.83473,38.75472],[-107.83187,38.75575],[-107.82848,38.76184],[-107.83523,38.77197],[-107.83717,38.79718],[-107.88331,38.80282],[-107.92204,38.80006],[-107.927,38.79278],[-107.935,38.79188],[-107.93839,38.79322],[-107.93841,38.79677],[-107.94151,38.79892],[-107.92432,38.82826],[-107.9092,38.83944],[-107.91163,38.84138],[-107.90712,38.84187],[-107.90052,38.84952],[-107.89146,38.84964],[-107.88859,38.85161],[-107.88581,38.8547],[-107.88519,38.86092],[-107.88261,38.86107],[-107.88258,38.86458],[-107.87794,38.86822],[-107.87788,38.8722],[-107.85742,38.8728],[-107.85095,38.88022],[-107.8276,38.88018],[-107.82743,38.8958],[-107.81799,38.90333],[-107.81696,39.06715],[-107.82175,39.07051],[-107.79375,39.06145],[-107.78894,39.05628],[-107.7801,39.05255],[-107.77108,39.04369],[-107.76549,39.04329],[-107.76352,39.04693],[-107.75618,39.04967],[-107.75561,39.0539],[-107.7506,39.05399],[-107.74356,39.05795],[-107.7444,39.06219],[-107.73799,39.06616],[-107.73502,39.06628],[-107.73263,39.06296],[-107.72994,39.06613],[-107.72162,39.06525],[-107.72212,39.06862],[-107.70912,39.08309],[-107.70388,39.08499],[-107.70001,39.08386],[-107.69411,39.08514],[-107.69355,39.08751],[-107.68758,39.08804],[-107.68295,39.0927],[-107.68081,39.10026],[-107.67384,39.10109],[-107.67144,39.10763],[-107.66031,39.11177],[-107.66267,39.11624],[-107.65376,39.124],[-107.65131,39.13093],[-107.64793,39.13128],[-107.63828,39.14187],[-107.63241,39.14092],[-107.62892,39.14804],[-107.62128,39.15104],[-107.61911,39.15489],[-107.61395,39.15456],[-107.60711,39.16175],[-107.5933,39.16493],[-107.58363,39.17373],[-107.57299,39.17635],[-107.56844,39.18134],[-107.55812,39.17827],[-107.54284,39.1822],[-107.54257,39.1955],[-107.53335,39.19893],[-107.5233,39.19779],[-107.52884,39.20294],[-107.52029,39.20654],[-107.51068,39.21621],[-107.49455,39.21842],[-107.48689,39.2268],[-107.48421,39.23538],[-107.47888,39.23365],[-107.47521,39.22919],[-107.46389,39.22835],[-107.46077,39.23031],[-107.45108,39.23067],[-107.44284,39.23647],[-107.43026,39.24054],[-107.42958,39.25729],[-107.42457,39.25764],[-107.42155,39.25549],[-107.4003,39.25295],[-107.39449,39.2563],[-107.39042,39.25059],[-107.37609,39.24575],[-107.37532,39.24188],[-107.37139,39.23892],[-107.37605,39.2367],[-107.37932,39.23109],[-107.37684,39.22013],[-107.38062,39.21023],[-107.3784,39.20815],[-107.37678,39.19902],[-107.3669,39.19204],[-107.36353,39.18632],[-107.35965,39.18483],[-107.35343,39.17304],[-107.34354,39.1686],[-107.33691,39.16904],[-107.33342,39.1662],[-107.31874,39.16531],[-107.30764,39.15713],[-107.3043,39.15555],[-107.29988,39.15646],[-107.29628,39.15433],[-107.29384,39.14471],[-107.28641,39.1366],[-107.28354,39.12793],[-107.28541,39.12513],[-107.28259,39.12387],[-107.28249,39.11872],[-107.06632,39.11881],[-107.06019,39.11196],[-107.05323,39.11057],[-107.04617,39.10192],[-107.03633,39.09493],[-107.01996,39.08955],[-107.01249,39.08438],[-107.00425,39.0745],[-106.99696,39.06935],[-106.98897,39.07071],[-106.98628,39.06428],[-106.9864,39.06247],[-106.99085,39.06004],[-106.98976,39.05198],[-106.99684,39.04934],[-106.99967,39.04277],[-107.00162,39.04227],[-106.99614,39.03417],[-106.98801,39.0308],[-106.97953,39.03076],[-106.97379,39.02888],[-106.96734,39.03085],[-106.96431,39.02958],[-106.9647,39.01754],[-106.95811,39.01551],[-106.95098,39.0166],[-106.94464,39.01443],[-106.93506,39.00608],[-106.91787,38.99918],[-106.91044,39.00051],[-106.9082,38.99258],[-106.90033,38.99249],[-106.89313,38.98953],[-106.8912,38.99102],[-106.88435,38.99041],[-106.87804,38.99428],[-106.87663,38.99999],[-106.87809,39.00591],[-106.86775,39.00686],[-106.86169,39.00944],[-106.85655,38.99897],[-106.84555,38.98622],[-106.83592,38.98358],[-106.83427,38.98084],[-106.82725,38.97772],[-106.81693,38.98138],[-106.81068,38.97868],[-106.80187,38.9783],[-106.79969,38.97965],[-106.80025,38.98218],[-106.79659,38.98417],[-106.78765,38.98433],[-106.78399,38.98692],[-106.78251,38.99927],[-106.77812,39.00128],[-106.77501,39.00612],[-106.76859,39.00817],[-106.7616,39.01618],[-106.7619,39.0193],[-106.75575,39.02058],[-106.75134,39.02579],[-106.74512,39.02692],[-106.74718,39.04002],[-106.74936,39.04253],[-106.74214,39.044],[-106.7407,39.04591],[-106.72266,39.04516],[-106.71722,39.0483],[-106.71032,39.04757],[-106.70568,39.05479],[-106.69497,39.05567],[-106.68445,39.04513],[-106.67405,39.04581],[-106.6641,39.04185],[-106.65549,39.04442],[-106.64685,39.03329],[-106.65005,39.02633],[-106.64839,39.02215],[-106.63833,39.01922],[-106.63789,39.0147],[-106.63004,39.01221],[-106.62417,39.00364],[-106.61466,38.99999],[-106.61274,38.9957],[-106.59921,38.99799],[-106.59502,38.99107],[-106.58616,38.99281],[-106.57716,38.99044],[-106.56983,38.99448],[-106.56613,38.99379],[-106.55988,38.99853],[-106.55421,38.99871],[-106.55072,38.9917],[-106.54676,38.99108],[-106.53418,38.98229],[-106.52839,38.98073],[-106.52186,38.96867],[-106.52851,38.95988],[-106.52668,38.95541],[-106.51988,38.95397],[-106.51574,38.94866],[-106.50716,38.94609],[-106.50437,38.93685],[-106.49071,38.92968],[-106.48994,38.92632],[-106.48091,38.91864],[-106.47221,38.91593],[-106.46503,38.91035],[-106.45781,38.91008],[-106.45381,38.91275],[-106.44215,38.91557],[-106.43717,38.91491],[-106.43026,38.92491],[-106.42116,38.92809],[-106.41823,38.92663],[-106.41718,38.9209],[-106.41317,38.91627],[-106.4076,38.91476],[-106.40212,38.91062],[-106.39396,38.91225],[-106.39234,38.91878],[-106.38084,38.92569],[-106.37698,38.92267],[-106.37622,38.90954],[-106.37344,38.90661],[-106.36748,38.90692],[-106.36424,38.91094],[-106.35707,38.91295],[-106.34524,38.90707],[-106.33813,38.90872],[-106.33498,38.91167],[-106.3261,38.911],[-106.32489,38.90832],[-106.32131,38.8926],[-106.32604,38.88893],[-106.32751,38.8823],[-106.33406,38.88131],[-106.33678,38.87499],[-106.33585,38.87205],[-106.34011,38.87123],[-106.34894,38.86511],[-106.3493,38.85489],[-106.35689,38.85532],[-106.36504,38.85299],[-106.36446,38.84618],[-106.3704,38.83847],[-106.37882,38.83613],[-106.38175,38.83286],[-106.38363,38.82471],[-106.39565,38.8225],[-106.40713,38.82934],[-106.41618,38.82409],[-106.41505,38.81528],[-106.42273,38.80837],[-106.41791,38.80069],[-106.41459,38.79914],[-106.41288,38.79116],[-106.41676,38.78727],[-106.41382,38.77909],[-106.41928,38.76616],[-106.41508,38.75718],[-106.41999,38.75104],[-106.41801,38.74203],[-106.42005,38.73881],[-106.41675,38.73376],[-106.41667,38.72781],[-106.42347,38.72085],[-106.42527,38.71031],[-106.43166,38.70871],[-106.44349,38.70923],[-106.45213,38.69878],[-106.44596,38.68899],[-106.44018,38.68687],[-106.43786,38.6825],[-106.43807,38.67664],[-106.43221,38.66792],[-106.42909,38.65762],[-106.42955,38.65123],[-106.41772,38.64446],[-106.40794,38.64768],[-106.40172,38.64578],[-106.40119,38.6397],[-106.39016,38.64103],[-106.38579,38.63863],[-106.3799,38.63848],[-106.38517,38.63236],[-106.38537,38.625],[-106.38007,38.62042],[-106.3745,38.62085],[-106.3642,38.6145],[-106.3647,38.60589],[-106.35932,38.59939],[-106.36102,38.59449],[-106.3513,38.58349],[-106.35342,38.58147],[-106.35167,38.57691],[-106.34462,38.56856],[-106.34687,38.5651],[-106.34664,38.55886],[-106.35353,38.54997],[-106.3554,38.54256],[-106.35419,38.53338],[-106.34713,38.52876],[-106.3426,38.52154],[-106.34811,38.5125],[-106.34423,38.50459],[-106.33631,38.49665],[-106.33041,38.49373],[-106.32723,38.49759],[-106.32011,38.49769],[-106.31775,38.49488],[-106.31146,38.49487],[-106.30399,38.47776],[-106.29033,38.47325],[-106.28853,38.46137],[-106.28061,38.45434],[-106.27266,38.4552],[-106.27225,38.44878],[-106.27412,38.44689],[-106.26607,38.44174],[-106.26133,38.44235],[-106.24536,38.43917],[-106.24948,38.43324],[-106.24694,38.42277],[-107.0006,38.42562],[-107.0006,37.95604],[-107.00626,37.95622],[-107.00676,37.9492],[-107.00897,37.94652],[-107.01754,37.94902],[-107.02551,37.9545],[-107.02993,37.95347],[-107.03321,37.95008],[-107.04264,37.94868],[-107.05116,37.95296],[-107.05638,37.95226],[-107.06052,37.95914],[-107.06778,37.9613],[-107.07366,37.95452],[-107.08555,37.95336],[-107.09214,37.94917],[-107.10008,37.9519],[-107.10287,37.95522],[-107.10612,37.94713],[-107.11067,37.94334],[-107.12963,37.93784],[-107.13819,37.93885],[-107.13736,37.82879],[-107.14514,37.6755],[-107.12387,37.67503],[-107.12868,37.42294],[-107.48213,37.42267],[-107.48225,37.76835],[-107.47842,37.76927],[-107.46901,37.76517],[-107.46691,37.76627],[-107.46738,37.77007],[-107.46388,37.77708],[-107.45813,37.78197],[-107.46076,37.78683],[-107.45922,37.79427],[-107.46222,37.7991],[-107.46588,37.79998],[-107.46884,37.80973],[-107.48548,37.82242],[-107.491,37.82441],[-107.49817,37.82293],[-107.51682,37.8267],[-107.5162,37.83455],[-107.51837,37.83898],[-107.52059,37.83949],[-107.51967,37.84119],[-107.5224,37.8421],[-107.52091,37.84802],[-107.51859,37.84918],[-107.51786,37.85698],[-107.52601,37.86895],[-107.53602,37.87391],[-107.53647,37.88011],[-107.53248,37.88405],[-107.53348,37.88906],[-107.52787,37.89072],[-107.52624,37.89658],[-107.5223,37.89807],[-107.52017,37.90131],[-107.5285,37.9071],[-107.52921,37.91468],[-107.53665,37.92109],[-107.53455,37.92467],[-107.53736,37.92614],[-107.53815,37.93283],[-107.53238,37.94065],[-107.53259,37.94391],[-107.53735,37.94761],[-107.55105,37.94969],[-107.56267,37.95546],[-107.56453,37.96079],[-107.56828,37.96192],[-107.56888,37.96502],[-107.64159,37.96501],[-107.63993,37.95786],[-107.64289,37.95313],[-107.64051,37.9394],[-107.64284,37.93661],[-107.64253,37.93321],[-107.63746,37.92356],[-107.63793,37.92086],[-107.6468,37.91665],[-107.6506,37.90965],[-107.65669,37.90799],[-107.66126,37.90945],[-107.66376,37.90352],[-107.66628,37.90297],[-107.67845,37.90448],[-107.6833,37.90092],[-107.68861,37.90177],[-107.69404,37.89351],[-107.70064,37.89201],[-107.70716,37.89363],[-107.70931,37.89943],[-107.72086,37.89742],[-107.73257,37.90423],[-107.73828,37.90543],[-107.74297,37.89941],[-107.74901,37.89795],[-107.74813,37.89506],[-107.75062,37.89241],[-107.75619,37.89004],[-107.75616,37.88291],[-107.76092,37.87756],[-107.76606,37.87747],[-107.7749,37.86857],[-107.78264,37.86769],[-107.78013,37.86227],[-107.7791,37.84978],[-107.78507,37.84657],[-107.78292,37.84094],[-107.79023,37.83737],[-107.79645,37.82272],[-107.80442,37.82512],[-107.80869,37.82411],[-107.81068,37.82136],[-107.81722,37.81934],[-107.82102,37.81504],[-107.82852,37.81186],[-107.82896,37.80863],[-107.8247,37.80485],[-107.82846,37.79963],[-107.8222,37.79555],[-107.82465,37.79023],[-107.83593,37.78284],[-107.84085,37.77414],[-107.84455,37.77365],[-107.85083,37.77626],[-107.86084,37.77552],[-107.86538,37.77149],[-107.86489,37.76909],[-107.86864,37.76694],[-107.87048,37.76276],[-107.8632,37.76019],[-107.86191,37.75602],[-107.86609,37.74685],[-107.86967,37.74566],[-107.87562,37.73885],[-107.87562,37.72579],[-107.87297,37.72242],[-107.8772,37.71631],[-107.88159,37.71841],[-107.89423,37.71754],[-107.89673,37.71917],[-107.90301,37.71876],[-107.91034,37.71643],[-107.91097,37.71256],[-107.92986,37.70915],[-107.93721,37.70256],[-107.94143,37.70273],[-107.94529,37.70643],[-107.95431,37.70648],[-107.96887,37.69648],[-107.97031,37.68767],[-107.97506,37.68365],[-107.96942,37.67923],[-107.9574,37.65024],[-107.95943,37.64374],[-107.96215,37.64145],[-107.97009,37.63959],[-108.108,37.63875],[-108.16114,37.63527],[-108.25064,37.63285],[-108.54637,37.63261],[-108.54336,37.62969],[-108.54001,37.61665],[-108.55409,37.61196],[-108.56028,37.61171],[-108.56264,37.59525],[-108.55992,37.58938],[-108.55319,37.58942],[-108.55627,37.5876],[-108.55093,37.58939],[-108.5539,37.58653],[-108.55058,37.58813],[-108.55348,37.58545],[-108.55068,37.5863],[-108.55087,37.58187],[-108.5597,37.57541],[-108.56502,37.57943],[-108.57063,37.57949],[-108.57319,37.57862],[-108.5707,37.57571],[-108.56418,37.57556],[-108.55581,37.56616],[-108.55168,37.55412],[-108.54569,37.55051],[-108.54351,37.54549],[-108.54363,37.53682],[-108.54672,37.53584],[-108.54178,37.53523],[-108.5405,37.53044],[-108.54281,37.52571],[-108.54627,37.52513],[-108.54809,37.51954],[-108.55608,37.51976],[-108.55778,37.51721],[-108.56049,37.51755],[-108.56066,37.5211],[-108.56185,37.52184],[-108.56362,37.51466],[-108.57291,37.51426],[-108.57541,37.51609],[-108.57959,37.51435],[-108.57729,37.51278],[-108.57926,37.51236],[-108.57858,37.51095],[-108.58111,37.51451],[-108.58315,37.51458],[-108.58299,37.51148],[-108.58645,37.51285],[-108.58939,37.50802],[-108.58476,37.4958],[-108.59285,37.4906],[-108.57479,37.48706],[-108.57464,37.46063],[-108.56825,37.45637],[-108.56651,37.4431],[-108.57563,37.42823],[-108.5696,37.42894],[-108.56329,37.43335],[-108.55447,37.43546],[-108.5506,37.44214],[-108.54504,37.44541],[-108.54005,37.44417],[-108.53906,37.44227],[-108.54272,37.42807],[-108.55444,37.4132],[-108.55567,37.37107],[-108.59103,37.37063],[-108.59106,37.36551],[-108.59671,37.36349],[-108.59097,37.35843],[-108.59106,37.35231],[-108.59506,37.35231],[-108.59826,37.34595],[-108.601,37.34578],[-108.60007,37.3413],[-108.60631,37.34118],[-108.60818,37.33242],[-108.61323,37.32459],[-108.61314,37.32219],[-108.61035,37.32378],[-108.6088,37.32255],[-108.60997,37.31179],[-108.6572,37.31136],[-108.682,37.32277],[-108.69218,37.32356],[-108.69423,37.32782],[-108.69105,37.32641],[-108.68968,37.32795],[-108.68402,37.32795],[-108.68399,37.34047],[-108.69643,37.34043],[-108.69642,37.33763],[-108.72174,37.33785],[-108.72205,37.33377],[-108.7188,37.33368],[-108.71874,37.33188],[-108.72194,37.33107],[-108.72359,37.33429],[-108.72782,37.33434],[-108.7287,37.33602],[-108.73042,37.33441],[-108.73274,37.33637],[-108.73753,37.33557],[-108.73707,37.3342],[-108.7421,37.33419],[-108.7421,37.33802],[-108.7558,37.33803],[-108.75583,37.33374],[-108.77239,37.3334],[-108.77234,37.32978],[-108.76672,37.32986],[-108.76663,37.32804],[-108.7875,37.33415],[-108.79407,37.33459],[-108.80877,37.3412],[-108.81786,37.34127],[-108.8531,37.33323],[-108.87151,37.33106],[-108.87627,37.32845],[-108.89132,37.32777],[-108.9026,37.32469],[-108.9047,37.32206],[-108.90699,37.3233],[-108.90511,37.32331],[-108.90512,37.32734],[-108.91842,37.32729],[-108.91842,37.32321],[-108.91681,37.32321],[-108.92179,37.32304],[-108.92553,37.32652],[-108.93613,37.32745],[-108.94892,37.33364],[-108.97009,37.33166],[-108.99845,37.33319],[-109.01753,37.32742],[-109.03381,37.32563],[-109.04256,37.32921],[-109.04578,37.32686],[-109.04157,37.56214],[-109.04257,38.15702],[-109.0602,38.27824]],[[-108.7558,37.33803],[-108.7558,37.3402],[-108.76027,37.34017],[-108.76022,37.33798],[-108.7558,37.33803]]]}},{"type":"Feature","properties":{"d":59,"label":[-108.02512,37.46317],"area":4972.8},"geometry":{"type":"MultiPolygon","coordinates":[[[[-109.04517,36.99898],[-109.04578,37.32686],[-109.04256,37.32921],[-109.03279,37.32562],[-109.01753,37.32742],[-108.99845,37.33319],[-108.97009,37.33166],[-108.94892,37.33364],[-108.93613,37.32745],[-108.92553,37.32652],[-108.92179,37.32304],[-108.91681,37.32321],[-108.91842,37.32321],[-108.91842,37.32729],[-108.90512,37.32734],[-108.90511,37.32331],[-108.90699,37.3233],[-108.9047,37.32206],[-108.9026,37.32469],[-108.89132,37.32777],[-108.87627,37.32845],[-108.87151,37.33106],[-108.8531,37.33323],[-108.81786,37.34127],[-108.80877,37.3412],[-108.79407,37.33459],[-108.7875,37.33415],[-108.76663,37.32804],[-108.76672,37.32986],[-108.77234,37.32978],[-108.77239,37.3334],[-108.75583,37.33374],[-108.7558,37.33803],[-108.7421,37.33802],[-108.7421,37.33419],[-108.73707,37.3342],[-108.73753,37.33557],[-108.73274,37.33637],[-108.73042,37.33441],[-108.7287,37.33602],[-108.72782,37.33434],[-108.72359,37.33429],[-108.72194,37.33107],[-108.71874,37.33188],[-108.7188,37.33368],[-108.72205,37.33377],[-108.72174,37.33785],[-108.69642,37.33763],[-108.69643,37.34043],[-108.68399,37.34047],[-108.68402,37.32795],[-108.68968,37.32795],[-108.69105,37.32641],[-108.69423,37.32782],[-108.69218,37.32356],[-108.682,37.32277],[-108.6572,37.31136],[-108.60997,37.31179],[-108.6088,37.32255],[-108.61035,37.32378],[-108.61314,37.32219],[-108.61323,37.32459],[-108.60818,37.33242],[-108.60631,37.34118],[-108.60007,37.3413],[-108.601,37.34578],[-108.59826,37.34595],[-108.59506,37.35231],[-108.59106,37.35231],[-108.59097,37.35843],[-108.59671,37.36349],[-108.59106,37.36551],[-108.59103,37.37063],[-108.55567,37.37107],[-108.55444,37.4132],[-108.54272,37.42807],[-108.53906,37.44227],[-108.54005,37.44417],[-108.54504,37.44541],[-108.5506,37.44214],[-108.55447,37.43546],[-108.56329,37.43335],[-108.5696,37.42894],[-108.57563,37.42823],[-108.56651,37.4431],[-108.56825,37.45637],[-108.57464,37.46063],[-108.57479,37.48706],[-108.59285,37.4906],[-108.58476,37.4958],[-108.58939,37.50802],[-108.58645,37.51285],[-108.58299,37.51148],[-108.58315,37.51458],[-108.58111,37.51451],[-108.58019,37.51148],[-108.57858,37.51095],[-108.57926,37.51236],[-108.57729,37.51278],[-108.57959,37.51435],[-108.57541,37.51609],[-108.57291,37.51426],[-108.56362,37.51466],[-108.56185,37.52184],[-108.56049,37.51755],[-108.55778,37.51721],[-108.55608,37.51976],[-108.54809,37.51954],[-108.54627,37.52513],[-108.54281,37.52571],[-108.5405,37.53044],[-108.54178,37.53523],[-108.54672,37.53584],[-108.54363,37.53682],[-108.54351,37.54549],[-108.54569,37.55051],[-108.55168,37.55412],[-108.55581,37.56616],[-108.56418,37.57556],[-108.5707,37.57571],[-108.57319,37.57862],[-108.56502,37.57943],[-108.5597,37.57541],[-108.55087,37.58187],[-108.55068,37.5863],[-108.55182,37.58561],[-108.55348,37.58545],[-108.55197,37.58607],[-108.55058,37.58813],[-108.55238,37.58669],[-108.5539,37.58653],[-108.55093,37.58939],[-108.55363,37.58766],[-108.55627,37.5876],[-108.55319,37.58942],[-108.55992,37.58938],[-108.56264,37.59525],[-108.56028,37.61171],[-108.55409,37.61196],[-108.54001,37.61665],[-108.54336,37.62969],[-108.54637,37.63261],[-108.25064,37.63285],[-108.16114,37.63527],[-108.108,37.63875],[-107.97009,37.63959],[-107.96215,37.64145],[-107.95943,37.64374],[-107.9574,37.65024],[-107.96942,37.67923],[-107.97506,37.68365],[-107.97031,37.68767],[-107.96887,37.69648],[-107.95431,37.70648],[-107.94529,37.70643],[-107.94143,37.70273],[-107.93721,37.70256],[-107.92986,37.70915],[-107.91097,37.71256],[-107.91034,37.71643],[-107.90301,37.71876],[-107.89673,37.71917],[-107.89423,37.71754],[-107.88159,37.71841],[-107.8772,37.71631],[-107.87297,37.72242],[-107.87562,37.72579],[-107.87562,37.73885],[-107.86967,37.74566],[-107.86609,37.74685],[-107.86191,37.75602],[-107.8632,37.76019],[-107.87048,37.76276],[-107.86864,37.76694],[-107.86489,37.76909],[-107.86538,37.77149],[-107.86084,37.77552],[-107.85083,37.77626],[-107.84455,37.77365],[-107.84085,37.77414],[-107.83593,37.78284],[-107.82465,37.79023],[-107.8222,37.79575],[-107.82846,37.79963],[-107.8247,37.80485],[-107.82896,37.80863],[-107.82852,37.81186],[-107.82102,37.81504],[-107.81722,37.81934],[-107.81068,37.82136],[-107.80869,37.82411],[-107.80442,37.82512],[-107.79645,37.82272],[-107.79023,37.83737],[-107.78292,37.84094],[-107.78507,37.84657],[-107.7791,37.84978],[-107.78013,37.86227],[-107.78264,37.86769],[-107.7749,37.86857],[-107.76606,37.87747],[-107.76092,37.87756],[-107.75616,37.88291],[-107.75619,37.89004],[-107.74821,37.89486],[-107.74901,37.89795],[-107.74297,37.89941],[-107.73828,37.90543],[-107.73257,37.90423],[-107.72086,37.89742],[-107.70931,37.89943],[-107.70716,37.89363],[-107.69567,37.89241],[-107.68861,37.90177],[-107.6833,37.90092],[-107.67845,37.90448],[-107.66628,37.90297],[-107.66376,37.90352],[-107.66126,37.90945],[-107.65669,37.90799],[-107.6506,37.90965],[-107.6468,37.91665],[-107.63793,37.92086],[-107.63746,37.92356],[-107.64253,37.93321],[-107.64284,37.93661],[-107.64051,37.9394],[-107.64289,37.95313],[-107.63993,37.95786],[-107.64159,37.96501],[-107.56888,37.96502],[-107.56828,37.96192],[-107.56453,37.96079],[-107.56267,37.95546],[-107.55105,37.94969],[-107.53735,37.94761],[-107.53259,37.94391],[-107.53238,37.94065],[-107.53815,37.93283],[-107.53736,37.92614],[-107.53455,37.92467],[-107.53665,37.92109],[-107.52921,37.91468],[-107.5285,37.9071],[-107.52017,37.90131],[-107.5223,37.89807],[-107.52624,37.89658],[-107.52787,37.89072],[-107.53348,37.88906],[-107.53248,37.88405],[-107.53647,37.88011],[-107.53602,37.87391],[-107.52601,37.86895],[-107.51786,37.85698],[-107.51859,37.84918],[-107.52091,37.84802],[-107.5224,37.8421],[-107.51967,37.84119],[-107.52059,37.83949],[-107.51837,37.83898],[-107.5162,37.83455],[-107.51682,37.8267],[-107.49817,37.82293],[-107.491,37.82441],[-107.48548,37.82242],[-107.46884,37.80973],[-107.46588,37.79998],[-107.46222,37.7991],[-107.45922,37.79427],[-107.46076,37.78683],[-107.45813,37.78197],[-107.46388,37.77708],[-107.46738,37.77007],[-107.46691,37.76627],[-107.46901,37.76517],[-107.47842,37.76927],[-107.48225,37.76835],[-107.48213,37.42267],[-107.12868,37.42294],[-107.12874,37.39241],[-106.87118,37.39366],[-106.71077,37.39624],[-106.71077,37.40423],[-106.67837,37.4036],[-106.67835,37.22857],[-106.59738,37.19497],[-106.58918,37.14019],[-106.48906,37.01508],[-106.47609,36.99355],[-106.86982,36.9925],[-106.87723,37.0001],[-107.91854,36.99969],[-108.73904,36.99884],[-109.04517,36.99898]]],[[[-108.7558,37.33803],[-108.76022,37.33798],[-108.76027,37.34017],[-108.7558,37.3402],[-108.7558,37.33803]]]]}},{"type":"Feature","properties":{"d":60,"label":[-105.30154,38.50907],"area":3126.0},"geometry":{"type":"Polygon","coordinates":[[[-106.08903,38.66513],[-106.02264,38.66533],[-106.02275,38.69418],[-105.94449,38.69309],[-105.88891,38.69515],[-105.85086,38.69392],[-105.6674,38.69482],[-105.44839,38.69758],[-105.32896,38.6972],[-105.33038,39.12947],[-105.03347,39.12978],[-105.02714,39.02895],[-105.02994,38.99963],[-105.0273,38.98538],[-105.02726,38.93808],[-105.0319,38.93793],[-105.03194,38.9361],[-105.03437,38.93608],[-105.03434,38.9379],[-105.04119,38.93781],[-105.04121,38.93432],[-105.04107,38.93055],[-105.02734,38.93081],[-105.02863,38.86873],[-105.06644,38.86918],[-105.07218,38.79938],[-105.01555,38.79782],[-104.94877,38.79856],[-104.93987,38.79654],[-104.93896,38.71052],[-104.93972,38.69632],[-104.94223,38.69627],[-104.94158,38.51957],[-104.64469,38.51984],[-104.64464,38.49063],[-104.62633,38.49068],[-104.62628,38.40355],[-104.64006,38.40348],[-104.63989,38.4108],[-104.66377,38.41105],[-104.67202,38.41087],[-104.672,38.40721],[-104.68454,38.40695],[-104.68566,38.41069],[-104.69906,38.41066],[-104.6991,38.40947],[-104.69942,38.41066],[-104.69943,38.40715],[-104.71755,38.40716],[-104.71744,38.4035],[-104.72192,38.40355],[-104.72239,38.40559],[-104.724,38.40355],[-104.73654,38.40363],[-104.73645,38.3963],[-104.72697,38.39626],[-104.72697,38.38905],[-104.73659,38.38913],[-104.73668,38.37449],[-104.74102,38.37435],[-104.74083,38.36703],[-104.73631,38.36718],[-104.73631,38.35986],[-104.71769,38.35992],[-104.71767,38.3454],[-104.75467,38.34541],[-104.75473,38.33849],[-104.74373,38.33547],[-104.74428,38.33154],[-104.7415,38.32661],[-104.74948,38.31732],[-104.76154,38.31795],[-104.76301,38.31269],[-104.76944,38.31458],[-104.7765,38.31054],[-104.77677,38.30272],[-104.77291,38.30127],[-104.77509,38.29844],[-104.77448,38.29194],[-104.79987,38.29649],[-104.81829,38.29701],[-104.81924,38.30199],[-104.84121,38.30188],[-104.85158,38.30533],[-104.8578,38.30509],[-104.86069,38.30717],[-104.85721,38.31541],[-104.83936,38.31622],[-104.83919,38.34532],[-104.8423,38.34807],[-104.84278,38.35536],[-104.94089,38.37203],[-104.94037,38.25827],[-105.04922,38.25797],[-105.04992,37.91548],[-105.05431,37.91751],[-105.0615,37.91606],[-105.06421,37.91791],[-105.0663,37.92505],[-105.06374,37.92927],[-105.06357,37.935],[-105.06643,37.93852],[-105.06606,37.94421],[-105.07424,37.94851],[-105.0778,37.95296],[-105.08406,37.95559],[-105.08801,37.94859],[-105.10851,37.9434],[-105.11716,37.94914],[-105.12261,37.94918],[-105.12597,37.95117],[-105.12641,37.96075],[-105.12791,37.96259],[-105.13341,37.96304],[-105.13595,37.96636],[-105.13135,37.97346],[-105.14214,37.9798],[-105.13942,37.98484],[-105.14124,37.98686],[-105.14796,37.98684],[-105.15249,37.99211],[-105.1532,38.00078],[-105.14797,38.00624],[-105.1611,38.01587],[-105.16865,38.01895],[-105.18101,38.0156],[-105.19459,38.00756],[-105.20004,38.00084],[-105.19707,37.99242],[-105.19881,37.99018],[-105.20607,37.98967],[-105.2067,37.98228],[-105.21399,37.98081],[-105.21311,37.97733],[-105.2165,37.97538],[-105.21537,37.97052],[-105.22314,37.9688],[-105.22626,37.9639],[-105.22942,37.96525],[-105.23856,37.96284],[-105.23993,37.96039],[-105.2381,37.95685],[-105.2418,37.95381],[-105.24974,37.95152],[-105.25676,37.94256],[-105.25755,37.93813],[-105.26155,37.93717],[-105.26394,37.93206],[-105.26184,37.92564],[-105.27342,37.91072],[-105.27382,37.90768],[-105.28322,37.89999],[-105.28674,37.90019],[-105.29104,37.9039],[-105.29241,37.90863],[-105.29668,37.90876],[-105.30025,37.91249],[-105.30054,37.92309],[-105.30657,37.93229],[-105.31708,37.93895],[-105.3317,37.9358],[-105.34721,37.92476],[-105.36378,37.92207],[-105.37709,37.9161],[-105.39479,37.90137],[-105.41363,37.89053],[-105.42415,37.89017],[-105.43197,37.89517],[-105.44027,37.89746],[-105.47106,37.89526],[-105.47888,37.90051],[-105.47835,37.90335],[-105.48815,37.90984],[-105.49115,37.91523],[-105.50312,37.92372],[-105.51109,37.93913],[-105.51459,37.93993],[-105.53038,37.95336],[-105.54274,37.95651],[-105.5501,37.95387],[-105.55183,37.95058],[-105.56031,37.95189],[-105.57069,37.95827],[-105.57768,37.96554],[-105.58262,37.96593],[-105.58446,37.96786],[-105.58186,37.97797],[-105.58319,37.97998],[-105.58591,37.97969],[-105.59207,37.99215],[-105.60464,38.00501],[-105.60435,38.00874],[-105.59704,38.01322],[-105.5987,38.02265],[-105.60311,38.02714],[-105.60316,38.03097],[-105.60938,38.03234],[-105.60885,38.03495],[-105.61325,38.03809],[-105.618,38.04726],[-105.61781,38.05326],[-105.62821,38.05742],[-105.62596,38.06116],[-105.62721,38.06731],[-105.63617,38.07136],[-105.63692,38.07617],[-105.6553,38.09134],[-105.65558,38.09549],[-105.66136,38.1005],[-105.66134,38.1115],[-105.65766,38.11745],[-105.66265,38.11916],[-105.66501,38.12428],[-105.67021,38.12855],[-105.6734,38.1374],[-105.67255,38.14022],[-105.67628,38.14586],[-105.67017,38.1531],[-105.67304,38.15913],[-105.68078,38.1605],[-105.68684,38.16684],[-105.69321,38.16574],[-105.6992,38.16797],[-105.70831,38.18186],[-105.716,38.18521],[-105.72702,38.1997],[-105.73298,38.20099],[-105.73632,38.20923],[-105.7407,38.21028],[-105.74481,38.2146],[-105.75056,38.21421],[-105.75603,38.21813],[-105.75654,38.22496],[-105.75944,38.22857],[-105.78789,38.24206],[-105.78976,38.24436],[-105.78914,38.25182],[-105.79566,38.26014],[-105.79685,38.26633],[-105.80001,38.26992],[-105.81938,38.27365],[-105.82712,38.27857],[-105.83168,38.28616],[-105.8372,38.28841],[-105.84083,38.29246],[-105.84278,38.29323],[-105.84663,38.29029],[-105.85018,38.29446],[-105.85832,38.29836],[-105.86162,38.30342],[-105.86682,38.3057],[-105.87391,38.31514],[-105.87638,38.31595],[-105.88225,38.32749],[-105.88876,38.33436],[-105.88877,38.34081],[-105.89257,38.34334],[-105.89364,38.34656],[-105.90198,38.35248],[-105.90845,38.35448],[-105.91249,38.36154],[-105.91799,38.36342],[-105.91985,38.36716],[-105.93136,38.36979],[-105.94464,38.37864],[-105.94761,38.39053],[-105.95065,38.39373],[-105.95567,38.39444],[-105.9595,38.3971],[-105.96067,38.4031],[-105.96954,38.40973],[-105.97339,38.40946],[-105.98395,38.41999],[-105.98731,38.4188],[-105.99677,38.4203],[-106.00071,38.42529],[-106.00156,38.43111],[-106.00748,38.43315],[-106.01102,38.43723],[-106.0123,38.44536],[-105.93819,38.50335],[-105.9437,38.50364],[-105.94875,38.50683],[-105.95469,38.50607],[-105.97358,38.51841],[-105.98173,38.53394],[-105.98806,38.53844],[-105.98808,38.54182],[-105.99621,38.54188],[-106.00057,38.54382],[-106.00597,38.54205],[-106.0085,38.54496],[-106.01296,38.54515],[-106.01318,38.54268],[-106.02498,38.54173],[-106.03906,38.54382],[-106.06569,38.53521],[-106.07966,38.53566],[-106.07965,38.54899],[-106.08328,38.5542],[-106.0801,38.57029],[-106.08465,38.59417],[-106.07754,38.62605],[-106.08903,38.66513]]]}},{"type":"Feature","properties":{"d":61,"label":[-104.74105,39.59522],"area":29.0},"geometry":{"type":"Polygon","coordinates":[[[-104.81124,39.61894],[-104.81015,39.62398],[-104.79826,39.62396],[-104.79817,39.62841],[-104.78605,39.62397],[-104.76342,39.62399],[-104.76326,39.63586],[-104.76077,39.63439],[-104.76047,39.63842],[-104.75389,39.63838],[-104.754,39.624],[-104.73823,39.62398],[-104.73819,39.6272],[-104.73517,39.62727],[-104.73118,39.62368],[-104.71885,39.62394],[-104.71888,39.63864],[-104.68647,39.63834],[-104.6865,39.63435],[-104.68391,39.63435],[-104.68387,39.63819],[-104.67903,39.63819],[-104.67915,39.62032],[-104.68346,39.62031],[-104.68347,39.62311],[-104.69778,39.62288],[-104.69777,39.61646],[-104.71377,39.61666],[-104.71183,39.61289],[-104.70488,39.60945],[-104.69741,39.61003],[-104.68634,39.60567],[-104.67957,39.59643],[-104.6795,39.58036],[-104.66067,39.58025],[-104.66078,39.57435],[-104.64201,39.57431],[-104.64212,39.56589],[-104.67931,39.5659],[-104.67956,39.55071],[-104.74172,39.55131],[-104.74189,39.55407],[-104.74636,39.5587],[-104.76817,39.55882],[-104.77443,39.56109],[-104.77439,39.56585],[-104.78454,39.56585],[-104.78737,39.56956],[-104.78286,39.56955],[-104.78279,39.57319],[-104.75655,39.57316],[-104.75523,39.58011],[-104.73199,39.58039],[-104.73175,39.58503],[-104.73497,39.58721],[-104.73558,39.58493],[-104.73798,39.58495],[-104.73793,39.58767],[-104.744,39.58769],[-104.74323,39.59269],[-104.74492,39.59388],[-104.7451,39.5877],[-104.74975,39.58772],[-104.7496,39.59492],[-104.80211,39.59494],[-104.8105,39.61036],[-104.80966,39.61775],[-104.81124,39.61894]]]}},{"type":"Feature","properties":{"d":62,"label":[-106.07822,37.72568],"area":8939.2},"geometry":{"type":"Polygon","coordinates":[[[-107.14514,37.6755],[-107.13736,37.82879],[-107.13819,37.93885],[-107.12963,37.93784],[-107.11067,37.94334],[-107.10612,37.94713],[-107.10287,37.95522],[-107.10008,37.9519],[-107.09214,37.94917],[-107.08555,37.95336],[-107.07366,37.95452],[-107.06778,37.9613],[-107.06052,37.95914],[-107.05638,37.95226],[-107.05116,37.95296],[-107.04264,37.94868],[-107.03321,37.95008],[-107.02993,37.95347],[-107.02551,37.9545],[-107.01754,37.94902],[-107.00897,37.94652],[-107.00676,37.9492],[-107.00626,37.95622],[-107.0006,37.95604],[-107.0006,38.42562],[-106.08813,38.42228],[-106.08607,38.42411],[-106.08408,38.42288],[-106.07594,38.42379],[-106.06935,38.43018],[-106.07012,38.43234],[-106.0664,38.4338],[-106.05815,38.44425],[-106.05888,38.4481],[-106.06224,38.45033],[-106.05857,38.45694],[-106.05207,38.45422],[-106.04277,38.45827],[-106.03092,38.45355],[-106.01904,38.45442],[-106.01692,38.4518],[-106.01768,38.44869],[-106.01075,38.44657],[-106.01253,38.44497],[-106.01231,38.43894],[-106.00748,38.43315],[-106.00156,38.43111],[-106.00071,38.42529],[-105.99677,38.4203],[-105.98731,38.4188],[-105.98395,38.41999],[-105.97339,38.40946],[-105.96793,38.40877],[-105.96067,38.4031],[-105.9595,38.3971],[-105.95567,38.39444],[-105.95065,38.39373],[-105.94761,38.39053],[-105.94464,38.37864],[-105.93136,38.36979],[-105.91985,38.36716],[-105.91799,38.36342],[-105.91249,38.36154],[-105.90845,38.35448],[-105.90198,38.35248],[-105.89364,38.34656],[-105.89257,38.34334],[-105.88877,38.34081],[-105.88876,38.33436],[-105.88225,38.32749],[-105.87638,38.31595],[-105.87391,38.31514],[-105.86682,38.3057],[-105.86162,38.30342],[-105.85832,38.29836],[-105.85018,38.29446],[-105.84663,38.29029],[-105.84278,38.29323],[-105.84083,38.29246],[-105.8372,38.28841],[-105.83168,38.28616],[-105.82712,38.27857],[-105.81938,38.27365],[-105.80001,38.26992],[-105.79685,38.26633],[-105.79566,38.26014],[-105.78914,38.25182],[-105.78976,38.24436],[-105.78789,38.24206],[-105.75944,38.22857],[-105.75654,38.22496],[-105.75603,38.21813],[-105.75056,38.21421],[-105.74481,38.2146],[-105.7407,38.21028],[-105.73632,38.20923],[-105.73298,38.20099],[-105.72702,38.1997],[-105.716,38.18521],[-105.70831,38.18186],[-105.6992,38.16797],[-105.69321,38.16574],[-105.68684,38.16684],[-105.68078,38.1605],[-105.67304,38.15913],[-105.67017,38.1531],[-105.67628,38.14586],[-105.67255,38.14022],[-105.6734,38.1374],[-105.67021,38.12855],[-105.66501,38.12428],[-105.66265,38.11916],[-105.65766,38.11745],[-105.66134,38.1115],[-105.66136,38.1005],[-105.65558,38.09549],[-105.6553,38.09134],[-105.63692,38.07617],[-105.63617,38.07136],[-105.62721,38.06731],[-105.62596,38.06116],[-105.62821,38.05742],[-105.61781,38.05326],[-105.618,38.04726],[-105.61325,38.03809],[-105.60885,38.03495],[-105.60938,38.03234],[-105.60316,38.03097],[-105.60311,38.02714],[-105.5987,38.02265],[-105.59704,38.01322],[-105.60435,38.00874],[-105.60464,38.00501],[-105.59207,37.99215],[-105.58591,37.97969],[-105.58319,37.97998],[-105.58186,37.97797],[-105.58152,37.97523],[-105.58505,37.97045],[-105.58262,37.96593],[-105.57768,37.96554],[-105.57069,37.95827],[-105.56031,37.95189],[-105.55183,37.95058],[-105.5501,37.95387],[-105.54274,37.95651],[-105.53038,37.95336],[-105.51459,37.93993],[-105.51109,37.93913],[-105.50312,37.92372],[-105.49115,37.91523],[-105.4826,37.905],[-105.47835,37.90335],[-105.47888,37.90051],[-105.47301,37.8957],[-105.45924,37.89717],[-105.45236,37.89568],[-105.44027,37.89746],[-105.43197,37.89517],[-105.42779,37.89132],[-105.41869,37.8897],[-105.40342,37.89578],[-105.37709,37.9161],[-105.36378,37.92207],[-105.34721,37.92476],[-105.33364,37.93479],[-105.32453,37.93843],[-105.31451,37.93844],[-105.31028,37.93354],[-105.30657,37.93229],[-105.30054,37.92309],[-105.30025,37.91249],[-105.29668,37.90876],[-105.29241,37.90863],[-105.29104,37.9039],[-105.28674,37.90019],[-105.28055,37.90122],[-105.27382,37.90768],[-105.27342,37.91072],[-105.26184,37.92564],[-105.26394,37.93206],[-105.26155,37.93717],[-105.25755,37.93813],[-105.25676,37.94256],[-105.24974,37.95152],[-105.2418,37.95381],[-105.2381,37.95685],[-105.23993,37.96039],[-105.23856,37.96284],[-105.22942,37.96525],[-105.22626,37.9639],[-105.22314,37.9688],[-105.21537,37.97052],[-105.2165,37.97538],[-105.21311,37.97733],[-105.21399,37.98081],[-105.2067,37.98228],[-105.20607,37.98967],[-105.19881,37.99018],[-105.19707,37.99242],[-105.20004,38.00084],[-105.19459,38.00756],[-105.18101,38.0156],[-105.16865,38.01895],[-105.1611,38.01587],[-105.14797,38.00624],[-105.1532,38.00078],[-105.15249,37.99211],[-105.14796,37.98684],[-105.14124,37.98686],[-105.13942,37.98484],[-105.14214,37.9798],[-105.13135,37.97346],[-105.13595,37.96636],[-105.13341,37.96304],[-105.12791,37.96259],[-105.12641,37.96075],[-105.12597,37.95117],[-105.12261,37.94918],[-105.11716,37.94914],[-105.10851,37.9434],[-105.08801,37.94859],[-105.08406,37.95559],[-105.0778,37.95296],[-105.07424,37.94851],[-105.06606,37.94421],[-105.06643,37.93852],[-105.06357,37.935],[-105.06374,37.92927],[-105.0663,37.92505],[-105.06421,37.91791],[-105.0615,37.91606],[-105.05431,37.91751],[-105.03983,37.90812],[-105.03866,37.90444],[-105.03295,37.90532],[-105.03157,37.90415],[-105.0348,37.89458],[-105.01575,37.88551],[-105.01373,37.88127],[-104.82879,37.89113],[-104.82763,37.91308],[-104.82179,37.91592],[-104.81924,37.91549],[-104.81604,37.91857],[-104.8121,37.91873],[-104.80764,37.92366],[-104.79198,37.92326],[-104.79186,37.937],[-104.78883,37.9425],[-104.77708,37.94755],[-104.77752,37.9512],[-104.76533,37.95608],[-104.76357,37.95952],[-104.75857,37.96198],[-104.76254,37.98642],[-104.75892,37.98878],[-104.75953,37.99016],[-104.75754,37.99008],[-104.75825,37.99256],[-104.75531,37.99245],[-104.75643,37.99403],[-104.75278,37.99865],[-104.74486,38.00327],[-104.74045,38.01561],[-104.72808,38.02191],[-104.73716,38.02254],[-104.73093,38.03108],[-104.7278,38.04741],[-104.71523,38.06234],[-104.70557,38.07918],[-104.67466,38.11314],[-104.6695,38.1299],[-104.63562,38.17269],[-104.63376,38.1909],[-104.6393,38.19087],[-104.6393,38.18868],[-104.66219,38.18854],[-104.66212,38.21512],[-104.66833,38.22467],[-104.66628,38.22627],[-104.66228,38.22581],[-104.66239,38.23287],[-104.65259,38.23291],[-104.65261,38.23659],[-104.64893,38.2367],[-104.64897,38.239],[-104.64729,38.23901],[-104.64731,38.24399],[-104.62537,38.24417],[-104.62491,38.2509],[-104.62241,38.24905],[-104.61384,38.25415],[-104.60896,38.25369],[-104.60784,38.25493],[-104.61646,38.26056],[-104.60531,38.26336],[-104.60509,38.26526],[-104.60278,38.26396],[-104.59842,38.2649],[-104.60372,38.27964],[-104.60199,38.28766],[-104.58848,38.2861],[-104.58535,38.2869],[-104.58912,38.28681],[-104.58912,38.28811],[-104.57566,38.28819],[-104.57564,38.28465],[-104.55248,38.27165],[-104.55872,38.26986],[-104.55869,38.26698],[-104.56591,38.26517],[-104.56551,38.25919],[-104.5799,38.25094],[-104.57972,38.24736],[-104.58851,38.24795],[-104.58771,38.24609],[-104.58153,38.24566],[-104.5836,38.24229],[-104.57966,38.24201],[-104.57959,38.2352],[-104.58549,38.23752],[-104.58938,38.23452],[-104.58771,38.2329],[-104.58958,38.23165],[-104.57231,38.22375],[-104.57089,38.19835],[-104.58412,38.1861],[-104.58949,38.184],[-104.58991,38.17576],[-104.60244,38.16942],[-104.60712,38.16933],[-104.60975,38.16387],[-104.61554,38.15886],[-104.61564,38.16018],[-104.61934,38.14446],[-104.62713,38.1332],[-104.63625,38.11171],[-104.63606,38.10533],[-104.62921,38.08335],[-104.6289,38.04596],[-104.61993,38.02591],[-104.61209,38.01781],[-104.6101,37.99493],[-104.61838,37.96944],[-104.61583,37.9475],[-104.62452,37.92312],[-104.63324,37.91938],[-104.65152,37.92056],[-104.66497,37.91285],[-104.6674,37.90894],[-104.66598,37.89878],[-104.66746,37.89508],[-104.70967,37.87199],[-104.72229,37.85414],[-104.73476,37.84668],[-104.75122,37.821],[-104.92205,37.82231],[-104.94132,37.7854],[-104.97629,37.73822],[-104.99598,37.73308],[-105.00307,37.7336],[-105.01412,37.72574],[-105.01357,37.69336],[-105.0313,37.69367],[-105.05298,37.6853],[-105.07225,37.68303],[-105.07798,37.68001],[-105.09777,37.67605],[-105.10608,37.67224],[-105.10619,37.67455],[-105.11056,37.67295],[-105.11108,37.67486],[-105.12067,37.66986],[-105.12964,37.66855],[-105.13079,37.66666],[-105.13217,37.66869],[-105.14755,37.66065],[-105.15345,37.66348],[-105.17077,37.65801],[-105.17007,37.65677],[-105.17512,37.65464],[-105.17452,37.6519],[-105.17863,37.65028],[-105.17066,37.64908],[-105.16569,37.6532],[-105.15892,37.65441],[-105.16249,37.64784],[-105.17017,37.64355],[-105.1745,37.63714],[-105.18593,37.62904],[-105.18548,37.62289],[-105.19105,37.6253],[-105.19173,37.61926],[-105.18755,37.61967],[-105.18444,37.61598],[-105.18974,37.61445],[-105.19564,37.60894],[-105.19631,37.60272],[-105.1941,37.60103],[-105.19324,37.59217],[-105.20377,37.59445],[-105.20703,37.5895],[-105.21843,37.5835],[-105.21386,37.57788],[-105.20162,37.57402],[-105.19604,37.56987],[-105.19333,37.56638],[-105.19481,37.56465],[-105.18402,37.55584],[-105.18389,37.55264],[-105.17835,37.54632],[-105.18268,37.54678],[-105.18367,37.53965],[-105.17771,37.5341],[-105.17132,37.51325],[-105.17412,37.5093],[-105.17257,37.49877],[-105.17767,37.49139],[-105.17476,37.48527],[-105.1822,37.47921],[-105.17668,37.47559],[-105.17347,37.4611],[-105.17553,37.45653],[-105.16388,37.45452],[-105.15855,37.45732],[-105.15565,37.45655],[-105.14956,37.44318],[-105.14682,37.44109],[-105.14395,37.43174],[-105.14512,37.429],[-105.14104,37.42864],[-105.13942,37.41558],[-105.13596,37.41246],[-105.13058,37.41166],[-105.12972,37.40925],[-105.13267,37.40361],[-105.13857,37.40069],[-105.15727,37.39844],[-105.16265,37.3903],[-105.16676,37.3884],[-105.16532,37.38117],[-105.16898,37.37501],[-105.16575,37.36982],[-105.16891,37.36151],[-105.16405,37.34302],[-105.16795,37.33703],[-105.1631,37.32891],[-105.16689,37.32268],[-105.16544,37.31678],[-105.16692,37.31379],[-105.1634,37.30042],[-105.16547,37.29124],[-105.16456,37.28912],[-105.15791,37.29289],[-105.15418,37.29313],[-105.15504,36.99526],[-106.47609,36.99355],[-106.48906,37.01508],[-106.58918,37.14019],[-106.59738,37.19497],[-106.67835,37.22857],[-106.67837,37.4036],[-106.71077,37.40423],[-106.71077,37.39624],[-106.87118,37.39366],[-107.12874,37.39241],[-107.12387,37.67503],[-107.14514,37.6755]]]}},{"type":"Feature","properties":{"d":63,"label":[-103.3079,40.29581],"area":12381.2},"geometry":{"type":"Polygon","coordinates":[[[-104.94409,40.59536],[-104.94337,40.99821],[-103.53489,41.00142],[-102.86577,41.00199],[-102.05172,41.00236],[-102.05167,39.84769],[-102.04981,39.57406],[-102.31349,39.57114],[-102.55155,39.57066],[-102.61237,39.56886],[-102.9352,39.56855],[-103.15438,39.56565],[-103.70707,39.5663],[-103.7057,40.00137],[-104.41463,40.00074],[-104.4143,40.11668],[-104.44214,40.11669],[-104.44281,40.13163],[-104.45424,40.15077],[-104.46577,40.13317],[-104.47072,40.12786],[-104.46118,40.14108],[-104.46116,40.14562],[-104.4707,40.1456],[-104.48933,40.13091],[-104.58471,40.13117],[-104.58484,40.13846],[-104.59405,40.1384],[-104.59402,40.14571],[-104.55047,40.14585],[-104.55049,40.14804],[-104.54701,40.14802],[-104.54717,40.15986],[-104.5659,40.15981],[-104.56584,40.16742],[-104.58445,40.16732],[-104.58444,40.16003],[-104.60287,40.15982],[-104.6021,40.30494],[-104.56513,40.30519],[-104.56421,40.38165],[-104.55481,40.38166],[-104.55487,40.38508],[-104.52959,40.3846],[-104.54357,40.3893],[-104.5477,40.39202],[-104.54556,40.39225],[-104.54556,40.39365],[-104.54736,40.39226],[-104.56441,40.39316],[-104.5633,40.41232],[-104.56716,40.4173],[-104.59052,40.42584],[-104.58947,40.42812],[-104.5834,40.42814],[-104.58363,40.44976],[-104.62924,40.44969],[-104.62971,40.45958],[-104.63506,40.45941],[-104.63362,40.4309],[-104.64179,40.43261],[-104.64211,40.43525],[-104.65623,40.43541],[-104.65633,40.42974],[-104.64934,40.42763],[-104.64939,40.42345],[-104.66279,40.42526],[-104.66273,40.4284],[-104.66846,40.42844],[-104.66847,40.42651],[-104.67242,40.42546],[-104.67086,40.42845],[-104.67324,40.42845],[-104.67324,40.42649],[-104.67766,40.42648],[-104.67761,40.42875],[-104.6809,40.42748],[-104.67941,40.42887],[-104.68269,40.42864],[-104.68191,40.43086],[-104.68563,40.43201],[-104.68628,40.43533],[-104.68916,40.43505],[-104.69025,40.44604],[-104.69243,40.44528],[-104.7051,40.50992],[-104.69686,40.50969],[-104.69685,40.51602],[-104.69112,40.51587],[-104.69685,40.51811],[-104.69684,40.52422],[-104.69496,40.5242],[-104.69493,40.52694],[-104.69681,40.52698],[-104.69656,40.54192],[-104.6905,40.54001],[-104.68711,40.54941],[-104.69656,40.54964],[-104.69652,40.54602],[-104.70735,40.54624],[-104.70872,40.54762],[-104.70624,40.53903],[-104.83218,40.53798],[-104.83183,40.59606],[-104.94409,40.59536]]]}},{"type":"Feature","properties":{"d":64,"label":[-104.97661,40.32693],"area":187.3},"geometry":{"type":"Polygon","coordinates":[[[-105.15032,40.31957],[-105.15025,40.34955],[-104.90609,40.34901],[-104.90767,40.35279],[-104.90703,40.42155],[-104.88368,40.42126],[-104.88378,40.41767],[-104.87915,40.41767],[-104.87908,40.42129],[-104.87449,40.42129],[-104.87458,40.41406],[-104.87011,40.41406],[-104.8701,40.42109],[-104.86042,40.42131],[-104.85836,40.43997],[-104.85089,40.44012],[-104.8478,40.44321],[-104.84144,40.44344],[-104.84191,40.46149],[-104.83718,40.46146],[-104.8372,40.45801],[-104.83093,40.45808],[-104.83093,40.46209],[-104.82807,40.46151],[-104.82806,40.45814],[-104.81353,40.45843],[-104.81166,40.45699],[-104.81158,40.45157],[-104.77339,40.4522],[-104.77335,40.46658],[-104.77811,40.46654],[-104.77813,40.47385],[-104.76847,40.47387],[-104.76843,40.481],[-104.76364,40.48098],[-104.7637,40.47379],[-104.75397,40.47388],[-104.75398,40.47205],[-104.74931,40.47203],[-104.74935,40.46669],[-104.74455,40.46666],[-104.7444,40.45578],[-104.73476,40.45455],[-104.73505,40.40649],[-104.7159,40.40656],[-104.71588,40.39213],[-104.75621,40.39226],[-104.75617,40.38504],[-104.78438,40.38504],[-104.78443,40.3771],[-104.80342,40.37768],[-104.80352,40.37049],[-104.78454,40.37052],[-104.78473,40.33338],[-104.78712,40.3303],[-104.79403,40.33168],[-104.79993,40.33038],[-104.80583,40.32198],[-104.81483,40.31867],[-104.81785,40.31577],[-104.81585,40.31013],[-104.82061,40.30816],[-104.83486,40.29352],[-104.84197,40.29257],[-104.8487,40.28501],[-104.85208,40.27403],[-104.84873,40.27074],[-104.84898,40.24681],[-104.86196,40.24707],[-104.86279,40.25314],[-104.8604,40.25399],[-104.8628,40.25435],[-104.86275,40.26532],[-104.86737,40.26534],[-104.86739,40.26703],[-104.87215,40.26901],[-104.87212,40.27259],[-104.86747,40.27257],[-104.86749,40.2795],[-104.8712,40.27619],[-104.88611,40.27648],[-104.88602,40.26207],[-104.90487,40.26231],[-104.90473,40.20437],[-104.96058,40.20425],[-104.96064,40.18979],[-104.97014,40.18975],[-104.97003,40.18329],[-104.97885,40.18185],[-104.97919,40.17499],[-104.98887,40.17418],[-104.99258,40.17179],[-104.99536,40.17198],[-104.99847,40.17516],[-105.01829,40.17483],[-105.0174,40.20391],[-105.05518,40.20368],[-105.05509,40.26179],[-105.10245,40.26137],[-105.10301,40.29409],[-105.10751,40.29409],[-105.10759,40.3051],[-105.1123,40.30497],[-105.11233,40.31954],[-105.15032,40.31957]]]}},{"type":"Feature","properties":{"d":65,"label":[-104.91462,40.5445],"area":269.7},"geometry":{"type":"Polygon","coordinates":[[[-105.19092,40.66974],[-105.18853,40.67366],[-105.17944,40.67728],[-105.17603,40.68762],[-105.17077,40.74081],[-104.94337,40.74022],[-104.94409,40.59536],[-104.83183,40.59606],[-104.83218,40.53798],[-104.70624,40.53903],[-104.70872,40.54762],[-104.70735,40.54624],[-104.69652,40.54602],[-104.69656,40.54964],[-104.68711,40.54941],[-104.6905,40.54001],[-104.69656,40.54192],[-104.69681,40.52698],[-104.69493,40.52694],[-104.69496,40.5242],[-104.69684,40.52422],[-104.69685,40.51811],[-104.69112,40.51587],[-104.69685,40.51602],[-104.69686,40.50969],[-104.7051,40.50992],[-104.69403,40.45187],[-104.69675,40.45865],[-104.69672,40.45204],[-104.70142,40.45206],[-104.70151,40.45924],[-104.70622,40.45928],[-104.70614,40.45454],[-104.71047,40.45456],[-104.71048,40.45203],[-104.74428,40.45572],[-104.74455,40.46666],[-104.74935,40.46669],[-104.74931,40.47203],[-104.75398,40.47205],[-104.75397,40.47388],[-104.7637,40.47379],[-104.76364,40.48098],[-104.76843,40.481],[-104.76847,40.47387],[-104.77813,40.47385],[-104.77811,40.46654],[-104.77335,40.46658],[-104.77339,40.4522],[-104.81158,40.45157],[-104.81166,40.45699],[-104.81353,40.45843],[-104.82806,40.45814],[-104.82807,40.46151],[-104.83093,40.46209],[-104.83093,40.45808],[-104.8372,40.45801],[-104.83718,40.46146],[-104.84191,40.46149],[-104.84144,40.44344],[-104.8478,40.44321],[-104.85089,40.44012],[-104.85836,40.43997],[-104.86042,40.42131],[-104.8701,40.42109],[-104.87011,40.41406],[-104.87458,40.41406],[-104.87449,40.42129],[-104.87908,40.42129],[-104.87915,40.41767],[-104.88378,40.41767],[-104.88368,40.42126],[-104.90703,40.42155],[-104.90767,40.35279],[-104.90609,40.34901],[-105.00243,40.34922],[-105.00252,40.37401],[-104.99441,40.37404],[-104.99439,40.37212],[-104.99076,40.37211],[-104.99499,40.37793],[-105.00095,40.37801],[-105.00253,40.3798],[-105.00246,40.38534],[-104.99388,40.38536],[-104.99243,40.40493],[-104.98872,40.40706],[-104.96437,40.40652],[-104.96398,40.4176],[-104.96208,40.41754],[-104.96397,40.41851],[-104.96339,40.43606],[-104.97173,40.43599],[-104.97168,40.44007],[-104.97679,40.44004],[-104.97685,40.43596],[-104.98251,40.43592],[-104.98222,40.4648],[-104.99211,40.46473],[-104.98971,40.47943],[-104.99133,40.48272],[-104.99124,40.50832],[-104.98845,40.50853],[-104.9913,40.51014],[-104.99178,40.53031],[-105.00103,40.56251],[-104.99725,40.56359],[-104.99637,40.56654],[-104.9821,40.56653],[-104.98208,40.57017],[-104.99157,40.57019],[-104.99157,40.57385],[-104.98681,40.57383],[-104.98678,40.5802],[-104.99622,40.58138],[-104.99606,40.58846],[-104.99008,40.58843],[-104.9941,40.58868],[-104.99535,40.59198],[-104.99533,40.5934],[-104.99228,40.59337],[-104.9914,40.59494],[-104.99622,40.59357],[-104.9962,40.5955],[-104.99148,40.59556],[-104.98932,40.59736],[-104.9915,40.59981],[-104.98752,40.6028],[-104.98946,40.60448],[-104.98859,40.60996],[-104.99957,40.61123],[-105.00079,40.62393],[-104.99753,40.62452],[-105.0008,40.62588],[-105.00384,40.62456],[-105.02936,40.62473],[-105.02935,40.62754],[-105.03834,40.63927],[-105.05711,40.63939],[-105.05704,40.63335],[-105.05976,40.63236],[-105.0548,40.62877],[-105.05742,40.62739],[-105.06137,40.63076],[-105.05893,40.62823],[-105.06381,40.62948],[-105.0548,40.62057],[-105.05733,40.62054],[-105.05825,40.61234],[-105.06221,40.61221],[-105.0622,40.61455],[-105.06496,40.61329],[-105.06928,40.61413],[-105.06922,40.61779],[-105.07185,40.61779],[-105.07162,40.61414],[-105.08113,40.61161],[-105.08125,40.60954],[-105.0907,40.61075],[-105.09072,40.60876],[-105.0884,40.60874],[-105.08846,40.60355],[-105.09552,40.60328],[-105.09084,40.60074],[-105.09331,40.59903],[-105.09279,40.59639],[-105.1145,40.60665],[-105.11476,40.5965],[-105.13367,40.59675],[-105.13406,40.58958],[-105.14572,40.58925],[-105.15051,40.59181],[-105.15084,40.59506],[-105.15752,40.59499],[-105.1576,40.5903],[-105.1623,40.58926],[-105.17395,40.60986],[-105.17154,40.61582],[-105.17144,40.6259],[-105.16179,40.62592],[-105.16896,40.6294],[-105.16749,40.63675],[-105.173,40.64254],[-105.17356,40.64842],[-105.18843,40.66353],[-105.19092,40.66974]]]}}]}