{"type":"FeatureCollection","features":[{"type":"Feature","properties":{"precinct":"101","precinct_code":"1340116101","cong":"1","senate":"34","house":"1","council":"3","rtd":"C","school_board":"2","neighborhood":"Westwood","active":1096,"inactive":154,"registered":1250},"geometry":{"type":"Polygon","coordinates":[[[-105.053238,39.696778],[-105.05325,39.700447],[-105.048131,39.700427],[-105.045589,39.702208],[-105.043357,39.702182],[-105.043237,39.702204],[-105.039126,39.702188],[-105.039109,39.700378],[-105.037908,39.700374],[-105.037884,39.696768],[-105.043649,39.696782],[-105.043739,39.696746],[-105.048408,39.696774],[-105.051885,39.696765],[-105.053238,39.696778]]]}},{"type":"Feature","properties":{"precinct":"102","precinct_code":"1340116102","cong":"1","senate":"34","house":"1","council":"3","rtd":"C","school_board":"2","neighborhood":"Westwood","active":1019,"inactive":104,"registered":1123},"geometry":{"type":"Polygon","coordinates":[[[-105.037884,39.696768],[-105.037908,39.700374],[-105.039109,39.700378],[-105.039126,39.702188],[-105.03452,39.702155],[-105.03445,39.70225],[-105.025221,39.70223],[-105.025093,39.702087],[-105.025091,39.69759],[-105.025069,39.696755],[-105.032084,39.69674],[-105.032786,39.696778],[-105.033557,39.69689],[-105.034008,39.696986],[-105.034793,39.697211],[-105.035083,39.697243],[-105.0354,39.697224],[-105.035538,39.697186],[-105.036378,39.696864],[-105.036716,39.696766],[-105.037884,39.696768]]]}},{"type":"Feature","properties":{"precinct":"103","precinct_code":"1320116103","cong":"1","senate":"32","house":"1","council":"3","rtd":"D","school_board":"2","neighborhood":"Mar Lee","active":1542,"inactive":172,"registered":1714},"geometry":{"type":"Polygon","coordinates":[[[-105.053244,39.689567],[-105.053238,39.696778],[-105.043739,39.696746],[-105.043649,39.696782],[-105.03906,39.696767],[-105.039076,39.696023],[-105.039065,39.689474],[-105.053244,39.689567]]]}},{"type":"Feature","properties":{"precinct":"104","precinct_code":"1320116104","cong":"1","senate":"32","house":"1","council":"3","rtd":"D","school_board":"2","neighborhood":"Mar Lee","active":1363,"inactive":200,"registered":1563},"geometry":{"type":"Polygon","coordinates":[[[-105.03906,39.696767],[-105.036716,39.696766],[-105.036378,39.696864],[-105.035538,39.697186],[-105.0354,39.697224],[-105.035083,39.697243],[-105.034793,39.697211],[-105.034008,39.696986],[-105.033557,39.69689],[-105.032786,39.696778],[-105.032084,39.69674],[-105.025069,39.696755],[-105.025068,39.689494],[-105.033247,39.68944],[-105.039065,39.689474],[-105.039076,39.696023],[-105.03906,39.696767]]]}},{"type":"Feature","properties":{"precinct":"105","precinct_code":"1320116105","cong":"1","senate":"32","house":"1","council":"7","rtd":"D","school_board":"2","neighborhood":"Ruby Hill","active":1388,"inactive":129,"registered":1517},"geometry":{"type":"Polygon","coordinates":[[[-105.015697,39.692644],[-105.015718,39.689522],[-105.025068,39.689494],[-105.025069,39.696755],[-105.023728,39.696742],[-105.0157,39.696772],[-105.01559,39.696709],[-105.015603,39.693146],[-105.015697,39.692644]]]}},{"type":"Feature","properties":{"precinct":"106","precinct_code":"1320116106","cong":"1","senate":"32","house":"1","council":"7","rtd":"D","school_board":"2","neighborhood":"Ruby Hill","active":1308,"inactive":235,"registered":1543},"geometry":{"type":"Polygon","coordinates":[[[-105.001525,39.696714],[-105.001561,39.692885],[-105.001639,39.692567],[-105.001661,39.691859],[-105.00158,39.691401],[-105.00158,39.691259],[-105.008754,39.691301],[-105.008756,39.69086],[-105.015712,39.69089],[-105.015697,39.692644],[-105.015603,39.693146],[-105.015591,39.696157],[-105.01559,39.696709],[-105.0157,39.696772],[-105.001525,39.696714]]]}},{"type":"Feature","properties":{"precinct":"107","precinct_code":"1320116107","cong":"1","senate":"32","house":"1","council":"2","rtd":"D","school_board":"2","neighborhood":"Mar Lee","active":1805,"inactive":145,"registered":1950},"geometry":{"type":"Polygon","coordinates":[[[-105.053231,39.6823],[-105.053244,39.689567],[-105.039065,39.689474],[-105.039071,39.68518],[-105.039002,39.684854],[-105.039076,39.684398],[-105.039066,39.683885],[-105.039021,39.683689],[-105.038916,39.683498],[-105.03832,39.68264],[-105.038283,39.682474],[-105.038286,39.682222],[-105.053231,39.6823]]]}},{"type":"Feature","properties":{"precinct":"108","precinct_code":"1320116108","cong":"1","senate":"32","house":"1","council":"2","rtd":"D","school_board":"2","neighborhood":"Mar Lee","active":1736,"inactive":181,"registered":1917},"geometry":{"type":"Polygon","coordinates":[[[-105.039065,39.689474],[-105.033247,39.68944],[-105.025068,39.689494],[-105.025048,39.682279],[-105.035343,39.682213],[-105.038286,39.682222],[-105.038283,39.682474],[-105.03832,39.68264],[-105.038916,39.683498],[-105.039021,39.683689],[-105.039066,39.683885],[-105.039076,39.684398],[-105.039002,39.684854],[-105.039071,39.68518],[-105.039065,39.689474]]]}},{"type":"Feature","properties":{"precinct":"109","precinct_code":"1320116109","cong":"1","senate":"32","house":"1","council":"7","rtd":"D","school_board":"2","neighborhood":"Ruby Hill","active":1270,"inactive":167,"registered":1437},"geometry":{"type":"Polygon","coordinates":[[[-105.025068,39.689494],[-105.015718,39.689522],[-105.015696,39.68945],[-105.015703,39.682347],[-105.025048,39.682279],[-105.025068,39.689494]]]}},{"type":"Feature","properties":{"precinct":"110","precinct_code":"1320116110","cong":"1","senate":"32","house":"1","council":"7","rtd":"D","school_board":"2","neighborhood":"Ruby Hill","active":1248,"inactive":143,"registered":1391},"geometry":{"type":"Polygon","coordinates":[[[-105.015718,39.689522],[-105.015712,39.69089],[-105.008756,39.69086],[-105.008754,39.691301],[-105.00158,39.691259],[-105.00158,39.691401],[-105.001661,39.691859],[-105.001639,39.692567],[-105.001561,39.692885],[-105.001525,39.696714],[-104.992394,39.696669],[-104.992403,39.696517],[-104.992445,39.696373],[-104.992625,39.696035],[-104.992896,39.695407],[-104.993118,39.694563],[-104.993332,39.693983],[-104.993561,39.693544],[-104.993925,39.692939],[-104.994201,39.692606],[-104.994544,39.692285],[-104.994846,39.692057],[-104.995462,39.691736],[-104.996135,39.691437],[-104.997679,39.690852],[-104.998398,39.690524],[-104.9987,39.690339],[-104.999362,39.689844],[-104.999556,39.689664],[-104.999688,39.689373],[-104.999794,39.689036],[-104.99987,39.688692],[-105.000062,39.688221],[-105.000101,39.688028],[-105.000118,39.687709],[-105.000359,39.687124],[-105.000542,39.68631],[-105.000912,39.684953],[-105.001404,39.683318],[-105.001442,39.682632],[-105.001405,39.682179],[-105.015703,39.682347],[-105.015696,39.68945],[-105.015718,39.689522]]]}},{"type":"Feature","properties":{"precinct":"111","precinct_code":"1320116111","cong":"1","senate":"32","house":"1","council":"7","rtd":"D","school_board":"2","neighborhood":"Overland","active":1572,"inactive":566,"registered":2138},"geometry":{"type":"Polygon","coordinates":[[[-104.987441,39.696642],[-104.987579,39.682157],[-104.987577,39.678528],[-104.989527,39.678522],[-104.989968,39.678487],[-104.990284,39.678563],[-104.992256,39.67856],[-104.992255,39.678467],[-104.994849,39.678462],[-104.994849,39.678362],[-104.99502,39.678429],[-104.997992,39.678479],[-104.998038,39.678786],[-104.998187,39.679265],[-104.99846,39.679884],[-104.998574,39.680073],[-104.998738,39.680277],[-104.999169,39.680653],[-104.999365,39.680739],[-105.000081,39.680966],[-105.000837,39.681335],[-105.001051,39.681519],[-105.001205,39.681723],[-105.001358,39.682056],[-105.001423,39.682279],[-105.00144,39.682918],[-105.001404,39.683318],[-105.000912,39.684953],[-105.000542,39.68631],[-105.000359,39.687124],[-105.000118,39.687709],[-105.000089,39.688127],[-104.99987,39.688692],[-104.999794,39.689036],[-104.99962,39.689556],[-104.999534,39.689692],[-104.999429,39.68979],[-104.998503,39.690466],[-104.997679,39.690852],[-104.996135,39.691437],[-104.995462,39.691736],[-104.994846,39.692057],[-104.994544,39.692285],[-104.994201,39.692606],[-104.993925,39.692939],[-104.993561,39.693544],[-104.993332,39.693983],[-104.993118,39.694563],[-104.992896,39.695407],[-104.992625,39.696035],[-104.992445,39.696373],[-104.992403,39.696517],[-104.992394,39.696669],[-104.987441,39.696642]]]}},{"type":"Feature","properties":{"precinct":"112","precinct_code":"1320116112","cong":"1","senate":"32","house":"1","council":"2","rtd":"D","school_board":"2","neighborhood":"Harvey Park","active":1601,"inactive":208,"registered":1809},"geometry":{"type":"Polygon","coordinates":[[[-105.053282,39.675045],[-105.062618,39.675015],[-105.062632,39.679301],[-105.061407,39.678244],[-105.060998,39.678023],[-105.060336,39.677935],[-105.059341,39.678314],[-105.057793,39.678689],[-105.05782,39.682277],[-105.053245,39.682303],[-105.038286,39.682222],[-105.038326,39.679197],[-105.038588,39.677808],[-105.038625,39.676952],[-105.03864,39.674974],[-105.040673,39.674985],[-105.040661,39.676567],[-105.040682,39.676637],[-105.040733,39.676698],[-105.040826,39.676765],[-105.04091,39.676788],[-105.042406,39.676807],[-105.043303,39.676589],[-105.043802,39.676509],[-105.044414,39.676457],[-105.046163,39.676445],[-105.046884,39.676488],[-105.047913,39.676625],[-105.04827,39.676723],[-105.048507,39.676842],[-105.048788,39.676739],[-105.049061,39.67671],[-105.049316,39.676649],[-105.050913,39.676012],[-105.051708,39.675804],[-105.052498,39.675699],[-105.053277,39.675682],[-105.053282,39.675045]]]}},{"type":"Feature","properties":{"precinct":"113","precinct_code":"1320116113","cong":"1","senate":"32","house":"1","council":"2","rtd":"D","school_board":"2","neighborhood":"Harvey Park","active":1678,"inactive":154,"registered":1832},"geometry":{"type":"Polygon","coordinates":[[[-105.038286,39.682222],[-105.035343,39.682213],[-105.025048,39.682279],[-105.02504,39.680517],[-105.025068,39.678645],[-105.025054,39.676774],[-105.025076,39.67514],[-105.02518,39.675304],[-105.028838,39.675326],[-105.028851,39.674113],[-105.028939,39.673996],[-105.029031,39.673946],[-105.029842,39.673821],[-105.030886,39.673473],[-105.03136,39.673396],[-105.032839,39.673228],[-105.033482,39.673192],[-105.034932,39.673185],[-105.034913,39.674958],[-105.03864,39.674974],[-105.038625,39.676952],[-105.038588,39.677808],[-105.038326,39.679197],[-105.038286,39.682222]]]}},{"type":"Feature","properties":{"precinct":"114","precinct_code":"1320116114","cong":"1","senate":"32","house":"1","council":"2","rtd":"D","school_board":"2","neighborhood":"College View - South Platte","active":1487,"inactive":172,"registered":1659},"geometry":{"type":"Polygon","coordinates":[[[-105.025048,39.682279],[-105.014747,39.682345],[-105.001405,39.682179],[-105.001149,39.681637],[-105.000951,39.681422],[-105.000837,39.681335],[-105.000081,39.680966],[-104.999365,39.680739],[-104.999169,39.680653],[-104.998738,39.680277],[-104.998574,39.680073],[-104.998365,39.679685],[-104.998187,39.679265],[-104.998038,39.678786],[-104.997941,39.678083],[-104.997837,39.677543],[-104.997813,39.677289],[-104.997798,39.676213],[-104.997764,39.67583],[-104.997678,39.675432],[-104.99769,39.675226],[-104.997428,39.674104],[-104.997408,39.673824],[-104.997324,39.673609],[-104.997386,39.673241],[-104.997454,39.672576],[-104.997643,39.672],[-104.998008,39.671135],[-104.998115,39.67076],[-104.998188,39.670331],[-104.998312,39.670133],[-104.99848,39.669788],[-104.998639,39.669302],[-104.998696,39.669191],[-104.998901,39.668946],[-104.999162,39.668714],[-104.999615,39.668397],[-105.000205,39.668119],[-105.000196,39.667682],[-105.002677,39.666904],[-105.002991,39.666783],[-105.003408,39.666558],[-105.003596,39.666425],[-105.003799,39.66621],[-105.003896,39.665999],[-105.00392,39.665775],[-105.004879,39.663681],[-105.005062,39.663682],[-105.004945,39.661505],[-105.004889,39.661249],[-105.004803,39.660998],[-105.00457,39.660549],[-105.010901,39.660578],[-105.008185,39.664102],[-105.008114,39.664101],[-105.007665,39.66474],[-105.007327,39.665347],[-105.007153,39.665733],[-105.00637,39.667709],[-105.006366,39.676745],[-105.008706,39.676759],[-105.008707,39.678627],[-105.015715,39.678686],[-105.015699,39.675023],[-105.015723,39.670165],[-105.019416,39.670165],[-105.019409,39.670997],[-105.022762,39.670998],[-105.022761,39.671798],[-105.025072,39.671795],[-105.025087,39.672521],[-105.025054,39.676774],[-105.025068,39.678645],[-105.02504,39.680517],[-105.025048,39.682279]]]}},{"type":"Feature","properties":{"precinct":"115","precinct_code":"1320116115","cong":"1","senate":"32","house":"1","council":"7","rtd":"D","school_board":"2","neighborhood":"Overland","active":1605,"inactive":308,"registered":1913},"geometry":{"type":"Polygon","coordinates":[[[-104.987582,39.667691],[-104.997015,39.667669],[-105.000196,39.667682],[-105.000205,39.668119],[-104.999615,39.668397],[-104.999291,39.668619],[-104.999039,39.668809],[-104.998696,39.669191],[-104.998639,39.669302],[-104.99848,39.669788],[-104.998312,39.670133],[-104.998188,39.670331],[-104.998115,39.67076],[-104.998008,39.671135],[-104.997643,39.672],[-104.997438,39.67265],[-104.997386,39.673241],[-104.997324,39.673609],[-104.997408,39.673824],[-104.997428,39.674104],[-104.99769,39.675226],[-104.997678,39.675432],[-104.997764,39.67583],[-104.997798,39.676213],[-104.997813,39.677289],[-104.997993,39.678479],[-104.99502,39.678429],[-104.994849,39.678362],[-104.994849,39.678462],[-104.992255,39.678467],[-104.992256,39.67856],[-104.990284,39.678563],[-104.989968,39.678487],[-104.989527,39.678522],[-104.987577,39.678528],[-104.987582,39.667691]]]}},{"type":"Feature","properties":{"precinct":"116","precinct_code":"1320116116","cong":"1","senate":"32","house":"1","council":"2","rtd":"D","school_board":"2","neighborhood":"Harvey Park","active":1754,"inactive":140,"registered":1894},"geometry":{"type":"Polygon","coordinates":[[[-105.053243,39.672265],[-105.053243,39.675045],[-105.053282,39.675045],[-105.053277,39.675682],[-105.052498,39.675699],[-105.051708,39.675804],[-105.050913,39.676012],[-105.049316,39.676649],[-105.049061,39.67671],[-105.048788,39.676739],[-105.048507,39.676842],[-105.04827,39.676723],[-105.047913,39.676625],[-105.046884,39.676488],[-105.046163,39.676445],[-105.044414,39.676457],[-105.043802,39.676509],[-105.043303,39.676589],[-105.042406,39.676807],[-105.041191,39.676803],[-105.040826,39.676765],[-105.040682,39.676637],[-105.040661,39.676567],[-105.040673,39.674985],[-105.039639,39.67498],[-105.039696,39.667719],[-105.053266,39.667793],[-105.053272,39.672265],[-105.053243,39.672265]]]}},{"type":"Feature","properties":{"precinct":"117","precinct_code":"1320116117","cong":"1","senate":"32","house":"1","council":"2","rtd":"D","school_board":"2","neighborhood":"Harvey Park","active":1802,"inactive":208,"registered":2010},"geometry":{"type":"Polygon","coordinates":[[[-105.039639,39.67498],[-105.034913,39.674958],[-105.034932,39.673185],[-105.033482,39.673192],[-105.032839,39.673228],[-105.03136,39.673396],[-105.030886,39.673473],[-105.029842,39.673821],[-105.029031,39.673946],[-105.028939,39.673996],[-105.028851,39.674113],[-105.028838,39.675326],[-105.02518,39.675304],[-105.025076,39.67514],[-105.025083,39.668551],[-105.025118,39.667724],[-105.026055,39.667741],[-105.033837,39.667686],[-105.039696,39.667719],[-105.039639,39.67498]]]}},{"type":"Feature","properties":{"precinct":"118","precinct_code":"1320116118","cong":"1","senate":"32","house":"1","council":"2","rtd":"D","school_board":"2","neighborhood":"Bear Valley","active":1947,"inactive":173,"registered":2120},"geometry":{"type":"Polygon","coordinates":[[[-105.081388,39.661996],[-105.081409,39.670161],[-105.080979,39.670021],[-105.080535,39.669911],[-105.079912,39.669809],[-105.079276,39.669765],[-105.079276,39.669352],[-105.078389,39.669356],[-105.076716,39.669089],[-105.07672,39.669426],[-105.076033,39.669324],[-105.075919,39.67],[-105.075298,39.67005],[-105.074945,39.670476],[-105.074501,39.670224],[-105.072992,39.669781],[-105.072722,39.669801],[-105.072536,39.669415],[-105.07201,39.66935],[-105.072001,39.667786],[-105.064054,39.667789],[-105.064051,39.665379],[-105.064112,39.665098],[-105.064199,39.664888],[-105.064397,39.664581],[-105.065199,39.663778],[-105.065414,39.6635],[-105.065605,39.663224],[-105.065898,39.662638],[-105.06608,39.662075],[-105.066139,39.661774],[-105.066165,39.661205],[-105.066166,39.659998],[-105.066245,39.659705],[-105.066611,39.65976],[-105.067024,39.659777],[-105.068871,39.659777],[-105.069481,39.659856],[-105.069888,39.65997],[-105.071766,39.660687],[-105.071914,39.660231],[-105.071627,39.660002],[-105.071983,39.659956],[-105.071983,39.66003],[-105.076682,39.65934],[-105.076684,39.659915],[-105.078275,39.660709],[-105.078926,39.661541],[-105.079226,39.661999],[-105.081388,39.661996]]]}},{"type":"Feature","properties":{"precinct":"119","precinct_code":"1320116119","cong":"1","senate":"32","house":"1","council":"2","rtd":"D","school_board":"2","neighborhood":"Bear Valley","active":1821,"inactive":104,"registered":1925},"geometry":{"type":"Polygon","coordinates":[[[-105.064054,39.667789],[-105.053266,39.667793],[-105.053237,39.657918],[-105.05381,39.657927],[-105.054445,39.658],[-105.05793,39.659013],[-105.058372,39.658108],[-105.058542,39.657649],[-105.058635,39.657128],[-105.058641,39.656266],[-105.058708,39.655852],[-105.059267,39.655937],[-105.059979,39.656091],[-105.061009,39.656418],[-105.061739,39.656713],[-105.062633,39.657195],[-105.063437,39.657751],[-105.063906,39.658156],[-105.064728,39.658944],[-105.065084,39.659226],[-105.065439,39.65943],[-105.065738,39.65956],[-105.066245,39.659705],[-105.066166,39.659998],[-105.066165,39.661205],[-105.066139,39.661774],[-105.06608,39.662075],[-105.065898,39.662638],[-105.065605,39.663224],[-105.065414,39.6635],[-105.065199,39.663778],[-105.064397,39.664581],[-105.064199,39.664888],[-105.064112,39.665098],[-105.064051,39.665379],[-105.064054,39.667789]]]}},{"type":"Feature","properties":{"precinct":"120","precinct_code":"1320116120","cong":"1","senate":"32","house":"1","council":"2","rtd":"D","school_board":"2","neighborhood":"Harvey Park South","active":1781,"inactive":151,"registered":1932},"geometry":{"type":"Polygon","coordinates":[[[-105.053266,39.667793],[-105.040693,39.667721],[-105.040685,39.666923],[-105.040749,39.666566],[-105.04092,39.666077],[-105.04108,39.665774],[-105.042554,39.663812],[-105.042681,39.663569],[-105.042784,39.663294],[-105.042847,39.663041],[-105.042881,39.66252],[-105.042877,39.660653],[-105.042789,39.660391],[-105.04232,39.659679],[-105.050566,39.656392],[-105.05108,39.656237],[-105.051506,39.656173],[-105.053226,39.656172],[-105.053266,39.667793]]]}},{"type":"Feature","properties":{"precinct":"121","precinct_code":"1320116121","cong":"1","senate":"32","house":"1","council":"2","rtd":"D","school_board":"2","neighborhood":"Harvey Park South","active":1871,"inactive":418,"registered":2289},"geometry":{"type":"Polygon","coordinates":[[[-105.040693,39.667721],[-105.033837,39.667686],[-105.026055,39.667741],[-105.025118,39.667724],[-105.025185,39.656811],[-105.025359,39.65681],[-105.025361,39.656864],[-105.032918,39.656884],[-105.034834,39.657761],[-105.03501,39.657934],[-105.035082,39.658051],[-105.035133,39.658172],[-105.035155,39.65839],[-105.035115,39.662603],[-105.035102,39.662752],[-105.035039,39.662972],[-105.034973,39.663116],[-105.034787,39.663363],[-105.03493,39.663433],[-105.035249,39.663501],[-105.038801,39.663521],[-105.039399,39.66354],[-105.039635,39.663579],[-105.040057,39.66371],[-105.041979,39.66459],[-105.04108,39.665774],[-105.040908,39.666104],[-105.040749,39.666566],[-105.040685,39.666923],[-105.040693,39.667721]]]}},{"type":"Feature","properties":{"precinct":"122","precinct_code":"1320116122","cong":"1","senate":"32","house":"1","council":"2","rtd":"D","school_board":"2","neighborhood":"College View - South Platte","active":1528,"inactive":200,"registered":1728},"geometry":{"type":"Polygon","coordinates":[[[-105.015723,39.670165],[-105.015724,39.667756],[-105.015835,39.660514],[-105.022812,39.660505],[-105.022844,39.656811],[-105.025185,39.656811],[-105.025118,39.667724],[-105.025083,39.668551],[-105.025072,39.671795],[-105.022761,39.671798],[-105.022762,39.670998],[-105.019409,39.670997],[-105.019416,39.670165],[-105.015723,39.670165]],[[-105.022841,39.660505],[-105.022942,39.660505],[-105.022992,39.660505],[-105.022956,39.660504],[-105.022841,39.660505]]]}},{"type":"Feature","properties":{"precinct":"123","precinct_code":"1320116123","cong":"1","senate":"32","house":"1","council":"2","rtd":"D","school_board":"2","neighborhood":"Bear Valley","active":1838,"inactive":440,"registered":2278},"geometry":{"type":"Polygon","coordinates":[[[-105.05707,39.652855],[-105.05807,39.652854],[-105.058051,39.651466],[-105.058227,39.651466],[-105.058234,39.651258],[-105.061991,39.651238],[-105.06199,39.651497],[-105.062595,39.651502],[-105.062609,39.65029],[-105.063894,39.650298],[-105.063906,39.649633],[-105.070826,39.649623],[-105.070831,39.650016],[-105.069916,39.650008],[-105.069701,39.650474],[-105.069163,39.651174],[-105.069127,39.651313],[-105.068198,39.652206],[-105.06805,39.652206],[-105.06805,39.652502],[-105.067524,39.652505],[-105.067529,39.653253],[-105.067264,39.653253],[-105.067278,39.656885],[-105.070166,39.656881],[-105.070168,39.657449],[-105.070068,39.659094],[-105.071981,39.659611],[-105.071982,39.659958],[-105.071627,39.660002],[-105.071914,39.660231],[-105.071766,39.660687],[-105.069888,39.65997],[-105.069481,39.659856],[-105.068871,39.659777],[-105.066611,39.65976],[-105.066245,39.659705],[-105.065738,39.65956],[-105.065309,39.659363],[-105.064979,39.659151],[-105.064728,39.658944],[-105.063906,39.658156],[-105.063437,39.657751],[-105.062949,39.657398],[-105.062344,39.657028],[-105.061739,39.656713],[-105.061265,39.656509],[-105.06059,39.65627],[-105.059979,39.656091],[-105.058963,39.65589],[-105.058708,39.655852],[-105.058641,39.656266],[-105.058635,39.657128],[-105.058542,39.657649],[-105.058372,39.658108],[-105.05793,39.659013],[-105.054445,39.658],[-105.05381,39.657927],[-105.053237,39.657918],[-105.053198,39.654288],[-105.053096,39.653725],[-105.053086,39.653354],[-105.053122,39.653354],[-105.053102,39.653192],[-105.057067,39.653174],[-105.05707,39.652855]],[[-105.06357,39.651866],[-105.062573,39.651862],[-105.062567,39.652898],[-105.063563,39.652902],[-105.06357,39.651866]],[[-105.064921,39.653783],[-105.064919,39.653257],[-105.06398,39.653259],[-105.063993,39.653785],[-105.064921,39.653783]]]}},{"type":"Feature","properties":{"precinct":"124","precinct_code":"1320116124","cong":"1","senate":"32","house":"1","council":"2","rtd":"D","school_board":"2","neighborhood":"Harvey Park South","active":1712,"inactive":125,"registered":1837},"geometry":{"type":"Polygon","coordinates":[[[-105.032667,39.656883],[-105.032377,39.656666],[-105.032144,39.65637],[-105.032172,39.653284],[-105.03416,39.653284],[-105.035423,39.653828],[-105.036138,39.65409],[-105.036842,39.654283],[-105.037926,39.654417],[-105.038662,39.654414],[-105.039413,39.654364],[-105.048324,39.653317],[-105.050226,39.653216],[-105.05316,39.653191],[-105.053102,39.653192],[-105.053122,39.653354],[-105.053086,39.653354],[-105.053096,39.653725],[-105.053198,39.654288],[-105.053226,39.656172],[-105.051506,39.656173],[-105.05108,39.656237],[-105.050566,39.656392],[-105.04232,39.659679],[-105.042789,39.660391],[-105.042877,39.660653],[-105.042871,39.662776],[-105.042847,39.663041],[-105.042784,39.663294],[-105.042681,39.663569],[-105.042554,39.663812],[-105.042407,39.664027],[-105.041979,39.66459],[-105.040057,39.66371],[-105.039635,39.663579],[-105.039399,39.66354],[-105.038801,39.663521],[-105.035249,39.663501],[-105.03493,39.663433],[-105.034787,39.663363],[-105.034973,39.663116],[-105.035039,39.662972],[-105.035102,39.662752],[-105.035115,39.662603],[-105.035155,39.65839],[-105.035133,39.658172],[-105.03501,39.657934],[-105.034844,39.657769],[-105.034736,39.657708],[-105.032918,39.656884],[-105.032667,39.656883]]]}},{"type":"Feature","properties":{"precinct":"125","precinct_code":"1320116125","cong":"1","senate":"32","house":"1","council":"2","rtd":"D","school_board":"2","neighborhood":"Fort Logan","active":368,"inactive":37,"registered":405},"geometry":{"type":"Polygon","coordinates":[[[-105.057072,39.651979],[-105.057067,39.653174],[-105.050226,39.653216],[-105.048324,39.653317],[-105.039413,39.654364],[-105.038662,39.654414],[-105.037926,39.654417],[-105.036842,39.654283],[-105.036138,39.65409],[-105.035423,39.653828],[-105.03416,39.653284],[-105.034625,39.653284],[-105.034641,39.649598],[-105.046576,39.649693],[-105.046921,39.649736],[-105.047648,39.649893],[-105.047877,39.649973],[-105.048479,39.650256],[-105.048688,39.650321],[-105.050844,39.650653],[-105.0511,39.650644],[-105.051806,39.650515],[-105.052956,39.650521],[-105.052942,39.651103],[-105.052987,39.651689],[-105.053182,39.651682],[-105.053177,39.65178],[-105.053764,39.651735],[-105.053748,39.651407],[-105.053722,39.651363],[-105.054185,39.651505],[-105.054474,39.651534],[-105.05477,39.651626],[-105.055023,39.651773],[-105.05522,39.651966],[-105.057072,39.651979]]]}},{"type":"Feature","properties":{"precinct":"126","precinct_code":"1260116126","cong":"1","senate":"26","house":"1","council":"2","rtd":"D","school_board":"2","neighborhood":"Fort Logan","active":1573,"inactive":133,"registered":1706},"geometry":{"type":"Polygon","coordinates":[[[-105.076769,39.63976],[-105.076046,39.641116],[-105.07598,39.641345],[-105.075933,39.641906],[-105.07586,39.642114],[-105.074473,39.644258],[-105.074263,39.644472],[-105.074009,39.644654],[-105.072589,39.645294],[-105.072401,39.645404],[-105.072256,39.645548],[-105.072188,39.645658],[-105.072134,39.645836],[-105.07213,39.645998],[-105.063246,39.646007],[-105.063205,39.649634],[-105.06262,39.649634],[-105.062615,39.649685],[-105.057097,39.649692],[-105.057079,39.651238],[-105.05564,39.651233],[-105.055641,39.651171],[-105.05356,39.651164],[-105.053748,39.651407],[-105.053764,39.651735],[-105.053177,39.65178],[-105.053182,39.651682],[-105.052987,39.651689],[-105.052942,39.651103],[-105.052964,39.649818],[-105.052996,39.649385],[-105.053091,39.640524],[-105.053099,39.64036],[-105.053192,39.639896],[-105.053283,39.639776],[-105.053356,39.639038],[-105.053352,39.638778],[-105.058817,39.638767],[-105.05876,39.638976],[-105.059295,39.638768],[-105.059567,39.638705],[-105.05981,39.638682],[-105.060021,39.638762],[-105.073206,39.638748],[-105.073215,39.638654],[-105.076919,39.638645],[-105.076912,39.639114],[-105.076877,39.639442],[-105.076769,39.63976]]]}},{"type":"Feature","properties":{"precinct":"127","precinct_code":"1260116127","cong":"1","senate":"26","house":"1","council":"2","rtd":"D","school_board":"2","neighborhood":"Fort Logan","active":1512,"inactive":190,"registered":1702},"geometry":{"type":"Polygon","coordinates":[[[-105.034641,39.649598],[-105.03466,39.645926],[-105.034651,39.645886],[-105.03437,39.645886],[-105.034371,39.645638],[-105.034427,39.645579],[-105.034446,39.643806],[-105.032761,39.643795],[-105.032795,39.642855],[-105.02999,39.642827],[-105.029989,39.642255],[-105.030351,39.642271],[-105.029969,39.642252],[-105.029891,39.642251],[-105.029915,39.640094],[-105.030017,39.640094],[-105.030047,39.638635],[-105.034711,39.638629],[-105.034711,39.638601],[-105.036532,39.63851],[-105.04442,39.638582],[-105.045314,39.638646],[-105.045327,39.63539],[-105.045274,39.634566],[-105.045423,39.633699],[-105.045659,39.632648],[-105.045693,39.631904],[-105.045847,39.631906],[-105.045836,39.631472],[-105.053316,39.631512],[-105.053245,39.638778],[-105.053352,39.638778],[-105.053356,39.639038],[-105.053283,39.639776],[-105.053192,39.639896],[-105.053099,39.64036],[-105.053091,39.640524],[-105.052999,39.649166],[-105.052956,39.650521],[-105.051806,39.650515],[-105.0511,39.650644],[-105.050844,39.650653],[-105.048688,39.650321],[-105.048479,39.650256],[-105.047877,39.649973],[-105.047648,39.649893],[-105.046921,39.649736],[-105.046576,39.649693],[-105.034641,39.649598]]]}},{"type":"Feature","properties":{"precinct":"128","precinct_code":"1260116128","cong":"1","senate":"26","house":"1","council":"2","rtd":"D","school_board":"2","neighborhood":"Fort Logan","active":1384,"inactive":122,"registered":1506},"geometry":{"type":"Polygon","coordinates":[[[-105.034711,39.638601],[-105.03478,39.632417],[-105.036328,39.632422],[-105.036338,39.631428],[-105.045836,39.631472],[-105.045847,39.631906],[-105.045693,39.631904],[-105.045659,39.632648],[-105.045423,39.633699],[-105.045274,39.634566],[-105.045327,39.63539],[-105.045314,39.638646],[-105.04442,39.638582],[-105.036532,39.63851],[-105.034711,39.638601]]]}},{"type":"Feature","properties":{"precinct":"129","precinct_code":"1260116129","cong":"1","senate":"26","house":"1","council":"2","rtd":"D","school_board":"2","neighborhood":"Fort Logan","active":1222,"inactive":127,"registered":1349},"geometry":{"type":"Polygon","coordinates":[[[-105.034758,39.633176],[-105.030069,39.633167],[-105.030068,39.632951],[-105.029749,39.632629],[-105.029682,39.632481],[-105.029667,39.632376],[-105.029077,39.632354],[-105.028937,39.632328],[-105.027265,39.631655],[-105.026922,39.63155],[-105.0264,39.631484],[-105.025411,39.631481],[-105.025435,39.628534],[-105.026378,39.628508],[-105.026926,39.628448],[-105.027464,39.628351],[-105.027991,39.628217],[-105.028887,39.627909],[-105.029323,39.6278],[-105.031106,39.627809],[-105.032947,39.628129],[-105.033502,39.628199],[-105.034804,39.628204],[-105.034807,39.627813],[-105.035919,39.627817],[-105.036163,39.627851],[-105.036397,39.627918],[-105.036815,39.628138],[-105.037386,39.627471],[-105.038018,39.626843],[-105.039571,39.627849],[-105.040037,39.628048],[-105.040155,39.627867],[-105.040268,39.627749],[-105.040645,39.628001],[-105.040921,39.627755],[-105.04134,39.628018],[-105.04172,39.627673],[-105.042302,39.628053],[-105.042785,39.627585],[-105.043296,39.627819],[-105.04357,39.627909],[-105.044163,39.628036],[-105.044137,39.631463],[-105.036338,39.631428],[-105.036328,39.632422],[-105.03478,39.632417],[-105.034758,39.633176]]]}},{"type":"Feature","properties":{"precinct":"130","precinct_code":"1260116130","cong":"1","senate":"26","house":"1","council":"2","rtd":"D","school_board":"2","neighborhood":"Marston","active":1773,"inactive":287,"registered":2060},"geometry":{"type":"Polygon","coordinates":[[[-105.109948,39.631455],[-105.109924,39.635078],[-105.091113,39.635091],[-105.091109,39.635055],[-105.090984,39.635055],[-105.090918,39.63501],[-105.090647,39.634714],[-105.088148,39.634711],[-105.087909,39.634678],[-105.08804,39.6346],[-105.089175,39.634127],[-105.08939,39.634004],[-105.089676,39.633758],[-105.089897,39.63346],[-105.089993,39.633177],[-105.090038,39.632921],[-105.089887,39.632075],[-105.089869,39.63138],[-105.090261,39.631388],[-105.090703,39.631307],[-105.090924,39.631298],[-105.091359,39.631387],[-105.091599,39.631403],[-105.093956,39.631401],[-105.094402,39.631391],[-105.094748,39.631352],[-105.095153,39.631239],[-105.095332,39.631151],[-105.095466,39.631077],[-105.09607,39.630625],[-105.096226,39.630412],[-105.096314,39.6302],[-105.096355,39.629938],[-105.096359,39.629465],[-105.096998,39.629458],[-105.097283,39.629482],[-105.097536,39.629545],[-105.098071,39.629775],[-105.09827,39.62983],[-105.099188,39.629844],[-105.099539,39.629787],[-105.100383,39.62949],[-105.100673,39.629368],[-105.10103,39.629168],[-105.101461,39.629448],[-105.103417,39.630242],[-105.104219,39.630591],[-105.104551,39.630706],[-105.104931,39.630794],[-105.10601,39.631184],[-105.10644,39.631236],[-105.106684,39.631308],[-105.106795,39.631312],[-105.106897,39.631287],[-105.107073,39.631295],[-105.107198,39.631249],[-105.107323,39.631256],[-105.107402,39.631197],[-105.10754,39.631186],[-105.107993,39.631341],[-105.108206,39.631456],[-105.109948,39.631455]]]}},{"type":"Feature","properties":{"precinct":"131","precinct_code":"1260116131","cong":"1","senate":"26","house":"1","council":"2","rtd":"D","school_board":"2","neighborhood":"Marston","active":1535,"inactive":215,"registered":1750},"geometry":{"type":"Polygon","coordinates":[[[-105.094471,39.624216],[-105.107547,39.624214],[-105.107527,39.627097],[-105.109977,39.627091],[-105.109948,39.631455],[-105.108206,39.631456],[-105.107993,39.631341],[-105.10754,39.631186],[-105.107402,39.631197],[-105.107323,39.631256],[-105.107198,39.631249],[-105.107073,39.631295],[-105.106897,39.631287],[-105.106795,39.631312],[-105.106684,39.631308],[-105.10644,39.631236],[-105.10601,39.631184],[-105.104931,39.630794],[-105.104551,39.630706],[-105.104219,39.630591],[-105.103417,39.630242],[-105.101461,39.629448],[-105.10103,39.629168],[-105.100673,39.629368],[-105.100383,39.62949],[-105.099539,39.629787],[-105.099188,39.629844],[-105.09827,39.62983],[-105.098071,39.629775],[-105.097536,39.629545],[-105.097283,39.629482],[-105.096998,39.629458],[-105.096359,39.629465],[-105.096348,39.628881],[-105.096326,39.628754],[-105.096194,39.628459],[-105.096029,39.628269],[-105.095771,39.628063],[-105.094989,39.627541],[-105.094652,39.627273],[-105.094467,39.627176],[-105.09397,39.627096],[-105.094105,39.626522],[-105.094151,39.625893],[-105.094244,39.625539],[-105.094414,39.625048],[-105.094471,39.624216]]]}},{"type":"Feature","properties":{"precinct":"132","precinct_code":"1260116132","cong":"1","senate":"26","house":"1","council":"2","rtd":"D","school_board":"2","neighborhood":"Marston","active":1090,"inactive":254,"registered":1344},"geometry":{"type":"Polygon","coordinates":[[[-105.091126,39.635089],[-105.091112,39.638709],[-105.081431,39.638717],[-105.081472,39.636701],[-105.081728,39.636863],[-105.081934,39.636038],[-105.082121,39.635504],[-105.082475,39.634806],[-105.083057,39.633891],[-105.083419,39.633474],[-105.08403,39.63285],[-105.089447,39.627516],[-105.089849,39.627091],[-105.091174,39.627088],[-105.091196,39.624208],[-105.094471,39.624216],[-105.094414,39.625048],[-105.094244,39.625539],[-105.094151,39.625893],[-105.094105,39.626522],[-105.09397,39.627096],[-105.094467,39.627176],[-105.094652,39.627273],[-105.094989,39.627541],[-105.095771,39.628063],[-105.096029,39.628269],[-105.096194,39.628459],[-105.096298,39.628662],[-105.096348,39.628881],[-105.096355,39.629938],[-105.096314,39.6302],[-105.096163,39.63051],[-105.09607,39.630625],[-105.095909,39.630756],[-105.095466,39.631077],[-105.095315,39.63116],[-105.095153,39.631239],[-105.094748,39.631352],[-105.094402,39.631391],[-105.093956,39.631401],[-105.091599,39.631403],[-105.091359,39.631387],[-105.090924,39.631298],[-105.090703,39.631307],[-105.090261,39.631388],[-105.089869,39.63138],[-105.089887,39.632075],[-105.090038,39.632921],[-105.089993,39.633177],[-105.089897,39.63346],[-105.089676,39.633758],[-105.08939,39.634004],[-105.089175,39.634127],[-105.08804,39.6346],[-105.087909,39.634678],[-105.088148,39.634711],[-105.090647,39.634714],[-105.090918,39.63501],[-105.090984,39.635055],[-105.091109,39.635055],[-105.091126,39.635089]]]}},{"type":"Feature","properties":{"precinct":"133","precinct_code":"1260116133","cong":"1","senate":"26","house":"1","council":"2","rtd":"D","school_board":"2","neighborhood":"Marston","active":1252,"inactive":248,"registered":1500},"geometry":{"type":"Polygon","coordinates":[[[-105.081574,39.631335],[-105.083722,39.631334],[-105.083743,39.630236],[-105.081701,39.630237],[-105.081757,39.627325],[-105.083823,39.627325],[-105.083799,39.628534],[-105.08559,39.628534],[-105.085636,39.626114],[-105.087401,39.626053],[-105.087394,39.627097],[-105.089849,39.627091],[-105.089447,39.627516],[-105.08403,39.63285],[-105.083419,39.633474],[-105.083057,39.633891],[-105.082475,39.634806],[-105.082121,39.635504],[-105.081934,39.636038],[-105.081728,39.636863],[-105.081472,39.636701],[-105.08148,39.636244],[-105.08129,39.63617],[-105.080867,39.636148],[-105.080316,39.636212],[-105.079977,39.636639],[-105.079492,39.636733],[-105.079056,39.636712],[-105.077667,39.636448],[-105.077256,39.636404],[-105.076659,39.636419],[-105.075822,39.636516],[-105.075257,39.636503],[-105.074911,39.636614],[-105.074809,39.636679],[-105.074773,39.636653],[-105.074182,39.636774],[-105.073762,39.63662],[-105.073275,39.636555],[-105.073206,39.638748],[-105.072265,39.63875],[-105.072243,39.637944],[-105.072258,39.63681],[-105.072306,39.636619],[-105.072384,39.636529],[-105.072164,39.636246],[-105.072133,39.635972],[-105.074029,39.635545],[-105.077607,39.635545],[-105.077874,39.63554],[-105.077995,39.6355],[-105.078182,39.635304],[-105.078784,39.63451],[-105.079274,39.633929],[-105.079363,39.633853],[-105.079569,39.63372],[-105.079814,39.633655],[-105.080847,39.633635],[-105.080833,39.63358],[-105.080907,39.633512],[-105.080904,39.633455],[-105.080793,39.633446],[-105.080764,39.633408],[-105.080849,39.633374],[-105.081049,39.633221],[-105.081039,39.633109],[-105.08098,39.6331],[-105.080999,39.633035],[-105.080977,39.633014],[-105.080899,39.633043],[-105.080866,39.632977],[-105.080822,39.632948],[-105.080737,39.632965],[-105.080534,39.632904],[-105.080407,39.632981],[-105.080348,39.633004],[-105.080311,39.632984],[-105.080237,39.633023],[-105.080241,39.632992],[-105.080163,39.632974],[-105.080074,39.632994],[-105.080067,39.632948],[-105.080023,39.632946],[-105.080097,39.632863],[-105.080198,39.632803],[-105.080116,39.632803],[-105.08032,39.632649],[-105.080504,39.632438],[-105.080677,39.632416],[-105.080718,39.632367],[-105.080749,39.632245],[-105.08068,39.631961],[-105.080653,39.632079],[-105.080669,39.632192],[-105.080589,39.632034],[-105.080319,39.630493],[-105.08025,39.630409],[-105.080599,39.630393],[-105.080962,39.631334],[-105.081575,39.631308],[-105.081574,39.631335]],[[-105.081493,39.635696],[-105.081498,39.63501],[-105.080884,39.635008],[-105.08088,39.635694],[-105.081493,39.635696]]]}},{"type":"Feature","properties":{"precinct":"134","precinct_code":"1260116134","cong":"1","senate":"26","house":"1","council":"2","rtd":"D","school_board":"2","neighborhood":"Marston","active":1035,"inactive":74,"registered":1109},"geometry":{"type":"Polygon","coordinates":[[[-105.073631,39.618502],[-105.065084,39.618525],[-105.065101,39.620052],[-105.065672,39.620607],[-105.073656,39.623285],[-105.076126,39.624232],[-105.074527,39.624234],[-105.076283,39.625102],[-105.080242,39.629468],[-105.080599,39.630393],[-105.08025,39.630409],[-105.080319,39.630493],[-105.080589,39.632034],[-105.080669,39.632192],[-105.080653,39.632079],[-105.08068,39.631961],[-105.080749,39.632245],[-105.080718,39.632367],[-105.080677,39.632416],[-105.080504,39.632438],[-105.08032,39.632649],[-105.080116,39.632803],[-105.080198,39.632803],[-105.080097,39.632863],[-105.080023,39.632946],[-105.080067,39.632948],[-105.080074,39.632994],[-105.080163,39.632974],[-105.080241,39.632992],[-105.080237,39.633023],[-105.080311,39.632984],[-105.080348,39.633004],[-105.080407,39.632981],[-105.080534,39.632904],[-105.080737,39.632965],[-105.080822,39.632948],[-105.080866,39.632977],[-105.080899,39.633043],[-105.080977,39.633014],[-105.080999,39.633035],[-105.08098,39.6331],[-105.081039,39.633109],[-105.081049,39.633221],[-105.080849,39.633374],[-105.080764,39.633408],[-105.080793,39.633446],[-105.080904,39.633455],[-105.080907,39.633512],[-105.080833,39.63358],[-105.080847,39.633635],[-105.079814,39.633655],[-105.079569,39.63372],[-105.079469,39.633774],[-105.079274,39.633929],[-105.078784,39.63451],[-105.078182,39.635304],[-105.077995,39.6355],[-105.077929,39.635532],[-105.074029,39.635545],[-105.072133,39.635972],[-105.072164,39.636246],[-105.072384,39.636529],[-105.072306,39.636619],[-105.072258,39.63681],[-105.072243,39.637944],[-105.072265,39.63875],[-105.060021,39.638762],[-105.05981,39.638682],[-105.059068,39.638683],[-105.05985,39.634698],[-105.057071,39.631506],[-105.053444,39.629305],[-105.053459,39.627712],[-105.05579,39.626005],[-105.055819,39.624258],[-105.053494,39.624261],[-105.053527,39.620874],[-105.05434,39.620829],[-105.055359,39.621061],[-105.056283,39.621111],[-105.057254,39.62092],[-105.057396,39.620499],[-105.056499,39.619925],[-105.05713,39.619375],[-105.057097,39.61939],[-105.05817,39.617382],[-105.058108,39.614416],[-105.058358,39.614415],[-105.058702,39.614488],[-105.05912,39.614516],[-105.061858,39.614512],[-105.062433,39.614533],[-105.062648,39.614566],[-105.063234,39.614726],[-105.063605,39.614908],[-105.063849,39.615076],[-105.064147,39.615321],[-105.06492,39.616187],[-105.065242,39.616498],[-105.065582,39.616727],[-105.066018,39.616923],[-105.06655,39.617059],[-105.067215,39.617113],[-105.067911,39.617057],[-105.070594,39.616751],[-105.070995,39.616738],[-105.071643,39.616795],[-105.072369,39.617047],[-105.072798,39.617282],[-105.073519,39.61788],[-105.073973,39.618194],[-105.073766,39.618414],[-105.073631,39.618502]]]}},{"type":"Feature","properties":{"precinct":"135","precinct_code":"1260116135","cong":"1","senate":"26","house":"1","council":"2","rtd":"D","school_board":"2","neighborhood":"Marston","active":1081,"inactive":195,"registered":1276},"geometry":{"type":"Polygon","coordinates":[[[-105.058358,39.614415],[-105.09702,39.614318],[-105.09704,39.618437],[-105.073631,39.618502],[-105.073766,39.618414],[-105.073973,39.618194],[-105.073519,39.61788],[-105.072798,39.617282],[-105.072369,39.617047],[-105.071643,39.616795],[-105.070995,39.616738],[-105.070594,39.616751],[-105.067486,39.617096],[-105.066975,39.617107],[-105.06655,39.617059],[-105.06615,39.616965],[-105.065807,39.616833],[-105.065582,39.616727],[-105.065242,39.616498],[-105.06492,39.616187],[-105.064278,39.615457],[-105.063992,39.615178],[-105.063605,39.614908],[-105.063234,39.614726],[-105.062648,39.614566],[-105.062433,39.614533],[-105.061858,39.614512],[-105.05912,39.614516],[-105.058702,39.614488],[-105.058358,39.614415]]]}},{"type":"Feature","properties":{"precinct":"201","precinct_code":"1310216201","cong":"1","senate":"31","house":"2","council":"7","rtd":"A","school_board":"3","neighborhood":"Capitol Hill","active":1430,"inactive":327,"registered":1757},"geometry":{"type":"Polygon","coordinates":[[[-104.972949,39.727292],[-104.977568,39.72727],[-104.987425,39.727284],[-104.987414,39.729103],[-104.986163,39.729075],[-104.972945,39.729087],[-104.972949,39.727292]]]}},{"type":"Feature","properties":{"precinct":"202","precinct_code":"1310216202","cong":"1","senate":"31","house":"2","council":"7","rtd":"A","school_board":"5","neighborhood":"Speer","active":1505,"inactive":378,"registered":1883},"geometry":{"type":"Polygon","coordinates":[[[-104.978781,39.727271],[-104.978766,39.724107],[-104.979944,39.724111],[-104.979936,39.721615],[-104.980314,39.721494],[-104.980725,39.72174],[-104.981862,39.722491],[-104.982123,39.722631],[-104.98287,39.7231],[-104.983286,39.723389],[-104.984175,39.724143],[-104.984378,39.724413],[-104.985703,39.725753],[-104.986079,39.726097],[-104.986473,39.726378],[-104.987434,39.726952],[-104.987425,39.727284],[-104.978781,39.727271]]]}},{"type":"Feature","properties":{"precinct":"203","precinct_code":"1310216203","cong":"1","senate":"31","house":"2","council":"7","rtd":"A","school_board":"3","neighborhood":"Speer","active":1239,"inactive":230,"registered":1469},"geometry":{"type":"Polygon","coordinates":[[[-104.978781,39.727271],[-104.972949,39.727292],[-104.972925,39.725585],[-104.972921,39.72024],[-104.972941,39.720114],[-104.973194,39.719666],[-104.973259,39.719443],[-104.973262,39.718771],[-104.973281,39.718714],[-104.973258,39.718412],[-104.975105,39.718838],[-104.976094,39.719109],[-104.976828,39.71939],[-104.977677,39.719825],[-104.978832,39.720579],[-104.980314,39.721494],[-104.979936,39.721615],[-104.979944,39.724111],[-104.978766,39.724107],[-104.978781,39.727271]]]}},{"type":"Feature","properties":{"precinct":"204","precinct_code":"1310216204","cong":"1","senate":"31","house":"2","council":"5","rtd":"A","school_board":"3","neighborhood":"Country Club","active":1284,"inactive":148,"registered":1432},"geometry":{"type":"Polygon","coordinates":[[[-104.972926,39.723748],[-104.972945,39.729087],[-104.960202,39.729117],[-104.960191,39.727225],[-104.960173,39.727124],[-104.960181,39.725616],[-104.967135,39.725601],[-104.967127,39.723764],[-104.972926,39.723748]]]}},{"type":"Feature","properties":{"precinct":"205","precinct_code":"1310216205","cong":"1","senate":"31","house":"2","council":"5","rtd":"A","school_board":"3","neighborhood":"Country Club","active":1304,"inactive":142,"registered":1446},"geometry":{"type":"Polygon","coordinates":[[[-104.959319,39.715665],[-104.9597,39.715632],[-104.959937,39.715639],[-104.960217,39.715581],[-104.961371,39.715484],[-104.961598,39.715442],[-104.962301,39.715236],[-104.963034,39.715072],[-104.963386,39.714817],[-104.963719,39.714732],[-104.963901,39.714643],[-104.964054,39.714617],[-104.964526,39.714344],[-104.964849,39.714225],[-104.96526,39.71414],[-104.965553,39.714211],[-104.965885,39.714242],[-104.966066,39.714298],[-104.966253,39.714391],[-104.966685,39.714693],[-104.967577,39.715213],[-104.968207,39.715745],[-104.968852,39.716468],[-104.969155,39.716665],[-104.969801,39.717302],[-104.970146,39.717537],[-104.970598,39.717709],[-104.970761,39.717745],[-104.970993,39.717862],[-104.971336,39.71797],[-104.973258,39.718412],[-104.973281,39.718714],[-104.973262,39.718771],[-104.973259,39.719443],[-104.973194,39.719666],[-104.972941,39.720114],[-104.972921,39.72024],[-104.972926,39.723748],[-104.967127,39.723764],[-104.967135,39.725601],[-104.960181,39.725616],[-104.960159,39.725516],[-104.960061,39.725375],[-104.959469,39.724969],[-104.959449,39.719429],[-104.959314,39.718461],[-104.95933,39.718194],[-104.959319,39.715665]]]}},{"type":"Feature","properties":{"precinct":"206","precinct_code":"1310216206","cong":"1","senate":"31","house":"2","council":"5","rtd":"A","school_board":"3","neighborhood":"Cherry Creek","active":1372,"inactive":219,"registered":1591},"geometry":{"type":"Polygon","coordinates":[[[-104.949805,39.725618],[-104.949807,39.717784],[-104.950053,39.717711],[-104.949848,39.71745],[-104.949784,39.717201],[-104.949788,39.714394],[-104.94975,39.7141],[-104.949701,39.713957],[-104.949602,39.713764],[-104.949522,39.713677],[-104.947436,39.711934],[-104.947184,39.711764],[-104.947038,39.711696],[-104.946608,39.711575],[-104.946497,39.711516],[-104.946564,39.711388],[-104.946896,39.711354],[-104.948058,39.711626],[-104.948265,39.711724],[-104.948467,39.711764],[-104.94861,39.711945],[-104.948913,39.712154],[-104.94905,39.712321],[-104.949213,39.712661],[-104.949326,39.712776],[-104.949907,39.713148],[-104.950027,39.713173],[-104.950072,39.713315],[-104.950132,39.713365],[-104.950727,39.713683],[-104.951545,39.714462],[-104.951694,39.714547],[-104.952043,39.714625],[-104.952512,39.714775],[-104.952823,39.714956],[-104.953707,39.715385],[-104.953856,39.715427],[-104.954256,39.715469],[-104.954732,39.715603],[-104.955449,39.715736],[-104.955736,39.715743],[-104.956623,39.715877],[-104.957419,39.715873],[-104.959319,39.715665],[-104.95933,39.718194],[-104.959314,39.718461],[-104.959449,39.719429],[-104.959469,39.724969],[-104.960061,39.725375],[-104.960159,39.725516],[-104.960181,39.725616],[-104.949805,39.725618]]]}},{"type":"Feature","properties":{"precinct":"207","precinct_code":"1310216207","cong":"1","senate":"31","house":"2","council":"5","rtd":"A","school_board":"3","neighborhood":"Cherry Creek","active":1467,"inactive":218,"registered":1685},"geometry":{"type":"Polygon","coordinates":[[[-104.940638,39.719405],[-104.949817,39.719417],[-104.949805,39.725618],[-104.940625,39.725608],[-104.940611,39.724175],[-104.940638,39.722552],[-104.940638,39.719405]]]}},{"type":"Feature","properties":{"precinct":"208","precinct_code":"1310216208","cong":"1","senate":"31","house":"2","council":"5","rtd":"A","school_board":"3","neighborhood":"Cherry Creek","active":1476,"inactive":555,"registered":2031},"geometry":{"type":"Polygon","coordinates":[[[-104.949817,39.719417],[-104.944971,39.719413],[-104.944972,39.716244],[-104.946182,39.716246],[-104.946193,39.711503],[-104.946497,39.711516],[-104.946608,39.711575],[-104.947038,39.711696],[-104.947184,39.711764],[-104.947436,39.711934],[-104.949522,39.713677],[-104.949652,39.713846],[-104.94975,39.7141],[-104.949788,39.714394],[-104.949784,39.717201],[-104.949848,39.71745],[-104.950053,39.717711],[-104.949807,39.717784],[-104.949817,39.719417]]]}},{"type":"Feature","properties":{"precinct":"209","precinct_code":"1310216209","cong":"1","senate":"31","house":"2","council":"5","rtd":"A","school_board":"3","neighborhood":"Cherry Creek","active":1468,"inactive":312,"registered":1780},"geometry":{"type":"Polygon","coordinates":[[[-104.944971,39.719413],[-104.940638,39.719405],[-104.940651,39.71769],[-104.940625,39.714659],[-104.940666,39.71143],[-104.94257,39.711506],[-104.946193,39.711503],[-104.946182,39.716246],[-104.944972,39.716244],[-104.944971,39.719413]]]}},{"type":"Feature","properties":{"precinct":"210","precinct_code":"1310216210","cong":"1","senate":"31","house":"2","council":"5","rtd":"A","school_board":"3","neighborhood":"Hilltop","active":1667,"inactive":104,"registered":1771},"geometry":{"type":"Polygon","coordinates":[[[-104.940638,39.717802],[-104.940638,39.722552],[-104.940611,39.724175],[-104.940625,39.725608],[-104.922809,39.72564],[-104.922801,39.722023],[-104.92279,39.721942],[-104.922711,39.721782],[-104.922329,39.721429],[-104.922295,39.721372],[-104.922261,39.721216],[-104.922257,39.721001],[-104.930483,39.720989],[-104.93049,39.717834],[-104.940638,39.717802]]]}},{"type":"Feature","properties":{"precinct":"211","precinct_code":"1310216211","cong":"1","senate":"31","house":"2","council":"5","rtd":"A","school_board":"3","neighborhood":"Hilltop","active":1673,"inactive":101,"registered":1774},"geometry":{"type":"Polygon","coordinates":[[[-104.940638,39.717802],[-104.93049,39.717834],[-104.930483,39.720989],[-104.922257,39.721001],[-104.922299,39.711223],[-104.924635,39.711183],[-104.931661,39.711224],[-104.931657,39.711108],[-104.931684,39.711103],[-104.940696,39.711084],[-104.940655,39.711573],[-104.940625,39.714659],[-104.940638,39.717802]]]}},{"type":"Feature","properties":{"precinct":"212","precinct_code":"1310216212","cong":"1","senate":"31","house":"2","council":"7","rtd":"A","school_board":"5","neighborhood":"Speer","active":1892,"inactive":643,"registered":2535},"geometry":{"type":"Polygon","coordinates":[[[-104.980314,39.721494],[-104.980294,39.721153],[-104.980291,39.719351],[-104.98145,39.719352],[-104.981478,39.716541],[-104.987512,39.716584],[-104.987508,39.719377],[-104.98746,39.720952],[-104.987496,39.722544],[-104.987492,39.724145],[-104.987445,39.725646],[-104.987434,39.726952],[-104.986473,39.726378],[-104.986079,39.726097],[-104.985703,39.725753],[-104.984378,39.724413],[-104.984175,39.724143],[-104.983286,39.723389],[-104.98287,39.7231],[-104.982123,39.722631],[-104.981862,39.722491],[-104.980725,39.72174],[-104.980314,39.721494]]]}},{"type":"Feature","properties":{"precinct":"213","precinct_code":"1310216213","cong":"1","senate":"31","house":"2","council":"7","rtd":"A","school_board":"1","neighborhood":"Speer","active":1642,"inactive":378,"registered":2020},"geometry":{"type":"Polygon","coordinates":[[[-104.980314,39.721494],[-104.978832,39.720579],[-104.977677,39.719825],[-104.976828,39.71939],[-104.976094,39.719109],[-104.975105,39.718838],[-104.973258,39.718412],[-104.973242,39.718205],[-104.973161,39.718013],[-104.973156,39.716545],[-104.979159,39.716524],[-104.981478,39.716541],[-104.98145,39.719352],[-104.980291,39.719351],[-104.980294,39.721153],[-104.980314,39.721494]]]}},{"type":"Feature","properties":{"precinct":"214","precinct_code":"1310216214","cong":"1","senate":"31","house":"2","council":"7","rtd":"A","school_board":"1","neighborhood":"Speer","active":1248,"inactive":307,"registered":1555},"geometry":{"type":"Polygon","coordinates":[[[-104.981478,39.716541],[-104.981499,39.714739],[-104.981554,39.714694],[-104.981542,39.71113],[-104.987585,39.711166],[-104.987512,39.716584],[-104.981478,39.716541]]]}},{"type":"Feature","properties":{"precinct":"215","precinct_code":"1310216215","cong":"1","senate":"31","house":"2","council":"7","rtd":"A","school_board":"1","neighborhood":"Speer","active":1086,"inactive":253,"registered":1339},"geometry":{"type":"Polygon","coordinates":[[[-104.981478,39.716541],[-104.979159,39.716524],[-104.976921,39.716538],[-104.976917,39.711111],[-104.981542,39.71113],[-104.981554,39.714694],[-104.981499,39.714739],[-104.981478,39.716541]]]}},{"type":"Feature","properties":{"precinct":"216","precinct_code":"1310216216","cong":"1","senate":"31","house":"2","council":"7","rtd":"A","school_board":"1","neighborhood":"Speer","active":1319,"inactive":405,"registered":1724},"geometry":{"type":"Polygon","coordinates":[[[-104.976921,39.716538],[-104.973156,39.716545],[-104.973156,39.715294],[-104.973205,39.715088],[-104.973199,39.71488],[-104.973052,39.714738],[-104.973402,39.714737],[-104.973403,39.711117],[-104.976917,39.711111],[-104.976921,39.716538]]]}},{"type":"Feature","properties":{"precinct":"217","precinct_code":"1310216217","cong":"1","senate":"31","house":"2","council":"6","rtd":"A","school_board":"1","neighborhood":"Washington Park","active":1423,"inactive":205,"registered":1628},"geometry":{"type":"Polygon","coordinates":[[[-104.973156,39.715294],[-104.973161,39.718013],[-104.973242,39.718205],[-104.973258,39.718412],[-104.971336,39.71797],[-104.970993,39.717862],[-104.970761,39.717745],[-104.970598,39.717709],[-104.970146,39.717537],[-104.969875,39.717357],[-104.969731,39.717239],[-104.969225,39.716725],[-104.968827,39.716445],[-104.968207,39.715745],[-104.967577,39.715213],[-104.966685,39.714693],[-104.966161,39.714342],[-104.965885,39.714242],[-104.965553,39.714211],[-104.965292,39.714142],[-104.965012,39.714185],[-104.964611,39.714306],[-104.964054,39.714617],[-104.963901,39.714643],[-104.963719,39.714732],[-104.963386,39.714817],[-104.963034,39.715072],[-104.962301,39.715236],[-104.961598,39.715442],[-104.961371,39.715484],[-104.960217,39.715581],[-104.959937,39.715639],[-104.9597,39.715632],[-104.959319,39.715665],[-104.959324,39.711196],[-104.959271,39.711126],[-104.968714,39.711125],[-104.968715,39.707506],[-104.973384,39.707499],[-104.973402,39.714737],[-104.973052,39.714738],[-104.973199,39.71488],[-104.973205,39.715088],[-104.973156,39.715294]]]}},{"type":"Feature","properties":{"precinct":"218","precinct_code":"1310216218","cong":"1","senate":"31","house":"2","council":"6","rtd":"A","school_board":"1","neighborhood":"Belcaro","active":1355,"inactive":110,"registered":1465},"geometry":{"type":"Polygon","coordinates":[[[-104.959271,39.711126],[-104.959324,39.711196],[-104.959319,39.715665],[-104.958362,39.715781],[-104.957221,39.715878],[-104.956623,39.715877],[-104.955736,39.715743],[-104.955449,39.715736],[-104.954732,39.715603],[-104.954256,39.715469],[-104.953789,39.715412],[-104.953362,39.715226],[-104.952512,39.714775],[-104.952043,39.714625],[-104.951694,39.714547],[-104.951619,39.714509],[-104.95144,39.714375],[-104.950938,39.713889],[-104.950889,39.713818],[-104.950727,39.713683],[-104.950132,39.713365],[-104.950072,39.713315],[-104.950027,39.713173],[-104.949907,39.713148],[-104.949326,39.712776],[-104.949213,39.712661],[-104.94905,39.712321],[-104.948913,39.712154],[-104.94861,39.711945],[-104.948467,39.711764],[-104.948265,39.711724],[-104.94802,39.711617],[-104.947787,39.711404],[-104.947398,39.711158],[-104.948032,39.711014],[-104.949863,39.711012],[-104.950017,39.710931],[-104.95001,39.707501],[-104.949968,39.706987],[-104.949952,39.705974],[-104.947807,39.705959],[-104.947648,39.705922],[-104.947533,39.705863],[-104.947428,39.705796],[-104.947326,39.705668],[-104.947249,39.705404],[-104.947257,39.703846],[-104.95937,39.703872],[-104.959339,39.705675],[-104.959319,39.710941],[-104.959271,39.711126]]]}},{"type":"Feature","properties":{"precinct":"219","precinct_code":"1310216219","cong":"1","senate":"31","house":"2","council":"6","rtd":"A","school_board":"1","neighborhood":"Belcaro","active":1490,"inactive":403,"registered":1893},"geometry":{"type":"Polygon","coordinates":[[[-104.94802,39.711617],[-104.946896,39.711354],[-104.946564,39.711388],[-104.946497,39.711516],[-104.94257,39.711506],[-104.940666,39.71143],[-104.940697,39.71123],[-104.940707,39.697737],[-104.940739,39.697733],[-104.940622,39.696579],[-104.945381,39.696582],[-104.945382,39.700211],[-104.944223,39.700205],[-104.944239,39.70075],[-104.944302,39.701206],[-104.944495,39.701759],[-104.944593,39.701966],[-104.944701,39.702172],[-104.945391,39.703185],[-104.945492,39.703488],[-104.945532,39.703841],[-104.947257,39.703846],[-104.947249,39.705404],[-104.947326,39.705668],[-104.947428,39.705796],[-104.947648,39.705922],[-104.947807,39.705959],[-104.949952,39.705974],[-104.949968,39.706987],[-104.95001,39.707501],[-104.950024,39.708315],[-104.950017,39.710931],[-104.949863,39.711012],[-104.948032,39.711014],[-104.947398,39.711158],[-104.947787,39.711404],[-104.94802,39.711617]]]}},{"type":"Feature","properties":{"precinct":"220","precinct_code":"1310216220","cong":"1","senate":"31","house":"2","council":"7","rtd":"A","school_board":"1","neighborhood":"Washington Park West","active":1438,"inactive":285,"registered":1723},"geometry":{"type":"Polygon","coordinates":[[[-104.987585,39.711166],[-104.979236,39.711116],[-104.979229,39.707552],[-104.979279,39.7075],[-104.979272,39.705742],[-104.980442,39.705738],[-104.980429,39.703973],[-104.9828,39.703956],[-104.982898,39.703892],[-104.987499,39.703889],[-104.987633,39.707544],[-104.987585,39.711166]]]}},{"type":"Feature","properties":{"precinct":"221","precinct_code":"1310216221","cong":"1","senate":"31","house":"2","council":"7","rtd":"A","school_board":"1","neighborhood":"Washington Park West","active":1528,"inactive":192,"registered":1720},"geometry":{"type":"Polygon","coordinates":[[[-104.979236,39.711116],[-104.973403,39.711117],[-104.973384,39.707859],[-104.973394,39.702065],[-104.977168,39.702061],[-104.980436,39.702022],[-104.980458,39.703926],[-104.980429,39.703973],[-104.980442,39.705738],[-104.979272,39.705742],[-104.979279,39.7075],[-104.979229,39.707552],[-104.979236,39.711116]]]}},{"type":"Feature","properties":{"precinct":"222","precinct_code":"1310216222","cong":"1","senate":"31","house":"2","council":"7","rtd":"A","school_board":"1","neighborhood":"Washington Park West","active":1254,"inactive":481,"registered":1735},"geometry":{"type":"Polygon","coordinates":[[[-104.980429,39.703973],[-104.980458,39.703926],[-104.980383,39.696633],[-104.980394,39.696118],[-104.980452,39.69604],[-104.980516,39.696],[-104.980399,39.695892],[-104.980427,39.695169],[-104.98278,39.697216],[-104.982781,39.696625],[-104.987441,39.696642],[-104.98748,39.701023],[-104.987493,39.701491],[-104.98755,39.701539],[-104.987572,39.702004],[-104.987538,39.702142],[-104.987498,39.702651],[-104.987499,39.703889],[-104.982898,39.703892],[-104.9828,39.703956],[-104.980429,39.703973]]]}},{"type":"Feature","properties":{"precinct":"223","precinct_code":"1310216223","cong":"1","senate":"31","house":"2","council":"7","rtd":"A","school_board":"1","neighborhood":"Washington Park West","active":1523,"inactive":201,"registered":1724},"geometry":{"type":"Polygon","coordinates":[[[-104.980436,39.702022],[-104.977168,39.702061],[-104.973394,39.702065],[-104.973411,39.69844],[-104.973391,39.698363],[-104.973435,39.689818],[-104.974773,39.690482],[-104.975389,39.690845],[-104.976198,39.691409],[-104.9768,39.691898],[-104.978007,39.693008],[-104.980427,39.695169],[-104.980399,39.695892],[-104.980516,39.696],[-104.980452,39.69604],[-104.980394,39.696118],[-104.980383,39.696633],[-104.980436,39.702022]]]}},{"type":"Feature","properties":{"precinct":"224","precinct_code":"1310216224","cong":"1","senate":"31","house":"2","council":"6","rtd":"A","school_board":"1","neighborhood":"Washington Park","active":1491,"inactive":127,"registered":1618},"geometry":{"type":"Polygon","coordinates":[[[-104.973411,39.69844],[-104.973384,39.707499],[-104.968715,39.707506],[-104.968717,39.696599],[-104.966952,39.696596],[-104.966372,39.696617],[-104.965795,39.696595],[-104.959331,39.696591],[-104.959362,39.6894],[-104.959454,39.686377],[-104.959457,39.684737],[-104.96118,39.68474],[-104.961754,39.684776],[-104.962628,39.684885],[-104.963178,39.685006],[-104.963712,39.685155],[-104.964656,39.685522],[-104.96531,39.685832],[-104.973435,39.689818],[-104.973391,39.698363],[-104.973411,39.69844]]]}},{"type":"Feature","properties":{"precinct":"225","precinct_code":"1310216225","cong":"1","senate":"31","house":"2","council":"6","rtd":"A","school_board":"1","neighborhood":"Washington Park","active":1481,"inactive":175,"registered":1656},"geometry":{"type":"Polygon","coordinates":[[[-104.968723,39.703874],[-104.968714,39.711125],[-104.959271,39.711126],[-104.959319,39.710941],[-104.959339,39.705675],[-104.95937,39.703872],[-104.968723,39.703874]]]}},{"type":"Feature","properties":{"precinct":"226","precinct_code":"1310216226","cong":"1","senate":"31","house":"2","council":"6","rtd":"A","school_board":"1","neighborhood":"Washington Park","active":1413,"inactive":136,"registered":1549},"geometry":{"type":"Polygon","coordinates":[[[-104.968723,39.703874],[-104.95937,39.703872],[-104.959343,39.701907],[-104.959331,39.696591],[-104.965795,39.696595],[-104.966372,39.696617],[-104.966952,39.696596],[-104.968717,39.696599],[-104.968723,39.703874]]]}},{"type":"Feature","properties":{"precinct":"227","precinct_code":"1310216227","cong":"1","senate":"31","house":"2","council":"6","rtd":"A","school_board":"1","neighborhood":"Belcaro","active":1499,"inactive":124,"registered":1623},"geometry":{"type":"Polygon","coordinates":[[[-104.95937,39.703872],[-104.945532,39.703841],[-104.945492,39.703488],[-104.945391,39.703185],[-104.944701,39.702172],[-104.944495,39.701759],[-104.944302,39.701206],[-104.944239,39.70075],[-104.944225,39.700448],[-104.944223,39.700205],[-104.945382,39.700211],[-104.945381,39.696582],[-104.959331,39.696591],[-104.959343,39.701907],[-104.95937,39.703872]]]}},{"type":"Feature","properties":{"precinct":"228","precinct_code":"1310216228","cong":"1","senate":"31","house":"2","council":"6","rtd":"A","school_board":"1","neighborhood":"Cory - Merrill","active":1648,"inactive":168,"registered":1816},"geometry":{"type":"Polygon","coordinates":[[[-104.959331,39.696591],[-104.953526,39.69659],[-104.953545,39.691153],[-104.950045,39.691145],[-104.950062,39.685702],[-104.950481,39.684733],[-104.959457,39.684737],[-104.959454,39.686377],[-104.959362,39.6894],[-104.959331,39.696591]]]}},{"type":"Feature","properties":{"precinct":"229","precinct_code":"1310216229","cong":"1","senate":"31","house":"2","council":"6","rtd":"A","school_board":"1","neighborhood":"Cory - Merrill","active":1670,"inactive":195,"registered":1865},"geometry":{"type":"Polygon","coordinates":[[[-104.953526,39.69659],[-104.940708,39.696578],[-104.940706,39.69477],[-104.940643,39.694767],[-104.940572,39.69295],[-104.940564,39.687866],[-104.940605,39.685693],[-104.940549,39.684884],[-104.94041,39.683543],[-104.94043,39.682906],[-104.94491,39.684039],[-104.946187,39.684312],[-104.947868,39.684567],[-104.948629,39.684645],[-104.949609,39.684708],[-104.950481,39.684733],[-104.950062,39.685702],[-104.950045,39.691145],[-104.953545,39.691153],[-104.953526,39.69659]]]}},{"type":"Feature","properties":{"precinct":"230","precinct_code":"1320216230","cong":"1","senate":"32","house":"2","council":"7","rtd":"D","school_board":"1","neighborhood":"Platt Park","active":1752,"inactive":387,"registered":2139},"geometry":{"type":"Polygon","coordinates":[[[-104.980427,39.695169],[-104.978007,39.693008],[-104.978817,39.693007],[-104.978578,39.692902],[-104.978301,39.692701],[-104.977939,39.692387],[-104.978093,39.692274],[-104.978109,39.692235],[-104.978117,39.689394],[-104.987407,39.689425],[-104.98751,39.689408],[-104.987441,39.696642],[-104.982781,39.696625],[-104.98278,39.697216],[-104.980427,39.695169]]]}},{"type":"Feature","properties":{"precinct":"231","precinct_code":"1320216231","cong":"1","senate":"32","house":"2","council":"7","rtd":"D","school_board":"1","neighborhood":"Platt Park","active":1655,"inactive":236,"registered":1891},"geometry":{"type":"Polygon","coordinates":[[[-104.98751,39.689408],[-104.987407,39.689425],[-104.980454,39.689403],[-104.980432,39.689356],[-104.980533,39.678578],[-104.98615,39.678564],[-104.987577,39.678528],[-104.987579,39.682157],[-104.98751,39.689408]]]}},{"type":"Feature","properties":{"precinct":"232","precinct_code":"1320216232","cong":"1","senate":"32","house":"2","council":"7","rtd":"D","school_board":"1","neighborhood":"Platt Park","active":1701,"inactive":244,"registered":1945},"geometry":{"type":"Polygon","coordinates":[[[-104.980454,39.689403],[-104.978117,39.689394],[-104.978109,39.692235],[-104.978093,39.692274],[-104.977939,39.692387],[-104.978301,39.692701],[-104.978578,39.692902],[-104.978817,39.693007],[-104.978007,39.693008],[-104.9768,39.691898],[-104.976198,39.691409],[-104.975734,39.69107],[-104.974773,39.690482],[-104.973435,39.689818],[-104.973433,39.682153],[-104.973412,39.682087],[-104.973441,39.678521],[-104.978138,39.67854],[-104.980533,39.678578],[-104.980432,39.689356],[-104.980454,39.689403]]]}},{"type":"Feature","properties":{"precinct":"233","precinct_code":"1320216233","cong":"1","senate":"32","house":"2","council":"6","rtd":"D","school_board":"1","neighborhood":"University","active":1259,"inactive":217,"registered":1476},"geometry":{"type":"Polygon","coordinates":[[[-104.973467,39.67671],[-104.973412,39.682087],[-104.973433,39.682153],[-104.973435,39.689818],[-104.968738,39.687506],[-104.968744,39.686812],[-104.966388,39.685482],[-104.966387,39.683928],[-104.966421,39.676678],[-104.973467,39.67671]]]}},{"type":"Feature","properties":{"precinct":"234","precinct_code":"1320216234","cong":"1","senate":"32","house":"2","council":"7","rtd":"D","school_board":"1","neighborhood":"Rosedale","active":1035,"inactive":155,"registered":1190},"geometry":{"type":"Polygon","coordinates":[[[-104.980537,39.667705],[-104.987582,39.667691],[-104.987577,39.678528],[-104.98638,39.678562],[-104.982896,39.678573],[-104.982867,39.678494],[-104.982863,39.671291],[-104.981678,39.671304],[-104.981682,39.669487],[-104.980515,39.669496],[-104.980537,39.667705]]]}},{"type":"Feature","properties":{"precinct":"235","precinct_code":"1320216235","cong":"1","senate":"32","house":"2","council":"7","rtd":"D","school_board":"1","neighborhood":"Rosedale","active":967,"inactive":125,"registered":1092},"geometry":{"type":"Polygon","coordinates":[[[-104.973496,39.667684],[-104.980537,39.667705],[-104.980515,39.669496],[-104.981682,39.669487],[-104.981678,39.671304],[-104.982863,39.671291],[-104.982867,39.678494],[-104.982896,39.678573],[-104.980533,39.678578],[-104.978138,39.67854],[-104.973441,39.678521],[-104.973487,39.674893],[-104.973456,39.674857],[-104.973496,39.667684]]]}},{"type":"Feature","properties":{"precinct":"236","precinct_code":"1320216236","cong":"1","senate":"32","house":"2","council":"6","rtd":"D","school_board":"1","neighborhood":"University","active":1304,"inactive":210,"registered":1514},"geometry":{"type":"Polygon","coordinates":[[[-104.968814,39.665859],[-104.973474,39.665871],[-104.973471,39.666623],[-104.973498,39.666619],[-104.973497,39.666939],[-104.97347,39.666934],[-104.973467,39.667684],[-104.973496,39.667684],[-104.973496,39.66772],[-104.973461,39.673119],[-104.973456,39.674857],[-104.973487,39.674893],[-104.973467,39.67671],[-104.966421,39.676678],[-104.966456,39.66946],[-104.968798,39.669473],[-104.968814,39.665859]]]}},{"type":"Feature","properties":{"precinct":"237","precinct_code":"1320216237","cong":"1","senate":"32","house":"2","council":"6","rtd":"D","school_board":"1","neighborhood":"University","active":1307,"inactive":962,"registered":2269},"geometry":{"type":"Polygon","coordinates":[[[-104.966456,39.66946],[-104.966388,39.685482],[-104.968744,39.686812],[-104.968737,39.687526],[-104.964656,39.685522],[-104.963712,39.685155],[-104.963178,39.685006],[-104.962628,39.684885],[-104.961754,39.684776],[-104.96118,39.68474],[-104.959457,39.684737],[-104.959437,39.682874],[-104.959396,39.682494],[-104.959388,39.682044],[-104.959404,39.669416],[-104.966456,39.66946]],[[-104.960591,39.66949],[-104.960589,39.669737],[-104.96059,39.669692],[-104.960591,39.66949]]]}},{"type":"Feature","properties":{"precinct":"238","precinct_code":"1320216238","cong":"1","senate":"32","house":"2","council":"6","rtd":"D","school_board":"1","neighborhood":"University Park","active":1254,"inactive":620,"registered":1874},"geometry":{"type":"Polygon","coordinates":[[[-104.959391,39.674851],[-104.959388,39.682044],[-104.959396,39.682494],[-104.959435,39.682796],[-104.95869,39.682595],[-104.957938,39.682338],[-104.952249,39.681512],[-104.952264,39.676618],[-104.955107,39.676622],[-104.95515,39.676569],[-104.955154,39.674847],[-104.959391,39.674851]]]}},{"type":"Feature","properties":{"precinct":"239","precinct_code":"1320216239","cong":"1","senate":"32","house":"2","council":"6","rtd":"D","school_board":"1","neighborhood":"University Park","active":1415,"inactive":284,"registered":1699},"geometry":{"type":"Polygon","coordinates":[[[-104.959435,39.682796],[-104.959457,39.684737],[-104.951242,39.684745],[-104.949609,39.684708],[-104.948629,39.684645],[-104.94688,39.684432],[-104.946187,39.684312],[-104.94491,39.684039],[-104.941257,39.68313],[-104.940697,39.68297],[-104.940697,39.681787],[-104.940795,39.681453],[-104.94086,39.681124],[-104.940914,39.680101],[-104.940758,39.678423],[-104.940934,39.678387],[-104.943723,39.678387],[-104.943735,39.676605],[-104.952264,39.676618],[-104.952249,39.681512],[-104.957938,39.682338],[-104.95869,39.682595],[-104.959435,39.682796]]]}},{"type":"Feature","properties":{"precinct":"240","precinct_code":"1320216240","cong":"1","senate":"32","house":"2","council":"6","rtd":"D","school_board":"1","neighborhood":"University","active":1327,"inactive":140,"registered":1467},"geometry":{"type":"MultiPolygon","coordinates":[[[[-104.963048,39.660386],[-104.968838,39.660439],[-104.968798,39.669473],[-104.959404,39.669416],[-104.959389,39.667603],[-104.959446,39.663756],[-104.95945,39.661599],[-104.963076,39.661587],[-104.963048,39.660386]]],[[[-104.960591,39.66949],[-104.96059,39.669692],[-104.960589,39.669737],[-104.960591,39.66949]]]]}},{"type":"Feature","properties":{"precinct":"241","precinct_code":"1320216241","cong":"1","senate":"32","house":"2","council":"6","rtd":"D","school_board":"1","neighborhood":"University Park","active":1401,"inactive":248,"registered":1649},"geometry":{"type":"Polygon","coordinates":[[[-104.959389,39.667603],[-104.959391,39.674851],[-104.955154,39.674847],[-104.95515,39.676569],[-104.955107,39.676622],[-104.95084,39.676615],[-104.950802,39.676521],[-104.950802,39.676264],[-104.950807,39.674837],[-104.950854,39.67473],[-104.950851,39.673016],[-104.950054,39.673012],[-104.950054,39.669393],[-104.950036,39.668967],[-104.950066,39.667813],[-104.950102,39.667697],[-104.950415,39.667369],[-104.950635,39.667504],[-104.950793,39.667553],[-104.951462,39.66758],[-104.959389,39.667603]]]}},{"type":"Feature","properties":{"precinct":"242","precinct_code":"1320216242","cong":"1","senate":"32","house":"2","council":"6","rtd":"D","school_board":"1","neighborhood":"University Park","active":1438,"inactive":187,"registered":1625},"geometry":{"type":"Polygon","coordinates":[[[-104.950415,39.667369],[-104.950102,39.667697],[-104.950066,39.667813],[-104.950036,39.668967],[-104.950054,39.669393],[-104.950054,39.673012],[-104.950851,39.673016],[-104.950854,39.67473],[-104.950807,39.674837],[-104.950802,39.676264],[-104.950802,39.676521],[-104.95084,39.676615],[-104.943735,39.676605],[-104.943723,39.678387],[-104.940934,39.678387],[-104.940758,39.678423],[-104.940712,39.674322],[-104.94069,39.667569],[-104.946075,39.667567],[-104.947417,39.667123],[-104.947799,39.667026],[-104.948519,39.666949],[-104.949083,39.666972],[-104.949556,39.667059],[-104.950119,39.667226],[-104.950415,39.667369]]]}},{"type":"Feature","properties":{"precinct":"243","precinct_code":"1320216243","cong":"1","senate":"32","house":"2","council":"4","rtd":"D","school_board":"1","neighborhood":"Wellshire","active":1327,"inactive":64,"registered":1391},"geometry":{"type":"Polygon","coordinates":[[[-104.953799,39.656723],[-104.959464,39.656726],[-104.959452,39.663057],[-104.959389,39.667603],[-104.951462,39.66758],[-104.950793,39.667553],[-104.950635,39.667504],[-104.950415,39.667369],[-104.95051,39.66723],[-104.950554,39.667052],[-104.950541,39.665084],[-104.950623,39.66465],[-104.950629,39.664478],[-104.950641,39.661158],[-104.950543,39.659988],[-104.950542,39.657554],[-104.950576,39.65732],[-104.95065,39.657222],[-104.950749,39.657152],[-104.950993,39.65707],[-104.952039,39.657068],[-104.952041,39.656305],[-104.952325,39.656305],[-104.952753,39.656232],[-104.953042,39.656131],[-104.953284,39.656016],[-104.953531,39.655967],[-104.953799,39.656723]]]}},{"type":"Feature","properties":{"precinct":"244","precinct_code":"1320216244","cong":"1","senate":"32","house":"2","council":"4","rtd":"D","school_board":"1","neighborhood":"Wellshire","active":1315,"inactive":98,"registered":1413},"geometry":{"type":"Polygon","coordinates":[[[-104.953541,39.655966],[-104.953284,39.656016],[-104.953042,39.656131],[-104.952753,39.656232],[-104.952325,39.656305],[-104.952041,39.656305],[-104.952039,39.657068],[-104.950993,39.65707],[-104.950749,39.657152],[-104.95065,39.657222],[-104.950576,39.65732],[-104.950542,39.657554],[-104.950543,39.659988],[-104.950641,39.661158],[-104.950629,39.664478],[-104.950623,39.66465],[-104.950541,39.665084],[-104.950554,39.667052],[-104.95051,39.66723],[-104.950415,39.667369],[-104.950119,39.667226],[-104.949556,39.667059],[-104.949083,39.666972],[-104.948519,39.666949],[-104.947799,39.667026],[-104.947417,39.667123],[-104.946075,39.667567],[-104.94069,39.667569],[-104.940697,39.660289],[-104.940567,39.659337],[-104.940572,39.65437],[-104.94069,39.653062],[-104.954975,39.653093],[-104.954409,39.655798],[-104.953525,39.655877],[-104.953541,39.655966]]]}},{"type":"Feature","properties":{"precinct":"301","precinct_code":"1260316301","cong":"1","senate":"26","house":"3","council":"4","rtd":"E","school_board":"1","neighborhood":"Hampden","active":1380,"inactive":623,"registered":2003},"geometry":{"type":"Polygon","coordinates":[[[-104.875446,39.672071],[-104.87543,39.6748],[-104.87063,39.674787],[-104.865976,39.670963],[-104.865956,39.667524],[-104.869749,39.667531],[-104.870092,39.667522],[-104.870442,39.667482],[-104.870874,39.667301],[-104.871434,39.666802],[-104.871589,39.666691],[-104.871745,39.666612],[-104.871952,39.666589],[-104.872272,39.666615],[-104.87326,39.666939],[-104.873496,39.667076],[-104.873649,39.667276],[-104.873681,39.667393],[-104.873703,39.66757],[-104.873502,39.668518],[-104.87346,39.668928],[-104.873506,39.669212],[-104.873648,39.669597],[-104.873993,39.669959],[-104.874224,39.670113],[-104.874771,39.670392],[-104.874974,39.670538],[-104.87512,39.670696],[-104.875254,39.670903],[-104.875331,39.671201],[-104.875323,39.672082],[-104.875446,39.672071]]]}},{"type":"Feature","properties":{"precinct":"302","precinct_code":"1260316302","cong":"1","senate":"26","house":"3","council":"4","rtd":"E","school_board":"1","neighborhood":"Hampden","active":1544,"inactive":138,"registered":1682},"geometry":{"type":"Polygon","coordinates":[[[-104.889863,39.666497],[-104.890469,39.667587],[-104.885174,39.667574],[-104.879527,39.663941],[-104.876222,39.66394],[-104.875992,39.664113],[-104.875804,39.664313],[-104.875664,39.664536],[-104.875553,39.664897],[-104.875543,39.665927],[-104.875388,39.668494],[-104.875414,39.668824],[-104.875447,39.668964],[-104.876379,39.671128],[-104.876619,39.67141],[-104.877469,39.672075],[-104.875323,39.672082],[-104.875331,39.671201],[-104.875254,39.670903],[-104.875193,39.670802],[-104.875041,39.670608],[-104.874878,39.670463],[-104.874105,39.670042],[-104.873897,39.669875],[-104.873648,39.669597],[-104.873506,39.669212],[-104.87346,39.668928],[-104.873502,39.668518],[-104.873703,39.66757],[-104.873681,39.667393],[-104.873649,39.667276],[-104.873496,39.667076],[-104.87326,39.666939],[-104.872272,39.666615],[-104.871952,39.666589],[-104.871745,39.666612],[-104.871589,39.666691],[-104.871434,39.666802],[-104.870874,39.667301],[-104.870442,39.667482],[-104.870092,39.667522],[-104.869749,39.667531],[-104.865956,39.667524],[-104.866032,39.660279],[-104.866345,39.660282],[-104.86638,39.659364],[-104.86656,39.659467],[-104.866837,39.659577],[-104.866928,39.659775],[-104.867019,39.659867],[-104.867163,39.659911],[-104.867323,39.659891],[-104.867395,39.659919],[-104.867435,39.660005],[-104.867441,39.660111],[-104.867475,39.66016],[-104.867702,39.660313],[-104.867776,39.660452],[-104.867874,39.660547],[-104.868162,39.660694],[-104.868224,39.660783],[-104.868167,39.660892],[-104.868171,39.660926],[-104.868307,39.660993],[-104.86834,39.661041],[-104.868343,39.661116],[-104.868294,39.661231],[-104.868167,39.661345],[-104.868103,39.661442],[-104.868124,39.661611],[-104.868212,39.661688],[-104.868327,39.6617],[-104.868449,39.661661],[-104.868553,39.661662],[-104.868656,39.661725],[-104.868776,39.661874],[-104.86883,39.662113],[-104.86887,39.66218],[-104.869721,39.661662],[-104.869934,39.661563],[-104.870049,39.661476],[-104.870137,39.661362],[-104.870595,39.660978],[-104.87093,39.661455],[-104.871006,39.661522],[-104.87121,39.661635],[-104.871364,39.661662],[-104.873288,39.661673],[-104.873613,39.661635],[-104.874351,39.661388],[-104.874625,39.661336],[-104.876103,39.661328],[-104.878837,39.66134],[-104.879203,39.661398],[-104.880125,39.661601],[-104.884661,39.661618],[-104.884665,39.661008],[-104.884723,39.660725],[-104.88479,39.66061],[-104.885121,39.660311],[-104.885897,39.660908],[-104.887126,39.661935],[-104.887775,39.662423],[-104.889008,39.663452],[-104.890217,39.664417],[-104.890226,39.664505],[-104.888362,39.665682],[-104.888938,39.665746],[-104.889118,39.66582],[-104.889748,39.666357],[-104.889863,39.666497]]]}},{"type":"Feature","properties":{"precinct":"303","precinct_code":"1260316303","cong":"1","senate":"26","house":"3","council":"4","rtd":"E","school_board":"1","neighborhood":"Hampden","active":1891,"inactive":402,"registered":2293},"geometry":{"type":"Polygon","coordinates":[[[-104.86638,39.659364],[-104.866442,39.656265],[-104.866527,39.655675],[-104.866712,39.655119],[-104.867027,39.654608],[-104.867318,39.65428],[-104.867551,39.654064],[-104.867892,39.653815],[-104.868247,39.653594],[-104.868848,39.653347],[-104.869166,39.653242],[-104.869687,39.653123],[-104.87012,39.653064],[-104.870394,39.653054],[-104.884795,39.653077],[-104.884783,39.654503],[-104.884736,39.654601],[-104.884687,39.659773],[-104.884774,39.659992],[-104.885062,39.660361],[-104.88479,39.66061],[-104.884723,39.660725],[-104.884665,39.661008],[-104.884661,39.661618],[-104.880125,39.661601],[-104.879203,39.661398],[-104.878837,39.66134],[-104.876103,39.661328],[-104.874625,39.661336],[-104.874351,39.661388],[-104.873613,39.661635],[-104.873288,39.661673],[-104.871364,39.661662],[-104.87121,39.661635],[-104.871006,39.661522],[-104.87093,39.661455],[-104.870595,39.660978],[-104.870137,39.661362],[-104.870049,39.661476],[-104.869934,39.661563],[-104.869721,39.661662],[-104.86887,39.66218],[-104.86883,39.662113],[-104.868776,39.661874],[-104.868656,39.661725],[-104.868553,39.661662],[-104.868449,39.661661],[-104.868327,39.6617],[-104.868212,39.661688],[-104.868124,39.661611],[-104.868103,39.661442],[-104.868167,39.661345],[-104.868294,39.661231],[-104.868343,39.661116],[-104.868326,39.661013],[-104.868171,39.660926],[-104.868167,39.660892],[-104.868224,39.660783],[-104.868206,39.66074],[-104.868162,39.660694],[-104.867874,39.660547],[-104.867776,39.660452],[-104.867702,39.660313],[-104.867475,39.66016],[-104.867441,39.660111],[-104.867435,39.660005],[-104.867395,39.659919],[-104.867323,39.659891],[-104.867163,39.659911],[-104.867019,39.659867],[-104.866928,39.659775],[-104.866837,39.659577],[-104.86656,39.659467],[-104.86638,39.659364]]]}},{"type":"Feature","properties":{"precinct":"304","precinct_code":"1260316304","cong":"1","senate":"26","house":"3","council":"4","rtd":"E","school_board":"1","neighborhood":"Kennedy","active":978,"inactive":656,"registered":1634},"geometry":{"type":"Polygon","coordinates":[[[-104.866345,39.660282],[-104.856424,39.660299],[-104.856035,39.660371],[-104.855776,39.660491],[-104.855608,39.660299],[-104.854934,39.660301],[-104.854237,39.660082],[-104.853074,39.659778],[-104.852017,39.659608],[-104.851693,39.65946],[-104.849256,39.659084],[-104.848883,39.659125],[-104.848635,39.659086],[-104.848637,39.657843],[-104.848563,39.657842],[-104.848569,39.657069],[-104.847261,39.657077],[-104.847933,39.656817],[-104.848632,39.656604],[-104.852315,39.655778],[-104.853205,39.655498],[-104.85406,39.655158],[-104.855171,39.654597],[-104.867171,39.647619],[-104.867674,39.64733],[-104.868206,39.647076],[-104.869117,39.646745],[-104.870072,39.646285],[-104.871198,39.646237],[-104.873051,39.645836],[-104.874077,39.645555],[-104.875065,39.645206],[-104.87558,39.644991],[-104.87546,39.65167],[-104.87669,39.653058],[-104.872011,39.653047],[-104.87012,39.653064],[-104.869441,39.653171],[-104.868848,39.653347],[-104.868247,39.653594],[-104.867892,39.653815],[-104.867551,39.654064],[-104.867318,39.65428],[-104.867027,39.654608],[-104.866712,39.655119],[-104.866601,39.655408],[-104.866489,39.655859],[-104.866442,39.656265],[-104.866345,39.660282]]]}},{"type":"Feature","properties":{"precinct":"305","precinct_code":"1260316305","cong":"1","senate":"26","house":"3","council":"4","rtd":"D","school_board":"1","neighborhood":"Southmoor Park","active":1533,"inactive":137,"registered":1670},"geometry":{"type":"Polygon","coordinates":[[[-104.913267,39.63868],[-104.922506,39.645857],[-104.931883,39.645834],[-104.931723,39.653054],[-104.925207,39.653061],[-104.921746,39.653102],[-104.918458,39.653089],[-104.917499,39.65118],[-104.916624,39.64959],[-104.912739,39.642846],[-104.911202,39.640347],[-104.91061,39.639181],[-104.910325,39.638696],[-104.911204,39.638686],[-104.91171,39.638593],[-104.912027,39.638475],[-104.912304,39.638321],[-104.91243,39.638233],[-104.912462,39.638133],[-104.913264,39.638699],[-104.913267,39.63868]]]}},{"type":"Feature","properties":{"precinct":"306","precinct_code":"1260316306","cong":"1","senate":"26","house":"3","council":"4","rtd":"E","school_board":"1","neighborhood":"Hampden South","active":1430,"inactive":210,"registered":1640},"geometry":{"type":"Polygon","coordinates":[[[-104.912163,39.645782],[-104.912822,39.645721],[-104.912829,39.645439],[-104.912987,39.644811],[-104.912972,39.644458],[-104.91283,39.64412],[-104.913279,39.643931],[-104.913358,39.64392],[-104.916684,39.649697],[-104.917499,39.65118],[-104.918458,39.653089],[-104.898769,39.653122],[-104.898796,39.650716],[-104.898728,39.650481],[-104.898626,39.650274],[-104.897853,39.64912],[-104.900211,39.648146],[-104.900562,39.647966],[-104.900815,39.6477],[-104.901926,39.646137],[-104.902088,39.646027],[-104.902297,39.645943],[-104.902551,39.645913],[-104.911764,39.645893],[-104.911903,39.645879],[-104.912163,39.645782]]]}},{"type":"Feature","properties":{"precinct":"307","precinct_code":"1260316307","cong":"1","senate":"26","house":"3","council":"4","rtd":"E","school_board":"1","neighborhood":"Hampden South","active":1338,"inactive":211,"registered":1549},"geometry":{"type":"Polygon","coordinates":[[[-104.885059,39.644773],[-104.886508,39.644779],[-104.886739,39.644762],[-104.891717,39.644151],[-104.892434,39.643998],[-104.893915,39.643411],[-104.897065,39.647914],[-104.898682,39.650373],[-104.898765,39.650592],[-104.898808,39.650822],[-104.898769,39.653122],[-104.884795,39.653077],[-104.884828,39.651183],[-104.885059,39.644773]]]}},{"type":"Feature","properties":{"precinct":"308","precinct_code":"1260316308","cong":"1","senate":"26","house":"3","council":"4","rtd":"E","school_board":"1","neighborhood":"Hampden South","active":1479,"inactive":226,"registered":1705},"geometry":{"type":"Polygon","coordinates":[[[-104.880101,39.653066],[-104.880343,39.641323],[-104.885095,39.638972],[-104.885131,39.638972],[-104.885059,39.644773],[-104.884828,39.651183],[-104.884795,39.653077],[-104.880101,39.653066]]]}},{"type":"Feature","properties":{"precinct":"309","precinct_code":"1260316309","cong":"1","senate":"26","house":"3","council":"4","rtd":"E","school_board":"1","neighborhood":"Hampden South","active":1554,"inactive":76,"registered":1630},"geometry":{"type":"Polygon","coordinates":[[[-104.91283,39.64412],[-104.912972,39.644458],[-104.912992,39.64469],[-104.912968,39.644918],[-104.912829,39.645439],[-104.912822,39.645721],[-104.912163,39.645782],[-104.911903,39.645879],[-104.911764,39.645893],[-104.902551,39.645913],[-104.902413,39.645921],[-104.902187,39.645978],[-104.901926,39.646137],[-104.900815,39.6477],[-104.900562,39.647966],[-104.900211,39.648146],[-104.897853,39.64912],[-104.897065,39.647914],[-104.893915,39.643411],[-104.89493,39.643042],[-104.895997,39.642584],[-104.896251,39.64244],[-104.896599,39.64218],[-104.897092,39.641629],[-104.897285,39.641458],[-104.897611,39.641274],[-104.897924,39.641172],[-104.898197,39.641133],[-104.898497,39.641125],[-104.90433,39.641135],[-104.904531,39.64109],[-104.904911,39.640913],[-104.905104,39.640766],[-104.905168,39.640674],[-104.905226,39.640504],[-104.905527,39.640596],[-104.905858,39.640649],[-104.909987,39.640656],[-104.910424,39.640731],[-104.910687,39.64084],[-104.910958,39.641027],[-104.91118,39.64126],[-104.91283,39.64412]]]}},{"type":"Feature","properties":{"precinct":"310","precinct_code":"1260316310","cong":"1","senate":"26","house":"3","council":"4","rtd":"E","school_board":"1","neighborhood":"Hampden South","active":1258,"inactive":508,"registered":1766},"geometry":{"type":"Polygon","coordinates":[[[-104.913358,39.64392],[-104.913279,39.643931],[-104.91283,39.64412],[-104.91118,39.64126],[-104.910958,39.641027],[-104.910687,39.64084],[-104.910424,39.640731],[-104.909987,39.640656],[-104.906019,39.640654],[-104.905679,39.640624],[-104.905358,39.64055],[-104.904988,39.640405],[-104.904739,39.640258],[-104.904371,39.639973],[-104.904251,39.639838],[-104.904093,39.639533],[-104.904063,39.639371],[-104.904066,39.638733],[-104.895833,39.638714],[-104.895529,39.638692],[-104.895121,39.638569],[-104.894871,39.638437],[-104.894743,39.638332],[-104.894492,39.638029],[-104.893999,39.636913],[-104.893457,39.635547],[-104.894096,39.635409],[-104.895523,39.635232],[-104.900152,39.634934],[-104.901124,39.634764],[-104.902174,39.634546],[-104.904264,39.634039],[-104.904957,39.633953],[-104.905502,39.633952],[-104.906208,39.634031],[-104.906644,39.634131],[-104.907139,39.6343],[-104.907508,39.634471],[-104.907961,39.634753],[-104.908204,39.634938],[-104.908424,39.635135],[-104.90874,39.635497],[-104.908877,39.635688],[-104.909038,39.635973],[-104.909827,39.637571],[-104.910103,39.638397],[-104.910285,39.638628],[-104.91061,39.639181],[-104.911202,39.640347],[-104.912739,39.642846],[-104.913358,39.64392]]]}},{"type":"Feature","properties":{"precinct":"311","precinct_code":"1260316311","cong":"1","senate":"26","house":"3","council":"4","rtd":"E","school_board":"1","neighborhood":"Hampden South","active":1598,"inactive":296,"registered":1894},"geometry":{"type":"Polygon","coordinates":[[[-104.895833,39.638714],[-104.904066,39.638733],[-104.904063,39.639371],[-104.904093,39.639533],[-104.904251,39.639838],[-104.904371,39.639973],[-104.904739,39.640258],[-104.904988,39.640405],[-104.905226,39.640504],[-104.905168,39.640674],[-104.905104,39.640766],[-104.904911,39.640913],[-104.904531,39.64109],[-104.90433,39.641135],[-104.903897,39.641148],[-104.898497,39.641125],[-104.898197,39.641133],[-104.897924,39.641172],[-104.897611,39.641274],[-104.897285,39.641458],[-104.897092,39.641629],[-104.896599,39.64218],[-104.896251,39.64244],[-104.895997,39.642584],[-104.89493,39.643042],[-104.893915,39.643411],[-104.892434,39.643998],[-104.891717,39.644151],[-104.886739,39.644762],[-104.886508,39.644779],[-104.885059,39.644773],[-104.885126,39.639313],[-104.891207,39.636328],[-104.891809,39.636069],[-104.892848,39.63571],[-104.893457,39.635547],[-104.893999,39.636913],[-104.894492,39.638029],[-104.894627,39.638215],[-104.894871,39.638437],[-104.895121,39.638569],[-104.895304,39.638633],[-104.895529,39.638692],[-104.895833,39.638714]]]}},{"type":"Feature","properties":{"precinct":"312","precinct_code":"1260316312","cong":"1","senate":"26","house":"3","council":"4","rtd":"E","school_board":"1","neighborhood":"Southmoor Park","active":1013,"inactive":389,"registered":1402},"geometry":{"type":"Polygon","coordinates":[[[-104.907303,39.629553],[-104.907355,39.630014],[-104.907441,39.630339],[-104.907622,39.630736],[-104.908093,39.631469],[-104.908353,39.631744],[-104.908696,39.631993],[-104.908925,39.632115],[-104.909101,39.632197],[-104.909312,39.63225],[-104.910842,39.632318],[-104.91087,39.631987],[-104.911176,39.630627],[-104.911261,39.630119],[-104.911264,39.629769],[-104.91103,39.627818],[-104.911046,39.627417],[-104.911104,39.627146],[-104.911663,39.625635],[-104.911704,39.625362],[-104.911703,39.624092],[-104.913417,39.624095],[-104.913237,39.638657],[-104.913264,39.638699],[-104.912462,39.638133],[-104.91243,39.638233],[-104.912304,39.638321],[-104.912027,39.638475],[-104.91171,39.638593],[-104.911204,39.638686],[-104.910325,39.638696],[-104.910103,39.638397],[-104.909827,39.637571],[-104.909038,39.635973],[-104.908877,39.635688],[-104.90874,39.635497],[-104.908424,39.635135],[-104.908134,39.634884],[-104.906032,39.631299],[-104.904464,39.628553],[-104.904798,39.628546],[-104.905649,39.628463],[-104.906985,39.628232],[-104.907191,39.62904],[-104.907239,39.629475],[-104.907265,39.629544],[-104.907303,39.629553]]]}},{"type":"Feature","properties":{"precinct":"313","precinct_code":"1260316313","cong":"1","senate":"26","house":"3","council":"4","rtd":"E","school_board":"1","neighborhood":"Southmoor Park","active":1553,"inactive":755,"registered":2308},"geometry":{"type":"Polygon","coordinates":[[[-104.9019,39.624101],[-104.911703,39.624092],[-104.911704,39.625362],[-104.911663,39.625635],[-104.911104,39.627146],[-104.911046,39.627417],[-104.91103,39.627818],[-104.911264,39.629769],[-104.911261,39.630119],[-104.911176,39.630627],[-104.91087,39.631987],[-104.910842,39.632318],[-104.909312,39.63225],[-104.909101,39.632197],[-104.908696,39.631993],[-104.908353,39.631744],[-104.908093,39.631469],[-104.907622,39.630736],[-104.907441,39.630339],[-104.907355,39.630014],[-104.907303,39.629553],[-104.907265,39.629544],[-104.907239,39.629475],[-104.90716,39.62889],[-104.906985,39.628232],[-104.905649,39.628463],[-104.904798,39.628546],[-104.904464,39.628553],[-104.9019,39.624101]],[[-104.903927,39.626837],[-104.903919,39.624194],[-104.902914,39.624189],[-104.902806,39.624312],[-104.903295,39.625962],[-104.903797,39.626836],[-104.903927,39.626837]]]}},{"type":"Feature","properties":{"precinct":"314","precinct_code":"1260316314","cong":"1","senate":"26","house":"3","council":"4","rtd":"E","school_board":"1","neighborhood":"Hampden South","active":1559,"inactive":545,"registered":2104},"geometry":{"type":"Polygon","coordinates":[[[-104.88877,39.624129],[-104.9019,39.624101],[-104.904753,39.629038],[-104.906032,39.631299],[-104.908134,39.634884],[-104.907961,39.634753],[-104.907361,39.634396],[-104.906644,39.634131],[-104.905909,39.633986],[-104.905502,39.633952],[-104.904957,39.633953],[-104.904264,39.634039],[-104.902174,39.634546],[-104.901124,39.634764],[-104.900152,39.634934],[-104.895523,39.635232],[-104.894096,39.635409],[-104.893457,39.635547],[-104.89327,39.634932],[-104.893136,39.634236],[-104.893084,39.633839],[-104.893067,39.633526],[-104.893196,39.633412],[-104.893037,39.633287],[-104.892862,39.632611],[-104.892646,39.632023],[-104.892512,39.63175],[-104.892178,39.631201],[-104.891834,39.630448],[-104.891113,39.628244],[-104.890973,39.627879],[-104.890737,39.627409],[-104.890069,39.626315],[-104.889838,39.62581],[-104.889735,39.625495],[-104.889658,39.62508],[-104.889668,39.624208],[-104.888768,39.624174],[-104.88877,39.624129]]]}},{"type":"Feature","properties":{"precinct":"315","precinct_code":"1260316315","cong":"1","senate":"26","house":"3","council":"4","rtd":"E","school_board":"1","neighborhood":"Hampden South","active":1063,"inactive":113,"registered":1176},"geometry":{"type":"MultiPolygon","coordinates":[[[[-104.893457,39.635547],[-104.892848,39.63571],[-104.892247,39.635906],[-104.891207,39.636328],[-104.885126,39.639313],[-104.885131,39.638972],[-104.885095,39.638972],[-104.885265,39.624136],[-104.88877,39.624129],[-104.888768,39.624174],[-104.889668,39.624208],[-104.889658,39.62508],[-104.889735,39.625495],[-104.889838,39.62581],[-104.890069,39.626315],[-104.890737,39.627409],[-104.890973,39.627879],[-104.891113,39.628244],[-104.891834,39.630448],[-104.892178,39.631201],[-104.892512,39.63175],[-104.892646,39.632023],[-104.892862,39.632611],[-104.893037,39.633287],[-104.893196,39.633412],[-104.893067,39.633526],[-104.893084,39.633839],[-104.893136,39.634236],[-104.89327,39.634932],[-104.893457,39.635547]]],[[[-104.889714,39.624127],[-104.889778,39.624127],[-104.889778,39.624128],[-104.889714,39.624127]]]]}},{"type":"Feature","properties":{"precinct":"401","precinct_code":"1340416401","cong":"1","senate":"34","house":"4","council":"1","rtd":"C","school_board":"5","neighborhood":"Regis","active":1418,"inactive":155,"registered":1573},"geometry":{"type":"Polygon","coordinates":[[[-105.053255,39.783822],[-105.06267,39.783856],[-105.062663,39.788357],[-105.064916,39.788366],[-105.064912,39.790328],[-105.064325,39.790328],[-105.064323,39.791088],[-105.062657,39.791086],[-105.062658,39.790518],[-105.061808,39.790509],[-105.061493,39.791084],[-105.053234,39.791072],[-105.04043,39.791127],[-105.040434,39.783886],[-105.043951,39.783891],[-105.043952,39.783652],[-105.044045,39.783664],[-105.044756,39.783808],[-105.045264,39.783981],[-105.046827,39.784732],[-105.047721,39.785034],[-105.04826,39.785121],[-105.048874,39.785157],[-105.04967,39.785091],[-105.050412,39.784928],[-105.050929,39.78475],[-105.052625,39.783893],[-105.05325,39.783681],[-105.053255,39.783822]]]}},{"type":"Feature","properties":{"precinct":"402","precinct_code":"1340416402","cong":"1","senate":"34","house":"4","council":"1","rtd":"C","school_board":"5","neighborhood":"Regis","active":1453,"inactive":260,"registered":1713},"geometry":{"type":"Polygon","coordinates":[[[-105.04043,39.791127],[-105.034517,39.791151],[-105.034529,39.792057],[-105.02997,39.79204],[-105.029962,39.791134],[-105.02525,39.791115],[-105.025273,39.793966],[-105.025159,39.794019],[-105.025119,39.791617],[-105.025147,39.784394],[-105.025665,39.784374],[-105.027323,39.784244],[-105.030065,39.783869],[-105.032452,39.783474],[-105.033142,39.783408],[-105.034559,39.783456],[-105.03628,39.783588],[-105.038293,39.783606],[-105.043319,39.783597],[-105.043952,39.783652],[-105.043951,39.783891],[-105.040434,39.783886],[-105.04043,39.791127]]]}},{"type":"Feature","properties":{"precinct":"403","precinct_code":"1340416403","cong":"1","senate":"34","house":"4","council":"1","rtd":"C","school_board":"5","neighborhood":"Berkeley","active":1857,"inactive":258,"registered":2115},"geometry":{"type":"Polygon","coordinates":[[[-105.053254,39.776592],[-105.05325,39.783681],[-105.052625,39.783893],[-105.050929,39.78475],[-105.05025,39.784972],[-105.04967,39.785091],[-105.048874,39.785157],[-105.04826,39.785121],[-105.047721,39.785034],[-105.046827,39.784732],[-105.045264,39.783981],[-105.044756,39.783808],[-105.044045,39.783664],[-105.043552,39.783607],[-105.03628,39.783588],[-105.034584,39.783458],[-105.034609,39.779153],[-105.034648,39.7784],[-105.042747,39.778388],[-105.042738,39.77671],[-105.043982,39.776582],[-105.048617,39.776576],[-105.053254,39.776592]]]}},{"type":"Feature","properties":{"precinct":"404","precinct_code":"1340416404","cong":"1","senate":"34","house":"4","council":"1","rtd":"C","school_board":"5","neighborhood":"Berkeley","active":1972,"inactive":344,"registered":2316},"geometry":{"type":"Polygon","coordinates":[[[-105.053251,39.769327],[-105.053254,39.776592],[-105.043982,39.776582],[-105.042738,39.77671],[-105.042812,39.776574],[-105.042846,39.775298],[-105.042879,39.770959],[-105.042866,39.769391],[-105.044023,39.769371],[-105.045159,39.76939],[-105.049771,39.769373],[-105.053251,39.769327]]]}},{"type":"Feature","properties":{"precinct":"405","precinct_code":"1340416405","cong":"1","senate":"34","house":"4","council":"1","rtd":"C","school_board":"5","neighborhood":"Berkeley","active":1773,"inactive":264,"registered":2037},"geometry":{"type":"Polygon","coordinates":[[[-105.042738,39.77671],[-105.042747,39.778388],[-105.034648,39.7784],[-105.034611,39.776096],[-105.03462,39.773166],[-105.02996,39.773038],[-105.029979,39.769411],[-105.034653,39.769556],[-105.036997,39.769521],[-105.039337,39.769441],[-105.040509,39.769465],[-105.041685,39.769455],[-105.042866,39.769391],[-105.042879,39.770959],[-105.042846,39.775298],[-105.042812,39.776574],[-105.042738,39.77671]]]}},{"type":"Feature","properties":{"precinct":"406","precinct_code":"1340416406","cong":"1","senate":"34","house":"4","council":"1","rtd":"C","school_board":"5","neighborhood":"Berkeley","active":1724,"inactive":216,"registered":1940},"geometry":{"type":"Polygon","coordinates":[[[-105.029979,39.769411],[-105.02996,39.773038],[-105.03462,39.773166],[-105.034611,39.776096],[-105.034648,39.7784],[-105.034609,39.779153],[-105.034584,39.783458],[-105.033142,39.783408],[-105.032667,39.783451],[-105.030065,39.783869],[-105.027323,39.784244],[-105.025331,39.784389],[-105.02527,39.783481],[-105.025252,39.782153],[-105.025309,39.770849],[-105.025248,39.770231],[-105.025249,39.769297],[-105.029979,39.769411]]]}},{"type":"Feature","properties":{"precinct":"407","precinct_code":"1340416407","cong":"1","senate":"34","house":"4","council":"1","rtd":"C","school_board":"5","neighborhood":"Sunnyside","active":1336,"inactive":147,"registered":1483},"geometry":{"type":"Polygon","coordinates":[[[-105.015865,39.776573],[-105.025281,39.776652],[-105.025283,39.776737],[-105.025252,39.782153],[-105.02527,39.783481],[-105.025331,39.784389],[-105.024398,39.784367],[-105.023337,39.784282],[-105.021857,39.784042],[-105.020773,39.783839],[-105.019773,39.783726],[-105.015845,39.783717],[-105.015836,39.781367],[-105.015865,39.776573]]]}},{"type":"Feature","properties":{"precinct":"408","precinct_code":"1340416408","cong":"1","senate":"34","house":"4","council":"1","rtd":"C","school_board":"5","neighborhood":"Sunnyside","active":1423,"inactive":209,"registered":1632},"geometry":{"type":"Polygon","coordinates":[[[-105.025248,39.770231],[-105.025309,39.770849],[-105.025281,39.776652],[-105.015865,39.776573],[-105.015888,39.775351],[-105.015896,39.770521],[-105.015879,39.769291],[-105.020534,39.769274],[-105.025249,39.769297],[-105.025248,39.770231]]]}},{"type":"Feature","properties":{"precinct":"409","precinct_code":"1340416409","cong":"1","senate":"34","house":"4","council":"1","rtd":"C","school_board":"5","neighborhood":"West Highland","active":1473,"inactive":241,"registered":1714},"geometry":{"type":"Polygon","coordinates":[[[-105.053254,39.762093],[-105.053251,39.769327],[-105.049771,39.769373],[-105.045159,39.76939],[-105.044023,39.769371],[-105.044035,39.76665],[-105.044004,39.762128],[-105.053254,39.762093]]]}},{"type":"Feature","properties":{"precinct":"410","precinct_code":"1340416410","cong":"1","senate":"34","house":"4","council":"1","rtd":"C","school_board":"5","neighborhood":"West Highland","active":1698,"inactive":275,"registered":1973},"geometry":{"type":"Polygon","coordinates":[[[-105.044023,39.769371],[-105.042866,39.769391],[-105.041685,39.769455],[-105.040509,39.769465],[-105.039337,39.769441],[-105.036997,39.769521],[-105.034653,39.769556],[-105.034618,39.762147],[-105.044004,39.762128],[-105.044035,39.76665],[-105.044023,39.769371]]]}},{"type":"Feature","properties":{"precinct":"411","precinct_code":"1340416411","cong":"1","senate":"34","house":"4","council":"1","rtd":"C","school_board":"5","neighborhood":"West Highland","active":1554,"inactive":377,"registered":1931},"geometry":{"type":"Polygon","coordinates":[[[-105.034653,39.769556],[-105.033083,39.769496],[-105.025249,39.769297],[-105.02526,39.76836],[-105.025302,39.768265],[-105.025298,39.766087],[-105.025243,39.765618],[-105.025293,39.765095],[-105.025291,39.764674],[-105.029642,39.764651],[-105.02998,39.764716],[-105.030048,39.764416],[-105.030063,39.763878],[-105.034541,39.763893],[-105.034627,39.763982],[-105.034653,39.769556]]]}},{"type":"Feature","properties":{"precinct":"412","precinct_code":"1340416412","cong":"1","senate":"34","house":"4","council":"1","rtd":"C","school_board":"5","neighborhood":"Highland","active":1524,"inactive":274,"registered":1798},"geometry":{"type":"Polygon","coordinates":[[[-105.025254,39.763208],[-105.025288,39.763787],[-105.025293,39.765095],[-105.025243,39.765618],[-105.025298,39.766087],[-105.025302,39.768265],[-105.02526,39.76836],[-105.025249,39.769297],[-105.020534,39.769274],[-105.015879,39.769291],[-105.015852,39.764452],[-105.01587,39.763235],[-105.015845,39.762034],[-105.020529,39.762029],[-105.020529,39.763218],[-105.025254,39.763208]]]}},{"type":"Feature","properties":{"precinct":"413","precinct_code":"1340416413","cong":"1","senate":"34","house":"4","council":"1","rtd":"C","school_board":"5","neighborhood":"West Highland","active":1387,"inactive":207,"registered":1594},"geometry":{"type":"Polygon","coordinates":[[[-105.05325,39.758482],[-105.053254,39.762093],[-105.034618,39.762147],[-105.034624,39.758527],[-105.05325,39.758482]]]}},{"type":"Feature","properties":{"precinct":"414","precinct_code":"1340416414","cong":"1","senate":"34","house":"4","council":"1","rtd":"C","school_board":"5","neighborhood":"West Highland","active":1385,"inactive":257,"registered":1642},"geometry":{"type":"Polygon","coordinates":[[[-105.034624,39.758527],[-105.034627,39.763982],[-105.034541,39.763893],[-105.030063,39.763878],[-105.030048,39.764416],[-105.02998,39.764716],[-105.029642,39.764651],[-105.025291,39.764674],[-105.025288,39.763787],[-105.025254,39.763208],[-105.025234,39.760864],[-105.025244,39.758485],[-105.034624,39.758527]]]}},{"type":"Feature","properties":{"precinct":"415","precinct_code":"1340416415","cong":"1","senate":"34","house":"4","council":"1","rtd":"C","school_board":"5","neighborhood":"Highland","active":1376,"inactive":424,"registered":1800},"geometry":{"type":"Polygon","coordinates":[[[-105.025244,39.758485],[-105.025234,39.760864],[-105.025254,39.763208],[-105.020529,39.763218],[-105.020529,39.762029],[-105.015845,39.762034],[-105.015845,39.758412],[-105.011824,39.758417],[-105.010237,39.757193],[-105.01273,39.755387],[-105.014649,39.756087],[-105.015632,39.756356],[-105.015845,39.756312],[-105.017822,39.757012],[-105.020548,39.758048],[-105.021378,39.758469],[-105.025244,39.758485]]]}},{"type":"Feature","properties":{"precinct":"416","precinct_code":"1340416416","cong":"1","senate":"34","house":"4","council":"1","rtd":"C","school_board":"5","neighborhood":"Sloan Lake","active":1382,"inactive":195,"registered":1577},"geometry":{"type":"Polygon","coordinates":[[[-105.05325,39.758482],[-105.03639,39.758514],[-105.036403,39.756757],[-105.036375,39.756674],[-105.036418,39.756072],[-105.037539,39.75608],[-105.037557,39.754871],[-105.044032,39.754888],[-105.053254,39.754855],[-105.05325,39.758482]]]}},{"type":"Feature","properties":{"precinct":"417","precinct_code":"1340416417","cong":"1","senate":"34","house":"4","council":"1","rtd":"C","school_board":"5","neighborhood":"Sloan Lake","active":1725,"inactive":263,"registered":1988},"geometry":{"type":"Polygon","coordinates":[[[-105.03639,39.758514],[-105.034624,39.758527],[-105.025244,39.758485],[-105.025245,39.75784],[-105.025287,39.757798],[-105.025284,39.755476],[-105.025234,39.755448],[-105.025225,39.754055],[-105.025292,39.754031],[-105.025306,39.752424],[-105.03463,39.752428],[-105.034641,39.754871],[-105.037557,39.754871],[-105.037539,39.75608],[-105.036418,39.756072],[-105.036375,39.756674],[-105.036403,39.756757],[-105.03639,39.758514]]]}},{"type":"Feature","properties":{"precinct":"418","precinct_code":"1340416418","cong":"1","senate":"34","house":"4","council":"1","rtd":"C","school_board":"5","neighborhood":"Jefferson Park","active":2117,"inactive":653,"registered":2770},"geometry":{"type":"Polygon","coordinates":[[[-105.025225,39.754055],[-105.025234,39.755448],[-105.025284,39.755476],[-105.025287,39.757798],[-105.025245,39.75784],[-105.025244,39.758485],[-105.021378,39.758469],[-105.020548,39.758048],[-105.017822,39.757012],[-105.015845,39.756312],[-105.015632,39.756356],[-105.014649,39.756087],[-105.012518,39.75531],[-105.011839,39.755042],[-105.010109,39.754251],[-105.010191,39.75409],[-105.010402,39.753938],[-105.015982,39.751445],[-105.016128,39.75139],[-105.01631,39.751357],[-105.017579,39.751208],[-105.019175,39.751209],[-105.019176,39.753608],[-105.025157,39.753632],[-105.025146,39.754033],[-105.025225,39.754055]]]}},{"type":"Feature","properties":{"precinct":"419","precinct_code":"1340416419","cong":"1","senate":"34","house":"4","council":"1","rtd":"C","school_board":"5","neighborhood":"Sloan Lake","active":1456,"inactive":193,"registered":1649},"geometry":{"type":"Polygon","coordinates":[[[-105.053222,39.743989],[-105.053254,39.754855],[-105.044032,39.754888],[-105.034641,39.754871],[-105.034592,39.746405],[-105.035781,39.746387],[-105.035776,39.74396],[-105.048697,39.743999],[-105.053222,39.743989]]]}},{"type":"Feature","properties":{"precinct":"420","precinct_code":"1340416420","cong":"1","senate":"34","house":"4","council":"1","rtd":"C","school_board":"5","neighborhood":"Sloan Lake","active":1361,"inactive":237,"registered":1598},"geometry":{"type":"Polygon","coordinates":[[[-105.03463,39.752428],[-105.025306,39.752424],[-105.025309,39.751723],[-105.025235,39.751695],[-105.02524,39.750735],[-105.02528,39.75069],[-105.025284,39.748128],[-105.025242,39.748096],[-105.025224,39.746372],[-105.034592,39.746405],[-105.03463,39.752428]]]}},{"type":"Feature","properties":{"precinct":"421","precinct_code":"1340416421","cong":"1","senate":"34","house":"4","council":"1","rtd":"C","school_board":"5","neighborhood":"Jefferson Park","active":1847,"inactive":542,"registered":2389},"geometry":{"type":"Polygon","coordinates":[[[-105.025309,39.751723],[-105.025292,39.754031],[-105.025225,39.754055],[-105.025146,39.754033],[-105.025157,39.753632],[-105.019176,39.753608],[-105.019175,39.751209],[-105.017579,39.751208],[-105.01631,39.751357],[-105.016128,39.75139],[-105.015982,39.751445],[-105.010402,39.753938],[-105.010191,39.75409],[-105.010109,39.754251],[-105.009497,39.753937],[-105.00993,39.753562],[-105.010318,39.753336],[-105.010834,39.752958],[-105.01133,39.752556],[-105.011498,39.752399],[-105.011688,39.752164],[-105.012538,39.75141],[-105.012974,39.751117],[-105.013509,39.750889],[-105.014613,39.750303],[-105.014967,39.750033],[-105.015149,39.749851],[-105.015319,39.749468],[-105.015454,39.748758],[-105.015564,39.747594],[-105.015628,39.74655],[-105.01564,39.745858],[-105.015761,39.744531],[-105.015855,39.744246],[-105.01608,39.743835],[-105.016271,39.743398],[-105.017297,39.74439],[-105.017582,39.744709],[-105.017769,39.744962],[-105.017995,39.745348],[-105.018179,39.745754],[-105.018268,39.746019],[-105.018347,39.746388],[-105.020781,39.746401],[-105.020776,39.747607],[-105.022943,39.747599],[-105.023133,39.747565],[-105.023394,39.747406],[-105.023532,39.747265],[-105.023597,39.747145],[-105.023635,39.74637],[-105.025224,39.746372],[-105.025242,39.748096],[-105.025284,39.748128],[-105.02528,39.75069],[-105.02524,39.750735],[-105.025235,39.751695],[-105.025309,39.751723]]]}},{"type":"Feature","properties":{"precinct":"422","precinct_code":"1340416422","cong":"1","senate":"34","house":"4","council":"3","rtd":"C","school_board":"5","neighborhood":"West Colfax","active":2133,"inactive":631,"registered":2764},"geometry":{"type":"Polygon","coordinates":[[[-105.053214,39.740315],[-105.053222,39.743989],[-105.048697,39.743999],[-105.039319,39.743963],[-105.039341,39.742761],[-105.039336,39.740351],[-105.048678,39.740366],[-105.050939,39.74036],[-105.052083,39.740315],[-105.053214,39.740315]]]}},{"type":"Feature","properties":{"precinct":"423","precinct_code":"1340416423","cong":"1","senate":"34","house":"4","council":"3","rtd":"C","school_board":"5","neighborhood":"West Colfax","active":2350,"inactive":576,"registered":2926},"geometry":{"type":"Polygon","coordinates":[[[-105.039319,39.743963],[-105.035776,39.74396],[-105.035781,39.746387],[-105.034592,39.746405],[-105.025224,39.746372],[-105.025229,39.742735],[-105.025314,39.742325],[-105.025286,39.740889],[-105.025304,39.740367],[-105.02676,39.740301],[-105.027453,39.740316],[-105.029507,39.740292],[-105.02987,39.740338],[-105.031507,39.740348],[-105.039336,39.740351],[-105.039341,39.742761],[-105.039319,39.743963]]]}},{"type":"Feature","properties":{"precinct":"424","precinct_code":"1340416424","cong":"1","senate":"34","house":"4","council":"3","rtd":"C","school_board":"5","neighborhood":"Sun Valley","active":781,"inactive":147,"registered":928},"geometry":{"type":"Polygon","coordinates":[[[-105.025146,39.725435],[-105.025167,39.733889],[-105.025201,39.735694],[-105.025162,39.738015],[-105.025268,39.738015],[-105.025279,39.739724],[-105.025304,39.740366],[-105.02523,39.740371],[-105.025304,39.740367],[-105.025308,39.74048],[-105.025286,39.740889],[-105.025314,39.742325],[-105.025229,39.742735],[-105.025224,39.746372],[-105.023635,39.74637],[-105.023597,39.747145],[-105.023532,39.747265],[-105.023394,39.747406],[-105.023133,39.747565],[-105.022943,39.747599],[-105.020776,39.747607],[-105.020781,39.746401],[-105.018347,39.746388],[-105.018268,39.746019],[-105.018179,39.745754],[-105.017995,39.745348],[-105.017769,39.744962],[-105.017582,39.744709],[-105.017297,39.74439],[-105.016271,39.743398],[-105.016449,39.743021],[-105.017072,39.741323],[-105.017339,39.740677],[-105.017973,39.738991],[-105.018054,39.738488],[-105.018072,39.738105],[-105.018004,39.737793],[-105.017866,39.737409],[-105.017223,39.736059],[-105.017165,39.735901],[-105.017036,39.735306],[-105.017006,39.734787],[-105.017024,39.732083],[-105.016977,39.72984],[-105.016908,39.729574],[-105.016744,39.729208],[-105.01655,39.728925],[-105.015996,39.728254],[-105.015834,39.727944],[-105.015685,39.727519],[-105.015647,39.727184],[-105.01565,39.726857],[-105.015711,39.725999],[-105.015779,39.725511],[-105.017644,39.725378],[-105.018683,39.725328],[-105.018679,39.725194],[-105.019093,39.725196],[-105.021427,39.72535],[-105.022931,39.725423],[-105.025146,39.725435]]]}},{"type":"Feature","properties":{"precinct":"425","precinct_code":"1340416425","cong":"1","senate":"34","house":"4","council":"3","rtd":"C","school_board":"5","neighborhood":"West Colfax","active":2175,"inactive":407,"registered":2582},"geometry":{"type":"Polygon","coordinates":[[[-105.053243,39.734884],[-105.053214,39.740315],[-105.052083,39.740315],[-105.050939,39.74036],[-105.048678,39.740366],[-105.039336,39.740351],[-105.039319,39.736622],[-105.039282,39.736575],[-105.03931,39.734353],[-105.039709,39.73443],[-105.040061,39.734435],[-105.04034,39.73448],[-105.040486,39.734578],[-105.040619,39.734612],[-105.040849,39.734605],[-105.041101,39.734657],[-105.041337,39.734627],[-105.041726,39.73469],[-105.041848,39.734738],[-105.041868,39.734762],[-105.041844,39.734848],[-105.04188,39.734936],[-105.042061,39.735063],[-105.042124,39.735063],[-105.042235,39.735003],[-105.04235,39.734995],[-105.042757,39.735018],[-105.043193,39.734984],[-105.043563,39.735022],[-105.043925,39.734953],[-105.043976,39.734965],[-105.044077,39.734876],[-105.044166,39.734851],[-105.044291,39.734883],[-105.044429,39.734843],[-105.044829,39.734882],[-105.045211,39.734836],[-105.045718,39.734855],[-105.045958,39.734879],[-105.046232,39.734965],[-105.046443,39.73493],[-105.046495,39.734949],[-105.046446,39.735],[-105.046468,39.735023],[-105.046547,39.735014],[-105.046606,39.73496],[-105.046695,39.734943],[-105.046754,39.734955],[-105.046813,39.735007],[-105.046913,39.735027],[-105.046965,39.735013],[-105.046999,39.734953],[-105.04704,39.734945],[-105.047102,39.734982],[-105.047275,39.735165],[-105.047453,39.735237],[-105.047497,39.735328],[-105.047607,39.735372],[-105.047707,39.735364],[-105.047793,39.735307],[-105.04806,39.735202],[-105.048297,39.735217],[-105.048434,39.735292],[-105.048696,39.735357],[-105.048916,39.735261],[-105.049,39.735341],[-105.048941,39.735421],[-105.048966,39.735447],[-105.04907,39.73543],[-105.049182,39.735336],[-105.049364,39.735261],[-105.049805,39.735257],[-105.049941,39.735283],[-105.050072,39.735178],[-105.050356,39.735202],[-105.050449,39.735242],[-105.050541,39.73532],[-105.050844,39.735347],[-105.050992,39.735423],[-105.051062,39.735421],[-105.051088,39.735412],[-105.051123,39.735309],[-105.051204,39.735341],[-105.051334,39.735256],[-105.051416,39.735153],[-105.051451,39.735007],[-105.051484,39.734995],[-105.051696,39.734955],[-105.05181,39.734982],[-105.051891,39.734971],[-105.051935,39.734999],[-105.051921,39.735056],[-105.051976,39.735074],[-105.052046,39.735057],[-105.05218,39.734943],[-105.052269,39.734986],[-105.052491,39.734996],[-105.052684,39.734922],[-105.053243,39.734884]]]}},{"type":"Feature","properties":{"precinct":"426","precinct_code":"1340416426","cong":"1","senate":"34","house":"4","council":"3","rtd":"C","school_board":"5","neighborhood":"West Colfax","active":1871,"inactive":643,"registered":2514},"geometry":{"type":"Polygon","coordinates":[[[-105.035566,39.735262],[-105.035703,39.734939],[-105.035886,39.734824],[-105.036397,39.73465],[-105.036611,39.734437],[-105.036778,39.734346],[-105.036914,39.734305],[-105.037154,39.734293],[-105.037289,39.734258],[-105.037563,39.734111],[-105.037693,39.734109],[-105.037803,39.734187],[-105.037894,39.734189],[-105.038029,39.734148],[-105.038197,39.734014],[-105.038364,39.733989],[-105.038515,39.734042],[-105.03877,39.734244],[-105.03931,39.734353],[-105.039282,39.736575],[-105.039319,39.736622],[-105.039336,39.740351],[-105.031507,39.740348],[-105.02987,39.740338],[-105.029507,39.740292],[-105.027453,39.740316],[-105.02676,39.740301],[-105.02523,39.740371],[-105.025304,39.740366],[-105.025279,39.739724],[-105.025268,39.738015],[-105.025162,39.738015],[-105.025185,39.736602],[-105.025333,39.736579],[-105.026046,39.736187],[-105.026265,39.736164],[-105.026922,39.73596],[-105.027137,39.735926],[-105.027401,39.735931],[-105.027862,39.735888],[-105.028327,39.735822],[-105.028834,39.735633],[-105.029514,39.735508],[-105.029824,39.735542],[-105.029948,39.735534],[-105.030794,39.735412],[-105.031106,39.73539],[-105.031647,39.735071],[-105.032021,39.734978],[-105.032447,39.734994],[-105.032851,39.735217],[-105.033009,39.735279],[-105.033524,39.735264],[-105.033778,39.735295],[-105.03389,39.735363],[-105.034028,39.735571],[-105.034399,39.735634],[-105.034522,39.735723],[-105.034635,39.735964],[-105.034807,39.735966],[-105.035097,39.735834],[-105.035112,39.735673],[-105.035187,39.735581],[-105.035566,39.735262]]]}},{"type":"Feature","properties":{"precinct":"427","precinct_code":"1340416427","cong":"1","senate":"34","house":"4","council":"3","rtd":"C","school_board":"5","neighborhood":"Villa Park","active":1340,"inactive":284,"registered":1624},"geometry":{"type":"Polygon","coordinates":[[[-105.05326,39.728542],[-105.053252,39.733115],[-105.054429,39.733111],[-105.054432,39.733648],[-105.054684,39.733647],[-105.054685,39.733728],[-105.055023,39.733727],[-105.055019,39.733109],[-105.055606,39.733107],[-105.055596,39.73492],[-105.053243,39.734928],[-105.053243,39.734884],[-105.052684,39.734922],[-105.052491,39.734996],[-105.052269,39.734986],[-105.05218,39.734943],[-105.052046,39.735057],[-105.051976,39.735074],[-105.051921,39.735056],[-105.051935,39.734999],[-105.05191,39.734979],[-105.051696,39.734955],[-105.051451,39.735007],[-105.051416,39.735153],[-105.051334,39.735256],[-105.051204,39.735341],[-105.051123,39.735309],[-105.051088,39.735412],[-105.051062,39.735421],[-105.050992,39.735423],[-105.050844,39.735347],[-105.050541,39.73532],[-105.050449,39.735242],[-105.050356,39.735202],[-105.050072,39.735178],[-105.049941,39.735283],[-105.049805,39.735257],[-105.049364,39.735261],[-105.049182,39.735336],[-105.04907,39.73543],[-105.048966,39.735447],[-105.048941,39.735421],[-105.049,39.735341],[-105.048916,39.735261],[-105.048696,39.735357],[-105.048434,39.735292],[-105.048297,39.735217],[-105.04806,39.735202],[-105.047793,39.735307],[-105.047707,39.735364],[-105.047607,39.735372],[-105.047497,39.735328],[-105.047453,39.735237],[-105.047275,39.735165],[-105.047102,39.734982],[-105.04704,39.734945],[-105.046999,39.734953],[-105.046965,39.735013],[-105.046913,39.735027],[-105.046813,39.735007],[-105.046754,39.734955],[-105.046695,39.734943],[-105.046606,39.73496],[-105.046547,39.735014],[-105.046468,39.735023],[-105.046446,39.735],[-105.046495,39.734949],[-105.046443,39.73493],[-105.046232,39.734965],[-105.045958,39.734879],[-105.045718,39.734855],[-105.045211,39.734836],[-105.044829,39.734882],[-105.044429,39.734843],[-105.044291,39.734883],[-105.044166,39.734851],[-105.044077,39.734876],[-105.043976,39.734965],[-105.043925,39.734953],[-105.043563,39.735022],[-105.043193,39.734984],[-105.042757,39.735018],[-105.04235,39.734995],[-105.042235,39.735003],[-105.042124,39.735063],[-105.042061,39.735063],[-105.04188,39.734936],[-105.041844,39.734848],[-105.041868,39.734762],[-105.041848,39.734738],[-105.041726,39.73469],[-105.041337,39.734627],[-105.041101,39.734657],[-105.040849,39.734605],[-105.040619,39.734612],[-105.040486,39.734578],[-105.040324,39.734477],[-105.040061,39.734435],[-105.039709,39.73443],[-105.039591,39.734393],[-105.03941,39.734386],[-105.039236,39.734328],[-105.03877,39.734244],[-105.038515,39.734042],[-105.038364,39.733989],[-105.038197,39.734014],[-105.038029,39.734148],[-105.037907,39.734187],[-105.037803,39.734187],[-105.037693,39.734109],[-105.037563,39.734111],[-105.037289,39.734258],[-105.037154,39.734293],[-105.036826,39.734326],[-105.036611,39.734437],[-105.036397,39.73465],[-105.035886,39.734824],[-105.035703,39.734939],[-105.035652,39.73501],[-105.035548,39.734794],[-105.035503,39.73448],[-105.035681,39.734378],[-105.036085,39.734328],[-105.036336,39.734274],[-105.036555,39.734191],[-105.036808,39.734048],[-105.036975,39.733888],[-105.036976,39.73298],[-105.037886,39.732987],[-105.037908,39.73276],[-105.038057,39.732424],[-105.038262,39.732235],[-105.038607,39.732044],[-105.038674,39.73198],[-105.038747,39.731584],[-105.0389,39.731373],[-105.039027,39.731303],[-105.039392,39.731237],[-105.039964,39.731206],[-105.04026,39.731157],[-105.040432,39.731187],[-105.040559,39.731169],[-105.040804,39.730968],[-105.04083,39.730912],[-105.040831,39.730777],[-105.040884,39.730612],[-105.040927,39.730515],[-105.041001,39.730457],[-105.041227,39.73041],[-105.04138,39.73041],[-105.042154,39.730542],[-105.042591,39.730388],[-105.043105,39.730273],[-105.043584,39.730039],[-105.043758,39.729986],[-105.044174,39.729949],[-105.044459,39.729956],[-105.044748,39.730004],[-105.044828,39.729986],[-105.044887,39.729912],[-105.044939,39.729893],[-105.045316,39.729977],[-105.045955,39.729881],[-105.04658,39.729737],[-105.046641,39.729706],[-105.046778,39.729519],[-105.046967,39.729368],[-105.047185,39.72933],[-105.047374,39.729255],[-105.047518,39.729244],[-105.047516,39.729453],[-105.048531,39.729461],[-105.048531,39.729223],[-105.0487,39.729191],[-105.049336,39.728987],[-105.050105,39.728666],[-105.050611,39.728499],[-105.050943,39.728486],[-105.051051,39.728518],[-105.051455,39.728852],[-105.051619,39.728938],[-105.051721,39.728956],[-105.051941,39.728939],[-105.052194,39.728871],[-105.05326,39.728542]]]}},{"type":"Feature","properties":{"precinct":"428","precinct_code":"1340416428","cong":"1","senate":"34","house":"4","council":"3","rtd":"C","school_board":"5","neighborhood":"Villa Park","active":1526,"inactive":221,"registered":1747},"geometry":{"type":"Polygon","coordinates":[[[-105.053264,39.725809],[-105.05326,39.728542],[-105.052194,39.728871],[-105.051941,39.728939],[-105.051721,39.728956],[-105.051619,39.728938],[-105.051455,39.728852],[-105.051051,39.728518],[-105.050943,39.728486],[-105.0507,39.728485],[-105.050367,39.728567],[-105.049336,39.728987],[-105.0487,39.729191],[-105.048531,39.729223],[-105.048531,39.729461],[-105.047516,39.729453],[-105.047518,39.729244],[-105.047374,39.729255],[-105.047185,39.72933],[-105.046967,39.729368],[-105.046778,39.729519],[-105.046641,39.729706],[-105.04658,39.729737],[-105.045955,39.729881],[-105.045316,39.729977],[-105.044939,39.729893],[-105.044887,39.729912],[-105.044828,39.729986],[-105.044748,39.730004],[-105.044459,39.729956],[-105.044174,39.729949],[-105.043758,39.729986],[-105.043584,39.730039],[-105.043105,39.730273],[-105.042591,39.730388],[-105.042154,39.730542],[-105.04138,39.73041],[-105.041227,39.73041],[-105.041027,39.730447],[-105.040942,39.730496],[-105.040884,39.730612],[-105.040831,39.730777],[-105.04083,39.730912],[-105.040804,39.730968],[-105.040559,39.731169],[-105.040432,39.731187],[-105.04026,39.731157],[-105.039964,39.731206],[-105.039392,39.731237],[-105.039027,39.731303],[-105.0389,39.731373],[-105.038747,39.731584],[-105.038674,39.73198],[-105.038607,39.732044],[-105.038262,39.732235],[-105.038057,39.732424],[-105.037908,39.73276],[-105.037886,39.732987],[-105.03515,39.732962],[-105.035128,39.725769],[-105.046278,39.725811],[-105.046277,39.725737],[-105.047422,39.725748],[-105.048755,39.725823],[-105.053264,39.725809]]]}},{"type":"Feature","properties":{"precinct":"429","precinct_code":"1340416429","cong":"1","senate":"34","house":"4","council":"3","rtd":"C","school_board":"5","neighborhood":"Villa Park","active":1438,"inactive":163,"registered":1601},"geometry":{"type":"Polygon","coordinates":[[[-105.036976,39.73298],[-105.036975,39.733888],[-105.036808,39.734048],[-105.036555,39.734191],[-105.036336,39.734274],[-105.036085,39.734328],[-105.035681,39.734378],[-105.035503,39.73448],[-105.035548,39.734794],[-105.035662,39.735007],[-105.035598,39.735216],[-105.035475,39.735351],[-105.035187,39.735581],[-105.035112,39.735673],[-105.035097,39.735834],[-105.034807,39.735966],[-105.034635,39.735964],[-105.034522,39.735723],[-105.034399,39.735634],[-105.034028,39.735571],[-105.03389,39.735363],[-105.033778,39.735295],[-105.033524,39.735264],[-105.033009,39.735279],[-105.032851,39.735217],[-105.032447,39.734994],[-105.032021,39.734978],[-105.031647,39.735071],[-105.031106,39.73539],[-105.030794,39.735412],[-105.029948,39.735534],[-105.029824,39.735542],[-105.029514,39.735508],[-105.028834,39.735633],[-105.028327,39.735822],[-105.027862,39.735888],[-105.027401,39.735931],[-105.027137,39.735926],[-105.026922,39.73596],[-105.026265,39.736164],[-105.026046,39.736187],[-105.025333,39.736579],[-105.025185,39.736602],[-105.025201,39.735694],[-105.025167,39.733889],[-105.025146,39.725551],[-105.031708,39.725586],[-105.032988,39.725657],[-105.032984,39.725703],[-105.033859,39.725855],[-105.035128,39.725769],[-105.03515,39.732962],[-105.036976,39.73298]]]}},{"type":"Feature","properties":{"precinct":"430","precinct_code":"1340416430","cong":"1","senate":"34","house":"4","council":"3","rtd":"C","school_board":"2","neighborhood":"Barnum West","active":1749,"inactive":190,"registered":1939},"geometry":{"type":"Polygon","coordinates":[[[-105.05329,39.718439],[-105.053264,39.725809],[-105.048755,39.725823],[-105.047422,39.725748],[-105.046277,39.725737],[-105.046278,39.725811],[-105.039464,39.725797],[-105.03946,39.722958],[-105.039728,39.722961],[-105.039712,39.719295],[-105.039993,39.719003],[-105.04035,39.718721],[-105.040572,39.718676],[-105.041258,39.718725],[-105.041443,39.718707],[-105.041641,39.718577],[-105.041685,39.71839],[-105.041703,39.718149],[-105.042105,39.718148],[-105.052825,39.718236],[-105.052997,39.718267],[-105.053139,39.718327],[-105.05329,39.718439]]]}},{"type":"Feature","properties":{"precinct":"431","precinct_code":"1340416431","cong":"1","senate":"34","house":"4","council":"3","rtd":"C","school_board":"2","neighborhood":"Barnum","active":1567,"inactive":158,"registered":1725},"geometry":{"type":"Polygon","coordinates":[[[-105.039464,39.725797],[-105.035128,39.725769],[-105.033859,39.725855],[-105.032984,39.725703],[-105.032988,39.725657],[-105.031708,39.725586],[-105.025146,39.725551],[-105.025106,39.719368],[-105.025124,39.718169],[-105.025088,39.71665],[-105.025205,39.716578],[-105.031247,39.716576],[-105.031251,39.718164],[-105.039712,39.718156],[-105.039728,39.722961],[-105.03946,39.722958],[-105.039464,39.725797]]]}},{"type":"Feature","properties":{"precinct":"432","precinct_code":"1340416432","cong":"1","senate":"34","house":"4","council":"3","rtd":"C","school_board":"2","neighborhood":"Barnum West","active":1431,"inactive":145,"registered":1576},"geometry":{"type":"Polygon","coordinates":[[[-105.05326,39.711352],[-105.05329,39.718439],[-105.053139,39.718327],[-105.052997,39.718267],[-105.052825,39.718236],[-105.041703,39.718149],[-105.041685,39.71839],[-105.041641,39.718577],[-105.041525,39.71867],[-105.041443,39.718707],[-105.041314,39.718725],[-105.040667,39.718676],[-105.040405,39.718702],[-105.040249,39.71879],[-105.039993,39.719003],[-105.039712,39.719295],[-105.039691,39.716575],[-105.039708,39.711259],[-105.047343,39.711298],[-105.050042,39.711351],[-105.05326,39.711352]]]}},{"type":"Feature","properties":{"precinct":"433","precinct_code":"1340416433","cong":"1","senate":"34","house":"4","council":"3","rtd":"C","school_board":"2","neighborhood":"Barnum","active":1507,"inactive":217,"registered":1724},"geometry":{"type":"Polygon","coordinates":[[[-105.032466,39.711218],[-105.039708,39.711259],[-105.039691,39.716575],[-105.039712,39.718156],[-105.031251,39.718164],[-105.031247,39.716576],[-105.025205,39.716578],[-105.025088,39.71665],[-105.025103,39.711183],[-105.028169,39.711152],[-105.032466,39.711218]]]}},{"type":"Feature","properties":{"precinct":"434","precinct_code":"1340416434","cong":"1","senate":"34","house":"4","council":"3","rtd":"C","school_board":"2","neighborhood":"Westwood","active":1459,"inactive":151,"registered":1610},"geometry":{"type":"Polygon","coordinates":[[[-105.05325,39.700447],[-105.05326,39.711352],[-105.050042,39.711351],[-105.048511,39.71131],[-105.043269,39.711276],[-105.043218,39.71052],[-105.043211,39.708938],[-105.046088,39.708957],[-105.046067,39.708007],[-105.046056,39.70233],[-105.045834,39.702129],[-105.045589,39.702208],[-105.048131,39.700427],[-105.05325,39.700447]]]}},{"type":"Feature","properties":{"precinct":"435","precinct_code":"1340416435","cong":"1","senate":"34","house":"4","council":"3","rtd":"C","school_board":"2","neighborhood":"Westwood","active":1574,"inactive":207,"registered":1781},"geometry":{"type":"Polygon","coordinates":[[[-105.043269,39.711276],[-105.032466,39.711218],[-105.032933,39.711057],[-105.034028,39.71034],[-105.035054,39.70962],[-105.035043,39.703973],[-105.038129,39.704007],[-105.039117,39.703978],[-105.039126,39.702188],[-105.043237,39.702204],[-105.043357,39.702182],[-105.045589,39.702208],[-105.045834,39.702129],[-105.046057,39.702345],[-105.046067,39.708007],[-105.046088,39.708957],[-105.043211,39.708938],[-105.043218,39.71052],[-105.043269,39.711276]]]}},{"type":"Feature","properties":{"precinct":"436","precinct_code":"1340416436","cong":"1","senate":"34","house":"4","council":"3","rtd":"C","school_board":"2","neighborhood":"Westwood","active":1698,"inactive":248,"registered":1946},"geometry":{"type":"Polygon","coordinates":[[[-105.039126,39.702188],[-105.039117,39.703978],[-105.038129,39.704007],[-105.035043,39.703973],[-105.035054,39.70962],[-105.034028,39.71034],[-105.032933,39.711057],[-105.032466,39.711218],[-105.028169,39.711152],[-105.025103,39.711183],[-105.02509,39.707596],[-105.025112,39.705544],[-105.025093,39.702087],[-105.025221,39.70223],[-105.03445,39.70225],[-105.03452,39.702155],[-105.039126,39.702188]]]}},{"type":"Feature","properties":{"precinct":"501","precinct_code":"1340516501","cong":"1","senate":"34","house":"5","council":"1","rtd":"C","school_board":"5","neighborhood":"Chaffee Park","active":1565,"inactive":259,"registered":1824},"geometry":{"type":"Polygon","coordinates":[[[-105.025159,39.794019],[-105.024789,39.794104],[-105.024529,39.794096],[-105.024361,39.794062],[-105.024062,39.79393],[-105.023938,39.793835],[-105.023765,39.793646],[-105.023553,39.793514],[-105.023306,39.793438],[-105.022947,39.793412],[-105.022766,39.793447],[-105.022603,39.793517],[-105.022403,39.793649],[-105.022206,39.793817],[-105.021986,39.794111],[-105.021831,39.794557],[-105.021062,39.794364],[-105.021519,39.793297],[-105.020639,39.793114],[-105.020567,39.793017],[-105.020554,39.791097],[-105.015843,39.791078],[-105.015859,39.789239],[-105.015845,39.783717],[-105.019773,39.783726],[-105.020773,39.783839],[-105.021857,39.784042],[-105.023337,39.784282],[-105.023945,39.784341],[-105.025147,39.784394],[-105.025119,39.791617],[-105.025159,39.794019]]]}},{"type":"Feature","properties":{"precinct":"502","precinct_code":"1340516502","cong":"1","senate":"34","house":"5","council":"1","rtd":"C","school_board":"5","neighborhood":"Chaffee Park","active":1323,"inactive":157,"registered":1480},"geometry":{"type":"Polygon","coordinates":[[[-105.015843,39.791078],[-104.997811,39.791029],[-104.997822,39.784117],[-104.997873,39.784059],[-104.997876,39.784023],[-104.997834,39.782484],[-105.000302,39.783143],[-105.001159,39.783401],[-105.002131,39.783603],[-105.002557,39.783652],[-105.003003,39.783672],[-105.00352,39.783635],[-105.00598,39.783278],[-105.007054,39.783268],[-105.009793,39.783537],[-105.011092,39.783619],[-105.015845,39.783717],[-105.015859,39.789239],[-105.015843,39.791078]]]}},{"type":"Feature","properties":{"precinct":"503","precinct_code":"1340516503","cong":"1","senate":"34","house":"5","council":"9","rtd":"C","school_board":"5","neighborhood":"Globeville","active":1261,"inactive":254,"registered":1515},"geometry":{"type":"Polygon","coordinates":[[[-104.997811,39.791029],[-104.993246,39.791034],[-104.993239,39.792051],[-104.990669,39.79205],[-104.99029,39.791526],[-104.990278,39.791039],[-104.986398,39.791046],[-104.986392,39.791876],[-104.985805,39.791874],[-104.9858,39.791678],[-104.985213,39.791675],[-104.985214,39.791048],[-104.97818,39.791061],[-104.978178,39.791892],[-104.977726,39.79189],[-104.977718,39.791061],[-104.975984,39.791058],[-104.975969,39.792442],[-104.973079,39.792422],[-104.973069,39.794099],[-104.974683,39.79411],[-104.974691,39.795698],[-104.971176,39.795686],[-104.971177,39.796141],[-104.971668,39.796149],[-104.97166,39.798325],[-104.968643,39.798304],[-104.968653,39.793204],[-104.96839,39.793197],[-104.968364,39.793262],[-104.967551,39.793266],[-104.967694,39.79282],[-104.967799,39.79263],[-104.967942,39.791852],[-104.96832,39.791856],[-104.968466,39.791701],[-104.968781,39.791441],[-104.968783,39.791048],[-104.968871,39.791049],[-104.968871,39.790984],[-104.969355,39.790643],[-104.970197,39.790128],[-104.971699,39.789028],[-104.972762,39.788189],[-104.973701,39.787537],[-104.974166,39.787312],[-104.974374,39.787173],[-104.974871,39.786731],[-104.975065,39.786501],[-104.975276,39.786156],[-104.975381,39.785917],[-104.975419,39.785746],[-104.975437,39.785457],[-104.975385,39.784832],[-104.975404,39.784322],[-104.975455,39.783916],[-104.975623,39.783198],[-104.975718,39.782965],[-104.975966,39.782516],[-104.976057,39.782218],[-104.976166,39.781983],[-104.976278,39.781858],[-104.976479,39.781726],[-104.9766,39.781581],[-104.976807,39.781158],[-104.977218,39.78059],[-104.977558,39.779973],[-104.977772,39.779638],[-104.978265,39.779639],[-104.980626,39.779775],[-104.982185,39.779914],[-104.986669,39.779933],[-104.988398,39.780101],[-104.989203,39.780218],[-104.989204,39.780109],[-104.989567,39.78017],[-104.989571,39.780278],[-104.990587,39.780457],[-104.992039,39.780814],[-104.994311,39.781455],[-104.99665,39.782168],[-104.997834,39.782484],[-104.997876,39.784023],[-104.997873,39.784059],[-104.997822,39.784117],[-104.997811,39.791029]]]}},{"type":"Feature","properties":{"precinct":"504","precinct_code":"1340516504","cong":"1","senate":"34","house":"5","council":"9","rtd":"C","school_board":"5","neighborhood":"Elyria Swansea","active":1476,"inactive":172,"registered":1648},"geometry":{"type":"Polygon","coordinates":[[[-104.968871,39.791049],[-104.960201,39.791033],[-104.955439,39.794654],[-104.940486,39.794618],[-104.940497,39.790981],[-104.939898,39.790984],[-104.940184,39.78991],[-104.940334,39.789112],[-104.94042,39.785533],[-104.940447,39.781991],[-104.940517,39.779961],[-104.946002,39.779959],[-104.959334,39.780011],[-104.959289,39.780688],[-104.959299,39.78158],[-104.959265,39.783771],[-104.965619,39.783771],[-104.966686,39.783761],[-104.966689,39.781884],[-104.966734,39.781493],[-104.9671,39.780153],[-104.971482,39.780017],[-104.972859,39.779922],[-104.973242,39.779875],[-104.975761,39.779717],[-104.977772,39.779638],[-104.977558,39.779973],[-104.977218,39.78059],[-104.976807,39.781158],[-104.9766,39.781581],[-104.976479,39.781726],[-104.976278,39.781858],[-104.976166,39.781983],[-104.976057,39.782218],[-104.975966,39.782516],[-104.975718,39.782965],[-104.975623,39.783198],[-104.975455,39.783916],[-104.975404,39.784322],[-104.975385,39.784832],[-104.975437,39.785457],[-104.975419,39.785746],[-104.975381,39.785917],[-104.975276,39.786156],[-104.975065,39.786501],[-104.974871,39.786731],[-104.974374,39.787173],[-104.974166,39.787312],[-104.973701,39.787537],[-104.972762,39.788189],[-104.971699,39.789028],[-104.970197,39.790128],[-104.969355,39.790643],[-104.968871,39.790984],[-104.968871,39.791049]]]}},{"type":"Feature","properties":{"precinct":"505","precinct_code":"1340516505","cong":"1","senate":"34","house":"5","council":"1","rtd":"C","school_board":"5","neighborhood":"Sunnyside","active":1372,"inactive":173,"registered":1545},"geometry":{"type":"Polygon","coordinates":[[[-105.006447,39.775326],[-105.015888,39.775351],[-105.015836,39.781367],[-105.015845,39.783717],[-105.011092,39.783619],[-105.009793,39.783537],[-105.007054,39.783268],[-105.006437,39.783274],[-105.006458,39.779384],[-105.006447,39.775326]]]}},{"type":"Feature","properties":{"precinct":"506","precinct_code":"1340516506","cong":"1","senate":"34","house":"5","council":"1","rtd":"C","school_board":"5","neighborhood":"Sunnyside","active":1387,"inactive":237,"registered":1624},"geometry":{"type":"Polygon","coordinates":[[[-105.015888,39.775351],[-105.006447,39.775326],[-105.006468,39.769296],[-105.015879,39.769291],[-105.015896,39.770521],[-105.015888,39.775351]]]}},{"type":"Feature","properties":{"precinct":"507","precinct_code":"1340516507","cong":"1","senate":"34","house":"5","council":"1","rtd":"C","school_board":"5","neighborhood":"Sunnyside","active":2119,"inactive":383,"registered":2502},"geometry":{"type":"Polygon","coordinates":[[[-105.006447,39.775326],[-105.006458,39.779384],[-105.006437,39.783274],[-105.00598,39.783278],[-105.00352,39.783635],[-105.003003,39.783672],[-105.002557,39.783652],[-105.002131,39.783603],[-105.001159,39.783401],[-105.000302,39.783143],[-104.99799,39.782523],[-104.997983,39.78231],[-104.998187,39.782366],[-104.998209,39.778871],[-104.998125,39.776649],[-104.998205,39.776556],[-104.998213,39.769305],[-105.000446,39.769328],[-105.000598,39.769295],[-105.006468,39.769296],[-105.006447,39.775326]]]}},{"type":"Feature","properties":{"precinct":"508","precinct_code":"1340516508","cong":"1","senate":"34","house":"5","council":"9","rtd":"C","school_board":"5","neighborhood":"Globeville","active":1375,"inactive":445,"registered":1820},"geometry":{"type":"Polygon","coordinates":[[[-104.99799,39.782523],[-104.99665,39.782168],[-104.994311,39.781455],[-104.992039,39.780814],[-104.990587,39.780457],[-104.989571,39.780278],[-104.989567,39.78017],[-104.989204,39.780109],[-104.989203,39.780218],[-104.988398,39.780101],[-104.986669,39.779933],[-104.982185,39.779914],[-104.980626,39.779775],[-104.978265,39.779639],[-104.977772,39.779638],[-104.977856,39.779477],[-104.978008,39.779015],[-104.97804,39.778739],[-104.978003,39.778235],[-104.977839,39.777314],[-104.977802,39.77682],[-104.977808,39.77656],[-104.977843,39.776366],[-104.977941,39.77615],[-104.978533,39.775133],[-104.978949,39.774619],[-104.979614,39.773917],[-104.980494,39.772763],[-104.981264,39.771801],[-104.983171,39.769503],[-104.983514,39.768999],[-104.984033,39.768103],[-104.984217,39.767872],[-104.984448,39.767647],[-104.984615,39.767545],[-104.985341,39.767219],[-104.986563,39.766834],[-104.988727,39.76622],[-104.989425,39.766046],[-104.990861,39.765882],[-104.991387,39.765754],[-104.991982,39.765551],[-104.99254,39.765283],[-104.993098,39.764931],[-104.993392,39.764678],[-104.99394,39.764263],[-104.994683,39.763591],[-104.995185,39.763207],[-104.995506,39.763004],[-104.996205,39.762702],[-104.996609,39.762558],[-104.997351,39.762467],[-104.997619,39.76238],[-104.997823,39.762257],[-104.998257,39.762128],[-104.998216,39.768274],[-104.998205,39.776556],[-104.998125,39.776649],[-104.998209,39.778871],[-104.998187,39.782366],[-104.997983,39.78231],[-104.99799,39.782523]]]}},{"type":"Feature","properties":{"precinct":"509","precinct_code":"1340516509","cong":"1","senate":"34","house":"5","council":"9","rtd":"C","school_board":"5","neighborhood":"Elyria Swansea","active":2043,"inactive":370,"registered":2413},"geometry":{"type":"Polygon","coordinates":[[[-104.977843,39.779511],[-104.977772,39.779638],[-104.975761,39.779717],[-104.973242,39.779875],[-104.972859,39.779922],[-104.971482,39.780017],[-104.9671,39.780153],[-104.966734,39.781493],[-104.966689,39.781884],[-104.966686,39.783761],[-104.959265,39.783771],[-104.959299,39.78158],[-104.959289,39.780688],[-104.959334,39.780011],[-104.946002,39.779959],[-104.940517,39.779961],[-104.940553,39.777935],[-104.940487,39.773954],[-104.940495,39.772887],[-104.951955,39.772922],[-104.965947,39.772894],[-104.968486,39.772919],[-104.969734,39.771991],[-104.971926,39.770309],[-104.97282,39.770951],[-104.97456,39.77231],[-104.977333,39.774421],[-104.978056,39.774979],[-104.978425,39.775314],[-104.977941,39.77615],[-104.97782,39.776457],[-104.977802,39.77682],[-104.977849,39.77742],[-104.978003,39.778235],[-104.97804,39.778739],[-104.978008,39.779015],[-104.977843,39.779511]]]}},{"type":"Feature","properties":{"precinct":"510","precinct_code":"1340516510","cong":"1","senate":"34","house":"5","council":"1","rtd":"C","school_board":"5","neighborhood":"Highland","active":1368,"inactive":255,"registered":1623},"geometry":{"type":"Polygon","coordinates":[[[-105.015879,39.769291],[-105.006468,39.769296],[-105.006452,39.763239],[-105.01587,39.763235],[-105.015852,39.764452],[-105.015879,39.769291]]]}},{"type":"Feature","properties":{"precinct":"511","precinct_code":"1340516511","cong":"1","senate":"34","house":"5","council":"1","rtd":"C","school_board":"5","neighborhood":"Highland","active":1429,"inactive":450,"registered":1879},"geometry":{"type":"Polygon","coordinates":[[[-105.006468,39.769296],[-105.000598,39.769295],[-105.000446,39.769328],[-104.998213,39.769305],[-104.998257,39.762128],[-104.998677,39.762044],[-104.998836,39.76199],[-104.999822,39.761488],[-105.000473,39.761239],[-105.00104,39.761079],[-105.001492,39.761055],[-105.001737,39.761016],[-105.002473,39.76073],[-105.002848,39.760643],[-105.003275,39.760346],[-105.003812,39.76066],[-105.003783,39.76068],[-105.005728,39.761639],[-105.005705,39.76176],[-105.005636,39.761884],[-105.005501,39.761981],[-105.00529,39.762015],[-105.004686,39.762034],[-105.004146,39.762439],[-105.004142,39.763236],[-105.006452,39.763239],[-105.006468,39.769296]]]}},{"type":"Feature","properties":{"precinct":"512","precinct_code":"1340516512","cong":"1","senate":"34","house":"5","council":"1","rtd":"C","school_board":"5","neighborhood":"Highland","active":1413,"inactive":397,"registered":1810},"geometry":{"type":"Polygon","coordinates":[[[-105.01587,39.763235],[-105.004142,39.763236],[-105.004146,39.762439],[-105.004686,39.762034],[-105.00529,39.762015],[-105.006452,39.762051],[-105.009324,39.762052],[-105.010519,39.761119],[-105.009315,39.760189],[-105.010515,39.759266],[-105.011504,39.758467],[-105.011824,39.758417],[-105.015845,39.758412],[-105.015845,39.762034],[-105.01587,39.763235]]]}},{"type":"Feature","properties":{"precinct":"513","precinct_code":"1340516513","cong":"1","senate":"34","house":"5","council":"1","rtd":"C","school_board":"5","neighborhood":"Highland","active":1240,"inactive":674,"registered":1914},"geometry":{"type":"Polygon","coordinates":[[[-105.010109,39.754251],[-105.011839,39.755042],[-105.01273,39.755387],[-105.010237,39.757193],[-105.011824,39.758417],[-105.011504,39.758467],[-105.010515,39.759266],[-105.009315,39.760189],[-105.010519,39.761119],[-105.009324,39.762052],[-105.006452,39.762051],[-105.00529,39.762015],[-105.005501,39.761981],[-105.005636,39.761884],[-105.005705,39.76176],[-105.005728,39.761639],[-105.003783,39.76068],[-105.003812,39.76066],[-105.003275,39.760346],[-105.003727,39.760054],[-105.004035,39.759816],[-105.004548,39.759105],[-105.005167,39.758555],[-105.005622,39.758081],[-105.005765,39.757842],[-105.005806,39.757747],[-105.005849,39.757517],[-105.005954,39.757355],[-105.006847,39.75626],[-105.007594,39.755411],[-105.008196,39.7548],[-105.008551,39.754748],[-105.00864,39.754711],[-105.009165,39.75432],[-105.009366,39.75406],[-105.009497,39.753937],[-105.010109,39.754251]]]}},{"type":"Feature","properties":{"precinct":"514","precinct_code":"1340516514","cong":"1","senate":"34","house":"5","council":"1","rtd":"C","school_board":"5","neighborhood":"Union Station","active":1674,"inactive":570,"registered":2244},"geometry":{"type":"Polygon","coordinates":[[[-105.003727,39.760054],[-105.003209,39.760393],[-105.000406,39.758996],[-105.000953,39.75797],[-105.001198,39.757625],[-105.001511,39.757332],[-105.002662,39.756429],[-105.002948,39.756161],[-105.003189,39.755882],[-105.004998,39.753171],[-105.00773,39.755273],[-105.006847,39.75626],[-105.005954,39.757355],[-105.005849,39.757517],[-105.005806,39.757747],[-105.005765,39.757842],[-105.005622,39.758081],[-105.005167,39.758555],[-105.004548,39.759105],[-105.004035,39.759816],[-105.003727,39.760054]]]}},{"type":"Feature","properties":{"precinct":"515","precinct_code":"1340516515","cong":"1","senate":"34","house":"5","council":"10","rtd":"C","school_board":"5","neighborhood":"Union Station","active":1444,"inactive":827,"registered":2271},"geometry":{"type":"Polygon","coordinates":[[[-105.004998,39.753171],[-105.003189,39.755882],[-105.002948,39.756161],[-105.002662,39.756429],[-105.001511,39.757332],[-105.001198,39.757625],[-105.000953,39.75797],[-105.000406,39.758996],[-104.999841,39.75868],[-104.99955,39.758476],[-104.998608,39.757739],[-104.997273,39.756607],[-104.998047,39.756304],[-104.998174,39.756231],[-104.999394,39.755309],[-104.99953,39.755252],[-105.000031,39.755155],[-105.000262,39.75508],[-105.001463,39.754197],[-105.002439,39.753423],[-105.002722,39.753257],[-105.00283,39.753084],[-105.002925,39.752788],[-105.003077,39.752818],[-105.003279,39.752775],[-105.00388,39.752309],[-105.004998,39.753171]]]}},{"type":"Feature","properties":{"precinct":"516","precinct_code":"1340516516","cong":"1","senate":"34","house":"5","council":"9","rtd":"C","school_board":"5","neighborhood":"Five Points","active":1629,"inactive":934,"registered":2563},"geometry":{"type":"Polygon","coordinates":[[[-105.000406,39.758996],[-105.003209,39.760393],[-105.002848,39.760643],[-105.002473,39.76073],[-105.001797,39.760998],[-105.001492,39.761055],[-105.00104,39.761079],[-105.000363,39.761279],[-104.999607,39.761587],[-104.998982,39.761928],[-104.998762,39.762018],[-104.998324,39.762108],[-104.99792,39.762221],[-104.997619,39.76238],[-104.997351,39.762467],[-104.996787,39.762522],[-104.996398,39.762632],[-104.995517,39.762998],[-104.995041,39.763317],[-104.99497,39.761908],[-104.994983,39.761504],[-104.994928,39.7609],[-104.994756,39.76041],[-104.994486,39.759968],[-104.994049,39.759504],[-104.993736,39.759252],[-104.994785,39.758415],[-104.995389,39.757811],[-104.996383,39.757037],[-104.996419,39.757073],[-104.996824,39.756802],[-104.997273,39.756607],[-104.998608,39.757739],[-104.99955,39.758476],[-104.999841,39.75868],[-105.000406,39.758996]]]}},{"type":"Feature","properties":{"precinct":"517","precinct_code":"1340516517","cong":"1","senate":"34","house":"5","council":"9","rtd":"C","school_board":"5","neighborhood":"Five Points","active":2323,"inactive":1301,"registered":3624},"geometry":{"type":"Polygon","coordinates":[[[-104.993736,39.759252],[-104.994049,39.759504],[-104.994486,39.759968],[-104.994756,39.76041],[-104.994928,39.7609],[-104.994983,39.761504],[-104.99497,39.761908],[-104.995041,39.763317],[-104.994683,39.763591],[-104.99394,39.764263],[-104.993392,39.764678],[-104.993098,39.764931],[-104.99254,39.765283],[-104.991982,39.765551],[-104.991663,39.76567],[-104.990861,39.765882],[-104.989447,39.766043],[-104.989113,39.766113],[-104.986563,39.766834],[-104.985341,39.767219],[-104.984615,39.767545],[-104.984448,39.767647],[-104.984217,39.767872],[-104.984033,39.768103],[-104.983514,39.768999],[-104.983171,39.769503],[-104.981264,39.771801],[-104.980494,39.772763],[-104.979614,39.773917],[-104.979076,39.77448],[-104.978736,39.774873],[-104.978533,39.775133],[-104.978425,39.775314],[-104.978056,39.774979],[-104.975436,39.772971],[-104.978864,39.770327],[-104.985781,39.764893],[-104.986116,39.764684],[-104.986646,39.764408],[-104.987491,39.763735],[-104.987726,39.763484],[-104.987948,39.763178],[-104.988076,39.762815],[-104.98817,39.762393],[-104.988177,39.762181],[-104.988132,39.761753],[-104.988938,39.7612],[-104.989331,39.761001],[-104.989639,39.760909],[-104.990159,39.760863],[-104.990516,39.760878],[-104.990886,39.76095],[-104.991214,39.761067],[-104.991519,39.760754],[-104.992148,39.760307],[-104.992287,39.760184],[-104.993008,39.759754],[-104.993736,39.759252]]]}},{"type":"Feature","properties":{"precinct":"518","precinct_code":"1340516518","cong":"1","senate":"34","house":"5","council":"9","rtd":"C","school_board":"5","neighborhood":"Five Points","active":1304,"inactive":851,"registered":2155},"geometry":{"type":"Polygon","coordinates":[[[-104.993736,39.759252],[-104.993008,39.759754],[-104.992287,39.760184],[-104.992148,39.760307],[-104.991519,39.760754],[-104.991214,39.761067],[-104.990886,39.76095],[-104.990516,39.760878],[-104.990159,39.760863],[-104.989639,39.760909],[-104.989331,39.761001],[-104.988938,39.7612],[-104.988132,39.761753],[-104.987719,39.759831],[-104.987752,39.759405],[-104.987635,39.75873],[-104.987586,39.758546],[-104.987455,39.758327],[-104.98737,39.757015],[-104.992607,39.752954],[-104.993428,39.753663],[-104.994282,39.754343],[-104.996876,39.756291],[-104.997124,39.756495],[-104.997172,39.756649],[-104.996824,39.756802],[-104.996419,39.757073],[-104.996383,39.757037],[-104.996304,39.75709],[-104.995389,39.757811],[-104.994785,39.758415],[-104.993736,39.759252]]]}},{"type":"Feature","properties":{"precinct":"519","precinct_code":"1340516519","cong":"1","senate":"34","house":"5","council":"9","rtd":"C","school_board":"5","neighborhood":"Five Points","active":2234,"inactive":881,"registered":3115},"geometry":{"type":"Polygon","coordinates":[[[-104.975436,39.772971],[-104.97282,39.770951],[-104.971926,39.770309],[-104.973357,39.769196],[-104.973348,39.767928],[-104.973429,39.767799],[-104.978112,39.764175],[-104.979304,39.763225],[-104.98737,39.757015],[-104.987455,39.758327],[-104.987586,39.758546],[-104.987635,39.75873],[-104.987752,39.759405],[-104.987719,39.759831],[-104.988119,39.761668],[-104.988177,39.762181],[-104.988136,39.762614],[-104.988076,39.762815],[-104.987948,39.763178],[-104.987726,39.763484],[-104.987491,39.763735],[-104.986646,39.764408],[-104.986116,39.764684],[-104.985781,39.764893],[-104.978864,39.770327],[-104.975436,39.772971]]]}},{"type":"Feature","properties":{"precinct":"520","precinct_code":"1340516520","cong":"1","senate":"34","house":"5","council":"3","rtd":"C","school_board":"5","neighborhood":"Auraria","active":166,"inactive":117,"registered":283},"geometry":{"type":"Polygon","coordinates":[[[-105.016449,39.743021],[-105.01608,39.743835],[-105.015855,39.744246],[-105.015761,39.744531],[-105.01564,39.745858],[-105.015628,39.74655],[-105.015564,39.747594],[-105.015454,39.748758],[-105.015319,39.749468],[-105.015149,39.749851],[-105.014967,39.750033],[-105.014613,39.750303],[-105.013509,39.750889],[-105.012974,39.751117],[-105.012538,39.75141],[-105.011688,39.752164],[-105.011498,39.752399],[-105.01133,39.752556],[-105.010834,39.752958],[-105.010318,39.753336],[-105.00993,39.753562],[-105.009408,39.754015],[-105.009281,39.754186],[-105.00908,39.754394],[-105.008588,39.754739],[-105.008196,39.7548],[-105.008177,39.754554],[-105.007993,39.754006],[-105.007928,39.753709],[-105.007869,39.753569],[-105.007781,39.753454],[-105.006978,39.752799],[-105.005422,39.751595],[-105.003794,39.750375],[-105.003367,39.75],[-105.001724,39.748804],[-105.001478,39.74856],[-105.001216,39.748174],[-105.001027,39.747786],[-105.000876,39.747534],[-105.000748,39.747218],[-105.000559,39.746927],[-105.000434,39.746571],[-105.000424,39.746398],[-105.000453,39.745934],[-105.000409,39.745083],[-105.000312,39.744273],[-105.000297,39.743785],[-105.000264,39.743591],[-104.999967,39.742963],[-104.999713,39.742327],[-104.999036,39.741049],[-104.998941,39.740907],[-104.998827,39.740589],[-104.998577,39.740202],[-104.999076,39.740222],[-105.00006,39.740216],[-105.004136,39.740157],[-105.006443,39.74027],[-105.017395,39.740524],[-105.017072,39.741323],[-105.016449,39.743021]]]}},{"type":"Feature","properties":{"precinct":"521","precinct_code":"1340516521","cong":"1","senate":"34","house":"5","council":"10","rtd":"C","school_board":"5","neighborhood":"Union Station","active":1502,"inactive":477,"registered":1979},"geometry":{"type":"Polygon","coordinates":[[[-105.008196,39.7548],[-105.00773,39.755273],[-104.999499,39.748947],[-104.998327,39.749885],[-104.996563,39.748538],[-105.000159,39.745762],[-105.000432,39.745528],[-105.000453,39.745934],[-105.000424,39.746492],[-105.000482,39.746733],[-105.000559,39.746927],[-105.000748,39.747218],[-105.000876,39.747534],[-105.001036,39.747803],[-105.001149,39.748059],[-105.001478,39.74856],[-105.001805,39.748867],[-105.003367,39.75],[-105.003794,39.750375],[-105.005422,39.751595],[-105.006978,39.752799],[-105.007781,39.753454],[-105.007869,39.753569],[-105.007928,39.753709],[-105.007993,39.754006],[-105.008177,39.754554],[-105.008196,39.7548]]]}},{"type":"Feature","properties":{"precinct":"522","precinct_code":"1340516522","cong":"1","senate":"34","house":"5","council":"10","rtd":"C","school_board":"5","neighborhood":"Union Station","active":1898,"inactive":681,"registered":2579},"geometry":{"type":"Polygon","coordinates":[[[-105.00388,39.752309],[-105.003279,39.752775],[-105.003077,39.752818],[-105.002925,39.752788],[-105.00283,39.753084],[-105.002722,39.753257],[-105.002439,39.753423],[-105.001463,39.754197],[-105.000262,39.75508],[-105.000031,39.755155],[-104.99953,39.755252],[-104.999394,39.755309],[-104.998174,39.756231],[-104.998047,39.756304],[-104.997172,39.756649],[-104.997124,39.756495],[-104.99656,39.756039],[-104.996137,39.755743],[-104.994282,39.754343],[-104.993428,39.753663],[-104.992607,39.752954],[-104.991701,39.752297],[-104.996563,39.748538],[-104.998327,39.749885],[-104.999499,39.748947],[-105.00388,39.752309]]]}},{"type":"Feature","properties":{"precinct":"523","precinct_code":"1310516523","cong":"1","senate":"31","house":"5","council":"9","rtd":"C","school_board":"5","neighborhood":"Five Points","active":622,"inactive":478,"registered":1100},"geometry":{"type":"Polygon","coordinates":[[[-104.991701,39.752297],[-104.992607,39.752954],[-104.98737,39.757015],[-104.987399,39.756396],[-104.987387,39.754429],[-104.987424,39.752791],[-104.987394,39.751589],[-104.987407,39.748921],[-104.987536,39.749056],[-104.990841,39.751598],[-104.991701,39.752297]]]}},{"type":"Feature","properties":{"precinct":"524","precinct_code":"1310516524","cong":"1","senate":"31","house":"5","council":"10","rtd":"A","school_board":"5","neighborhood":"CBD","active":1192,"inactive":731,"registered":1923},"geometry":{"type":"Polygon","coordinates":[[[-104.996563,39.748538],[-104.991701,39.752297],[-104.990841,39.751598],[-104.987536,39.749056],[-104.987407,39.748921],[-104.98743,39.744842],[-104.987386,39.743366],[-104.987427,39.742217],[-104.987407,39.74148],[-104.989585,39.743185],[-104.996563,39.748538]]]}},{"type":"Feature","properties":{"precinct":"525","precinct_code":"1310516525","cong":"1","senate":"31","house":"5","council":"10","rtd":"A","school_board":"5","neighborhood":"CBD","active":1149,"inactive":370,"registered":1519},"geometry":{"type":"Polygon","coordinates":[[[-105.000432,39.745528],[-105.000159,39.745762],[-104.996563,39.748538],[-104.989585,39.743185],[-104.987407,39.74148],[-104.987399,39.740115],[-104.987779,39.740138],[-104.987929,39.740176],[-104.988543,39.740573],[-104.988765,39.740644],[-104.98895,39.740648],[-104.989315,39.740556],[-104.989565,39.740377],[-104.989687,39.740246],[-104.989951,39.740131],[-104.990087,39.74012],[-104.996523,39.740166],[-104.998577,39.740202],[-104.998827,39.740589],[-104.998941,39.740907],[-104.999036,39.741049],[-104.999713,39.742327],[-104.999967,39.742963],[-105.000264,39.743591],[-105.000297,39.743785],[-105.000312,39.744273],[-105.000399,39.744971],[-105.000432,39.745528]]]}},{"type":"Feature","properties":{"precinct":"526","precinct_code":"1340516526","cong":"1","senate":"34","house":"5","council":"3","rtd":"C","school_board":"5","neighborhood":"Lincoln Park","active":1487,"inactive":398,"registered":1885},"geometry":{"type":"Polygon","coordinates":[[[-105.017395,39.740524],[-105.006443,39.74027],[-105.004136,39.740157],[-105.000159,39.740208],[-105.000142,39.738474],[-105.000168,39.732099],[-105.004092,39.732112],[-105.004105,39.728643],[-105.004639,39.728485],[-105.003892,39.726195],[-105.003791,39.725952],[-105.00368,39.725776],[-105.006372,39.725791],[-105.00806,39.725872],[-105.009697,39.725791],[-105.011963,39.725751],[-105.013666,39.725667],[-105.015779,39.725511],[-105.015711,39.725999],[-105.01565,39.726857],[-105.015647,39.727184],[-105.015685,39.727519],[-105.015834,39.727944],[-105.015996,39.728254],[-105.01655,39.728925],[-105.016744,39.729208],[-105.016908,39.729574],[-105.016977,39.72984],[-105.017024,39.732083],[-105.017006,39.734787],[-105.017036,39.735306],[-105.017165,39.735901],[-105.017223,39.736059],[-105.017866,39.737409],[-105.018004,39.737793],[-105.018072,39.738105],[-105.018054,39.738488],[-105.017973,39.738991],[-105.017395,39.740524]]]}},{"type":"Feature","properties":{"precinct":"527","precinct_code":"1340516527","cong":"1","senate":"34","house":"5","council":"3","rtd":"C","school_board":"5","neighborhood":"Lincoln Park","active":1670,"inactive":478,"registered":2148},"geometry":{"type":"Polygon","coordinates":[[[-104.993857,39.73374],[-104.994107,39.733638],[-104.994322,39.733679],[-104.997609,39.733686],[-104.997642,39.733625],[-104.997625,39.732113],[-105.000168,39.732099],[-105.000142,39.738474],[-105.000159,39.740208],[-104.999076,39.740222],[-104.998577,39.740202],[-104.998361,39.739814],[-104.998126,39.739578],[-104.998006,39.739404],[-104.997951,39.739269],[-104.99781,39.739108],[-104.997619,39.73879],[-104.997474,39.738609],[-104.997228,39.738384],[-104.997173,39.738251],[-104.996688,39.737633],[-104.995819,39.736445],[-104.995611,39.736106],[-104.994462,39.734555],[-104.994133,39.734158],[-104.993857,39.73374]]]}},{"type":"Feature","properties":{"precinct":"528","precinct_code":"1310516528","cong":"1","senate":"31","house":"5","council":"10","rtd":"A","school_board":"5","neighborhood":"Civic Center","active":1688,"inactive":614,"registered":2302},"geometry":{"type":"Polygon","coordinates":[[[-104.987425,39.733865],[-104.993525,39.733875],[-104.993857,39.73374],[-104.994133,39.734158],[-104.994462,39.734555],[-104.995611,39.736106],[-104.995819,39.736445],[-104.996688,39.737633],[-104.997173,39.738251],[-104.997228,39.738384],[-104.997474,39.738609],[-104.997619,39.73879],[-104.99781,39.739108],[-104.997951,39.739269],[-104.998006,39.739404],[-104.998126,39.739578],[-104.998361,39.739814],[-104.998577,39.740202],[-104.996523,39.740166],[-104.990087,39.74012],[-104.989951,39.740131],[-104.989687,39.740246],[-104.989565,39.740377],[-104.989315,39.740556],[-104.98895,39.740648],[-104.988765,39.740644],[-104.988543,39.740573],[-104.987929,39.740176],[-104.987779,39.740138],[-104.987399,39.740115],[-104.987423,39.73844],[-104.987404,39.736858],[-104.987425,39.733865]]]}},{"type":"Feature","properties":{"precinct":"529","precinct_code":"1340516529","cong":"1","senate":"34","house":"5","council":"3","rtd":"C","school_board":"5","neighborhood":"Lincoln Park","active":1558,"inactive":376,"registered":1934},"geometry":{"type":"Polygon","coordinates":[[[-105.004092,39.732112],[-104.997625,39.732113],[-104.997642,39.733625],[-104.997609,39.733686],[-104.994322,39.733679],[-104.994107,39.733638],[-104.993857,39.73374],[-104.992023,39.731242],[-104.991642,39.730673],[-104.991126,39.730041],[-104.990474,39.729154],[-104.989996,39.72867],[-104.989873,39.728505],[-104.989556,39.728225],[-104.989261,39.728026],[-104.988962,39.72778],[-104.988697,39.727675],[-104.988324,39.727427],[-104.987434,39.726952],[-104.987445,39.725646],[-104.998583,39.725715],[-105.000158,39.725716],[-105.000255,39.725679],[-105.000783,39.725657],[-105.005404,39.725669],[-105.00612,39.725677],[-105.006346,39.725791],[-105.00368,39.725776],[-105.003791,39.725952],[-105.003892,39.726195],[-105.004639,39.728485],[-105.004105,39.728643],[-105.004092,39.732112]]]}},{"type":"Feature","properties":{"precinct":"530","precinct_code":"1310516530","cong":"1","senate":"31","house":"5","council":"10","rtd":"A","school_board":"5","neighborhood":"Civic Center","active":2029,"inactive":680,"registered":2709},"geometry":{"type":"Polygon","coordinates":[[[-104.987434,39.726952],[-104.988324,39.727427],[-104.988697,39.727675],[-104.988962,39.72778],[-104.989261,39.728026],[-104.989556,39.728225],[-104.989873,39.728505],[-104.989996,39.72867],[-104.990474,39.729154],[-104.991126,39.730041],[-104.991642,39.730673],[-104.992023,39.731242],[-104.993857,39.73374],[-104.993525,39.733875],[-104.987425,39.733865],[-104.987414,39.729022],[-104.987434,39.726952]]]}},{"type":"Feature","properties":{"precinct":"531","precinct_code":"1340516531","cong":"1","senate":"34","house":"5","council":"3","rtd":"C","school_board":"2","neighborhood":"Valverde","active":1899,"inactive":217,"registered":2116},"geometry":{"type":"Polygon","coordinates":[[[-105.025088,39.71665],[-105.025124,39.718169],[-105.025106,39.719368],[-105.025146,39.725435],[-105.022931,39.725423],[-105.021427,39.72535],[-105.019093,39.725196],[-105.018679,39.725194],[-105.018683,39.725328],[-105.017644,39.725378],[-105.015779,39.725511],[-105.015846,39.724916],[-105.015846,39.724667],[-105.015802,39.724564],[-105.015677,39.724392],[-105.015402,39.724085],[-105.015309,39.724014],[-105.014517,39.723571],[-105.014059,39.723271],[-105.01303,39.722674],[-105.012821,39.722507],[-105.01271,39.722447],[-105.012067,39.722244],[-105.010214,39.721807],[-105.009963,39.721703],[-105.009643,39.721512],[-105.009227,39.721192],[-105.008785,39.72077],[-105.00713,39.719113],[-105.006686,39.718587],[-105.006406,39.718375],[-105.005506,39.717785],[-105.003379,39.716509],[-105.002558,39.715812],[-105.002052,39.715184],[-105.001835,39.714852],[-105.001476,39.713916],[-105.000917,39.712827],[-105.000377,39.711588],[-105.000153,39.711211],[-105.001575,39.711183],[-105.008664,39.71121],[-105.023643,39.711163],[-105.025103,39.711183],[-105.025088,39.71665]]]}},{"type":"Feature","properties":{"precinct":"532","precinct_code":"1340516532","cong":"1","senate":"34","house":"5","council":"7","rtd":"C","school_board":"5","neighborhood":"Baker","active":1812,"inactive":354,"registered":2166},"geometry":{"type":"Polygon","coordinates":[[[-105.006346,39.725791],[-105.00612,39.725677],[-105.005404,39.725669],[-105.000783,39.725657],[-105.000255,39.725679],[-105.000158,39.725716],[-104.998583,39.725715],[-104.987445,39.725646],[-104.987492,39.724145],[-104.987496,39.722544],[-104.98746,39.720952],[-104.997556,39.720945],[-104.997552,39.718432],[-104.996368,39.718426],[-104.996362,39.714816],[-105.000867,39.714801],[-105.001764,39.714696],[-105.001835,39.714852],[-105.002052,39.715184],[-105.002474,39.715721],[-105.002728,39.715965],[-105.003379,39.716509],[-105.005506,39.717785],[-105.006406,39.718375],[-105.006686,39.718587],[-105.00713,39.719113],[-105.008785,39.72077],[-105.009227,39.721192],[-105.009643,39.721512],[-105.009963,39.721703],[-105.010214,39.721807],[-105.012067,39.722244],[-105.01271,39.722447],[-105.012821,39.722507],[-105.01303,39.722674],[-105.014059,39.723271],[-105.014517,39.723571],[-105.015309,39.724014],[-105.015523,39.724211],[-105.01574,39.724472],[-105.015802,39.724564],[-105.015856,39.724737],[-105.015779,39.725511],[-105.013666,39.725667],[-105.011963,39.725751],[-105.009697,39.725791],[-105.008299,39.725866],[-105.007786,39.725864],[-105.006346,39.725791]]]}},{"type":"Feature","properties":{"precinct":"533","precinct_code":"1340516533","cong":"1","senate":"34","house":"5","council":"7","rtd":"C","school_board":"5","neighborhood":"Baker","active":1514,"inactive":310,"registered":1824},"geometry":{"type":"Polygon","coordinates":[[[-104.98746,39.720952],[-104.987508,39.719377],[-104.987521,39.715682],[-104.993999,39.715706],[-104.993995,39.714823],[-104.996362,39.714816],[-104.996368,39.718426],[-104.997552,39.718432],[-104.997556,39.720945],[-104.98746,39.720952]]]}},{"type":"Feature","properties":{"precinct":"534","precinct_code":"1340516534","cong":"1","senate":"34","house":"5","council":"7","rtd":"C","school_board":"2","neighborhood":"Athmar Park","active":1927,"inactive":223,"registered":2150},"geometry":{"type":"Polygon","coordinates":[[[-105.025069,39.696755],[-105.025091,39.69759],[-105.025112,39.705544],[-105.02509,39.707596],[-105.025103,39.711183],[-105.023643,39.711163],[-105.015711,39.711199],[-105.015702,39.702895],[-105.015511,39.702982],[-105.014874,39.702983],[-105.014584,39.702901],[-105.014292,39.702725],[-105.014002,39.702606],[-105.013717,39.702556],[-105.013338,39.70256],[-105.01334,39.701759],[-105.013393,39.701502],[-105.013482,39.701272],[-105.013952,39.70055],[-105.014019,39.700349],[-105.014089,39.699979],[-105.015698,39.699988],[-105.0157,39.696772],[-105.023728,39.696742],[-105.025069,39.696755]]]}},{"type":"Feature","properties":{"precinct":"535","precinct_code":"1340516535","cong":"1","senate":"34","house":"5","council":"7","rtd":"C","school_board":"2","neighborhood":"Athmar Park","active":1419,"inactive":197,"registered":1616},"geometry":{"type":"Polygon","coordinates":[[[-105.001525,39.696714],[-105.001546,39.703971],[-105.010993,39.703981],[-105.015706,39.703936],[-105.015711,39.711199],[-105.008664,39.71121],[-105.001575,39.711183],[-105.000153,39.711211],[-104.99996,39.710899],[-104.999725,39.710187],[-104.999619,39.709948],[-104.998969,39.708752],[-104.998754,39.708233],[-104.998577,39.707651],[-104.998383,39.707281],[-104.997938,39.706317],[-104.997816,39.705854],[-104.997765,39.705737],[-104.997304,39.70496],[-104.99693,39.704415],[-104.995399,39.703049],[-104.994841,39.702487],[-104.99413,39.701534],[-104.993461,39.700755],[-104.993098,39.700388],[-104.992823,39.699896],[-104.992685,39.699523],[-104.992502,39.699362],[-104.992402,39.69923],[-104.992301,39.69893],[-104.99228,39.698641],[-104.992265,39.698303],[-104.9923,39.697533],[-104.992389,39.697033],[-104.992394,39.696669],[-105.001525,39.696714]]]}},{"type":"Feature","properties":{"precinct":"536","precinct_code":"1340516536","cong":"1","senate":"34","house":"5","council":"7","rtd":"C","school_board":"2","neighborhood":"Athmar Park","active":1402,"inactive":142,"registered":1544},"geometry":{"type":"Polygon","coordinates":[[[-105.0157,39.696772],[-105.015698,39.699988],[-105.014089,39.699979],[-105.014019,39.700349],[-105.013952,39.70055],[-105.013482,39.701272],[-105.013393,39.701502],[-105.01334,39.701759],[-105.013338,39.70256],[-105.013717,39.702556],[-105.014002,39.702606],[-105.014292,39.702725],[-105.014584,39.702901],[-105.014874,39.702983],[-105.015511,39.702982],[-105.015702,39.702895],[-105.015706,39.703936],[-105.010993,39.703981],[-105.001546,39.703971],[-105.001525,39.696714],[-105.0157,39.696772]]]}},{"type":"Feature","properties":{"precinct":"537","precinct_code":"1340516537","cong":"1","senate":"34","house":"5","council":"7","rtd":"A","school_board":"2","neighborhood":"Baker","active":2161,"inactive":824,"registered":2985},"geometry":{"type":"Polygon","coordinates":[[[-104.99996,39.710899],[-105.000377,39.711588],[-105.000917,39.712827],[-105.001476,39.713916],[-105.001764,39.714696],[-105.000867,39.714801],[-104.993995,39.714823],[-104.993999,39.715706],[-104.987521,39.715682],[-104.987633,39.707544],[-104.987499,39.703889],[-104.987498,39.702651],[-104.987538,39.702142],[-104.987572,39.702004],[-104.98755,39.701539],[-104.987493,39.701491],[-104.98748,39.701023],[-104.987441,39.696642],[-104.992394,39.696669],[-104.992389,39.697033],[-104.9923,39.697533],[-104.992265,39.698303],[-104.992301,39.69893],[-104.992402,39.69923],[-104.992502,39.699362],[-104.992685,39.699523],[-104.992823,39.699896],[-104.993098,39.700388],[-104.993461,39.700755],[-104.99413,39.701534],[-104.994841,39.702487],[-104.995399,39.703049],[-104.99693,39.704415],[-104.997304,39.70496],[-104.997765,39.705737],[-104.997816,39.705854],[-104.997938,39.706317],[-104.998383,39.707281],[-104.998577,39.707651],[-104.998754,39.708233],[-104.998969,39.708752],[-104.999619,39.709948],[-104.999725,39.710187],[-104.99996,39.710899]]]}},{"type":"Feature","properties":{"precinct":"601","precinct_code":"1310616601","cong":"1","senate":"31","house":"6","council":"10","rtd":"A","school_board":"3","neighborhood":"North Capitol Hill","active":1408,"inactive":798,"registered":2206},"geometry":{"type":"Polygon","coordinates":[[[-104.981089,39.744881],[-104.981099,39.741684],[-104.982342,39.741684],[-104.982337,39.740034],[-104.986145,39.740071],[-104.986268,39.740122],[-104.987399,39.740115],[-104.987427,39.742217],[-104.987386,39.743366],[-104.98743,39.744842],[-104.98741,39.747366],[-104.987212,39.747531],[-104.985686,39.747536],[-104.985584,39.747605],[-104.985101,39.747556],[-104.9836,39.74756],[-104.983595,39.744876],[-104.981089,39.744881]]]}},{"type":"Feature","properties":{"precinct":"602","precinct_code":"1310616602","cong":"1","senate":"31","house":"6","council":"10","rtd":"A","school_board":"3","neighborhood":"North Capitol Hill","active":1677,"inactive":684,"registered":2361},"geometry":{"type":"Polygon","coordinates":[[[-104.974787,39.744843],[-104.983595,39.744876],[-104.9836,39.74756],[-104.978374,39.747537],[-104.978188,39.747509],[-104.977554,39.746972],[-104.976497,39.746188],[-104.974787,39.744843]]]}},{"type":"Feature","properties":{"precinct":"603","precinct_code":"1310616603","cong":"1","senate":"31","house":"6","council":"10","rtd":"A","school_board":"3","neighborhood":"North Capitol Hill","active":1941,"inactive":664,"registered":2605},"geometry":{"type":"Polygon","coordinates":[[[-104.982337,39.740034],[-104.982342,39.741684],[-104.981099,39.741684],[-104.981089,39.744881],[-104.974787,39.744843],[-104.973393,39.743788],[-104.97342,39.740211],[-104.973358,39.740089],[-104.973104,39.740045],[-104.976486,39.740014],[-104.982337,39.740034]]]}},{"type":"Feature","properties":{"precinct":"604","precinct_code":"1310616604","cong":"1","senate":"31","house":"6","council":"10","rtd":"A","school_board":"3","neighborhood":"Capitol Hill","active":1911,"inactive":767,"registered":2678},"geometry":{"type":"Polygon","coordinates":[[[-104.982337,39.740034],[-104.98231,39.735162],[-104.982266,39.732043],[-104.987413,39.732053],[-104.987425,39.733865],[-104.987404,39.736858],[-104.987423,39.73844],[-104.987399,39.740115],[-104.986268,39.740122],[-104.986145,39.740071],[-104.982337,39.740034]]]}},{"type":"Feature","properties":{"precinct":"605","precinct_code":"1310616605","cong":"1","senate":"31","house":"6","council":"10","rtd":"A","school_board":"3","neighborhood":"Capitol Hill","active":1450,"inactive":527,"registered":1977},"geometry":{"type":"Polygon","coordinates":[[[-104.973018,39.736885],[-104.982312,39.736895],[-104.982337,39.740034],[-104.976486,39.740014],[-104.973104,39.740045],[-104.973081,39.740027],[-104.973022,39.73988],[-104.97301,39.739553],[-104.973029,39.738409],[-104.973018,39.736885]]]}},{"type":"Feature","properties":{"precinct":"606","precinct_code":"1310616606","cong":"1","senate":"31","house":"6","council":"10","rtd":"A","school_board":"3","neighborhood":"Capitol Hill","active":1542,"inactive":546,"registered":2088},"geometry":{"type":"Polygon","coordinates":[[[-104.982293,39.733716],[-104.982312,39.736895],[-104.975877,39.736875],[-104.975874,39.735155],[-104.976447,39.735154],[-104.976441,39.733684],[-104.982293,39.733716]]]}},{"type":"Feature","properties":{"precinct":"607","precinct_code":"1310616607","cong":"1","senate":"31","house":"6","council":"10","rtd":"A","school_board":"3","neighborhood":"Capitol Hill","active":1677,"inactive":474,"registered":2151},"geometry":{"type":"Polygon","coordinates":[[[-104.983592,39.732049],[-104.982266,39.732043],[-104.982293,39.733716],[-104.976441,39.733684],[-104.976427,39.730459],[-104.978767,39.73043],[-104.983613,39.730449],[-104.983592,39.732049]]]}},{"type":"Feature","properties":{"precinct":"608","precinct_code":"1310616608","cong":"1","senate":"31","house":"6","council":"7","rtd":"A","school_board":"3","neighborhood":"Capitol Hill","active":1717,"inactive":577,"registered":2294},"geometry":{"type":"Polygon","coordinates":[[[-104.987414,39.729103],[-104.987413,39.732053],[-104.983592,39.732049],[-104.983613,39.730449],[-104.978767,39.73043],[-104.976427,39.730459],[-104.976422,39.729078],[-104.986163,39.729075],[-104.987414,39.729103]]]}},{"type":"Feature","properties":{"precinct":"609","precinct_code":"1310616609","cong":"1","senate":"31","house":"6","council":"10","rtd":"A","school_board":"3","neighborhood":"Capitol Hill","active":1611,"inactive":498,"registered":2109},"geometry":{"type":"Polygon","coordinates":[[[-104.976422,39.729078],[-104.976447,39.735154],[-104.975874,39.735155],[-104.975877,39.736875],[-104.973018,39.736885],[-104.97299,39.732058],[-104.972945,39.729087],[-104.976422,39.729078]]]}},{"type":"Feature","properties":{"precinct":"610","precinct_code":"1310616610","cong":"1","senate":"31","house":"6","council":"10","rtd":"A","school_board":"3","neighborhood":"Cheesman Park","active":1590,"inactive":432,"registered":2022},"geometry":{"type":"Polygon","coordinates":[[[-104.967255,39.736836],[-104.968492,39.736834],[-104.969537,39.736881],[-104.969518,39.735182],[-104.973009,39.735162],[-104.973029,39.738409],[-104.97301,39.739553],[-104.973022,39.73988],[-104.973068,39.740013],[-104.973104,39.740045],[-104.967242,39.740021],[-104.967255,39.736836]]]}},{"type":"Feature","properties":{"precinct":"611","precinct_code":"1310616611","cong":"1","senate":"31","house":"6","council":"10","rtd":"A","school_board":"3","neighborhood":"Cheesman Park","active":1478,"inactive":399,"registered":1877},"geometry":{"type":"Polygon","coordinates":[[[-104.959795,39.736819],[-104.967255,39.736836],[-104.967242,39.740021],[-104.959792,39.739997],[-104.959795,39.736819]]]}},{"type":"Feature","properties":{"precinct":"612","precinct_code":"1310616612","cong":"1","senate":"31","house":"6","council":"10","rtd":"A","school_board":"3","neighborhood":"Cheesman Park","active":1727,"inactive":418,"registered":2145},"geometry":{"type":"Polygon","coordinates":[[[-104.972945,39.729087],[-104.973009,39.735162],[-104.969518,39.735182],[-104.969537,39.736881],[-104.968492,39.736834],[-104.968491,39.736447],[-104.968453,39.736247],[-104.968372,39.73607],[-104.96822,39.735843],[-104.96803,39.735731],[-104.967809,39.735653],[-104.967921,39.735459],[-104.967998,39.735185],[-104.967915,39.734782],[-104.967783,39.734516],[-104.967259,39.733799],[-104.96709,39.73361],[-104.966874,39.733445],[-104.966897,39.733397],[-104.967188,39.733246],[-104.967304,39.733146],[-104.967734,39.732302],[-104.967841,39.732042],[-104.967934,39.731698],[-104.967969,39.731349],[-104.967919,39.73084],[-104.967808,39.730484],[-104.967543,39.730177],[-104.967832,39.729822],[-104.968221,39.729404],[-104.968308,39.729233],[-104.968317,39.729094],[-104.972945,39.729087]]]}},{"type":"Feature","properties":{"precinct":"613","precinct_code":"1310616613","cong":"1","senate":"31","house":"6","council":"10","rtd":"A","school_board":"3","neighborhood":"Cheesman Park","active":1742,"inactive":317,"registered":2059},"geometry":{"type":"Polygon","coordinates":[[[-104.968317,39.729094],[-104.968308,39.729233],[-104.968221,39.729404],[-104.967832,39.729822],[-104.967543,39.730177],[-104.967808,39.730484],[-104.967919,39.73084],[-104.967969,39.731349],[-104.967934,39.731698],[-104.967841,39.732042],[-104.967734,39.732302],[-104.967304,39.733146],[-104.967188,39.733246],[-104.966897,39.733397],[-104.966874,39.733445],[-104.96709,39.73361],[-104.967259,39.733799],[-104.967783,39.734516],[-104.967915,39.734782],[-104.967998,39.735185],[-104.967921,39.735459],[-104.967809,39.735653],[-104.96803,39.735731],[-104.96822,39.735843],[-104.968372,39.73607],[-104.968453,39.736247],[-104.968491,39.736447],[-104.968492,39.736834],[-104.959795,39.736819],[-104.959809,39.732291],[-104.959844,39.731961],[-104.95985,39.731089],[-104.959908,39.730941],[-104.960104,39.730686],[-104.960179,39.730501],[-104.960202,39.729117],[-104.968317,39.729094]]]}},{"type":"Feature","properties":{"precinct":"614","precinct_code":"1310616614","cong":"1","senate":"31","house":"6","council":"10","rtd":"A","school_board":"3","neighborhood":"Congress Park","active":1438,"inactive":340,"registered":1778},"geometry":{"type":"Polygon","coordinates":[[[-104.950603,39.736801],[-104.959795,39.736819],[-104.959792,39.739997],[-104.959479,39.740016],[-104.958453,39.74017],[-104.957903,39.740215],[-104.950661,39.740173],[-104.950648,39.738409],[-104.950602,39.73837],[-104.950603,39.736801]]]}},{"type":"Feature","properties":{"precinct":"615","precinct_code":"1310616615","cong":"1","senate":"31","house":"6","council":"10","rtd":"A","school_board":"3","neighborhood":"Congress Park","active":1641,"inactive":410,"registered":2051},"geometry":{"type":"Polygon","coordinates":[[[-104.940612,39.735099],[-104.948392,39.735128],[-104.948388,39.736784],[-104.950603,39.736801],[-104.950602,39.73837],[-104.950648,39.738409],[-104.950661,39.740173],[-104.940603,39.740138],[-104.94059,39.738287],[-104.940612,39.735099]]]}},{"type":"Feature","properties":{"precinct":"616","precinct_code":"1310616616","cong":"1","senate":"31","house":"6","council":"10","rtd":"A","school_board":"3","neighborhood":"Congress Park","active":1612,"inactive":309,"registered":1921},"geometry":{"type":"Polygon","coordinates":[[[-104.959795,39.736819],[-104.951708,39.736806],[-104.951721,39.735148],[-104.951756,39.735079],[-104.951739,39.729138],[-104.960202,39.729117],[-104.960179,39.730501],[-104.960104,39.730686],[-104.959908,39.730941],[-104.95985,39.731089],[-104.959844,39.731961],[-104.959809,39.732291],[-104.959795,39.736819]]]}},{"type":"Feature","properties":{"precinct":"617","precinct_code":"1310616617","cong":"1","senate":"31","house":"6","council":"10","rtd":"A","school_board":"3","neighborhood":"Congress Park","active":1659,"inactive":252,"registered":1911},"geometry":{"type":"Polygon","coordinates":[[[-104.951708,39.736806],[-104.948388,39.736784],[-104.948392,39.735128],[-104.940612,39.735099],[-104.940618,39.731037],[-104.940771,39.731019],[-104.940772,39.730489],[-104.949504,39.730525],[-104.951745,39.730515],[-104.951756,39.735079],[-104.951721,39.735148],[-104.951708,39.736806]]]}},{"type":"Feature","properties":{"precinct":"618","precinct_code":"1310616618","cong":"1","senate":"31","house":"6","council":"10","rtd":"A","school_board":"3","neighborhood":"Congress Park","active":1688,"inactive":135,"registered":1823},"geometry":{"type":"Polygon","coordinates":[[[-104.940625,39.725608],[-104.960181,39.725616],[-104.960173,39.727124],[-104.960191,39.727225],[-104.960202,39.729117],[-104.951739,39.729138],[-104.951745,39.730515],[-104.949504,39.730525],[-104.940772,39.730489],[-104.940771,39.731019],[-104.940618,39.731037],[-104.940625,39.725608]]]}},{"type":"Feature","properties":{"precinct":"619","precinct_code":"1310616619","cong":"1","senate":"31","house":"6","council":"5","rtd":"A","school_board":"3","neighborhood":"Hale","active":1379,"inactive":318,"registered":1697},"geometry":{"type":"Polygon","coordinates":[[[-104.930469,39.732572],[-104.932153,39.733228],[-104.932463,39.73333],[-104.932893,39.733433],[-104.933374,39.73352],[-104.93688,39.733959],[-104.937782,39.734185],[-104.938857,39.734561],[-104.939299,39.734675],[-104.939444,39.734698],[-104.940625,39.734699],[-104.94059,39.738287],[-104.940603,39.740138],[-104.93039,39.740143],[-104.930397,39.733264],[-104.930422,39.732874],[-104.930469,39.732572]]]}},{"type":"Feature","properties":{"precinct":"620","precinct_code":"1310616620","cong":"1","senate":"31","house":"6","council":"5","rtd":"A","school_board":"3","neighborhood":"Hale","active":1395,"inactive":165,"registered":1560},"geometry":{"type":"Polygon","coordinates":[[[-104.922331,39.740151],[-104.922324,39.72927],[-104.924572,39.729256],[-104.924934,39.729528],[-104.925774,39.730309],[-104.925999,39.730481],[-104.926541,39.730868],[-104.927174,39.731242],[-104.928125,39.731668],[-104.930469,39.732572],[-104.930422,39.732874],[-104.930397,39.733264],[-104.93039,39.740143],[-104.922331,39.740151]]]}},{"type":"Feature","properties":{"precinct":"621","precinct_code":"1310616621","cong":"1","senate":"31","house":"6","council":"5","rtd":"A","school_board":"3","neighborhood":"Hale","active":1518,"inactive":634,"registered":2152},"geometry":{"type":"Polygon","coordinates":[[[-104.940618,39.729236],[-104.940625,39.734699],[-104.939444,39.734698],[-104.939299,39.734675],[-104.938857,39.734561],[-104.937782,39.734185],[-104.937311,39.734052],[-104.936585,39.733913],[-104.93501,39.733716],[-104.935011,39.732885],[-104.935168,39.73206],[-104.935176,39.729347],[-104.934943,39.729236],[-104.940618,39.729236]]]}},{"type":"Feature","properties":{"precinct":"622","precinct_code":"1310616622","cong":"1","senate":"31","house":"6","council":"5","rtd":"A","school_board":"3","neighborhood":"Hale","active":882,"inactive":256,"registered":1138},"geometry":{"type":"Polygon","coordinates":[[[-104.93501,39.733716],[-104.933374,39.73352],[-104.932463,39.73333],[-104.931553,39.732999],[-104.927884,39.731567],[-104.927174,39.731242],[-104.926541,39.730868],[-104.926209,39.73064],[-104.925774,39.730309],[-104.924934,39.729528],[-104.924572,39.729256],[-104.934943,39.729236],[-104.935176,39.729347],[-104.935168,39.73206],[-104.935011,39.732885],[-104.93501,39.733716]]]}},{"type":"Feature","properties":{"precinct":"623","precinct_code":"1310616623","cong":"1","senate":"31","house":"6","council":"5","rtd":"A","school_board":"3","neighborhood":"Hale","active":1335,"inactive":209,"registered":1544},"geometry":{"type":"Polygon","coordinates":[[[-104.940625,39.725608],[-104.940618,39.729236],[-104.922818,39.729264],[-104.922809,39.72564],[-104.940625,39.725608]]]}},{"type":"Feature","properties":{"precinct":"624","precinct_code":"1310616624","cong":"1","senate":"31","house":"6","council":"5","rtd":"A","school_board":"3","neighborhood":"Montclair","active":1250,"inactive":225,"registered":1475},"geometry":{"type":"Polygon","coordinates":[[[-104.912451,39.731693],[-104.917265,39.731688],[-104.917263,39.733665],[-104.92234,39.733662],[-104.922331,39.740151],[-104.91244,39.740162],[-104.912451,39.731693]]]}},{"type":"Feature","properties":{"precinct":"625","precinct_code":"1310616625","cong":"1","senate":"31","house":"6","council":"5","rtd":"A","school_board":"3","neighborhood":"Montclair","active":1426,"inactive":197,"registered":1623},"geometry":{"type":"Polygon","coordinates":[[[-104.922818,39.729264],[-104.922324,39.72927],[-104.92234,39.733662],[-104.917263,39.733665],[-104.917265,39.731688],[-104.912451,39.731693],[-104.912461,39.725649],[-104.922809,39.72564],[-104.922818,39.729264]]]}},{"type":"Feature","properties":{"precinct":"626","precinct_code":"1310616626","cong":"1","senate":"31","house":"6","council":"5","rtd":"A","school_board":"3","neighborhood":"Montclair","active":1820,"inactive":194,"registered":2014},"geometry":{"type":"Polygon","coordinates":[[[-104.912461,39.725649],[-104.91244,39.740162],[-104.903465,39.740154],[-104.903475,39.727017],[-104.903398,39.725924],[-104.903418,39.725654],[-104.912461,39.725649]]]}},{"type":"Feature","properties":{"precinct":"627","precinct_code":"1310616627","cong":"1","senate":"31","house":"6","council":"8","rtd":"B","school_board":"3","neighborhood":"East Colfax","active":1187,"inactive":261,"registered":1448},"geometry":{"type":"Polygon","coordinates":[[[-104.896523,39.732873],[-104.902764,39.732883],[-104.903469,39.732903],[-104.903465,39.740154],[-104.89169,39.740163],[-104.891725,39.735634],[-104.896427,39.735629],[-104.896435,39.734426],[-104.896488,39.734392],[-104.896557,39.73439],[-104.896665,39.734433],[-104.896646,39.733116],[-104.896552,39.733051],[-104.896523,39.732873]]]}},{"type":"Feature","properties":{"precinct":"628","precinct_code":"1310616628","cong":"1","senate":"31","house":"6","council":"8","rtd":"B","school_board":"3","neighborhood":"East Colfax","active":1147,"inactive":501,"registered":1648},"geometry":{"type":"Polygon","coordinates":[[[-104.884659,39.740165],[-104.884714,39.732855],[-104.896523,39.732873],[-104.896552,39.733051],[-104.896646,39.733116],[-104.896665,39.734433],[-104.896557,39.73439],[-104.896488,39.734392],[-104.896435,39.734426],[-104.896427,39.735629],[-104.891725,39.735634],[-104.89169,39.740163],[-104.884659,39.740165]]]}},{"type":"Feature","properties":{"precinct":"629","precinct_code":"1310616629","cong":"1","senate":"31","house":"6","council":"5","rtd":"A","school_board":"3","neighborhood":"Lowry Field","active":1641,"inactive":173,"registered":1814},"geometry":{"type":"Polygon","coordinates":[[[-104.903469,39.732903],[-104.90205,39.732881],[-104.884714,39.732855],[-104.884723,39.730575],[-104.884982,39.730217],[-104.885324,39.729903],[-104.886531,39.729157],[-104.88504,39.728149],[-104.884781,39.727946],[-104.881914,39.724988],[-104.88364,39.723984],[-104.883738,39.723944],[-104.883856,39.72393],[-104.884031,39.72395],[-104.884178,39.724039],[-104.885733,39.725695],[-104.886766,39.725702],[-104.887659,39.72566],[-104.891885,39.725585],[-104.892049,39.725547],[-104.892126,39.725587],[-104.892381,39.725608],[-104.892818,39.725564],[-104.893912,39.725557],[-104.903438,39.725558],[-104.903398,39.725924],[-104.903475,39.727017],[-104.903469,39.732903]]]}},{"type":"Feature","properties":{"precinct":"630","precinct_code":"1310616630","cong":"1","senate":"31","house":"6","council":"5","rtd":"A","school_board":"3","neighborhood":"Lowry Field","active":1288,"inactive":289,"registered":1577},"geometry":{"type":"Polygon","coordinates":[[[-104.884031,39.72395],[-104.884097,39.723938],[-104.88418,39.723883],[-104.884241,39.723791],[-104.884255,39.723687],[-104.884333,39.723595],[-104.884431,39.723535],[-104.889986,39.720374],[-104.890359,39.720135],[-104.890584,39.720078],[-104.890753,39.720096],[-104.890907,39.720041],[-104.890973,39.719979],[-104.891018,39.719806],[-104.89111,39.719706],[-104.895175,39.717445],[-104.895355,39.717366],[-104.895528,39.717348],[-104.895787,39.717417],[-104.895861,39.717412],[-104.896002,39.717357],[-104.89608,39.717257],[-104.896168,39.717201],[-104.896365,39.717154],[-104.899461,39.717138],[-104.899646,39.717081],[-104.903716,39.717068],[-104.903695,39.718694],[-104.903577,39.719222],[-104.903556,39.719481],[-104.90353,39.724839],[-104.903504,39.725263],[-104.903438,39.725558],[-104.893912,39.725557],[-104.892818,39.725564],[-104.892381,39.725608],[-104.892126,39.725587],[-104.892049,39.725547],[-104.891885,39.725585],[-104.887659,39.72566],[-104.886766,39.725702],[-104.885733,39.725695],[-104.884178,39.724039],[-104.884031,39.72395]]]}},{"type":"Feature","properties":{"precinct":"631","precinct_code":"1310616631","cong":"1","senate":"31","house":"6","council":"5","rtd":"A","school_board":"3","neighborhood":"Lowry Field","active":1092,"inactive":67,"registered":1159},"geometry":{"type":"Polygon","coordinates":[[[-104.899646,39.717081],[-104.899461,39.717138],[-104.896365,39.717154],[-104.896168,39.717201],[-104.89608,39.717257],[-104.89608,39.71714],[-104.896016,39.717047],[-104.895957,39.717009],[-104.895793,39.716967],[-104.895651,39.716836],[-104.893252,39.713355],[-104.893143,39.713157],[-104.893036,39.712765],[-104.893,39.712432],[-104.893012,39.711317],[-104.892924,39.711317],[-104.89292,39.711193],[-104.903383,39.711226],[-104.903505,39.71129],[-104.903448,39.712326],[-104.903448,39.712964],[-104.903464,39.713333],[-104.903659,39.714243],[-104.903684,39.714505],[-104.903716,39.717068],[-104.899646,39.717081]]]}},{"type":"Feature","properties":{"precinct":"632","precinct_code":"1310616632","cong":"1","senate":"31","house":"6","council":"5","rtd":"A","school_board":"3","neighborhood":"Lowry Field","active":1615,"inactive":662,"registered":2277},"geometry":{"type":"Polygon","coordinates":[[[-104.892924,39.711317],[-104.893012,39.711317],[-104.893,39.712432],[-104.893036,39.712765],[-104.893143,39.713157],[-104.893252,39.713355],[-104.895651,39.716836],[-104.895793,39.716967],[-104.895957,39.717009],[-104.896056,39.71709],[-104.896086,39.717191],[-104.89608,39.717257],[-104.896046,39.717312],[-104.896002,39.717357],[-104.895861,39.717412],[-104.895787,39.717417],[-104.895611,39.717362],[-104.895442,39.717348],[-104.895175,39.717445],[-104.89111,39.719706],[-104.891018,39.719806],[-104.890973,39.719979],[-104.890907,39.720041],[-104.890753,39.720096],[-104.890584,39.720078],[-104.890359,39.720135],[-104.889986,39.720374],[-104.884431,39.723535],[-104.884333,39.723595],[-104.884255,39.723687],[-104.884241,39.723791],[-104.884138,39.723917],[-104.884031,39.72395],[-104.883856,39.72393],[-104.883738,39.723944],[-104.88364,39.723984],[-104.881914,39.724988],[-104.882007,39.725065],[-104.881495,39.725337],[-104.880976,39.725532],[-104.880755,39.725594],[-104.875343,39.725584],[-104.875354,39.719235],[-104.875237,39.719235],[-104.875219,39.719077],[-104.875166,39.718923],[-104.875024,39.718712],[-104.874891,39.71859],[-104.874959,39.71851],[-104.87489,39.718461],[-104.874588,39.718337],[-104.874481,39.718264],[-104.874226,39.718227],[-104.872907,39.718195],[-104.870654,39.718213],[-104.870675,39.710039],[-104.88314,39.707065],[-104.88382,39.706938],[-104.884436,39.706923],[-104.884949,39.706974],[-104.88532,39.707056],[-104.885566,39.707129],[-104.88602,39.707313],[-104.88652,39.707604],[-104.89187,39.710927],[-104.892381,39.711128],[-104.89292,39.711193],[-104.892924,39.711317]]]}},{"type":"Feature","properties":{"precinct":"633","precinct_code":"1320616633","cong":"1","senate":"32","house":"6","council":"5","rtd":"A","school_board":"3","neighborhood":"Windsor","active":1174,"inactive":348,"registered":1522},"geometry":{"type":"Polygon","coordinates":[[[-104.89292,39.711193],[-104.892867,39.710563],[-104.892494,39.707935],[-104.892448,39.707717],[-104.892331,39.707434],[-104.892137,39.707117],[-104.891666,39.706606],[-104.891189,39.706275],[-104.89054,39.705873],[-104.890472,39.705698],[-104.890431,39.705652],[-104.890332,39.705603],[-104.890261,39.705482],[-104.890126,39.705162],[-104.890068,39.704852],[-104.89007,39.704634],[-104.890121,39.704328],[-104.89031,39.703945],[-104.890486,39.703737],[-104.892076,39.702171],[-104.89224,39.701959],[-104.892362,39.701732],[-104.892443,39.701436],[-104.892457,39.701158],[-104.892434,39.70101],[-104.891772,39.698556],[-104.891733,39.698232],[-104.891738,39.696594],[-104.894105,39.696602],[-104.894103,39.695897],[-104.894777,39.6959],[-104.894781,39.696604],[-104.896834,39.696611],[-104.89704,39.696527],[-104.897342,39.696287],[-104.897911,39.69608],[-104.899168,39.695374],[-104.899577,39.695809],[-104.899652,39.695768],[-104.90039,39.696559],[-104.899759,39.697163],[-104.903555,39.698544],[-104.903512,39.703891],[-104.903505,39.71129],[-104.903383,39.711226],[-104.89292,39.711193]]]}},{"type":"Feature","properties":{"precinct":"634","precinct_code":"1320616634","cong":"1","senate":"32","house":"6","council":"5","rtd":"A","school_board":"3","neighborhood":"Windsor","active":797,"inactive":211,"registered":1008},"geometry":{"type":"Polygon","coordinates":[[[-104.89007,39.704634],[-104.890068,39.704852],[-104.890126,39.705162],[-104.890261,39.705482],[-104.890332,39.705603],[-104.890431,39.705652],[-104.890472,39.705698],[-104.89054,39.705873],[-104.891189,39.706275],[-104.891666,39.706606],[-104.892137,39.707117],[-104.892331,39.707434],[-104.892448,39.707717],[-104.892494,39.707935],[-104.892867,39.710563],[-104.89292,39.711193],[-104.892381,39.711128],[-104.89187,39.710927],[-104.886251,39.707443],[-104.885832,39.707227],[-104.885416,39.707083],[-104.88572,39.706494],[-104.885441,39.706383],[-104.885435,39.703194],[-104.88605,39.703228],[-104.886048,39.702862],[-104.89007,39.704634]]]}},{"type":"Feature","properties":{"precinct":"635","precinct_code":"1320616635","cong":"1","senate":"32","house":"6","council":"5","rtd":"A","school_board":"3","neighborhood":"Windsor","active":1148,"inactive":711,"registered":1859},"geometry":{"type":"Polygon","coordinates":[[[-104.877742,39.696567],[-104.891738,39.696594],[-104.891733,39.698232],[-104.891772,39.698556],[-104.892434,39.70101],[-104.892457,39.701158],[-104.892443,39.701436],[-104.892362,39.701732],[-104.892301,39.701852],[-104.892076,39.702171],[-104.890486,39.703737],[-104.89031,39.703945],[-104.890121,39.704328],[-104.89007,39.704634],[-104.886014,39.702846],[-104.884542,39.702595],[-104.882979,39.702088],[-104.881721,39.701852],[-104.881255,39.701598],[-104.880766,39.700994],[-104.880569,39.700683],[-104.880185,39.700413],[-104.879793,39.700262],[-104.879016,39.700109],[-104.87829,39.700085],[-104.87817,39.700002],[-104.878052,39.700074],[-104.877804,39.700109],[-104.87611,39.700109],[-104.875346,39.700158],[-104.875328,39.698446],[-104.877733,39.698454],[-104.877742,39.696567]]]}},{"type":"Feature","properties":{"precinct":"636","precinct_code":"1320616636","cong":"1","senate":"32","house":"6","council":"5","rtd":"A","school_board":"3","neighborhood":"Windsor","active":1284,"inactive":120,"registered":1404},"geometry":{"type":"Polygon","coordinates":[[[-104.884542,39.702595],[-104.886048,39.702862],[-104.88605,39.703228],[-104.885435,39.703194],[-104.885441,39.706383],[-104.88572,39.706494],[-104.885416,39.707083],[-104.884949,39.706974],[-104.884436,39.706923],[-104.88412,39.70692],[-104.883623,39.706964],[-104.875383,39.708906],[-104.875385,39.708195],[-104.876878,39.707853],[-104.87709,39.707765],[-104.877449,39.707427],[-104.878102,39.70654],[-104.878236,39.706434],[-104.878391,39.706361],[-104.878658,39.706314],[-104.878958,39.706358],[-104.879838,39.706729],[-104.880142,39.706789],[-104.880355,39.706787],[-104.882898,39.706189],[-104.883053,39.706112],[-104.88317,39.706013],[-104.883251,39.705881],[-104.883285,39.705746],[-104.883273,39.704233],[-104.883221,39.704056],[-104.88306,39.703836],[-104.882899,39.703704],[-104.882637,39.703575],[-104.881107,39.703186],[-104.88073,39.703013],[-104.880411,39.702773],[-104.879312,39.701637],[-104.879064,39.701472],[-104.878711,39.701357],[-104.878473,39.701337],[-104.878249,39.701353],[-104.877981,39.701421],[-104.876789,39.701856],[-104.87656,39.701916],[-104.876419,39.701939],[-104.87536,39.701959],[-104.875369,39.700928],[-104.875346,39.700158],[-104.87611,39.700109],[-104.877804,39.700109],[-104.878052,39.700074],[-104.87817,39.700002],[-104.87829,39.700085],[-104.879016,39.700109],[-104.879793,39.700262],[-104.880185,39.700413],[-104.880569,39.700683],[-104.880766,39.700994],[-104.881255,39.701598],[-104.881721,39.701852],[-104.882979,39.702088],[-104.884542,39.702595]]]}},{"type":"Feature","properties":{"precinct":"637","precinct_code":"1320616637","cong":"1","senate":"32","house":"6","council":"5","rtd":"A","school_board":"3","neighborhood":"Windsor","active":1500,"inactive":128,"registered":1628},"geometry":{"type":"Polygon","coordinates":[[[-104.875385,39.708195],[-104.875345,39.703448],[-104.87536,39.701959],[-104.876419,39.701939],[-104.87656,39.701916],[-104.876789,39.701856],[-104.878131,39.701377],[-104.878473,39.701337],[-104.878811,39.701377],[-104.879064,39.701472],[-104.879312,39.701637],[-104.880411,39.702773],[-104.88073,39.703013],[-104.881107,39.703186],[-104.882647,39.703579],[-104.882994,39.703772],[-104.883122,39.703908],[-104.883221,39.704056],[-104.883273,39.704233],[-104.883277,39.70434],[-104.88328,39.705811],[-104.88317,39.706013],[-104.882982,39.706154],[-104.882705,39.70624],[-104.88048,39.706766],[-104.880238,39.706793],[-104.879838,39.706729],[-104.878958,39.706358],[-104.878746,39.706315],[-104.878467,39.706339],[-104.878236,39.706434],[-104.878102,39.70654],[-104.877449,39.707427],[-104.87709,39.707765],[-104.876878,39.707853],[-104.875385,39.708195]]]}},{"type":"Feature","properties":{"precinct":"638","precinct_code":"1320616638","cong":"1","senate":"32","house":"6","council":"5","rtd":"A","school_board":"3","neighborhood":"Windsor","active":1537,"inactive":386,"registered":1923},"geometry":{"type":"Polygon","coordinates":[[[-104.870675,39.710039],[-104.870675,39.709943],[-104.865984,39.711061],[-104.865979,39.703912],[-104.867026,39.703579],[-104.868285,39.703269],[-104.868485,39.703193],[-104.868602,39.703121],[-104.868741,39.702987],[-104.868808,39.702884],[-104.869346,39.701509],[-104.869551,39.701213],[-104.869745,39.701037],[-104.870102,39.700829],[-104.870374,39.700733],[-104.870664,39.700675],[-104.87066,39.698371],[-104.868215,39.698373],[-104.868218,39.700188],[-104.86716,39.700187],[-104.867157,39.699283],[-104.865975,39.699286],[-104.865973,39.696567],[-104.87532,39.696564],[-104.875369,39.700928],[-104.875345,39.703448],[-104.875383,39.708906],[-104.870675,39.710039]]]}},{"type":"Feature","properties":{"precinct":"701","precinct_code":"1330716701","cong":"1","senate":"33","house":"7","council":"8","rtd":"B","school_board":"4","neighborhood":"Central Park","active":1685,"inactive":183,"registered":1868},"geometry":{"type":"Polygon","coordinates":[[[-104.88446,39.798271],[-104.884415,39.812823],[-104.88006,39.81283],[-104.880068,39.812786],[-104.879488,39.812762],[-104.879275,39.812716],[-104.878993,39.812556],[-104.878905,39.812458],[-104.878845,39.812338],[-104.878723,39.81195],[-104.878912,39.811696],[-104.87898,39.811554],[-104.879035,39.811374],[-104.879059,39.81119],[-104.87905,39.811006],[-104.879009,39.810824],[-104.878937,39.810648],[-104.878835,39.810481],[-104.878548,39.810185],[-104.877236,39.809128],[-104.876894,39.80882],[-104.876219,39.808102],[-104.875837,39.807605],[-104.875397,39.806899],[-104.87512,39.806336],[-104.874852,39.80561],[-104.874735,39.805165],[-104.874616,39.804447],[-104.874584,39.803977],[-104.874589,39.803506],[-104.874629,39.803036],[-104.874706,39.802569],[-104.874807,39.802147],[-104.87509,39.801331],[-104.875314,39.800837],[-104.875439,39.8004],[-104.875458,39.798345],[-104.87186,39.79835],[-104.871861,39.798316],[-104.873927,39.798288],[-104.88446,39.798271]]]}},{"type":"Feature","properties":{"precinct":"702","precinct_code":"1330716702","cong":"1","senate":"33","house":"7","council":"8","rtd":"B","school_board":"4","neighborhood":"Central Park","active":2313,"inactive":205,"registered":2518},"geometry":{"type":"Polygon","coordinates":[[[-104.88006,39.81283],[-104.866271,39.812854],[-104.866223,39.798393],[-104.875458,39.798345],[-104.875439,39.8004],[-104.875314,39.800837],[-104.87509,39.801331],[-104.874807,39.802147],[-104.874706,39.802569],[-104.874629,39.803036],[-104.874589,39.803506],[-104.874584,39.803977],[-104.874616,39.804447],[-104.874735,39.805165],[-104.874852,39.80561],[-104.87512,39.806336],[-104.875397,39.806899],[-104.875837,39.807605],[-104.876219,39.808102],[-104.87662,39.808548],[-104.877236,39.809128],[-104.878705,39.810326],[-104.878937,39.810648],[-104.879009,39.810824],[-104.87905,39.811006],[-104.879059,39.81119],[-104.879035,39.811374],[-104.878912,39.811696],[-104.878723,39.81195],[-104.878845,39.812338],[-104.878905,39.812458],[-104.878993,39.812556],[-104.879275,39.812716],[-104.879488,39.812762],[-104.880068,39.812786],[-104.88006,39.81283]]]}},{"type":"Feature","properties":{"precinct":"703","precinct_code":"1330716703","cong":"1","senate":"33","house":"7","council":"8","rtd":"B","school_board":"4","neighborhood":"Central Park","active":1950,"inactive":209,"registered":2159},"geometry":{"type":"Polygon","coordinates":[[[-104.903565,39.798402],[-104.901429,39.7984],[-104.901427,39.800212],[-104.899078,39.800211],[-104.89908,39.798399],[-104.88446,39.798391],[-104.88446,39.798271],[-104.884223,39.79827],[-104.873927,39.798288],[-104.871861,39.798316],[-104.87186,39.79835],[-104.866223,39.798393],[-104.866223,39.798419],[-104.866105,39.798419],[-104.866009,39.794516],[-104.865991,39.790325],[-104.867897,39.790319],[-104.86803,39.790294],[-104.875278,39.790261],[-104.875857,39.790351],[-104.877669,39.790952],[-104.878097,39.79107],[-104.878619,39.791181],[-104.879149,39.791262],[-104.879686,39.791312],[-104.880216,39.79133],[-104.884514,39.791355],[-104.885285,39.791424],[-104.885716,39.791503],[-104.886228,39.791638],[-104.886639,39.791781],[-104.887108,39.791989],[-104.887752,39.792369],[-104.888958,39.793246],[-104.88925,39.793419],[-104.88967,39.793624],[-104.890129,39.7938],[-104.890628,39.793943],[-104.891073,39.794032],[-104.891526,39.794088],[-104.892234,39.79411],[-104.892917,39.794056],[-104.894029,39.79387],[-104.895905,39.793473],[-104.896446,39.793413],[-104.897358,39.793408],[-104.897986,39.793369],[-104.898211,39.793401],[-104.90079,39.793396],[-104.901263,39.793417],[-104.902684,39.793543],[-104.903551,39.793542],[-104.903565,39.798402]]]}},{"type":"Feature","properties":{"precinct":"704","precinct_code":"1330716704","cong":"1","senate":"33","house":"7","council":"8","rtd":"B","school_board":"4","neighborhood":"Central Park","active":1526,"inactive":168,"registered":1694},"geometry":{"type":"Polygon","coordinates":[[[-104.903532,39.787313],[-104.903551,39.793542],[-104.902684,39.793543],[-104.901263,39.793417],[-104.90079,39.793396],[-104.898211,39.793401],[-104.897986,39.793369],[-104.897358,39.793408],[-104.896446,39.793413],[-104.895905,39.793473],[-104.89351,39.793966],[-104.892917,39.794056],[-104.89232,39.794107],[-104.891797,39.794106],[-104.891163,39.794046],[-104.89054,39.793921],[-104.889973,39.793746],[-104.88945,39.793523],[-104.88903,39.793291],[-104.887752,39.792369],[-104.887108,39.791989],[-104.886639,39.791781],[-104.886228,39.791638],[-104.885716,39.791503],[-104.885285,39.791424],[-104.884514,39.791355],[-104.880216,39.79133],[-104.879686,39.791312],[-104.879149,39.791262],[-104.878619,39.791181],[-104.878097,39.79107],[-104.877669,39.790952],[-104.875857,39.790351],[-104.875278,39.790261],[-104.86803,39.790294],[-104.867897,39.790319],[-104.865991,39.790325],[-104.865911,39.782443],[-104.86678,39.782434],[-104.868035,39.78253],[-104.874763,39.782545],[-104.876264,39.782575],[-104.876518,39.782507],[-104.877176,39.782528],[-104.877447,39.782566],[-104.877718,39.782635],[-104.878082,39.782778],[-104.878307,39.782901],[-104.878483,39.78303],[-104.880622,39.785154],[-104.880895,39.785361],[-104.881281,39.785559],[-104.881582,39.785644],[-104.881999,39.785711],[-104.882461,39.785734],[-104.883644,39.785724],[-104.884656,39.785586],[-104.890305,39.785625],[-104.890783,39.785686],[-104.891152,39.785787],[-104.891412,39.785831],[-104.891889,39.785871],[-104.892384,39.785825],[-104.893094,39.785668],[-104.893476,39.785631],[-104.897608,39.78566],[-104.89758,39.785585],[-104.899464,39.785613],[-104.899753,39.785583],[-104.89981,39.785573],[-104.899736,39.785393],[-104.899721,39.784928],[-104.899798,39.784586],[-104.899959,39.784182],[-104.900356,39.783681],[-104.900762,39.783326],[-104.903231,39.786931],[-104.903532,39.787313]]]}},{"type":"Feature","properties":{"precinct":"705","precinct_code":"1330716705","cong":"1","senate":"33","house":"7","council":"8","rtd":"B","school_board":"4","neighborhood":"Montbello","active":1921,"inactive":141,"registered":2062},"geometry":{"type":"Polygon","coordinates":[[[-104.866105,39.798419],[-104.847203,39.798355],[-104.835516,39.798263],[-104.83552,39.79811],[-104.835417,39.798109],[-104.835501,39.791811],[-104.835505,39.791169],[-104.835483,39.791145],[-104.835594,39.791065],[-104.836055,39.791056],[-104.83633,39.790973],[-104.838534,39.789556],[-104.838802,39.789437],[-104.839013,39.789377],[-104.839441,39.789332],[-104.847097,39.789286],[-104.84702,39.782396],[-104.859022,39.782381],[-104.85914,39.782454],[-104.865911,39.782443],[-104.865991,39.790273],[-104.866009,39.794516],[-104.866105,39.798419]]]}},{"type":"Feature","properties":{"precinct":"706","precinct_code":"1330716706","cong":"1","senate":"33","house":"7","council":"11","rtd":"B","school_board":"4","neighborhood":"Montbello","active":1813,"inactive":166,"registered":1979},"geometry":{"type":"Polygon","coordinates":[[[-104.835516,39.798263],[-104.828064,39.798203],[-104.815979,39.798278],[-104.815975,39.797358],[-104.816044,39.797199],[-104.816168,39.797066],[-104.816403,39.796959],[-104.816564,39.796937],[-104.817391,39.796933],[-104.817387,39.79625],[-104.817011,39.796249],[-104.816911,39.796233],[-104.816758,39.796157],[-104.814712,39.794388],[-104.817996,39.792148],[-104.81838,39.791995],[-104.818644,39.791954],[-104.818945,39.791953],[-104.819083,39.791897],[-104.833114,39.79466],[-104.833715,39.794697],[-104.835462,39.794711],[-104.835417,39.798109],[-104.83552,39.79811],[-104.835516,39.798263]]]}},{"type":"Feature","properties":{"precinct":"707","precinct_code":"1330716707","cong":"1","senate":"33","house":"7","council":"11","rtd":"B","school_board":"4","neighborhood":"Montbello","active":2070,"inactive":186,"registered":2256},"geometry":{"type":"Polygon","coordinates":[[[-104.815979,39.798278],[-104.8097,39.798314],[-104.809807,39.783755],[-104.809968,39.783846],[-104.810686,39.783851],[-104.810885,39.783881],[-104.816775,39.785648],[-104.818453,39.786105],[-104.822995,39.787478],[-104.821966,39.789503],[-104.821042,39.792281],[-104.819083,39.791897],[-104.818945,39.791953],[-104.818644,39.791954],[-104.818265,39.792026],[-104.817899,39.792208],[-104.814712,39.794388],[-104.816758,39.796157],[-104.816911,39.796233],[-104.817011,39.796249],[-104.817387,39.79625],[-104.817391,39.796933],[-104.816564,39.796937],[-104.816403,39.796959],[-104.816168,39.797066],[-104.816044,39.797199],[-104.815975,39.797358],[-104.815979,39.798278]]]}},{"type":"Feature","properties":{"precinct":"708","precinct_code":"1330716708","cong":"1","senate":"33","house":"7","council":"8","rtd":"B","school_board":"4","neighborhood":"Montbello","active":2049,"inactive":256,"registered":2305},"geometry":{"type":"Polygon","coordinates":[[[-104.828173,39.772796],[-104.828174,39.772384],[-104.865897,39.775643],[-104.865911,39.782443],[-104.85914,39.782454],[-104.859022,39.782381],[-104.846691,39.782396],[-104.846417,39.782377],[-104.846032,39.782279],[-104.84398,39.781638],[-104.843061,39.78135],[-104.842781,39.781238],[-104.842429,39.781059],[-104.839599,39.779191],[-104.839244,39.779013],[-104.834794,39.777614],[-104.833779,39.779568],[-104.833646,39.779926],[-104.833554,39.780314],[-104.833568,39.780459],[-104.833618,39.780607],[-104.834263,39.78131],[-104.834558,39.781689],[-104.832924,39.78239],[-104.832512,39.782616],[-104.832244,39.782865],[-104.831316,39.784199],[-104.829593,39.783488],[-104.829143,39.783273],[-104.829014,39.783185],[-104.825868,39.780523],[-104.825607,39.780236],[-104.824891,39.778959],[-104.82471,39.778843],[-104.823928,39.77745],[-104.82478,39.777168],[-104.824138,39.776035],[-104.824062,39.775832],[-104.824022,39.775627],[-104.824034,39.775262],[-104.824089,39.775075],[-104.824653,39.774013],[-104.823845,39.773738],[-104.824365,39.772807],[-104.828173,39.772796]]]}},{"type":"Feature","properties":{"precinct":"709","precinct_code":"1330716709","cong":"1","senate":"33","house":"7","council":"8","rtd":"B","school_board":"4","neighborhood":"Montbello","active":1899,"inactive":236,"registered":2135},"geometry":{"type":"Polygon","coordinates":[[[-104.84702,39.782396],[-104.847097,39.789286],[-104.839441,39.789332],[-104.839013,39.789377],[-104.838905,39.789127],[-104.837552,39.787265],[-104.837026,39.786159],[-104.836676,39.786221],[-104.83647,39.786223],[-104.836031,39.78614],[-104.831316,39.784199],[-104.832244,39.782865],[-104.832512,39.782616],[-104.832924,39.78239],[-104.834558,39.781689],[-104.834263,39.78131],[-104.833618,39.780607],[-104.833568,39.780459],[-104.833554,39.780314],[-104.833646,39.779926],[-104.833779,39.779568],[-104.834794,39.777614],[-104.838943,39.778912],[-104.839376,39.779068],[-104.839599,39.779191],[-104.842429,39.781059],[-104.842937,39.781305],[-104.8463,39.782357],[-104.846561,39.782391],[-104.84702,39.782396]]]}},{"type":"Feature","properties":{"precinct":"710","precinct_code":"1330716710","cong":"1","senate":"33","house":"7","council":"11","rtd":"B","school_board":"4","neighborhood":"Montbello","active":2023,"inactive":155,"registered":2178},"geometry":{"type":"Polygon","coordinates":[[[-104.839013,39.789377],[-104.838802,39.789437],[-104.838534,39.789556],[-104.83633,39.790973],[-104.836055,39.791056],[-104.835594,39.791065],[-104.835483,39.791145],[-104.835505,39.791169],[-104.835462,39.794711],[-104.833715,39.794697],[-104.833114,39.79466],[-104.821042,39.792281],[-104.821966,39.789503],[-104.822995,39.787478],[-104.823251,39.787534],[-104.823535,39.787555],[-104.823791,39.78754],[-104.824039,39.787494],[-104.824329,39.787391],[-104.824821,39.787127],[-104.824813,39.787045],[-104.824768,39.786961],[-104.824989,39.787051],[-104.825291,39.787279],[-104.825695,39.787486],[-104.828294,39.788562],[-104.831316,39.784199],[-104.836031,39.78614],[-104.83647,39.786223],[-104.836676,39.786221],[-104.837026,39.786159],[-104.837552,39.787265],[-104.838905,39.789127],[-104.839013,39.789377]]]}},{"type":"Feature","properties":{"precinct":"711","precinct_code":"1330716711","cong":"1","senate":"33","house":"7","council":"11","rtd":"B","school_board":"4","neighborhood":"Montbello","active":2110,"inactive":152,"registered":2262},"geometry":{"type":"Polygon","coordinates":[[[-104.822995,39.787478],[-104.818453,39.786105],[-104.816775,39.785648],[-104.810885,39.783881],[-104.810686,39.783851],[-104.809968,39.783846],[-104.809807,39.783755],[-104.809859,39.780354],[-104.811837,39.780369],[-104.812063,39.780389],[-104.816075,39.781221],[-104.816331,39.780569],[-104.816716,39.779886],[-104.816986,39.779207],[-104.817329,39.778489],[-104.819272,39.779038],[-104.819654,39.779105],[-104.823995,39.779119],[-104.824216,39.779086],[-104.824552,39.778979],[-104.824696,39.779025],[-104.82471,39.778843],[-104.824891,39.778959],[-104.825607,39.780236],[-104.825868,39.780523],[-104.829014,39.783185],[-104.82929,39.783356],[-104.831316,39.784199],[-104.828294,39.788562],[-104.825695,39.787486],[-104.825291,39.787279],[-104.824989,39.787051],[-104.824768,39.786961],[-104.824813,39.787045],[-104.824821,39.787127],[-104.824329,39.787391],[-104.824039,39.787494],[-104.823791,39.78754],[-104.823535,39.787555],[-104.823251,39.787534],[-104.822995,39.787478]]]}},{"type":"Feature","properties":{"precinct":"712","precinct_code":"1330716712","cong":"1","senate":"33","house":"7","council":"11","rtd":"B","school_board":"4","neighborhood":"Montbello","active":2083,"inactive":206,"registered":2289},"geometry":{"type":"Polygon","coordinates":[[[-104.809893,39.77284],[-104.824365,39.772807],[-104.823845,39.773738],[-104.824653,39.774013],[-104.824089,39.775075],[-104.824034,39.775262],[-104.824022,39.775627],[-104.824062,39.775832],[-104.824138,39.776035],[-104.82478,39.777168],[-104.823928,39.77745],[-104.82471,39.778843],[-104.824696,39.779025],[-104.824552,39.778979],[-104.824216,39.779086],[-104.823995,39.779119],[-104.819654,39.779105],[-104.819272,39.779038],[-104.817329,39.778489],[-104.816986,39.779207],[-104.816716,39.779886],[-104.816331,39.780569],[-104.816075,39.781221],[-104.812063,39.780389],[-104.811837,39.780369],[-104.809859,39.780354],[-104.809916,39.776689],[-104.809893,39.77284]]]}},{"type":"Feature","properties":{"precinct":"713","precinct_code":"1330716713","cong":"1","senate":"33","house":"7","council":"11","rtd":"B","school_board":"4","neighborhood":"Gateway - Green Valley Ranch","active":1764,"inactive":139,"registered":1903},"geometry":{"type":"Polygon","coordinates":[[[-104.8097,39.798314],[-104.795522,39.798313],[-104.795476,39.797212],[-104.795611,39.796808],[-104.795805,39.796349],[-104.796634,39.794927],[-104.796754,39.794614],[-104.79683,39.794333],[-104.796869,39.794053],[-104.796871,39.793806],[-104.796831,39.79348],[-104.79669,39.793041],[-104.796377,39.792264],[-104.796208,39.791735],[-104.796153,39.791375],[-104.796157,39.791027],[-104.797013,39.790988],[-104.797629,39.790893],[-104.798596,39.790546],[-104.802307,39.789027],[-104.802032,39.788464],[-104.802014,39.788377],[-104.802049,39.786525],[-104.803558,39.786438],[-104.803877,39.786459],[-104.804154,39.786542],[-104.805078,39.786986],[-104.805962,39.787274],[-104.806486,39.787505],[-104.806879,39.787841],[-104.807066,39.788074],[-104.807188,39.788321],[-104.807256,39.788628],[-104.807235,39.788979],[-104.807154,39.789421],[-104.807099,39.789598],[-104.806996,39.789776],[-104.806709,39.790157],[-104.807096,39.790319],[-104.807556,39.790407],[-104.809763,39.790438],[-104.8097,39.798314]]]}},{"type":"Feature","properties":{"precinct":"714","precinct_code":"1330716714","cong":"1","senate":"33","house":"7","council":"11","rtd":"B","school_board":"4","neighborhood":"Gateway - Green Valley Ranch","active":1636,"inactive":452,"registered":2088},"geometry":{"type":"Polygon","coordinates":[[[-104.801639,39.77284],[-104.809893,39.77284],[-104.809916,39.776689],[-104.809807,39.783755],[-104.809763,39.790438],[-104.807556,39.790407],[-104.807096,39.790319],[-104.806709,39.790157],[-104.806996,39.789776],[-104.807099,39.789598],[-104.807154,39.789421],[-104.807235,39.788979],[-104.807256,39.788628],[-104.807188,39.788321],[-104.807066,39.788074],[-104.806879,39.787841],[-104.806486,39.787505],[-104.805962,39.787274],[-104.805078,39.786986],[-104.804154,39.786542],[-104.803877,39.786459],[-104.803558,39.786438],[-104.802049,39.786525],[-104.80173,39.784989],[-104.801735,39.781059],[-104.801639,39.779271],[-104.801639,39.77284]]]}},{"type":"Feature","properties":{"precinct":"715","precinct_code":"1330716715","cong":"1","senate":"33","house":"7","council":"11","rtd":"B","school_board":"4","neighborhood":"Gateway - Green Valley Ranch","active":1532,"inactive":542,"registered":2074},"geometry":{"type":"Polygon","coordinates":[[[-104.791505,39.772834],[-104.80164,39.772838],[-104.801639,39.779271],[-104.801735,39.781059],[-104.80173,39.784989],[-104.802049,39.786525],[-104.802014,39.788377],[-104.802032,39.788464],[-104.802307,39.789027],[-104.798596,39.790546],[-104.797629,39.790893],[-104.797013,39.790988],[-104.796157,39.791027],[-104.796153,39.791375],[-104.796208,39.791735],[-104.796377,39.792264],[-104.79669,39.793041],[-104.796831,39.79348],[-104.796871,39.793806],[-104.796869,39.794053],[-104.79683,39.794333],[-104.796754,39.794614],[-104.796634,39.794927],[-104.795805,39.796349],[-104.795611,39.796808],[-104.795476,39.797212],[-104.795522,39.798313],[-104.790906,39.798312],[-104.790905,39.798261],[-104.790265,39.798274],[-104.78864,39.798406],[-104.787312,39.798401],[-104.787363,39.797829],[-104.787529,39.796667],[-104.787697,39.795857],[-104.787874,39.795194],[-104.788253,39.794038],[-104.790461,39.788584],[-104.790887,39.787218],[-104.791187,39.785791],[-104.791304,39.784961],[-104.791371,39.784231],[-104.791409,39.783199],[-104.791505,39.772834]]]}},{"type":"Feature","properties":{"precinct":"716","precinct_code":"1330716716","cong":"1","senate":"33","house":"7","council":"11","rtd":"B","school_board":"4","neighborhood":"Gateway - Green Valley Ranch","active":2955,"inactive":689,"registered":3644},"geometry":{"type":"Polygon","coordinates":[[[-104.781587,39.772804],[-104.791505,39.772834],[-104.791409,39.783199],[-104.791371,39.784231],[-104.791304,39.784961],[-104.791187,39.785791],[-104.790887,39.787218],[-104.790461,39.788584],[-104.788253,39.794038],[-104.787874,39.795194],[-104.787697,39.795857],[-104.787529,39.796667],[-104.787363,39.797829],[-104.787312,39.798401],[-104.785772,39.798394],[-104.785474,39.798445],[-104.784844,39.798452],[-104.78338,39.798387],[-104.779271,39.798353],[-104.776267,39.798459],[-104.775144,39.79846],[-104.772127,39.7984],[-104.772158,39.795401],[-104.772102,39.794386],[-104.772075,39.792546],[-104.772104,39.792445],[-104.772133,39.789512],[-104.772122,39.787955],[-104.772145,39.7874],[-104.772117,39.784935],[-104.772144,39.781512],[-104.772131,39.778607],[-104.772083,39.778003],[-104.772069,39.776382],[-104.772167,39.776418],[-104.781571,39.776444],[-104.781587,39.772804]]]}},{"type":"Feature","properties":{"precinct":"717","precinct_code":"1330716717","cong":"1","senate":"33","house":"7","council":"11","rtd":"B","school_board":"4","neighborhood":"Gateway - Green Valley Ranch","active":2000,"inactive":256,"registered":2256},"geometry":{"type":"Polygon","coordinates":[[[-104.762695,39.798342],[-104.762635,39.798184],[-104.762647,39.796836],[-104.762742,39.796743],[-104.762649,39.796743],[-104.76267,39.79473],[-104.762657,39.792767],[-104.762725,39.792776],[-104.76282,39.792744],[-104.762822,39.791845],[-104.762737,39.791506],[-104.762612,39.791209],[-104.762439,39.790959],[-104.762236,39.790753],[-104.761943,39.79051],[-104.759181,39.788614],[-104.759618,39.788221],[-104.760306,39.787762],[-104.760641,39.787583],[-104.760888,39.787483],[-104.761267,39.787384],[-104.761573,39.787352],[-104.764491,39.787363],[-104.764502,39.78695],[-104.764567,39.786665],[-104.764705,39.786362],[-104.764933,39.786055],[-104.765233,39.785788],[-104.765538,39.785598],[-104.765916,39.785436],[-104.766295,39.785335],[-104.766665,39.785286],[-104.767411,39.785268],[-104.768682,39.785303],[-104.768801,39.785332],[-104.769755,39.785893],[-104.772139,39.785909],[-104.772133,39.789512],[-104.772104,39.792445],[-104.772075,39.792546],[-104.772102,39.794386],[-104.772158,39.795401],[-104.772131,39.798311],[-104.771336,39.798303],[-104.770681,39.798339],[-104.76979,39.798309],[-104.765946,39.798328],[-104.765018,39.798342],[-104.763672,39.798419],[-104.762793,39.798442],[-104.762693,39.798442],[-104.762695,39.798342]]]}},{"type":"Feature","properties":{"precinct":"718","precinct_code":"1330716718","cong":"1","senate":"33","house":"7","council":"11","rtd":"B","school_board":"4","neighborhood":"Gateway - Green Valley Ranch","active":2035,"inactive":231,"registered":2266},"geometry":{"type":"Polygon","coordinates":[[[-104.762695,39.798342],[-104.753273,39.798377],[-104.741373,39.798336],[-104.741381,39.797649],[-104.742545,39.797686],[-104.742792,39.797667],[-104.742981,39.797613],[-104.743149,39.797528],[-104.743475,39.797235],[-104.743625,39.797301],[-104.743784,39.797331],[-104.744654,39.797341],[-104.744788,39.797302],[-104.744934,39.797218],[-104.745041,39.797102],[-104.745096,39.796967],[-104.745262,39.793839],[-104.745205,39.793636],[-104.745037,39.793467],[-104.745245,39.793266],[-104.745296,39.793159],[-104.745361,39.791941],[-104.745398,39.791788],[-104.74553,39.791585],[-104.745887,39.791283],[-104.745212,39.790796],[-104.745844,39.790274],[-104.745382,39.789973],[-104.745127,39.789872],[-104.744882,39.789812],[-104.744599,39.789781],[-104.744342,39.789786],[-104.744033,39.789834],[-104.743743,39.789927],[-104.743424,39.788152],[-104.74362,39.788192],[-104.743957,39.788183],[-104.744429,39.788083],[-104.744552,39.788083],[-104.744634,39.787933],[-104.744706,39.787896],[-104.744846,39.787954],[-104.745076,39.787918],[-104.745176,39.787936],[-104.745651,39.788188],[-104.745812,39.788409],[-104.745907,39.788495],[-104.745922,39.788553],[-104.74615,39.788697],[-104.746869,39.788693],[-104.747006,39.788648],[-104.747525,39.788602],[-104.748389,39.788455],[-104.748494,39.788465],[-104.748605,39.788545],[-104.748949,39.788472],[-104.749102,39.788464],[-104.749352,39.788535],[-104.749545,39.788729],[-104.749836,39.788899],[-104.750147,39.788995],[-104.750389,39.789022],[-104.750737,39.788981],[-104.750935,39.78891],[-104.751156,39.788782],[-104.751378,39.788762],[-104.751549,39.788829],[-104.752052,39.789265],[-104.752101,39.789419],[-104.75223,39.78956],[-104.75257,39.789759],[-104.752867,39.789982],[-104.753017,39.790038],[-104.753265,39.790045],[-104.753458,39.789978],[-104.753691,39.789762],[-104.753887,39.789621],[-104.753988,39.789505],[-104.754128,39.789416],[-104.754173,39.789414],[-104.754229,39.789456],[-104.754342,39.789663],[-104.754384,39.789846],[-104.754453,39.790009],[-104.75468,39.790262],[-104.754905,39.790367],[-104.755088,39.790345],[-104.755253,39.790212],[-104.755424,39.790136],[-104.755465,39.790133],[-104.755521,39.790176],[-104.755627,39.790186],[-104.756077,39.790125],[-104.75682,39.790127],[-104.757154,39.790106],[-104.757448,39.790005],[-104.75763,39.789969],[-104.757798,39.789876],[-104.757967,39.789826],[-104.758293,39.789828],[-104.758594,39.789795],[-104.758768,39.789722],[-104.759232,39.789736],[-104.759379,39.789809],[-104.759589,39.789871],[-104.759845,39.790021],[-104.759944,39.790113],[-104.759838,39.790276],[-104.759849,39.790313],[-104.759981,39.790437],[-104.76005,39.790609],[-104.760029,39.790654],[-104.759925,39.790705],[-104.759989,39.79094],[-104.759957,39.79116],[-104.759816,39.791314],[-104.759767,39.791433],[-104.759863,39.791474],[-104.759929,39.791549],[-104.759979,39.791715],[-104.759907,39.791872],[-104.759921,39.791909],[-104.760099,39.791979],[-104.760206,39.791971],[-104.760231,39.792026],[-104.760367,39.792012],[-104.760454,39.791887],[-104.760418,39.791746],[-104.760444,39.791698],[-104.760583,39.791556],[-104.760632,39.791527],[-104.760721,39.791534],[-104.760775,39.791643],[-104.760827,39.791692],[-104.76104,39.791767],[-104.761001,39.792048],[-104.761161,39.79228],[-104.76132,39.792344],[-104.761424,39.792333],[-104.761502,39.792248],[-104.761597,39.792051],[-104.761943,39.792096],[-104.762094,39.792217],[-104.762182,39.792324],[-104.7622,39.792355],[-104.762181,39.792435],[-104.762243,39.792561],[-104.762657,39.792767],[-104.76267,39.79473],[-104.762649,39.796743],[-104.762742,39.796743],[-104.762647,39.796836],[-104.762635,39.798184],[-104.762695,39.798342]]]}},{"type":"Feature","properties":{"precinct":"719","precinct_code":"1330716719","cong":"1","senate":"33","house":"7","council":"11","rtd":"B","school_board":"4","neighborhood":"Gateway - Green Valley Ranch","active":2198,"inactive":168,"registered":2366},"geometry":{"type":"Polygon","coordinates":[[[-104.741373,39.798336],[-104.734382,39.798316],[-104.734524,39.785364],[-104.735606,39.785388],[-104.736087,39.785372],[-104.736504,39.785312],[-104.736831,39.785232],[-104.737232,39.78509],[-104.737144,39.784926],[-104.737041,39.784617],[-104.737364,39.784842],[-104.737702,39.785123],[-104.737978,39.78525],[-104.738209,39.785427],[-104.738552,39.785473],[-104.738703,39.785534],[-104.738909,39.785566],[-104.739229,39.785695],[-104.739492,39.785659],[-104.73967,39.785705],[-104.739823,39.785831],[-104.740004,39.785894],[-104.740114,39.785906],[-104.740151,39.785977],[-104.740156,39.786169],[-104.7402,39.786225],[-104.740253,39.78649],[-104.740319,39.786587],[-104.740434,39.786662],[-104.740637,39.786668],[-104.740977,39.786931],[-104.74101,39.787091],[-104.74099,39.787726],[-104.74105,39.788006],[-104.741039,39.788085],[-104.741068,39.788137],[-104.741248,39.788183],[-104.741518,39.78813],[-104.741582,39.788087],[-104.741619,39.788005],[-104.741613,39.787859],[-104.741706,39.787718],[-104.74185,39.787689],[-104.742116,39.787724],[-104.74223,39.787762],[-104.742337,39.787845],[-104.74276,39.788017],[-104.74294,39.788027],[-104.743424,39.788152],[-104.743743,39.789927],[-104.744033,39.789834],[-104.744342,39.789786],[-104.744599,39.789781],[-104.744882,39.789812],[-104.745127,39.789872],[-104.745382,39.789973],[-104.745844,39.790274],[-104.745212,39.790796],[-104.745887,39.791283],[-104.74553,39.791585],[-104.745398,39.791788],[-104.745361,39.791941],[-104.745296,39.793159],[-104.745245,39.793266],[-104.745037,39.793467],[-104.745205,39.793636],[-104.745262,39.793839],[-104.745102,39.796919],[-104.745054,39.797081],[-104.744969,39.797188],[-104.744857,39.797269],[-104.744703,39.79733],[-104.744553,39.797353],[-104.743744,39.797327],[-104.743475,39.797235],[-104.743125,39.797543],[-104.742953,39.797623],[-104.742761,39.797672],[-104.742545,39.797686],[-104.741381,39.797649],[-104.741373,39.798336]]]}},{"type":"Feature","properties":{"precinct":"720","precinct_code":"1330716720","cong":"1","senate":"33","house":"7","council":"11","rtd":"B","school_board":"4","neighborhood":"Gateway - Green Valley Ranch","active":2118,"inactive":206,"registered":2324},"geometry":{"type":"Polygon","coordinates":[[[-104.772139,39.785909],[-104.769755,39.785893],[-104.768801,39.785332],[-104.768682,39.785303],[-104.767411,39.785268],[-104.766665,39.785286],[-104.766295,39.785335],[-104.765916,39.785436],[-104.765538,39.785598],[-104.765233,39.785788],[-104.764933,39.786055],[-104.764705,39.786362],[-104.764567,39.786665],[-104.764502,39.78695],[-104.764491,39.787363],[-104.761573,39.787352],[-104.761267,39.787384],[-104.760888,39.787483],[-104.760641,39.787583],[-104.760306,39.787762],[-104.759618,39.788221],[-104.759181,39.788614],[-104.761943,39.79051],[-104.762236,39.790753],[-104.762439,39.790959],[-104.762612,39.791209],[-104.762737,39.791506],[-104.762822,39.791845],[-104.76282,39.792744],[-104.762685,39.792776],[-104.762243,39.792561],[-104.762181,39.792435],[-104.7622,39.792355],[-104.762182,39.792324],[-104.762094,39.792217],[-104.761943,39.792096],[-104.761597,39.792051],[-104.761502,39.792248],[-104.761424,39.792333],[-104.76132,39.792344],[-104.761161,39.79228],[-104.761001,39.792048],[-104.76104,39.791767],[-104.760827,39.791692],[-104.760775,39.791643],[-104.760721,39.791534],[-104.760632,39.791527],[-104.760583,39.791556],[-104.760444,39.791698],[-104.760418,39.791746],[-104.760454,39.791887],[-104.760367,39.792012],[-104.760231,39.792026],[-104.760206,39.791971],[-104.760099,39.791979],[-104.759921,39.791909],[-104.759907,39.791872],[-104.759979,39.791715],[-104.759929,39.791549],[-104.759863,39.791474],[-104.759767,39.791433],[-104.759816,39.791314],[-104.759957,39.79116],[-104.759989,39.79094],[-104.759925,39.790705],[-104.760051,39.790637],[-104.759981,39.790437],[-104.759849,39.790313],[-104.759838,39.790276],[-104.759944,39.790113],[-104.759845,39.790021],[-104.759589,39.789871],[-104.759379,39.789809],[-104.759265,39.789742],[-104.758768,39.789722],[-104.758594,39.789795],[-104.758293,39.789828],[-104.758016,39.789817],[-104.757798,39.789876],[-104.75763,39.789969],[-104.757448,39.790005],[-104.757154,39.790106],[-104.75682,39.790127],[-104.756077,39.790125],[-104.755627,39.790186],[-104.755521,39.790176],[-104.755465,39.790133],[-104.755424,39.790136],[-104.755253,39.790212],[-104.755088,39.790345],[-104.754905,39.790367],[-104.75468,39.790262],[-104.754453,39.790009],[-104.754384,39.789846],[-104.754342,39.789663],[-104.754229,39.789456],[-104.754173,39.789414],[-104.754128,39.789416],[-104.753988,39.789505],[-104.753887,39.789621],[-104.753691,39.789762],[-104.753458,39.789978],[-104.753265,39.790045],[-104.753017,39.790038],[-104.752867,39.789982],[-104.75257,39.789759],[-104.75223,39.78956],[-104.752101,39.789419],[-104.752052,39.789265],[-104.751549,39.788829],[-104.751378,39.788762],[-104.751156,39.788782],[-104.750935,39.78891],[-104.750737,39.788981],[-104.750389,39.789022],[-104.750147,39.788995],[-104.749836,39.788899],[-104.749545,39.788729],[-104.749352,39.788535],[-104.749102,39.788464],[-104.748949,39.788472],[-104.748605,39.788545],[-104.748494,39.788465],[-104.748389,39.788455],[-104.747525,39.788602],[-104.747006,39.788648],[-104.746869,39.788693],[-104.74615,39.788697],[-104.745922,39.788553],[-104.745907,39.788495],[-104.745812,39.788409],[-104.745651,39.788188],[-104.745176,39.787936],[-104.745076,39.787918],[-104.744846,39.787954],[-104.744706,39.787896],[-104.744634,39.787933],[-104.744552,39.788083],[-104.744429,39.788083],[-104.743957,39.788183],[-104.74362,39.788192],[-104.74294,39.788027],[-104.74276,39.788017],[-104.742337,39.787845],[-104.74223,39.787762],[-104.742116,39.787724],[-104.74185,39.787689],[-104.741728,39.787703],[-104.741638,39.787813],[-104.741613,39.787859],[-104.741619,39.788005],[-104.741556,39.788108],[-104.741467,39.788147],[-104.741248,39.788183],[-104.741113,39.78816],[-104.741068,39.788137],[-104.741039,39.788085],[-104.74105,39.788006],[-104.74099,39.787726],[-104.74101,39.787091],[-104.740977,39.786931],[-104.740637,39.786668],[-104.740434,39.786662],[-104.740319,39.786587],[-104.740253,39.78649],[-104.7402,39.786225],[-104.740156,39.786169],[-104.740151,39.785977],[-104.740114,39.785906],[-104.740004,39.785894],[-104.739823,39.785831],[-104.73967,39.785705],[-104.739492,39.785659],[-104.739229,39.785695],[-104.738909,39.785566],[-104.738703,39.785534],[-104.738552,39.785473],[-104.738209,39.785427],[-104.737978,39.78525],[-104.737702,39.785123],[-104.737364,39.784842],[-104.737041,39.784617],[-104.737144,39.784926],[-104.737232,39.78509],[-104.736831,39.785232],[-104.736504,39.785312],[-104.736087,39.785372],[-104.735606,39.785388],[-104.734524,39.785364],[-104.734548,39.78187],[-104.739482,39.781883],[-104.739828,39.781867],[-104.740384,39.781804],[-104.7409,39.781685],[-104.742117,39.781332],[-104.742814,39.781223],[-104.743326,39.781184],[-104.748138,39.781164],[-104.749103,39.781173],[-104.749608,39.781202],[-104.750286,39.781301],[-104.750973,39.781479],[-104.756846,39.783475],[-104.757559,39.783651],[-104.758267,39.783755],[-104.759103,39.783813],[-104.760225,39.783816],[-104.771896,39.783771],[-104.772124,39.783761],[-104.772131,39.783706],[-104.772117,39.784935],[-104.772139,39.785909]]]}},{"type":"Feature","properties":{"precinct":"721","precinct_code":"1330716721","cong":"1","senate":"33","house":"7","council":"11","rtd":"B","school_board":"4","neighborhood":"Gateway - Green Valley Ranch","active":1623,"inactive":360,"registered":1983},"geometry":{"type":"Polygon","coordinates":[[[-104.772131,39.778607],[-104.772124,39.783761],[-104.771896,39.783771],[-104.759103,39.783813],[-104.758267,39.783755],[-104.75734,39.783606],[-104.756299,39.783304],[-104.755286,39.782948],[-104.756088,39.781576],[-104.756413,39.781692],[-104.756814,39.781772],[-104.757158,39.781798],[-104.757572,39.781783],[-104.758222,39.781666],[-104.759214,39.781303],[-104.75916,39.781205],[-104.759037,39.780827],[-104.759022,39.780554],[-104.759013,39.777989],[-104.759042,39.777765],[-104.75908,39.777654],[-104.759161,39.77748],[-104.759338,39.777201],[-104.759549,39.776965],[-104.75975,39.776791],[-104.760151,39.77657],[-104.760523,39.776428],[-104.760799,39.776365],[-104.761362,39.776326],[-104.761621,39.77634],[-104.761934,39.776396],[-104.762402,39.77655],[-104.764082,39.777492],[-104.764504,39.777693],[-104.765036,39.77787],[-104.765449,39.777948],[-104.765737,39.777972],[-104.772083,39.778003],[-104.772131,39.778607]]]}},{"type":"Feature","properties":{"precinct":"722","precinct_code":"1330716722","cong":"1","senate":"33","house":"7","council":"11","rtd":"B","school_board":"4","neighborhood":"Gateway - Green Valley Ranch","active":1283,"inactive":132,"registered":1415},"geometry":{"type":"Polygon","coordinates":[[[-104.734548,39.78187],[-104.734558,39.779647],[-104.735315,39.778892],[-104.735566,39.778584],[-104.735969,39.7778],[-104.736163,39.777635],[-104.736435,39.777646],[-104.736917,39.777582],[-104.737372,39.777771],[-104.737562,39.77791],[-104.737716,39.777988],[-104.737913,39.778032],[-104.738506,39.778012],[-104.738784,39.778042],[-104.739092,39.778092],[-104.739369,39.77817],[-104.739634,39.778205],[-104.741038,39.778071],[-104.741341,39.778092],[-104.742191,39.778293],[-104.743255,39.77842],[-104.743865,39.778581],[-104.744466,39.778667],[-104.744735,39.778665],[-104.744949,39.778599],[-104.745336,39.778347],[-104.745677,39.778056],[-104.745854,39.777982],[-104.746401,39.777939],[-104.746945,39.778017],[-104.747268,39.778123],[-104.748379,39.778652],[-104.748682,39.7787],[-104.748853,39.778676],[-104.748999,39.778611],[-104.749141,39.778497],[-104.749234,39.778385],[-104.749394,39.77803],[-104.749438,39.777799],[-104.749521,39.77763],[-104.749659,39.77748],[-104.749835,39.777371],[-104.750019,39.777317],[-104.750207,39.777301],[-104.750402,39.777336],[-104.750549,39.777396],[-104.7522,39.778272],[-104.753579,39.77883],[-104.753755,39.778864],[-104.753928,39.778863],[-104.754176,39.778803],[-104.754926,39.778457],[-104.755224,39.778803],[-104.755969,39.779589],[-104.756176,39.77992],[-104.756284,39.780293],[-104.75631,39.780944],[-104.75629,39.781097],[-104.756222,39.781322],[-104.755286,39.782948],[-104.750732,39.781408],[-104.75012,39.78127],[-104.749253,39.781177],[-104.743326,39.781184],[-104.742814,39.781223],[-104.742117,39.781332],[-104.7409,39.781685],[-104.740384,39.781804],[-104.739828,39.781867],[-104.739482,39.781883],[-104.734548,39.78187]]]}},{"type":"Feature","properties":{"precinct":"723","precinct_code":"1330716723","cong":"1","senate":"33","house":"7","council":"11","rtd":"B","school_board":"4","neighborhood":"Gateway - Green Valley Ranch","active":1630,"inactive":135,"registered":1765},"geometry":{"type":"Polygon","coordinates":[[[-104.772167,39.776418],[-104.772069,39.776382],[-104.772083,39.778003],[-104.765737,39.777972],[-104.765449,39.777948],[-104.765036,39.77787],[-104.764504,39.777693],[-104.764082,39.777492],[-104.762549,39.776623],[-104.762106,39.776439],[-104.761621,39.77634],[-104.761362,39.776326],[-104.760799,39.776365],[-104.760523,39.776428],[-104.760383,39.776151],[-104.760207,39.775914],[-104.759702,39.775518],[-104.75956,39.775362],[-104.759446,39.775119],[-104.759414,39.774898],[-104.759499,39.77468],[-104.760027,39.77368],[-104.760046,39.773497],[-104.760001,39.772887],[-104.760005,39.772573],[-104.760744,39.770691],[-104.760987,39.770742],[-104.761316,39.770861],[-104.762173,39.77136],[-104.762452,39.771468],[-104.762698,39.771135],[-104.764562,39.77119],[-104.764558,39.771575],[-104.772194,39.771507],[-104.772167,39.776418]]]}},{"type":"Feature","properties":{"precinct":"724","precinct_code":"1330716724","cong":"1","senate":"33","house":"7","council":"11","rtd":"B","school_board":"4","neighborhood":"Gateway - Green Valley Ranch","active":1693,"inactive":185,"registered":1878},"geometry":{"type":"Polygon","coordinates":[[[-104.753404,39.769291],[-104.764583,39.769198],[-104.764562,39.77119],[-104.762698,39.771135],[-104.762452,39.771468],[-104.762173,39.77136],[-104.761316,39.770861],[-104.760987,39.770742],[-104.760744,39.770691],[-104.760005,39.772573],[-104.760001,39.772887],[-104.760046,39.773497],[-104.760027,39.77368],[-104.759499,39.77468],[-104.759414,39.774898],[-104.759446,39.775119],[-104.75956,39.775362],[-104.759702,39.775518],[-104.760207,39.775914],[-104.760383,39.776151],[-104.760523,39.776428],[-104.760288,39.776508],[-104.760042,39.776625],[-104.75975,39.776791],[-104.759549,39.776965],[-104.759255,39.777326],[-104.759161,39.77748],[-104.759042,39.777765],[-104.759013,39.777989],[-104.759022,39.780554],[-104.759037,39.780827],[-104.75916,39.781205],[-104.759214,39.781303],[-104.758222,39.781666],[-104.757728,39.781765],[-104.757387,39.781792],[-104.756986,39.781791],[-104.756351,39.781675],[-104.756088,39.781576],[-104.756222,39.781322],[-104.75629,39.781097],[-104.75631,39.780944],[-104.756284,39.780293],[-104.756176,39.77992],[-104.756075,39.779733],[-104.755888,39.77949],[-104.755224,39.778803],[-104.754092,39.777509],[-104.753679,39.776935],[-104.75343,39.776434],[-104.753381,39.776276],[-104.753312,39.775771],[-104.753324,39.770756],[-104.75328,39.770637],[-104.753264,39.769414],[-104.753404,39.769291]]]}},{"type":"Feature","properties":{"precinct":"725","precinct_code":"1330716725","cong":"1","senate":"33","house":"7","council":"11","rtd":"B","school_board":"4","neighborhood":"Gateway - Green Valley Ranch","active":1278,"inactive":135,"registered":1413},"geometry":{"type":"Polygon","coordinates":[[[-104.754926,39.778457],[-104.754176,39.778803],[-104.753928,39.778863],[-104.753755,39.778864],[-104.753579,39.77883],[-104.7522,39.778272],[-104.750549,39.777396],[-104.750402,39.777336],[-104.750207,39.777301],[-104.750019,39.777317],[-104.749835,39.777371],[-104.749659,39.77748],[-104.749521,39.77763],[-104.749438,39.777799],[-104.749394,39.77803],[-104.749234,39.778385],[-104.749141,39.778497],[-104.748999,39.778611],[-104.748853,39.778676],[-104.748682,39.7787],[-104.748379,39.778652],[-104.747268,39.778123],[-104.746945,39.778017],[-104.746401,39.777939],[-104.745854,39.777982],[-104.745677,39.778056],[-104.745336,39.778347],[-104.744949,39.778599],[-104.744735,39.778665],[-104.744466,39.778667],[-104.743865,39.778581],[-104.743255,39.77842],[-104.742191,39.778293],[-104.741341,39.778092],[-104.741038,39.778071],[-104.739634,39.778205],[-104.739369,39.77817],[-104.739092,39.778092],[-104.738506,39.778012],[-104.737913,39.778032],[-104.737716,39.777988],[-104.737562,39.77791],[-104.737372,39.777771],[-104.736917,39.777582],[-104.736435,39.777646],[-104.736163,39.777635],[-104.735969,39.7778],[-104.735566,39.778584],[-104.735315,39.778892],[-104.734558,39.779647],[-104.734588,39.774843],[-104.735724,39.774861],[-104.737881,39.775191],[-104.738285,39.77518],[-104.738646,39.775142],[-104.738972,39.775056],[-104.739337,39.774921],[-104.739908,39.774537],[-104.74023,39.774717],[-104.740615,39.774881],[-104.741312,39.775087],[-104.741897,39.775155],[-104.742476,39.775162],[-104.745318,39.775287],[-104.745684,39.775253],[-104.746225,39.775129],[-104.748134,39.774385],[-104.748895,39.774151],[-104.749479,39.774077],[-104.749864,39.774079],[-104.750395,39.77415],[-104.751119,39.774368],[-104.75197,39.774705],[-104.752319,39.774796],[-104.752588,39.774829],[-104.75331,39.774843],[-104.753312,39.775771],[-104.753381,39.776276],[-104.75343,39.776434],[-104.753625,39.776841],[-104.753877,39.777226],[-104.754092,39.777509],[-104.754926,39.778457]]]}},{"type":"Feature","properties":{"precinct":"726","precinct_code":"1330716726","cong":"1","senate":"33","house":"7","council":"11","rtd":"B","school_board":"4","neighborhood":"Gateway - Green Valley Ranch","active":1873,"inactive":190,"registered":2063},"geometry":{"type":"Polygon","coordinates":[[[-104.753404,39.769291],[-104.753264,39.769414],[-104.75328,39.770637],[-104.753324,39.770756],[-104.75331,39.774843],[-104.752588,39.774829],[-104.752319,39.774796],[-104.75197,39.774705],[-104.751119,39.774368],[-104.750583,39.774193],[-104.750052,39.774096],[-104.749479,39.774077],[-104.748895,39.774151],[-104.748396,39.774295],[-104.746225,39.775129],[-104.745684,39.775253],[-104.745318,39.775287],[-104.742476,39.775162],[-104.741897,39.775155],[-104.741312,39.775087],[-104.740615,39.774881],[-104.74023,39.774717],[-104.739908,39.774537],[-104.739337,39.774921],[-104.738972,39.775056],[-104.738646,39.775142],[-104.738285,39.77518],[-104.737881,39.775191],[-104.735724,39.774861],[-104.734581,39.774836],[-104.734606,39.769225],[-104.753404,39.769291]]]}},{"type":"Feature","properties":{"precinct":"727","precinct_code":"1330716727","cong":"1","senate":"33","house":"7","council":"11","rtd":"B","school_board":"4","neighborhood":"DIA","active":3538,"inactive":988,"registered":4526},"geometry":{"type":"Polygon","coordinates":[[[-104.790906,39.798312],[-104.79083,39.798312],[-104.790976,39.812869],[-104.790904,39.820113],[-104.790676,39.827271],[-104.790835,39.841826],[-104.771977,39.841783],[-104.762325,39.84181],[-104.762286,39.845421],[-104.730948,39.845214],[-104.730371,39.896161],[-104.703287,39.895976],[-104.703159,39.906956],[-104.69211,39.906879],[-104.692023,39.914218],[-104.679547,39.914114],[-104.67965,39.907047],[-104.659186,39.906825],[-104.630915,39.906685],[-104.630915,39.899433],[-104.621532,39.899377],[-104.602669,39.899092],[-104.599548,39.899076],[-104.599777,39.88134],[-104.605121,39.881381],[-104.605227,39.873146],[-104.619121,39.873252],[-104.619528,39.841293],[-104.619809,39.82235],[-104.640355,39.822504],[-104.640351,39.822596],[-104.655369,39.822707],[-104.655487,39.8131],[-104.666166,39.813177],[-104.666048,39.822895],[-104.762503,39.82346],[-104.762661,39.812872],[-104.762693,39.798442],[-104.763672,39.798419],[-104.765018,39.798342],[-104.76979,39.798309],[-104.770681,39.798339],[-104.771336,39.798303],[-104.772131,39.798311],[-104.772127,39.7984],[-104.774237,39.798454],[-104.776267,39.798459],[-104.779271,39.798353],[-104.78338,39.798387],[-104.784844,39.798452],[-104.785474,39.798445],[-104.785772,39.798394],[-104.78864,39.798406],[-104.790265,39.798274],[-104.790588,39.798266],[-104.790905,39.798261],[-104.790906,39.798312]]]}},{"type":"Feature","properties":{"precinct":"801","precinct_code":"1330516801","cong":"1","senate":"33","house":"5","council":"9","rtd":"C","school_board":"4","neighborhood":"Cole","active":1232,"inactive":286,"registered":1518},"geometry":{"type":"Polygon","coordinates":[[[-104.959756,39.768163],[-104.973353,39.768172],[-104.973357,39.769196],[-104.969734,39.771991],[-104.968486,39.772919],[-104.965947,39.772894],[-104.959411,39.772902],[-104.959666,39.772217],[-104.95974,39.771924],[-104.959756,39.768163]]]}},{"type":"Feature","properties":{"precinct":"802","precinct_code":"1330816802","cong":"1","senate":"33","house":"8","council":"9","rtd":"C","school_board":"4","neighborhood":"Cole","active":1022,"inactive":186,"registered":1208},"geometry":{"type":"Polygon","coordinates":[[[-104.973353,39.768172],[-104.965957,39.768159],[-104.965965,39.762002],[-104.972723,39.762017],[-104.97335,39.762056],[-104.973329,39.765774],[-104.973362,39.766502],[-104.973353,39.768172]]]}},{"type":"Feature","properties":{"precinct":"803","precinct_code":"1330816803","cong":"1","senate":"33","house":"8","council":"9","rtd":"C","school_board":"4","neighborhood":"Cole","active":883,"inactive":115,"registered":998},"geometry":{"type":"Polygon","coordinates":[[[-104.965957,39.768159],[-104.959756,39.768163],[-104.959763,39.762],[-104.965965,39.762002],[-104.965957,39.768159]]]}},{"type":"Feature","properties":{"precinct":"804","precinct_code":"1330816804","cong":"1","senate":"33","house":"8","council":"9","rtd":"C","school_board":"5","neighborhood":"Clayton","active":1365,"inactive":208,"registered":1573},"geometry":{"type":"Polygon","coordinates":[[[-104.959763,39.762],[-104.95974,39.771924],[-104.959666,39.772217],[-104.959411,39.772902],[-104.95718,39.772923],[-104.949834,39.772913],[-104.949885,39.772585],[-104.9499,39.771083],[-104.949924,39.761962],[-104.959763,39.762]]]}},{"type":"Feature","properties":{"precinct":"805","precinct_code":"1330816805","cong":"1","senate":"33","house":"8","council":"9","rtd":"C","school_board":"5","neighborhood":"Clayton","active":1428,"inactive":219,"registered":1647},"geometry":{"type":"Polygon","coordinates":[[[-104.949834,39.772913],[-104.940627,39.772886],[-104.940617,39.769191],[-104.940635,39.765801],[-104.940669,39.764482],[-104.940668,39.761956],[-104.941359,39.761909],[-104.942466,39.761756],[-104.942921,39.761723],[-104.943298,39.761725],[-104.943735,39.761763],[-104.944572,39.7619],[-104.945037,39.761938],[-104.949924,39.761962],[-104.9499,39.771083],[-104.949885,39.772585],[-104.949834,39.772913]]]}},{"type":"Feature","properties":{"precinct":"806","precinct_code":"1330816806","cong":"1","senate":"33","house":"8","council":"8","rtd":"B","school_board":"4","neighborhood":"Northeast Park Hill","active":1860,"inactive":478,"registered":2338},"geometry":{"type":"Polygon","coordinates":[[[-104.940627,39.772886],[-104.940495,39.772887],[-104.940487,39.773954],[-104.940553,39.777935],[-104.940505,39.780644],[-104.940447,39.781991],[-104.94042,39.785533],[-104.940347,39.788802],[-104.940334,39.789112],[-104.940184,39.78991],[-104.939898,39.790984],[-104.931656,39.791025],[-104.931618,39.788962],[-104.931632,39.783436],[-104.931698,39.77648],[-104.931735,39.775937],[-104.931755,39.77485],[-104.931745,39.769223],[-104.928183,39.76923],[-104.928188,39.765604],[-104.929383,39.7656],[-104.929386,39.763915],[-104.929357,39.763806],[-104.929269,39.76379],[-104.927601,39.763791],[-104.927604,39.762014],[-104.939537,39.762007],[-104.940668,39.761956],[-104.940669,39.764482],[-104.940635,39.765801],[-104.940617,39.769191],[-104.940627,39.772886]]]}},{"type":"Feature","properties":{"precinct":"807","precinct_code":"1330816807","cong":"1","senate":"33","house":"8","council":"8","rtd":"B","school_board":"4","neighborhood":"Northeast Park Hill","active":1850,"inactive":425,"registered":2275},"geometry":{"type":"Polygon","coordinates":[[[-104.931656,39.791025],[-104.92696,39.791047],[-104.926991,39.783784],[-104.912884,39.783828],[-104.912898,39.775383],[-104.912876,39.774735],[-104.912708,39.773143],[-104.916835,39.773697],[-104.91762,39.77383],[-104.917618,39.765643],[-104.916409,39.765645],[-104.916386,39.762006],[-104.927604,39.762014],[-104.927601,39.763791],[-104.929269,39.76379],[-104.929357,39.763806],[-104.929386,39.763915],[-104.929383,39.7656],[-104.928188,39.765604],[-104.928183,39.76923],[-104.931745,39.769223],[-104.931755,39.77485],[-104.931735,39.775937],[-104.931698,39.77648],[-104.931632,39.783436],[-104.931618,39.788962],[-104.931656,39.791025]]]}},{"type":"Feature","properties":{"precinct":"808","precinct_code":"1330816808","cong":"1","senate":"33","house":"8","council":"8","rtd":"B","school_board":"4","neighborhood":"Northeast Park Hill","active":1995,"inactive":436,"registered":2431},"geometry":{"type":"Polygon","coordinates":[[[-104.912884,39.783828],[-104.903448,39.78383],[-104.903449,39.783897],[-104.903263,39.783626],[-104.903167,39.783546],[-104.903078,39.783154],[-104.902983,39.782955],[-104.903545,39.782844],[-104.90355,39.781019],[-104.903349,39.780184],[-104.903076,39.780653],[-104.902634,39.781112],[-104.902877,39.780795],[-104.903143,39.780392],[-104.903437,39.779759],[-104.903503,39.779536],[-104.90356,39.779162],[-104.903581,39.778668],[-104.903571,39.777449],[-104.903507,39.777401],[-104.903575,39.777319],[-104.903594,39.775237],[-104.903667,39.774742],[-104.903652,39.774491],[-104.903522,39.773577],[-104.90351,39.77332],[-104.903505,39.769285],[-104.903527,39.7682],[-104.903468,39.768055],[-104.903439,39.763844],[-104.903449,39.761992],[-104.912439,39.761982],[-104.912861,39.762004],[-104.916386,39.762006],[-104.916409,39.765645],[-104.917618,39.765643],[-104.91762,39.77383],[-104.916835,39.773697],[-104.912708,39.773143],[-104.912876,39.774735],[-104.912898,39.775383],[-104.912884,39.783828]]]}},{"type":"Feature","properties":{"precinct":"809","precinct_code":"1330816809","cong":"1","senate":"33","house":"8","council":"8","rtd":"B","school_board":"4","neighborhood":"Central Park","active":2553,"inactive":568,"registered":3121},"geometry":{"type":"Polygon","coordinates":[[[-104.865911,39.782443],[-104.865897,39.775643],[-104.865753,39.775631],[-104.865754,39.773972],[-104.865825,39.77294],[-104.865801,39.768512],[-104.874171,39.76909],[-104.887816,39.770173],[-104.889345,39.769365],[-104.889674,39.769115],[-104.88989,39.768864],[-104.890104,39.768537],[-104.890239,39.768266],[-104.890297,39.768071],[-104.890338,39.767779],[-104.890313,39.767203],[-104.890324,39.765229],[-104.89037,39.76523],[-104.890342,39.761376],[-104.890322,39.761199],[-104.890211,39.760778],[-104.89019,39.760604],[-104.890201,39.760298],[-104.891485,39.760272],[-104.891972,39.760201],[-104.892575,39.760182],[-104.898877,39.760226],[-104.899641,39.760447],[-104.900188,39.760826],[-104.900616,39.761297],[-104.90082,39.761476],[-104.901085,39.761649],[-104.901417,39.761801],[-104.901625,39.761868],[-104.901973,39.761922],[-104.903106,39.761994],[-104.903449,39.761992],[-104.903439,39.763844],[-104.903468,39.768055],[-104.903527,39.7682],[-104.903505,39.769285],[-104.90351,39.77332],[-104.903522,39.773577],[-104.903652,39.774491],[-104.903667,39.774742],[-104.903594,39.775237],[-104.903575,39.777319],[-104.903507,39.777401],[-104.903571,39.777449],[-104.903581,39.778668],[-104.90356,39.779162],[-104.903503,39.779536],[-104.903437,39.779759],[-104.903143,39.780392],[-104.902877,39.780795],[-104.902634,39.781112],[-104.903076,39.780653],[-104.903349,39.780184],[-104.90355,39.781019],[-104.903545,39.782844],[-104.902983,39.782955],[-104.903078,39.783154],[-104.903167,39.783546],[-104.903263,39.783626],[-104.903449,39.783897],[-104.903448,39.78383],[-104.903521,39.783831],[-104.903532,39.787313],[-104.903231,39.786931],[-104.900762,39.783326],[-104.900356,39.783681],[-104.899959,39.784182],[-104.899798,39.784586],[-104.899721,39.784928],[-104.899736,39.785393],[-104.89981,39.785573],[-104.899753,39.785583],[-104.899464,39.785613],[-104.89758,39.785585],[-104.897608,39.78566],[-104.893476,39.785631],[-104.893094,39.785668],[-104.892384,39.785825],[-104.891889,39.785871],[-104.891412,39.785831],[-104.891152,39.785787],[-104.890783,39.785686],[-104.890305,39.785625],[-104.884656,39.785586],[-104.883644,39.785724],[-104.882461,39.785734],[-104.881999,39.785711],[-104.881582,39.785644],[-104.881281,39.785559],[-104.880895,39.785361],[-104.880622,39.785154],[-104.878483,39.78303],[-104.878307,39.782901],[-104.878082,39.782778],[-104.877718,39.782635],[-104.877447,39.782566],[-104.877176,39.782528],[-104.876518,39.782507],[-104.876264,39.782575],[-104.874763,39.782545],[-104.868035,39.78253],[-104.86678,39.782434],[-104.865911,39.782443]]]}},{"type":"Feature","properties":{"precinct":"810","precinct_code":"1330816810","cong":"1","senate":"33","house":"8","council":"8","rtd":"B","school_board":"4","neighborhood":"Central Park","active":1602,"inactive":112,"registered":1714},"geometry":{"type":"Polygon","coordinates":[[[-104.87241,39.7601],[-104.888314,39.76016],[-104.888868,39.760176],[-104.889582,39.760275],[-104.890201,39.760298],[-104.89019,39.760604],[-104.890211,39.760778],[-104.890322,39.761199],[-104.890342,39.761376],[-104.89037,39.76523],[-104.890324,39.765229],[-104.890313,39.767203],[-104.890338,39.767779],[-104.890297,39.768071],[-104.8902,39.768355],[-104.890043,39.768636],[-104.889799,39.768983],[-104.889674,39.769115],[-104.889345,39.769365],[-104.887816,39.770173],[-104.874171,39.76909],[-104.865801,39.768512],[-104.865796,39.765593],[-104.865867,39.764406],[-104.865859,39.762786],[-104.865836,39.762335],[-104.866333,39.762345],[-104.866645,39.762397],[-104.870889,39.763626],[-104.871128,39.763741],[-104.871351,39.763903],[-104.872124,39.764728],[-104.872362,39.764883],[-104.872656,39.765003],[-104.873085,39.765079],[-104.874509,39.765089],[-104.874526,39.762976],[-104.874488,39.762674],[-104.874392,39.762367],[-104.874244,39.762081],[-104.874059,39.761828],[-104.873818,39.761584],[-104.873557,39.761382],[-104.873303,39.761229],[-104.873027,39.761105],[-104.872694,39.761009],[-104.872354,39.760963],[-104.872404,39.760593],[-104.87241,39.7601]]]}},{"type":"Feature","properties":{"precinct":"811","precinct_code":"1330816811","cong":"1","senate":"33","house":"8","council":"9","rtd":"C","school_board":"5","neighborhood":"Five Points","active":1409,"inactive":2199,"registered":3608},"geometry":{"type":"Polygon","coordinates":[[[-104.98737,39.757015],[-104.984138,39.75951],[-104.981533,39.757478],[-104.979779,39.75615],[-104.984622,39.752401],[-104.987214,39.754362],[-104.987387,39.754429],[-104.987399,39.756396],[-104.98737,39.757015]]]}},{"type":"Feature","properties":{"precinct":"812","precinct_code":"1330816812","cong":"1","senate":"33","house":"8","council":"9","rtd":"C","school_board":"5","neighborhood":"Five Points","active":1575,"inactive":368,"registered":1943},"geometry":{"type":"Polygon","coordinates":[[[-104.979779,39.75615],[-104.981533,39.757478],[-104.984138,39.75951],[-104.979304,39.763225],[-104.978112,39.764175],[-104.973429,39.767799],[-104.973348,39.767928],[-104.973362,39.766502],[-104.973329,39.765774],[-104.973361,39.76116],[-104.973335,39.759516],[-104.973533,39.759524],[-104.973707,39.75948],[-104.973841,39.759402],[-104.975295,39.758269],[-104.976157,39.758945],[-104.979779,39.75615]]]}},{"type":"Feature","properties":{"precinct":"813","precinct_code":"1310816813","cong":"1","senate":"31","house":"8","council":"9","rtd":"C","school_board":"3","neighborhood":"Five Points","active":1492,"inactive":895,"registered":2387},"geometry":{"type":"Polygon","coordinates":[[[-104.98741,39.747366],[-104.987394,39.751589],[-104.987424,39.752791],[-104.987387,39.754429],[-104.987236,39.754378],[-104.986371,39.753733],[-104.982897,39.751076],[-104.982024,39.750368],[-104.981103,39.749719],[-104.979491,39.748426],[-104.978188,39.747509],[-104.978374,39.747537],[-104.983947,39.747567],[-104.984949,39.747554],[-104.985386,39.747574],[-104.985584,39.747605],[-104.985686,39.747536],[-104.987212,39.747531],[-104.98741,39.747366]]]}},{"type":"Feature","properties":{"precinct":"814","precinct_code":"1330816814","cong":"1","senate":"33","house":"8","council":"9","rtd":"C","school_board":"4","neighborhood":"Five Points","active":1642,"inactive":516,"registered":2158},"geometry":{"type":"Polygon","coordinates":[[[-104.978188,39.747509],[-104.979491,39.748426],[-104.981103,39.749719],[-104.982024,39.750368],[-104.982897,39.751076],[-104.984622,39.752401],[-104.976157,39.758945],[-104.975295,39.758269],[-104.973841,39.759402],[-104.973707,39.75948],[-104.973533,39.759524],[-104.973335,39.759516],[-104.973373,39.756993],[-104.973369,39.754556],[-104.973766,39.754625],[-104.97757,39.754635],[-104.97787,39.754676],[-104.978059,39.754798],[-104.978129,39.754581],[-104.978148,39.754031],[-104.978161,39.75325],[-104.978131,39.750745],[-104.978188,39.747509]]]}},{"type":"Feature","properties":{"precinct":"815","precinct_code":"1310816815","cong":"1","senate":"31","house":"8","council":"9","rtd":"C","school_board":"4","neighborhood":"Five Points","active":1256,"inactive":267,"registered":1523},"geometry":{"type":"Polygon","coordinates":[[[-104.974787,39.744843],[-104.976497,39.746188],[-104.977554,39.746972],[-104.978188,39.747509],[-104.978131,39.750745],[-104.978161,39.75325],[-104.978148,39.754031],[-104.978129,39.754581],[-104.978059,39.754798],[-104.97787,39.754676],[-104.97757,39.754635],[-104.973766,39.754625],[-104.973369,39.754556],[-104.973367,39.748369],[-104.973345,39.747928],[-104.972996,39.747788],[-104.972949,39.747825],[-104.972617,39.7476],[-104.97239,39.74739],[-104.972282,39.74723],[-104.972192,39.746927],[-104.972103,39.746761],[-104.972042,39.74658],[-104.971992,39.746255],[-104.972044,39.746047],[-104.972181,39.745782],[-104.972552,39.745493],[-104.973395,39.745095],[-104.973393,39.743788],[-104.974787,39.744843]]]}},{"type":"Feature","properties":{"precinct":"816","precinct_code":"1330816816","cong":"1","senate":"33","house":"8","council":"9","rtd":"C","school_board":"4","neighborhood":"Whittier","active":1849,"inactive":279,"registered":2128},"geometry":{"type":"Polygon","coordinates":[[[-104.97335,39.762056],[-104.972723,39.762017],[-104.97089,39.762008],[-104.959763,39.762],[-104.959769,39.75574],[-104.965964,39.755742],[-104.965969,39.754494],[-104.969657,39.754493],[-104.969673,39.756997],[-104.973373,39.756993],[-104.973335,39.759516],[-104.973361,39.76116],[-104.97335,39.762056]]]}},{"type":"Feature","properties":{"precinct":"817","precinct_code":"1330816817","cong":"1","senate":"33","house":"8","council":"9","rtd":"C","school_board":"4","neighborhood":"Whittier","active":1715,"inactive":276,"registered":1991},"geometry":{"type":"Polygon","coordinates":[[[-104.973368,39.750732],[-104.973373,39.756993],[-104.969673,39.756997],[-104.969657,39.754493],[-104.965969,39.754494],[-104.965964,39.755742],[-104.959769,39.75574],[-104.959777,39.750726],[-104.973368,39.750732]]]}},{"type":"Feature","properties":{"precinct":"818","precinct_code":"1330816818","cong":"1","senate":"33","house":"8","council":"9","rtd":"C","school_board":"4","neighborhood":"Skyland","active":1337,"inactive":205,"registered":1542},"geometry":{"type":"Polygon","coordinates":[[[-104.959763,39.762],[-104.954773,39.761995],[-104.948933,39.761944],[-104.945037,39.761938],[-104.944572,39.7619],[-104.943735,39.761763],[-104.943298,39.761725],[-104.942921,39.761723],[-104.942466,39.761756],[-104.941359,39.761909],[-104.940506,39.761968],[-104.940518,39.758304],[-104.94109,39.758303],[-104.941549,39.758204],[-104.9418,39.7582],[-104.950948,39.758235],[-104.959773,39.758238],[-104.959763,39.762]]]}},{"type":"Feature","properties":{"precinct":"819","precinct_code":"1330816819","cong":"1","senate":"33","house":"8","council":"9","rtd":"C","school_board":"4","neighborhood":"Skyland","active":1358,"inactive":221,"registered":1579},"geometry":{"type":"Polygon","coordinates":[[[-104.959771,39.749464],[-104.959773,39.758238],[-104.950948,39.758235],[-104.9418,39.7582],[-104.941549,39.758204],[-104.94109,39.758303],[-104.940518,39.758304],[-104.940518,39.754673],[-104.940557,39.754429],[-104.94059,39.752848],[-104.940603,39.747399],[-104.94065,39.746134],[-104.940663,39.743761],[-104.954784,39.743819],[-104.956849,39.743804],[-104.958215,39.743831],[-104.958746,39.743955],[-104.958941,39.744056],[-104.959092,39.744157],[-104.959427,39.744567],[-104.959618,39.74471],[-104.9598,39.744776],[-104.959771,39.749464]]]}},{"type":"Feature","properties":{"precinct":"820","precinct_code":"1330816820","cong":"1","senate":"33","house":"8","council":"9","rtd":"B","school_board":"4","neighborhood":"North Park Hill","active":1521,"inactive":168,"registered":1689},"geometry":{"type":"Polygon","coordinates":[[[-104.940518,39.756512],[-104.940506,39.761968],[-104.939537,39.762007],[-104.925826,39.762019],[-104.925781,39.761866],[-104.927009,39.761859],[-104.927019,39.756569],[-104.931677,39.756556],[-104.931728,39.756512],[-104.932822,39.756505],[-104.939435,39.756495],[-104.940518,39.756512]]]}},{"type":"Feature","properties":{"precinct":"821","precinct_code":"1330816821","cong":"1","senate":"33","house":"8","council":"9","rtd":"B","school_board":"4","neighborhood":"North Park Hill","active":1437,"inactive":134,"registered":1571},"geometry":{"type":"Polygon","coordinates":[[[-104.927009,39.761859],[-104.925779,39.761857],[-104.925826,39.762019],[-104.912861,39.762004],[-104.912858,39.758394],[-104.9128,39.757853],[-104.912844,39.756591],[-104.927019,39.756569],[-104.927009,39.761859]]]}},{"type":"Feature","properties":{"precinct":"822","precinct_code":"1330816822","cong":"1","senate":"33","house":"8","council":"9","rtd":"B","school_board":"4","neighborhood":"North Park Hill","active":1733,"inactive":131,"registered":1864},"geometry":{"type":"Polygon","coordinates":[[[-104.940518,39.756512],[-104.939435,39.756495],[-104.932822,39.756505],[-104.931728,39.756512],[-104.931677,39.756556],[-104.928248,39.756567],[-104.928251,39.754694],[-104.928169,39.754644],[-104.928171,39.751071],[-104.94059,39.751045],[-104.94059,39.752848],[-104.940557,39.754429],[-104.940518,39.754673],[-104.940518,39.756512]]]}},{"type":"Feature","properties":{"precinct":"823","precinct_code":"1330816823","cong":"1","senate":"33","house":"8","council":"9","rtd":"B","school_board":"4","neighborhood":"North Park Hill","active":1518,"inactive":142,"registered":1660},"geometry":{"type":"Polygon","coordinates":[[[-104.928248,39.756567],[-104.912844,39.756591],[-104.91279,39.755393],[-104.912844,39.75419],[-104.912784,39.753473],[-104.912766,39.752901],[-104.912779,39.752472],[-104.912854,39.751583],[-104.912859,39.751089],[-104.928171,39.751071],[-104.928169,39.754644],[-104.928251,39.754694],[-104.928248,39.756567]]]}},{"type":"Feature","properties":{"precinct":"824","precinct_code":"1330816824","cong":"1","senate":"33","house":"8","council":"8","rtd":"B","school_board":"4","neighborhood":"North Park Hill","active":1682,"inactive":228,"registered":1910},"geometry":{"type":"Polygon","coordinates":[[[-104.912844,39.756591],[-104.9128,39.757853],[-104.912858,39.758394],[-104.912861,39.762004],[-104.912439,39.761982],[-104.903449,39.761992],[-104.903469,39.758418],[-104.903404,39.758023],[-104.903438,39.751025],[-104.912142,39.751017],[-104.912859,39.751089],[-104.912854,39.751583],[-104.912779,39.752472],[-104.912766,39.752901],[-104.912784,39.753473],[-104.912844,39.75419],[-104.91279,39.755393],[-104.912844,39.756591]]]}},{"type":"Feature","properties":{"precinct":"825","precinct_code":"1330816825","cong":"1","senate":"33","house":"8","council":"8","rtd":"B","school_board":"4","neighborhood":"Central Park","active":1371,"inactive":334,"registered":1705},"geometry":{"type":"Polygon","coordinates":[[[-104.903413,39.754739],[-104.903404,39.758023],[-104.903469,39.758418],[-104.903449,39.761992],[-104.903106,39.761994],[-104.901973,39.761922],[-104.901625,39.761868],[-104.901417,39.761801],[-104.901085,39.761649],[-104.90082,39.761476],[-104.900616,39.761297],[-104.900188,39.760826],[-104.899641,39.760447],[-104.898877,39.760226],[-104.892575,39.760182],[-104.891972,39.760201],[-104.891485,39.760272],[-104.890201,39.760298],[-104.890217,39.759774],[-104.890383,39.758991],[-104.890383,39.758118],[-104.898491,39.75816],[-104.898469,39.758042],[-104.898483,39.757955],[-104.898604,39.75779],[-104.898757,39.757709],[-104.898972,39.757698],[-104.899021,39.754722],[-104.900554,39.754748],[-104.903413,39.754739]]]}},{"type":"Feature","properties":{"precinct":"826","precinct_code":"1330816826","cong":"1","senate":"33","house":"8","council":"8","rtd":"B","school_board":"4","neighborhood":"Central Park","active":1424,"inactive":177,"registered":1601},"geometry":{"type":"Polygon","coordinates":[[[-104.903413,39.754739],[-104.900554,39.754748],[-104.899021,39.754722],[-104.898972,39.757698],[-104.898757,39.757709],[-104.898604,39.75779],[-104.898483,39.757955],[-104.898469,39.758042],[-104.898491,39.75816],[-104.890383,39.758118],[-104.890432,39.753826],[-104.891473,39.753824],[-104.891937,39.753792],[-104.89262,39.753687],[-104.893264,39.75352],[-104.89372,39.753357],[-104.894262,39.753107],[-104.895589,39.752345],[-104.895844,39.752154],[-104.896083,39.75187],[-104.896216,39.751581],[-104.896261,39.751327],[-104.896258,39.750742],[-104.896288,39.750599],[-104.896376,39.750407],[-104.896541,39.750229],[-104.896895,39.75],[-104.897158,39.749772],[-104.897335,39.749545],[-104.897466,39.749281],[-104.897523,39.749068],[-104.89754,39.748899],[-104.897551,39.747618],[-104.897571,39.747453],[-104.898759,39.747451],[-104.898727,39.751025],[-104.903438,39.751025],[-104.903413,39.754739]]]}},{"type":"Feature","properties":{"precinct":"827","precinct_code":"1330816827","cong":"1","senate":"33","house":"8","council":"8","rtd":"B","school_board":"4","neighborhood":"Central Park","active":2040,"inactive":196,"registered":2236},"geometry":{"type":"Polygon","coordinates":[[[-104.891473,39.753824],[-104.890111,39.75382],[-104.889286,39.75369],[-104.888765,39.753669],[-104.888098,39.753716],[-104.887163,39.753864],[-104.886761,39.753892],[-104.886314,39.753891],[-104.885833,39.753852],[-104.884829,39.753687],[-104.884081,39.753609],[-104.883153,39.753583],[-104.882375,39.753621],[-104.881748,39.753692],[-104.881215,39.753781],[-104.880863,39.753783],[-104.880855,39.754633],[-104.880402,39.754632],[-104.879945,39.754664],[-104.879951,39.74746],[-104.885184,39.747476],[-104.897571,39.747453],[-104.897551,39.747618],[-104.89754,39.748899],[-104.897523,39.749068],[-104.897466,39.749281],[-104.897335,39.749545],[-104.897158,39.749772],[-104.896895,39.75],[-104.896541,39.750229],[-104.896376,39.750407],[-104.896288,39.750599],[-104.896258,39.750742],[-104.896261,39.751327],[-104.896216,39.751581],[-104.896083,39.75187],[-104.895844,39.752154],[-104.895589,39.752345],[-104.894262,39.753107],[-104.89372,39.753357],[-104.893264,39.75352],[-104.89262,39.753687],[-104.891937,39.753792],[-104.891473,39.753824]]]}},{"type":"Feature","properties":{"precinct":"828","precinct_code":"1330816828","cong":"1","senate":"33","house":"8","council":"8","rtd":"B","school_board":"4","neighborhood":"Central Park","active":1618,"inactive":146,"registered":1764},"geometry":{"type":"Polygon","coordinates":[[[-104.890432,39.753826],[-104.890383,39.758991],[-104.890217,39.759774],[-104.890201,39.760298],[-104.889582,39.760275],[-104.888868,39.760176],[-104.888314,39.76016],[-104.878803,39.760126],[-104.878805,39.759789],[-104.878843,39.759588],[-104.878933,39.759284],[-104.879093,39.758924],[-104.879378,39.758489],[-104.879896,39.757893],[-104.880212,39.757478],[-104.880458,39.757059],[-104.880658,39.756586],[-104.880784,39.756117],[-104.880841,39.755669],[-104.880863,39.753783],[-104.881215,39.753781],[-104.881748,39.753692],[-104.882375,39.753621],[-104.883425,39.753582],[-104.884525,39.753649],[-104.885754,39.753842],[-104.886314,39.753891],[-104.886761,39.753892],[-104.887163,39.753864],[-104.888098,39.753716],[-104.888765,39.753669],[-104.889286,39.75369],[-104.890111,39.75382],[-104.890432,39.753826]]]}},{"type":"Feature","properties":{"precinct":"829","precinct_code":"1330816829","cong":"1","senate":"33","house":"8","council":"8","rtd":"B","school_board":"4","neighborhood":"Central Park","active":1749,"inactive":160,"registered":1909},"geometry":{"type":"Polygon","coordinates":[[[-104.870581,39.754754],[-104.879945,39.754752],[-104.879945,39.754664],[-104.880402,39.754632],[-104.880855,39.754633],[-104.880832,39.755785],[-104.880751,39.756268],[-104.880618,39.756697],[-104.880421,39.757131],[-104.880166,39.757546],[-104.879896,39.757893],[-104.879378,39.758489],[-104.879093,39.758924],[-104.878933,39.759284],[-104.878843,39.759588],[-104.878805,39.759789],[-104.878803,39.760126],[-104.87241,39.7601],[-104.872404,39.760593],[-104.872354,39.760963],[-104.872694,39.761009],[-104.873027,39.761105],[-104.873303,39.761229],[-104.873557,39.761382],[-104.873818,39.761584],[-104.874059,39.761828],[-104.874244,39.762081],[-104.874392,39.762367],[-104.874488,39.762674],[-104.874526,39.762976],[-104.874509,39.765089],[-104.873085,39.765079],[-104.872656,39.765003],[-104.872362,39.764883],[-104.872124,39.764728],[-104.871351,39.763903],[-104.871128,39.763741],[-104.870889,39.763626],[-104.866645,39.762397],[-104.866333,39.762345],[-104.865836,39.762335],[-104.865876,39.758855],[-104.867927,39.758867],[-104.868281,39.758914],[-104.868549,39.758999],[-104.868785,39.75912],[-104.868987,39.759273],[-104.869279,39.759574],[-104.869643,39.759793],[-104.870027,39.759906],[-104.870537,39.759939],[-104.870581,39.754754]]]}},{"type":"Feature","properties":{"precinct":"830","precinct_code":"1330816830","cong":"1","senate":"33","house":"8","council":"8","rtd":"B","school_board":"4","neighborhood":"Central Park","active":1809,"inactive":253,"registered":2062},"geometry":{"type":"Polygon","coordinates":[[[-104.865796,39.765593],[-104.865825,39.77294],[-104.865754,39.773972],[-104.865753,39.775631],[-104.828174,39.772384],[-104.828183,39.769166],[-104.832879,39.769181],[-104.83288,39.766375],[-104.833601,39.766548],[-104.835583,39.766925],[-104.8376,39.767168],[-104.856414,39.768577],[-104.856348,39.758139],[-104.855492,39.757818],[-104.854983,39.75794],[-104.854838,39.757861],[-104.854324,39.758083],[-104.853458,39.757649],[-104.852981,39.757509],[-104.852029,39.75735],[-104.850788,39.756779],[-104.848229,39.756442],[-104.848023,39.755475],[-104.847749,39.755271],[-104.846879,39.755241],[-104.846874,39.754732],[-104.870581,39.754754],[-104.870537,39.759939],[-104.870027,39.759906],[-104.869643,39.759793],[-104.869279,39.759574],[-104.868987,39.759273],[-104.868785,39.75912],[-104.868549,39.758999],[-104.868281,39.758914],[-104.867927,39.758867],[-104.865876,39.758855],[-104.865836,39.762335],[-104.865859,39.762786],[-104.865867,39.764406],[-104.865796,39.765593]]]}},{"type":"Feature","properties":{"precinct":"831","precinct_code":"1310816831","cong":"1","senate":"31","house":"8","council":"10","rtd":"C","school_board":"4","neighborhood":"City Park West","active":1382,"inactive":234,"registered":1616},"geometry":{"type":"Polygon","coordinates":[[[-104.973368,39.750732],[-104.959777,39.750726],[-104.959794,39.746944],[-104.964768,39.746953],[-104.964765,39.744819],[-104.9734,39.744843],[-104.973395,39.745095],[-104.972552,39.745493],[-104.972181,39.745782],[-104.972044,39.746047],[-104.971992,39.746255],[-104.972042,39.74658],[-104.972103,39.746761],[-104.972192,39.746927],[-104.972282,39.74723],[-104.97239,39.74739],[-104.972617,39.7476],[-104.972949,39.747825],[-104.972996,39.747788],[-104.973345,39.747928],[-104.973367,39.748369],[-104.973368,39.750732]]]}},{"type":"Feature","properties":{"precinct":"832","precinct_code":"1310816832","cong":"1","senate":"31","house":"8","council":"10","rtd":"C","school_board":"4","neighborhood":"City Park West","active":1697,"inactive":733,"registered":2430},"geometry":{"type":"Polygon","coordinates":[[[-104.973104,39.740045],[-104.973358,39.740089],[-104.97342,39.740211],[-104.9734,39.744843],[-104.964765,39.744819],[-104.964776,39.740008],[-104.973104,39.740045]]]}},{"type":"Feature","properties":{"precinct":"833","precinct_code":"1310816833","cong":"1","senate":"31","house":"8","council":"10","rtd":"C","school_board":"4","neighborhood":"City Park West","active":1386,"inactive":416,"registered":1802},"geometry":{"type":"Polygon","coordinates":[[[-104.964776,39.740008],[-104.964768,39.746953],[-104.959794,39.746944],[-104.959792,39.739997],[-104.964776,39.740008]]]}},{"type":"Feature","properties":{"precinct":"834","precinct_code":"1310816834","cong":"1","senate":"31","house":"8","council":"10","rtd":"C","school_board":"4","neighborhood":"City Park","active":1204,"inactive":306,"registered":1510},"geometry":{"type":"Polygon","coordinates":[[[-104.959792,39.739997],[-104.9598,39.744776],[-104.959618,39.74471],[-104.959427,39.744567],[-104.959092,39.744157],[-104.958941,39.744056],[-104.958746,39.743955],[-104.958215,39.743831],[-104.956694,39.743802],[-104.954784,39.743819],[-104.951272,39.743803],[-104.951299,39.741993],[-104.951286,39.740178],[-104.957903,39.740215],[-104.958453,39.74017],[-104.959479,39.740016],[-104.959792,39.739997]]]}},{"type":"Feature","properties":{"precinct":"835","precinct_code":"1310816835","cong":"1","senate":"31","house":"8","council":"10","rtd":"C","school_board":"4","neighborhood":"City Park","active":1313,"inactive":183,"registered":1496},"geometry":{"type":"Polygon","coordinates":[[[-104.951286,39.740178],[-104.951299,39.741993],[-104.951272,39.743803],[-104.940806,39.743763],[-104.940754,39.74195],[-104.940754,39.740138],[-104.951286,39.740178]]]}},{"type":"Feature","properties":{"precinct":"836","precinct_code":"1330816836","cong":"1","senate":"33","house":"8","council":"9","rtd":"B","school_board":"3","neighborhood":"South Park Hill","active":1794,"inactive":139,"registered":1933},"geometry":{"type":"Polygon","coordinates":[[[-104.940806,39.743763],[-104.940663,39.743761],[-104.94065,39.746134],[-104.940603,39.747399],[-104.94059,39.751045],[-104.931711,39.751064],[-104.931713,39.747411],[-104.932068,39.747411],[-104.932095,39.744685],[-104.932097,39.740142],[-104.940754,39.740138],[-104.940754,39.74195],[-104.940806,39.743763]]]}},{"type":"Feature","properties":{"precinct":"837","precinct_code":"1330816837","cong":"1","senate":"33","house":"8","council":"9","rtd":"B","school_board":"3","neighborhood":"South Park Hill","active":1935,"inactive":152,"registered":2087},"geometry":{"type":"Polygon","coordinates":[[[-104.932097,39.740142],[-104.932095,39.744685],[-104.932068,39.747411],[-104.931713,39.747411],[-104.931711,39.751064],[-104.922293,39.751079],[-104.922289,39.741926],[-104.922267,39.740262],[-104.922331,39.740151],[-104.932097,39.740142]]]}},{"type":"Feature","properties":{"precinct":"838","precinct_code":"1330816838","cong":"1","senate":"33","house":"8","council":"9","rtd":"B","school_board":"3","neighborhood":"South Park Hill","active":1808,"inactive":116,"registered":1924},"geometry":{"type":"Polygon","coordinates":[[[-104.922331,39.740151],[-104.922267,39.740262],[-104.922289,39.741926],[-104.922293,39.751079],[-104.912859,39.751089],[-104.912857,39.748366],[-104.912823,39.747439],[-104.912813,39.740163],[-104.922331,39.740151]]]}},{"type":"Feature","properties":{"precinct":"839","precinct_code":"1330816839","cong":"1","senate":"33","house":"8","council":"8","rtd":"B","school_board":"3","neighborhood":"South Park Hill","active":1350,"inactive":160,"registered":1510},"geometry":{"type":"Polygon","coordinates":[[[-104.903465,39.740154],[-104.912813,39.740163],[-104.912823,39.747439],[-104.912857,39.748366],[-104.912859,39.751089],[-104.912142,39.751017],[-104.903438,39.751025],[-104.903474,39.745624],[-104.903465,39.740154]]]}},{"type":"Feature","properties":{"precinct":"840","precinct_code":"1310816840","cong":"1","senate":"31","house":"8","council":"8","rtd":"B","school_board":"3","neighborhood":"East Colfax","active":1169,"inactive":236,"registered":1405},"geometry":{"type":"Polygon","coordinates":[[[-104.903465,39.740154],[-104.903474,39.745624],[-104.903438,39.751025],[-104.898727,39.751025],[-104.898759,39.747451],[-104.894025,39.747466],[-104.894037,39.745632],[-104.896391,39.74563],[-104.896389,39.740265],[-104.89643,39.740166],[-104.903465,39.740154]]]}},{"type":"Feature","properties":{"precinct":"841","precinct_code":"1310816841","cong":"1","senate":"31","house":"8","council":"8","rtd":"B","school_board":"3","neighborhood":"East Colfax","active":1331,"inactive":284,"registered":1615},"geometry":{"type":"Polygon","coordinates":[[[-104.884659,39.740165],[-104.89643,39.740166],[-104.896389,39.740265],[-104.896391,39.74563],[-104.894037,39.745632],[-104.894025,39.747466],[-104.884674,39.747476],[-104.884659,39.740165]]]}},{"type":"Feature","properties":{"precinct":"901","precinct_code":"1310916901","cong":"1","senate":"31","house":"9","council":"5","rtd":"A","school_board":"3","neighborhood":"Hilltop","active":1733,"inactive":138,"registered":1871},"geometry":{"type":"Polygon","coordinates":[[[-104.922273,39.717899],[-104.922261,39.721216],[-104.922295,39.721372],[-104.922329,39.721429],[-104.922711,39.721782],[-104.92279,39.721942],[-104.922801,39.722023],[-104.922809,39.72564],[-104.903418,39.725654],[-104.903504,39.725263],[-104.90353,39.724839],[-104.903547,39.722007],[-104.908183,39.722021],[-104.908182,39.7216],[-104.907826,39.721624],[-104.907836,39.718378],[-104.912791,39.718372],[-104.912705,39.718288],[-104.912706,39.7173],[-104.912858,39.717337],[-104.913518,39.717357],[-104.913606,39.717521],[-104.913694,39.717497],[-104.914664,39.717499],[-104.91541,39.717434],[-104.915524,39.717695],[-104.915643,39.717873],[-104.915846,39.718076],[-104.916072,39.718218],[-104.916448,39.718061],[-104.916737,39.71797],[-104.917085,39.717888],[-104.917446,39.717842],[-104.921485,39.717846],[-104.921485,39.717904],[-104.922273,39.717899]]]}},{"type":"Feature","properties":{"precinct":"902","precinct_code":"1310916902","cong":"1","senate":"31","house":"9","council":"5","rtd":"A","school_board":"3","neighborhood":"Hilltop","active":1289,"inactive":309,"registered":1598},"geometry":{"type":"Polygon","coordinates":[[[-104.922273,39.717899],[-104.921485,39.717904],[-104.921485,39.717846],[-104.917446,39.717842],[-104.917085,39.717888],[-104.916737,39.71797],[-104.916448,39.718061],[-104.916072,39.718218],[-104.915846,39.718076],[-104.915643,39.717873],[-104.915524,39.717695],[-104.91541,39.717434],[-104.914664,39.717499],[-104.913694,39.717497],[-104.913606,39.717521],[-104.913518,39.717357],[-104.912858,39.717337],[-104.912706,39.7173],[-104.912704,39.714803],[-104.907905,39.714803],[-104.90762,39.714585],[-104.908911,39.713021],[-104.909011,39.712959],[-104.909253,39.712671],[-104.909236,39.71259],[-104.910207,39.711392],[-104.911143,39.71139],[-104.911134,39.711213],[-104.914136,39.711216],[-104.915294,39.711194],[-104.922299,39.711223],[-104.922273,39.717899]]]}},{"type":"Feature","properties":{"precinct":"903","precinct_code":"1310916903","cong":"1","senate":"31","house":"9","council":"5","rtd":"A","school_board":"3","neighborhood":"Lowry Field","active":1460,"inactive":267,"registered":1727},"geometry":{"type":"Polygon","coordinates":[[[-104.912704,39.714803],[-104.912705,39.718288],[-104.912791,39.718372],[-104.907836,39.718378],[-104.907826,39.721624],[-104.908182,39.7216],[-104.908183,39.722021],[-104.903547,39.722007],[-104.903556,39.719481],[-104.903577,39.719222],[-104.903695,39.718694],[-104.903716,39.717066],[-104.903684,39.714505],[-104.903659,39.714243],[-104.903464,39.713333],[-104.903448,39.712964],[-104.903448,39.712326],[-104.903505,39.71129],[-104.903655,39.711369],[-104.906481,39.711403],[-104.906484,39.711205],[-104.911134,39.711213],[-104.911143,39.71139],[-104.910207,39.711392],[-104.909236,39.71259],[-104.909253,39.712671],[-104.909011,39.712959],[-104.908911,39.713021],[-104.90762,39.714585],[-104.907905,39.714803],[-104.912704,39.714803]]]}},{"type":"Feature","properties":{"precinct":"904","precinct_code":"1320916904","cong":"1","senate":"32","house":"9","council":"5","rtd":"A","school_board":"3","neighborhood":"Washington Virginia Vale","active":1777,"inactive":160,"registered":1937},"geometry":{"type":"Polygon","coordinates":[[[-104.931684,39.711103],[-104.931657,39.711108],[-104.931661,39.711224],[-104.924635,39.711183],[-104.922299,39.711223],[-104.915294,39.711194],[-104.913028,39.711221],[-104.906484,39.711205],[-104.906481,39.711403],[-104.903655,39.711369],[-104.903505,39.71129],[-104.903512,39.703891],[-104.907634,39.703885],[-104.908222,39.703796],[-104.912731,39.703796],[-104.912886,39.70387],[-104.914721,39.70387],[-104.919844,39.706523],[-104.920502,39.706854],[-104.921,39.707043],[-104.923126,39.707471],[-104.924987,39.707756],[-104.929557,39.708589],[-104.930812,39.70887],[-104.931693,39.709135],[-104.931684,39.711103]]]}},{"type":"Feature","properties":{"precinct":"905","precinct_code":"1320916905","cong":"1","senate":"32","house":"9","council":"6","rtd":"A","school_board":"3","neighborhood":"Washington Virginia Vale","active":1532,"inactive":454,"registered":1986},"geometry":{"type":"Polygon","coordinates":[[[-104.92879,39.700235],[-104.93173,39.700221],[-104.93173,39.700326],[-104.932893,39.700312],[-104.932893,39.701329],[-104.934063,39.70132],[-104.934055,39.703767],[-104.933302,39.703779],[-104.932867,39.703623],[-104.932893,39.702056],[-104.931722,39.702065],[-104.931715,39.703866],[-104.927002,39.703866],[-104.926771,39.703836],[-104.926733,39.703889],[-104.924796,39.70386],[-104.921653,39.703873],[-104.92163,39.698761],[-104.921649,39.697332],[-104.921755,39.696967],[-104.922262,39.69591],[-104.923767,39.696813],[-104.924164,39.696749],[-104.927281,39.696739],[-104.927499,39.69673],[-104.927942,39.696652],[-104.928223,39.696643],[-104.928219,39.698432],[-104.928806,39.698427],[-104.92879,39.700235]],[[-104.929323,39.70128],[-104.928309,39.701282],[-104.928653,39.701621],[-104.929192,39.702051],[-104.929321,39.702045],[-104.929323,39.70128]]]}},{"type":"Feature","properties":{"precinct":"906","precinct_code":"1320916906","cong":"1","senate":"32","house":"9","council":"6","rtd":"A","school_board":"3","neighborhood":"Washington Virginia Vale","active":1930,"inactive":266,"registered":2196},"geometry":{"type":"Polygon","coordinates":[[[-104.927002,39.703866],[-104.926996,39.706708],[-104.928293,39.706698],[-104.928297,39.706794],[-104.929128,39.706795],[-104.92913,39.706419],[-104.929547,39.706421],[-104.929556,39.708519],[-104.926992,39.708061],[-104.926993,39.708121],[-104.924789,39.707722],[-104.923476,39.707532],[-104.921764,39.707212],[-104.921,39.707043],[-104.920502,39.706854],[-104.919844,39.706523],[-104.914721,39.70387],[-104.91295,39.70387],[-104.912904,39.702939],[-104.912899,39.698454],[-104.912953,39.696684],[-104.912952,39.696632],[-104.9129,39.696631],[-104.912899,39.690939],[-104.913602,39.691333],[-104.913817,39.691586],[-104.913989,39.691732],[-104.91442,39.691991],[-104.914823,39.692188],[-104.915087,39.692258],[-104.915466,39.692296],[-104.915839,39.692595],[-104.916256,39.692768],[-104.916504,39.693012],[-104.916871,39.693153],[-104.917183,39.693323],[-104.91737,39.693509],[-104.91749,39.693781],[-104.917534,39.693812],[-104.918103,39.693971],[-104.918211,39.694028],[-104.918878,39.694599],[-104.919318,39.694785],[-104.919893,39.695165],[-104.920353,39.695354],[-104.920721,39.695459],[-104.920818,39.695521],[-104.920964,39.695717],[-104.921294,39.696004],[-104.921492,39.696108],[-104.921766,39.696159],[-104.922099,39.696261],[-104.921902,39.696632],[-104.921721,39.697049],[-104.921645,39.697399],[-104.92163,39.698761],[-104.921653,39.703873],[-104.924796,39.70386],[-104.926733,39.703889],[-104.926771,39.703836],[-104.927002,39.703866]]]}},{"type":"Feature","properties":{"precinct":"907","precinct_code":"1320916907","cong":"1","senate":"32","house":"9","council":"5","rtd":"A","school_board":"3","neighborhood":"Washington Virginia Vale","active":1088,"inactive":332,"registered":1420},"geometry":{"type":"Polygon","coordinates":[[[-104.91295,39.70387],[-104.912886,39.70387],[-104.912731,39.703796],[-104.908222,39.703796],[-104.907634,39.703885],[-104.903512,39.703891],[-104.903555,39.698544],[-104.903519,39.698527],[-104.903518,39.696635],[-104.902418,39.695449],[-104.902727,39.695627],[-104.903057,39.69568],[-104.90566,39.695675],[-104.906168,39.695702],[-104.906413,39.695784],[-104.90662,39.695906],[-104.907397,39.696491],[-104.907567,39.696567],[-104.907938,39.696639],[-104.912952,39.696632],[-104.912899,39.698454],[-104.912896,39.700254],[-104.912904,39.702939],[-104.91295,39.70387]]]}},{"type":"Feature","properties":{"precinct":"908","precinct_code":"1320916908","cong":"1","senate":"32","house":"9","council":"6","rtd":"A","school_board":"3","neighborhood":"Washington Virginia Vale","active":1579,"inactive":376,"registered":1955},"geometry":{"type":"Polygon","coordinates":[[[-104.9129,39.696631],[-104.907938,39.696639],[-104.907567,39.696567],[-104.907397,39.696491],[-104.90662,39.695906],[-104.906413,39.695784],[-104.906168,39.695702],[-104.90566,39.695675],[-104.903057,39.69568],[-104.902727,39.695627],[-104.902418,39.695449],[-104.900114,39.692964],[-104.90352,39.692997],[-104.903522,39.689361],[-104.903548,39.687381],[-104.903525,39.687248],[-104.903497,39.685928],[-104.903513,39.685488],[-104.903721,39.685552],[-104.903865,39.685656],[-104.904066,39.685726],[-104.90418,39.68583],[-104.904505,39.685926],[-104.904702,39.686049],[-104.905075,39.686392],[-104.905196,39.68662],[-104.905246,39.686668],[-104.905403,39.686727],[-104.905554,39.686693],[-104.906011,39.686822],[-104.906048,39.686883],[-104.906029,39.686982],[-104.906085,39.687039],[-104.906365,39.687263],[-104.906747,39.68736],[-104.906822,39.687427],[-104.90705,39.687727],[-104.907252,39.687797],[-104.907765,39.687886],[-104.908782,39.688397],[-104.908865,39.688463],[-104.908972,39.688606],[-104.909058,39.688665],[-104.909232,39.688725],[-104.909455,39.688751],[-104.909523,39.688802],[-104.909606,39.68895],[-104.90964,39.689137],[-104.909693,39.689252],[-104.909786,39.689317],[-104.909912,39.689365],[-104.910125,39.689367],[-104.910495,39.689628],[-104.910937,39.689887],[-104.911281,39.69001],[-104.911394,39.690202],[-104.911476,39.69028],[-104.912023,39.690533],[-104.912426,39.690784],[-104.912599,39.69084],[-104.912728,39.690851],[-104.912899,39.690939],[-104.9129,39.696631]]]}},{"type":"Feature","properties":{"precinct":"909","precinct_code":"1320916909","cong":"1","senate":"32","house":"9","council":"6","rtd":"A","school_board":"1","neighborhood":"Virginia Village","active":1364,"inactive":602,"registered":1966},"geometry":{"type":"MultiPolygon","coordinates":[[[[-104.940643,39.694767],[-104.940564,39.694771],[-104.940565,39.695412],[-104.939521,39.69541],[-104.93952,39.694768],[-104.93627,39.694775],[-104.936279,39.696591],[-104.936434,39.69659],[-104.93643,39.69785],[-104.935916,39.697851],[-104.935922,39.696592],[-104.931745,39.696605],[-104.931736,39.691974],[-104.931707,39.68935],[-104.940559,39.68933],[-104.940572,39.69295],[-104.940643,39.694767]]],[[[-104.940739,39.697733],[-104.940038,39.69774],[-104.940036,39.697935],[-104.938573,39.697941],[-104.938574,39.696668],[-104.939563,39.696666],[-104.939564,39.696577],[-104.940622,39.696579],[-104.940736,39.697685],[-104.940739,39.697733]]]]}},{"type":"Feature","properties":{"precinct":"910","precinct_code":"1320916910","cong":"1","senate":"32","house":"9","council":"6","rtd":"A","school_board":"1","neighborhood":"Virginia Village","active":1717,"inactive":261,"registered":1978},"geometry":{"type":"MultiPolygon","coordinates":[[[[-104.931745,39.696605],[-104.928223,39.696613],[-104.928223,39.696643],[-104.927942,39.696652],[-104.927499,39.69673],[-104.924164,39.696749],[-104.923767,39.696813],[-104.922262,39.69591],[-104.922099,39.696261],[-104.921766,39.696159],[-104.921492,39.696108],[-104.921294,39.696004],[-104.920964,39.695717],[-104.920818,39.695521],[-104.920721,39.695459],[-104.920353,39.695354],[-104.919893,39.695165],[-104.919318,39.694785],[-104.918878,39.694599],[-104.918211,39.694028],[-104.918103,39.693971],[-104.917534,39.693812],[-104.91749,39.693781],[-104.91737,39.693509],[-104.917183,39.693323],[-104.916871,39.693153],[-104.916504,39.693012],[-104.916256,39.692768],[-104.915839,39.692595],[-104.915466,39.692296],[-104.915087,39.692258],[-104.914823,39.692188],[-104.91442,39.691991],[-104.913989,39.691732],[-104.913817,39.691586],[-104.913602,39.691333],[-104.912899,39.690939],[-104.912908,39.689369],[-104.931707,39.68935],[-104.931736,39.691974],[-104.931745,39.696605]]],[[[-104.934066,39.700176],[-104.93173,39.700178],[-104.931738,39.698431],[-104.934081,39.698408],[-104.934066,39.700176]]]]}},{"type":"Feature","properties":{"precinct":"911","precinct_code":"1320916911","cong":"1","senate":"32","house":"9","council":"6","rtd":"A","school_board":"1","neighborhood":"Virginia Village","active":1738,"inactive":409,"registered":2147},"geometry":{"type":"Polygon","coordinates":[[[-104.940559,39.68933],[-104.931707,39.68935],[-104.931667,39.680493],[-104.931614,39.680283],[-104.931605,39.679571],[-104.931626,39.678471],[-104.933987,39.678455],[-104.935237,39.679915],[-104.935589,39.680293],[-104.936215,39.680863],[-104.936669,39.681209],[-104.937786,39.681903],[-104.938247,39.682141],[-104.938775,39.682368],[-104.939478,39.68263],[-104.94043,39.682906],[-104.94041,39.683543],[-104.940549,39.684884],[-104.940605,39.685693],[-104.940566,39.687501],[-104.940559,39.68933]]]}},{"type":"Feature","properties":{"precinct":"912","precinct_code":"1320916912","cong":"1","senate":"32","house":"9","council":"6","rtd":"A","school_board":"1","neighborhood":"Virginia Village","active":1457,"inactive":227,"registered":1684},"geometry":{"type":"Polygon","coordinates":[[[-104.931707,39.68935],[-104.92235,39.68937],[-104.922329,39.686168],[-104.922247,39.684468],[-104.922244,39.6821],[-104.922277,39.681845],[-104.922281,39.681085],[-104.922276,39.67848],[-104.931626,39.678471],[-104.931605,39.679571],[-104.931614,39.680283],[-104.931667,39.680493],[-104.931707,39.68935]]]}},{"type":"Feature","properties":{"precinct":"913","precinct_code":"1320916913","cong":"1","senate":"32","house":"9","council":"6","rtd":"A","school_board":"1","neighborhood":"Virginia Village","active":1986,"inactive":172,"registered":2158},"geometry":{"type":"Polygon","coordinates":[[[-104.92235,39.68937],[-104.912908,39.689369],[-104.912899,39.690939],[-104.912728,39.690851],[-104.912599,39.69084],[-104.912426,39.690784],[-104.912023,39.690533],[-104.911476,39.69028],[-104.911394,39.690202],[-104.911281,39.69001],[-104.910937,39.689887],[-104.910495,39.689628],[-104.910125,39.689367],[-104.909912,39.689365],[-104.909786,39.689317],[-104.909693,39.689252],[-104.90964,39.689137],[-104.909606,39.68895],[-104.909523,39.688802],[-104.909455,39.688751],[-104.909232,39.688725],[-104.909058,39.688665],[-104.908972,39.688606],[-104.908865,39.688463],[-104.908782,39.688397],[-104.907765,39.687886],[-104.907252,39.687797],[-104.90705,39.687727],[-104.906822,39.687427],[-104.906747,39.68736],[-104.906365,39.687263],[-104.906085,39.687039],[-104.906029,39.686982],[-104.906048,39.686883],[-104.906011,39.686822],[-104.905554,39.686693],[-104.905403,39.686727],[-104.905246,39.686668],[-104.905196,39.68662],[-104.905075,39.686392],[-104.904702,39.686049],[-104.904505,39.685926],[-104.90418,39.68583],[-104.904066,39.685726],[-104.903865,39.685656],[-104.903721,39.685552],[-104.903513,39.685488],[-104.903524,39.684764],[-104.90509,39.685722],[-104.905173,39.685722],[-104.905167,39.683904],[-104.904613,39.683904],[-104.904613,39.683871],[-104.908217,39.68388],[-104.908211,39.682082],[-104.911926,39.682088],[-104.911915,39.679901],[-104.912238,39.67992],[-104.912704,39.680049],[-104.912819,39.680056],[-104.912813,39.679606],[-104.912749,39.679147],[-104.912915,39.679144],[-104.912902,39.678553],[-104.912822,39.67847],[-104.922276,39.67848],[-104.922281,39.681085],[-104.922277,39.681845],[-104.922244,39.6821],[-104.922247,39.684468],[-104.922329,39.686168],[-104.92235,39.68937]]]}},{"type":"Feature","properties":{"precinct":"914","precinct_code":"6320916914","cong":"6","senate":"32","house":"9","council":"6","rtd":"A","school_board":"1","neighborhood":"Virginia Village","active":345,"inactive":41,"registered":386},"geometry":{"type":"Polygon","coordinates":[[[-104.91093,39.682083],[-104.91093,39.6799],[-104.908213,39.679891],[-104.908217,39.68388],[-104.904613,39.683871],[-104.904601,39.68028],[-104.908105,39.680278],[-104.908104,39.679815],[-104.906992,39.679817],[-104.906994,39.678804],[-104.906126,39.678488],[-104.906263,39.678451],[-104.912822,39.67847],[-104.912902,39.678553],[-104.912915,39.679144],[-104.912749,39.679147],[-104.912813,39.679606],[-104.912819,39.680056],[-104.912704,39.680049],[-104.912238,39.67992],[-104.911915,39.679901],[-104.911926,39.682088],[-104.91093,39.682083]]]}},{"type":"Feature","properties":{"precinct":"915","precinct_code":"6320916915","cong":"6","senate":"32","house":"9","council":"6","rtd":"A","school_board":"1","neighborhood":"Indian Creek","active":460,"inactive":64,"registered":524},"geometry":{"type":"MultiPolygon","coordinates":[[[[-104.891535,39.685697],[-104.889339,39.685693],[-104.889328,39.68382],[-104.891443,39.685596],[-104.891535,39.685697]]],[[[-104.903524,39.684764],[-104.903497,39.685928],[-104.903525,39.687248],[-104.903548,39.687381],[-104.901451,39.687367],[-104.901196,39.687282],[-104.900394,39.686907],[-104.900075,39.686841],[-104.89702,39.686828],[-104.897018,39.68602],[-104.896591,39.684373],[-104.896593,39.683643],[-104.894051,39.683634],[-104.894067,39.678456],[-104.903541,39.678483],[-104.903524,39.684764]],[[-104.902681,39.68572],[-104.90116,39.684817],[-104.898793,39.68341],[-104.898796,39.685712],[-104.902681,39.68572]]]]}},{"type":"Feature","properties":{"precinct":"916","precinct_code":"1320916916","cong":"1","senate":"32","house":"9","council":"6","rtd":"A","school_board":"1","neighborhood":"Indian Creek","active":1162,"inactive":179,"registered":1341},"geometry":{"type":"Polygon","coordinates":[[[-104.903548,39.687381],[-104.903522,39.689361],[-104.898821,39.689347],[-104.898832,39.690732],[-104.898192,39.690735],[-104.898838,39.691436],[-104.898849,39.692965],[-104.894206,39.692985],[-104.894093,39.692902],[-104.894071,39.68644],[-104.894977,39.687438],[-104.89602,39.68688],[-104.896225,39.686831],[-104.900075,39.686841],[-104.900394,39.686907],[-104.901196,39.687282],[-104.901451,39.687367],[-104.903548,39.687381]]]}},{"type":"Feature","properties":{"precinct":"917","precinct_code":"1320916917","cong":"1","senate":"32","house":"9","council":"6","rtd":"A","school_board":"1","neighborhood":"Indian Creek","active":986,"inactive":224,"registered":1210},"geometry":{"type":"Polygon","coordinates":[[[-104.894071,39.68644],[-104.894069,39.685702],[-104.891535,39.685697],[-104.891443,39.685596],[-104.889328,39.68382],[-104.889319,39.682064],[-104.894056,39.682069],[-104.894051,39.683634],[-104.896593,39.683643],[-104.896591,39.684373],[-104.897018,39.68602],[-104.89702,39.686828],[-104.896123,39.686841],[-104.894977,39.687438],[-104.894071,39.68644]]]}},{"type":"Feature","properties":{"precinct":"918","precinct_code":"1320916918","cong":"1","senate":"32","house":"9","council":"4","rtd":"A","school_board":"1","neighborhood":"University Hills","active":1716,"inactive":415,"registered":2131},"geometry":{"type":"Polygon","coordinates":[[[-104.940758,39.678423],[-104.940914,39.680101],[-104.94086,39.681124],[-104.940795,39.681453],[-104.940697,39.681787],[-104.940697,39.68297],[-104.940251,39.682864],[-104.939478,39.68263],[-104.938775,39.682368],[-104.938247,39.682141],[-104.937786,39.681903],[-104.936669,39.681209],[-104.935935,39.680619],[-104.935589,39.680293],[-104.935237,39.679915],[-104.933803,39.678244],[-104.932528,39.676838],[-104.93077,39.674788],[-104.925674,39.667495],[-104.926272,39.66748],[-104.926331,39.66754],[-104.927413,39.667486],[-104.930436,39.667475],[-104.930438,39.668483],[-104.929266,39.668486],[-104.929265,39.669398],[-104.928084,39.6694],[-104.928091,39.668974],[-104.927211,39.668973],[-104.929661,39.67239],[-104.93079,39.672396],[-104.930787,39.672818],[-104.931627,39.672816],[-104.93163,39.67337],[-104.933895,39.673355],[-104.933888,39.6712],[-104.933041,39.671201],[-104.933038,39.670583],[-104.931724,39.670585],[-104.931727,39.671203],[-104.93162,39.671203],[-104.931618,39.667476],[-104.936497,39.667483],[-104.936799,39.667557],[-104.937871,39.667992],[-104.938491,39.668172],[-104.939251,39.668292],[-104.94069,39.668338],[-104.940712,39.674322],[-104.940758,39.678423]]]}},{"type":"Feature","properties":{"precinct":"919","precinct_code":"1320916919","cong":"1","senate":"32","house":"9","council":"4","rtd":"A","school_board":"1","neighborhood":"Goldsmith","active":1275,"inactive":508,"registered":1783},"geometry":{"type":"Polygon","coordinates":[[[-104.933987,39.678455],[-104.923434,39.678483],[-104.912822,39.67847],[-104.912909,39.678372],[-104.912958,39.674753],[-104.912956,39.66936],[-104.913609,39.669885],[-104.914401,39.670582],[-104.91486,39.671126],[-104.915397,39.671853],[-104.915668,39.672121],[-104.915872,39.672282],[-104.916382,39.672582],[-104.917568,39.673217],[-104.917569,39.672991],[-104.919308,39.673925],[-104.919588,39.673992],[-104.91993,39.673995],[-104.92013,39.674021],[-104.920497,39.674149],[-104.92106,39.67457],[-104.921057,39.674844],[-104.922261,39.674842],[-104.922264,39.675563],[-104.922413,39.675646],[-104.92267,39.675707],[-104.922874,39.6757],[-104.923198,39.6756],[-104.923435,39.675476],[-104.92344,39.676571],[-104.924473,39.67657],[-104.924474,39.676215],[-104.924769,39.676161],[-104.924764,39.676361],[-104.925293,39.676361],[-104.925297,39.67675],[-104.925754,39.676745],[-104.925756,39.676591],[-104.925791,39.676591],[-104.925784,39.675836],[-104.925734,39.675835],[-104.925735,39.675289],[-104.927592,39.675281],[-104.927585,39.674835],[-104.930077,39.674832],[-104.926302,39.669408],[-104.925328,39.66942],[-104.925168,39.669405],[-104.92494,39.669342],[-104.925096,39.668985],[-104.924969,39.668836],[-104.924916,39.668634],[-104.924722,39.668437],[-104.922929,39.667892],[-104.922679,39.667851],[-104.922674,39.667669],[-104.922649,39.667588],[-104.921289,39.66759],[-104.921442,39.667761],[-104.920712,39.668176],[-104.920582,39.668043],[-104.921018,39.667786],[-104.920733,39.667515],[-104.92389,39.667542],[-104.925674,39.667496],[-104.93077,39.674788],[-104.932528,39.676838],[-104.933987,39.678455]],[[-104.92389,39.667542],[-104.923718,39.667584],[-104.923718,39.667586],[-104.92389,39.667542]]]}},{"type":"Feature","properties":{"precinct":"920","precinct_code":"1320916920","cong":"1","senate":"32","house":"9","council":"4","rtd":"A","school_board":"1","neighborhood":"Goldsmith","active":1336,"inactive":321,"registered":1657},"geometry":{"type":"Polygon","coordinates":[[[-104.906126,39.678488],[-104.905796,39.678485],[-104.905648,39.678449],[-104.905367,39.678347],[-104.905114,39.678209],[-104.904896,39.678038],[-104.903548,39.676769],[-104.903551,39.667633],[-104.905902,39.667652],[-104.912884,39.66764],[-104.914646,39.6676],[-104.917554,39.667592],[-104.917568,39.673217],[-104.916382,39.672582],[-104.915872,39.672282],[-104.915668,39.672121],[-104.915397,39.671853],[-104.91486,39.671126],[-104.914401,39.670582],[-104.913609,39.669885],[-104.912956,39.66936],[-104.912958,39.674753],[-104.912909,39.678372],[-104.912822,39.67847],[-104.906263,39.678451],[-104.906126,39.678488]]]}},{"type":"Feature","properties":{"precinct":"921","precinct_code":"1320916921","cong":"1","senate":"32","house":"9","council":"4","rtd":"D","school_board":"1","neighborhood":"University Hills","active":1611,"inactive":205,"registered":1816},"geometry":{"type":"Polygon","coordinates":[[[-104.940697,39.660289],[-104.94069,39.668338],[-104.939251,39.668292],[-104.938491,39.668172],[-104.937871,39.667992],[-104.936799,39.667557],[-104.936497,39.667483],[-104.931618,39.667476],[-104.931604,39.667577],[-104.930438,39.667578],[-104.930436,39.667475],[-104.927413,39.667486],[-104.926331,39.66754],[-104.926272,39.66748],[-104.925674,39.667495],[-104.924031,39.665128],[-104.92372,39.664635],[-104.923036,39.663307],[-104.922433,39.661952],[-104.92255,39.661565],[-104.922918,39.661094],[-104.922974,39.660961],[-104.922894,39.660198],[-104.923065,39.659613],[-104.923079,39.659408],[-104.923173,39.659261],[-104.923316,39.659185],[-104.923495,39.659157],[-104.924529,39.659339],[-104.925105,39.659471],[-104.925551,39.659515],[-104.926069,39.659489],[-104.92634,39.659605],[-104.926872,39.659974],[-104.927334,39.660177],[-104.927857,39.660332],[-104.928147,39.660352],[-104.9284,39.66032],[-104.929234,39.660091],[-104.929939,39.659846],[-104.931679,39.659307],[-104.934465,39.658366],[-104.935299,39.658314],[-104.936181,39.658501],[-104.940611,39.659597],[-104.940697,39.660289]]]}},{"type":"Feature","properties":{"precinct":"922","precinct_code":"1320916922","cong":"1","senate":"32","house":"9","council":"4","rtd":"D","school_board":"1","neighborhood":"University Hills","active":1642,"inactive":184,"registered":1826},"geometry":{"type":"Polygon","coordinates":[[[-104.94069,39.653062],[-104.940572,39.65437],[-104.940567,39.659337],[-104.940611,39.659597],[-104.936181,39.658501],[-104.935299,39.658314],[-104.934465,39.658366],[-104.931679,39.659307],[-104.929939,39.659846],[-104.929234,39.660091],[-104.9284,39.66032],[-104.928147,39.660352],[-104.927857,39.660332],[-104.927334,39.660177],[-104.926872,39.659974],[-104.92634,39.659605],[-104.926069,39.659489],[-104.925551,39.659515],[-104.925105,39.659471],[-104.924529,39.659339],[-104.923495,39.659157],[-104.923316,39.659185],[-104.923173,39.659261],[-104.923079,39.659408],[-104.923065,39.659613],[-104.922894,39.660198],[-104.922974,39.660961],[-104.922918,39.661094],[-104.92255,39.661565],[-104.922433,39.661952],[-104.918862,39.653927],[-104.918458,39.653089],[-104.921746,39.653102],[-104.924215,39.653067],[-104.929356,39.653054],[-104.931723,39.653054],[-104.931723,39.653077],[-104.94069,39.653062]]]}},{"type":"Feature","properties":{"precinct":"923","precinct_code":"1320916923","cong":"1","senate":"32","house":"9","council":"4","rtd":"E","school_board":"1","neighborhood":"Hampden","active":763,"inactive":176,"registered":939},"geometry":{"type":"MultiPolygon","coordinates":[[[[-104.925674,39.667495],[-104.92389,39.667542],[-104.920733,39.667515],[-104.920318,39.66712],[-104.920593,39.666947],[-104.922231,39.666955],[-104.92225,39.663768],[-104.922163,39.663737],[-104.922187,39.663662],[-104.922158,39.663572],[-104.921615,39.662958],[-104.921557,39.662855],[-104.921536,39.662706],[-104.921582,39.66256],[-104.921876,39.662257],[-104.921026,39.660346],[-104.918885,39.660346],[-104.918895,39.659929],[-104.918624,39.65993],[-104.918257,39.659355],[-104.917903,39.659157],[-104.917822,39.659322],[-104.916767,39.659018],[-104.916873,39.658803],[-104.915908,39.658516],[-104.915942,39.658439],[-104.916263,39.658096],[-104.91604,39.657504],[-104.915522,39.657519],[-104.915521,39.657136],[-104.915906,39.657157],[-104.916582,39.656127],[-104.915873,39.656056],[-104.915852,39.656182],[-104.915781,39.656358],[-104.91526,39.656181],[-104.913099,39.656189],[-104.913097,39.656548],[-104.912993,39.656547],[-104.913002,39.653226],[-104.91294,39.653099],[-104.918458,39.653089],[-104.918862,39.653927],[-104.923036,39.663307],[-104.923445,39.664128],[-104.92372,39.664635],[-104.924031,39.665128],[-104.925674,39.667495]]],[[[-104.92389,39.667542],[-104.923718,39.667586],[-104.923718,39.667584],[-104.92389,39.667542]]]]}},{"type":"Feature","properties":{"precinct":"924","precinct_code":"1320916924","cong":"1","senate":"32","house":"9","council":"4","rtd":"E","school_board":"1","neighborhood":"Hampden","active":366,"inactive":52,"registered":418},"geometry":{"type":"Polygon","coordinates":[[[-104.912981,39.66314],[-104.915049,39.663148],[-104.915597,39.66326],[-104.915949,39.663479],[-104.91596,39.66616],[-104.916399,39.666162],[-104.916387,39.667601],[-104.914646,39.6676],[-104.912884,39.66764],[-104.912967,39.667554],[-104.912981,39.66314]]]}},{"type":"Feature","properties":{"precinct":"925","precinct_code":"1260916925","cong":"1","senate":"26","house":"9","council":"4","rtd":"E","school_board":"1","neighborhood":"Hampden","active":1522,"inactive":138,"registered":1660},"geometry":{"type":"Polygon","coordinates":[[[-104.913097,39.656548],[-104.913065,39.663139],[-104.912981,39.66314],[-104.912967,39.667554],[-104.912884,39.66764],[-104.904767,39.667643],[-104.904337,39.666578],[-104.902797,39.664962],[-104.902742,39.662971],[-104.902539,39.662975],[-104.902696,39.660858],[-104.902697,39.660692],[-104.902637,39.660461],[-104.902474,39.660211],[-104.902225,39.660144],[-104.900011,39.65762],[-104.900006,39.657525],[-104.901124,39.656964],[-104.901592,39.656803],[-104.901932,39.656745],[-104.902439,39.656721],[-104.904308,39.656716],[-104.904907,39.656587],[-104.905322,39.656411],[-104.905572,39.656257],[-104.905882,39.655969],[-104.9062,39.655566],[-104.906683,39.654825],[-104.906874,39.654595],[-104.907057,39.654428],[-104.907403,39.654222],[-104.907224,39.653936],[-104.907186,39.653832],[-104.907166,39.653116],[-104.91294,39.653099],[-104.913002,39.653226],[-104.912993,39.656547],[-104.913097,39.656548]]]}},{"type":"Feature","properties":{"precinct":"926","precinct_code":"1260916926","cong":"1","senate":"26","house":"9","council":"4","rtd":"E","school_board":"1","neighborhood":"Hampden","active":1480,"inactive":70,"registered":1550},"geometry":{"type":"Polygon","coordinates":[[[-104.903551,39.667633],[-104.903551,39.667611],[-104.894031,39.667596],[-104.892185,39.666096],[-104.892406,39.6659],[-104.892472,39.665822],[-104.8925,39.665736],[-104.892501,39.663336],[-104.892421,39.663148],[-104.892293,39.663014],[-104.892423,39.662927],[-104.892488,39.662841],[-104.892517,39.662741],[-104.892524,39.66035],[-104.89419,39.660347],[-104.894212,39.660329],[-104.894213,39.658833],[-104.894244,39.658655],[-104.894381,39.658476],[-104.894556,39.65835],[-104.89468,39.658299],[-104.894889,39.658266],[-104.897612,39.658276],[-104.897821,39.658592],[-104.89815,39.658715],[-104.899418,39.659068],[-104.899873,39.659127],[-104.900093,39.659116],[-104.900891,39.659352],[-104.901218,39.659413],[-104.901393,39.659478],[-104.901574,39.65941],[-104.902225,39.660144],[-104.902474,39.660211],[-104.902637,39.660461],[-104.902679,39.66058],[-104.902696,39.660858],[-104.902673,39.66131],[-104.902539,39.662975],[-104.902742,39.662971],[-104.902797,39.664962],[-104.904337,39.666578],[-104.904767,39.667643],[-104.903551,39.667633]]]}},{"type":"Feature","properties":{"precinct":"927","precinct_code":"1260916927","cong":"1","senate":"26","house":"9","council":"4","rtd":"E","school_board":"1","neighborhood":"Hampden","active":1258,"inactive":399,"registered":1657},"geometry":{"type":"Polygon","coordinates":[[[-104.907166,39.653116],[-104.907186,39.653832],[-104.907224,39.653936],[-104.907403,39.654222],[-104.907057,39.654428],[-104.906874,39.654595],[-104.906683,39.654825],[-104.9062,39.655566],[-104.905882,39.655969],[-104.905572,39.656257],[-104.905322,39.656411],[-104.904907,39.656587],[-104.904308,39.656716],[-104.902439,39.656721],[-104.901932,39.656745],[-104.901592,39.656803],[-104.901124,39.656964],[-104.900006,39.657525],[-104.900011,39.65762],[-104.901574,39.65941],[-104.901393,39.659478],[-104.901218,39.659413],[-104.900891,39.659352],[-104.900093,39.659116],[-104.899873,39.659127],[-104.899418,39.659068],[-104.89815,39.658715],[-104.897821,39.658592],[-104.897612,39.658276],[-104.894779,39.65828],[-104.894635,39.658317],[-104.894465,39.658406],[-104.894306,39.658552],[-104.894244,39.658655],[-104.894222,39.658744],[-104.894179,39.656734],[-104.894181,39.654464],[-104.894089,39.654464],[-104.894093,39.653102],[-104.898693,39.653122],[-104.907166,39.653116]]]}},{"type":"Feature","properties":{"precinct":"928","precinct_code":"1260916928","cong":"1","senate":"26","house":"9","council":"4","rtd":"E","school_board":"1","neighborhood":"Hampden","active":1429,"inactive":252,"registered":1681},"geometry":{"type":"Polygon","coordinates":[[[-104.892185,39.666096],[-104.890226,39.664505],[-104.890217,39.664417],[-104.889008,39.663452],[-104.887775,39.662423],[-104.887126,39.661935],[-104.885897,39.660908],[-104.885121,39.660311],[-104.885062,39.660361],[-104.884774,39.659992],[-104.884687,39.659773],[-104.884736,39.654601],[-104.884783,39.654503],[-104.884795,39.653077],[-104.894093,39.653102],[-104.894089,39.654464],[-104.894181,39.654464],[-104.894179,39.656734],[-104.894222,39.658744],[-104.894212,39.660329],[-104.89419,39.660347],[-104.892524,39.66035],[-104.892517,39.662741],[-104.892488,39.662841],[-104.892423,39.662927],[-104.892293,39.663014],[-104.892421,39.663148],[-104.892501,39.663336],[-104.8925,39.665736],[-104.892472,39.665822],[-104.892406,39.6659],[-104.892185,39.666096]]]}}],"voter_source":"AugustStatistics2026.xlsx"}