{"type":"FeatureCollection","source":"U.S. Census Bureau TIGER/Line 2024","simplified_m":5.0,"features":[{"type":"Feature","properties":{"d":1,"label":[-103.37356,40.29753],"area":12784.4},"geometry":{"type":"MultiPolygon","coordinates":[[[[-104.944186,40.542832],[-104.944151,40.551715],[-104.940912,40.55195],[-104.926917,40.552578],[-104.907832,40.552537],[-104.907902,40.570383],[-104.907621,40.588718],[-104.888742,40.588702],[-104.88855,40.608352],[-104.889343,40.608572],[-104.890452,40.609237],[-104.890775,40.609546],[-104.8909,40.60993],[-104.89075,40.610958],[-104.890867,40.610956],[-104.889895,40.614127],[-104.889651,40.614583],[-104.888927,40.615156],[-104.888654,40.615596],[-104.888608,40.625552],[-104.888455,40.625552],[-104.8881,40.639152],[-104.887086,40.653508],[-104.886904,40.65825],[-104.886575,40.671524],[-104.88641,40.696001],[-104.886933,40.71116],[-104.923743,40.71168],[-104.926882,40.711665],[-104.943476,40.711295],[-104.943348,40.746707],[-104.943463,40.754965],[-104.943464,40.764939],[-104.943342,40.769253],[-104.943338,40.789028],[-104.943541,40.826876],[-104.943497,40.841339],[-104.943242,40.863086],[-104.943211,40.882264],[-104.943091,40.884895],[-104.94313,40.902948],[-104.943052,40.910914],[-104.943371,40.998213],[-104.882452,40.998186],[-104.87005,40.998299],[-104.855273,40.998048],[-104.838689,40.998857],[-104.81831,40.999197],[-104.816284,40.999293],[-104.797867,40.999457],[-104.778847,40.999769],[-104.759665,40.999982],[-104.750523,40.999982],[-104.736562,41.000219],[-104.675999,41.000957],[-104.625519,41.001428],[-104.577579,41.001559],[-104.550139,41.001535],[-104.503695,41.001696],[-104.487217,41.001693],[-104.467672,41.001473],[-104.355775,41.001493],[-104.3461,41.001534],[-104.343578,41.00176],[-104.342366,41.001569],[-104.33711,41.001671],[-104.314631,41.001643],[-104.29559,41.00172],[-104.250507,41.00172],[-104.250507,41.00162],[-104.216456,41.001656],[-104.212454,41.001633],[-104.212202,41.001563],[-104.173436,41.00177],[-104.162579,41.001569],[-104.125505,41.001705],[-104.125505,41.00161],[-104.10459,41.001543],[-104.088854,41.00156],[-104.067016,41.001785],[-104.067013,41.001615],[-104.054077,41.001615],[-104.053249,41.001406],[-104.051529,41.001527],[-104.039238,41.001502],[-104.023383,41.001887],[-104.018223,41.001617],[-104.000503,41.001817],[-103.97224,41.001664],[-103.971372,41.001531],[-103.953269,41.001662],[-103.952368,41.001589],[-103.952127,41.001697],[-103.933666,41.00169],[-103.931992,41.001814],[-103.914253,41.001703],[-103.912075,41.001628],[-103.897274,41.001676],[-103.896676,41.001698],[-103.896305,41.001905],[-103.895996,41.001754],[-103.895629,41.001718],[-103.859039,41.001751],[-103.842737,41.001683],[-103.796086,41.001765],[-103.783162,41.00157],[-103.76334,41.001468],[-103.687975,41.001781],[-103.669054,41.001442],[-103.636282,41.001649],[-103.625494,41.001542],[-103.618345,41.001726],[-103.576572,41.001735],[-103.534886,41.001421],[-103.50047,41.001734],[-103.497545,41.001638],[-103.495917,41.001868],[-103.486697,41.001914],[-103.447943,41.00176],[-103.421975,41.002007],[-103.413395,41.001912],[-103.396989,41.002558],[-103.382492,41.002252],[-103.375487,41.002299],[-103.365314,41.001846],[-103.323871,41.00182],[-103.268279,41.00208],[-103.250483,41.001776],[-103.249006,41.00221],[-103.246048,41.002099],[-103.241775,41.002176],[-103.236283,41.002024],[-103.230077,41.002238],[-103.219415,41.002012],[-103.210741,41.002247],[-103.191798,41.002073],[-103.172437,41.002168],[-103.165265,41.002084],[-103.143641,41.002312],[-103.125489,41.002158],[-103.115004,41.002342],[-103.077803,41.002298],[-103.076787,41.002227],[-103.059626,41.00237],[-103.059339,41.002303],[-103.043444,41.002344],[-103.038704,41.002251],[-103.01953,41.002447],[-103.002088,41.002486],[-103.001913,41.002333],[-103.001638,41.002288],[-102.982714,41.002272],[-102.981823,41.002223],[-102.981482,41.002112],[-102.963669,41.002186],[-102.962522,41.002072],[-102.960636,41.002222],[-102.955106,41.002159],[-102.944829,41.002303],[-102.9433,41.002234],[-102.943159,41.00205],[-102.924359,41.002337],[-102.923977,41.002295],[-102.923973,41.002142],[-102.906229,41.002323],[-102.905248,41.002306],[-102.904851,41.002207],[-102.885783,41.002361],[-102.885662,41.002308],[-102.88559,41.002134],[-102.875551,41.002333],[-102.866083,41.002317],[-102.865801,41.002231],[-102.86577,41.001989],[-102.846521,41.002366],[-102.843799,41.002271],[-102.830303,41.00235],[-102.827589,41.00231],[-102.827237,41.002143],[-102.773561,41.002419],[-102.76745,41.002362],[-102.766964,41.002454],[-102.766606,41.002276],[-102.754586,41.00236],[-102.747594,41.002294],[-102.747259,41.00218],[-102.746553,41.002186],[-102.746227,41.00229],[-102.744311,41.002292],[-102.743397,41.00228],[-102.743133,41.002212],[-102.708659,41.002195],[-102.687911,41.002334],[-102.625468,41.002354],[-102.621033,41.002597],[-102.575738,41.002268],[-102.575496,41.0022],[-102.564397,41.002404],[-102.557505,41.002439],[-102.557141,41.00241],[-102.556721,41.0022],[-102.471816,41.002468],[-102.460334,41.002383],[-102.379065,41.002449],[-102.360659,41.002428],[-102.344872,41.002189],[-102.291354,41.002207],[-102.288185,41.002321],[-102.2721,41.002245],[-102.267928,41.002425],[-102.233028,41.002356],[-102.228993,41.002274],[-102.2122,41.002462],[-102.189273,41.00231],[-102.18903,41.00242],[-102.188651,41.002451],[-102.125089,41.002488],[-102.122047,41.002345],[-102.070555,41.002416],[-102.051717,41.002359],[-102.05158,40.99999],[-102.051552,40.995685],[-102.051548,40.878189],[-102.051392,40.767735],[-102.051543,40.582232],[-102.051499,40.542874],[-102.051518,40.539173],[-102.051631,40.537717],[-102.051497,40.535456],[-102.051463,40.524215],[-102.051554,40.500023],[-102.051274,40.48627],[-102.051509,40.465508],[-102.051465,40.440008],[-102.05153,40.418162],[-102.05163,40.411062],[-102.051475,40.39656],[-102.051517,40.393874],[-102.051444,40.393027],[-102.051555,40.374995],[-102.051798,40.360069],[-102.051309,40.338381],[-102.051726,40.242565],[-102.05152,40.23485],[-102.051573,40.230266],[-102.051495,40.229248],[-102.05161,40.227892],[-102.051777,40.227356],[-102.051613,40.223992],[-102.051933,40.217428],[-102.051906,40.215156],[-102.051707,40.212553],[-102.051881,40.208865],[-102.051971,40.201522],[-102.051833,40.191619],[-102.051858,40.184597],[-102.051653,40.178873],[-102.051911,40.162602],[-102.051721,40.16222],[-102.051743,40.149443],[-102.051766,40.148684],[-102.051972,40.148349],[-102.051838,40.124991],[-102.051754,39.984865],[-102.051357,39.874991],[-102.051569,39.849805],[-102.051666,39.847689],[-102.051517,39.847536],[-102.051447,39.844015],[-102.051363,39.843471],[-102.050952,39.749993],[-102.050642,39.71909],[-102.050745,39.707539],[-102.050508,39.660936],[-102.050095,39.654029],[-102.050245,39.646345],[-102.050422,39.646048],[-102.050297,39.640953],[-102.050246,39.611015],[-102.050043,39.593817],[-102.049925,39.590479],[-102.049806,39.574058],[-102.087998,39.573647],[-102.110351,39.573282],[-102.121515,39.573219],[-102.125447,39.573262],[-102.15822,39.573007],[-102.167879,39.57301],[-102.191069,39.572792],[-102.203458,39.572573],[-102.24916,39.571984],[-102.25046,39.572129],[-102.252525,39.57197],[-102.26545,39.571647],[-102.273518,39.571536],[-102.278472,39.571597],[-102.291314,39.571544],[-102.296163,39.571461],[-102.29708,39.571336],[-102.301175,39.571322],[-102.305258,39.571402],[-102.305463,39.571314],[-102.306022,39.571288],[-102.312505,39.571219],[-102.313493,39.571137],[-102.369832,39.570754],[-102.375473,39.570862],[-102.382149,39.570698],[-102.385415,39.570766],[-102.425678,39.570664],[-102.425969,39.570777],[-102.430431,39.570816],[-102.43093,39.57072],[-102.458605,39.570764],[-102.45893,39.570856],[-102.5,39.570698],[-102.551554,39.570656],[-102.571343,39.569271],[-102.592998,39.569103],[-102.612368,39.568857],[-102.614944,39.568909],[-102.718032,39.568022],[-102.741796,39.567989],[-102.793982,39.567748],[-102.816157,39.567976],[-102.830905,39.568082],[-102.831315,39.568033],[-102.864787,39.568504],[-102.879702,39.568232],[-102.88031,39.568323],[-102.889861,39.568406],[-102.929247,39.568577],[-102.935196,39.568549],[-102.952855,39.568381],[-102.954188,39.568265],[-103.009498,39.567863],[-103.018032,39.567708],[-103.019202,39.567611],[-103.023274,39.567596],[-103.023576,39.567511],[-103.023697,39.567602],[-103.0282,39.56759],[-103.033905,39.567739],[-103.068132,39.567275],[-103.079303,39.566932],[-103.081098,39.566964],[-103.086139,39.566855],[-103.088662,39.566955],[-103.107937,39.566607],[-103.124352,39.566214],[-103.138344,39.565991],[-103.143484,39.565922],[-103.153992,39.565959],[-103.154224,39.56589],[-103.154376,39.565654],[-103.154623,39.565869],[-103.154955,39.565949],[-103.182068,39.566142],[-103.211969,39.566175],[-103.263576,39.566441],[-103.266235,39.5664],[-103.274946,39.566478],[-103.304276,39.566499],[-103.313562,39.56657],[-103.318157,39.566553],[-103.319381,39.566414],[-103.323073,39.566461],[-103.329021,39.566401],[-103.348179,39.566397],[-103.349813,39.566378],[-103.349947,39.566308],[-103.361029,39.566213],[-103.361512,39.566276],[-103.368191,39.566258],[-103.368447,39.566348],[-103.369067,39.566226],[-103.3875,39.566174],[-103.387701,39.566126],[-103.415837,39.566042],[-103.416066,39.566089],[-103.424239,39.566015],[-103.426289,39.566066],[-103.428057,39.565988],[-103.445745,39.565981],[-103.453174,39.565885],[-103.469336,39.565905],[-103.471895,39.565968],[-103.472062,39.565919],[-103.472131,39.565752],[-103.481074,39.565997],[-103.489616,39.565742],[-103.491107,39.565803],[-103.491247,39.565692],[-103.491544,39.56593],[-103.492032,39.565991],[-103.529529,39.566102],[-103.563781,39.566069],[-103.629327,39.566221],[-103.629942,39.566166],[-103.63182,39.565759],[-103.634397,39.565729],[-103.635101,39.56576],[-103.637316,39.566185],[-103.638761,39.566235],[-103.658161,39.566288],[-103.658438,39.56623],[-103.6586,39.565908],[-103.658894,39.56615],[-103.659511,39.566315],[-103.660766,39.566366],[-103.683885,39.566351],[-103.699117,39.566258],[-103.707072,39.566295],[-103.706964,39.587574],[-103.706613,39.624985],[-103.706674,39.725441],[-103.706657,39.734604],[-103.706547,39.739894],[-103.706519,39.783491],[-103.706367,39.798005],[-103.706246,39.830452],[-103.706295,39.888999],[-103.7061,39.906686],[-103.706171,39.953973],[-103.706244,39.95888],[-103.70602,39.973375],[-103.705695,39.985114],[-103.705714,39.997215],[-103.705826,39.999984],[-103.705701,40.001366],[-103.716797,40.001407],[-103.729803,40.001212],[-103.7336,40.001336],[-103.740621,40.001354],[-103.861467,40.001215],[-103.863842,40.001478],[-103.866083,40.001234],[-103.867743,40.001199],[-103.954601,40.001132],[-104.000505,40.001167],[-104.000505,40.001059],[-104.002979,40.001057],[-104.03715,40.001125],[-104.0375,40.001238],[-104.037676,40.0011],[-104.038027,40.001049],[-104.063944,40.001077],[-104.077024,40.000975],[-104.140768,40.000836],[-104.147412,40.000902],[-104.169334,40.000781],[-104.267386,40.000921],[-104.321059,40.00074],[-104.38138,40.00069],[-104.395378,40.000822],[-104.40366,40.000742],[-104.484812,40.000589],[-104.592348,40.000593],[-104.60186,40.000529],[-104.605149,40.000588],[-104.631552,40.000531],[-104.753728,40.000471],[-104.753784,40.015103],[-104.75392,40.015107],[-104.753894,40.018619],[-104.75852,40.018617],[-104.75855,40.015085],[-104.772711,40.015046],[-104.772729,40.02211],[-104.791388,40.022051],[-104.791503,40.043986],[-104.789493,40.04398],[-104.788974,40.044718],[-104.790146,40.045],[-104.791082,40.044842],[-104.791078,40.044136],[-104.791499,40.044135],[-104.791502,40.044055],[-104.796254,40.044046],[-104.796301,40.058527],[-104.80103,40.058548],[-104.801051,40.062071],[-104.796327,40.062062],[-104.795899,40.062106],[-104.795901,40.062704],[-104.791592,40.062695],[-104.791607,40.065687],[-104.782754,40.06574],[-104.782437,40.066226],[-104.782192,40.066414],[-104.782253,40.072954],[-104.782227,40.073692],[-104.782083,40.073692],[-104.782103,40.080254],[-104.752954,40.08033],[-104.752954,40.080465],[-104.744247,40.080466],[-104.744261,40.087354],[-104.758468,40.087378],[-104.758475,40.094634],[-104.76323,40.094626],[-104.763237,40.101855],[-104.749287,40.101915],[-104.74928,40.10002],[-104.748386,40.100022],[-104.748394,40.101917],[-104.741333,40.101925],[-104.74133,40.099789],[-104.734848,40.099801],[-104.734812,40.116493],[-104.754083,40.116464],[-104.753838,40.159748],[-104.753866,40.174456],[-104.753754,40.176184],[-104.753838,40.19217],[-104.753715,40.19623],[-104.753773,40.198079],[-104.753652,40.200086],[-104.753761,40.210217],[-104.75385,40.211061],[-104.753873,40.217883],[-104.753804,40.224247],[-104.753874,40.236535],[-104.753833,40.268553],[-104.75397,40.302262],[-104.751202,40.304639],[-104.734714,40.304684],[-104.726376,40.304981],[-104.722601,40.305325],[-104.713665,40.305309],[-104.697309,40.305057],[-104.696319,40.3051],[-104.696553,40.337651],[-104.696627,40.337972],[-104.696498,40.338205],[-104.696524,40.344818],[-104.696039,40.344813],[-104.696035,40.345149],[-104.694697,40.345146],[-104.694713,40.348472],[-104.694462,40.348471],[-104.694494,40.353017],[-104.696843,40.353005],[-104.696846,40.35727],[-104.697309,40.357274],[-104.697906,40.356554],[-104.698281,40.356558],[-104.698156,40.356627],[-104.697542,40.357653],[-104.697046,40.3589],[-104.696854,40.359813],[-104.696684,40.359857],[-104.696419,40.366027],[-104.695765,40.366078],[-104.695158,40.36591],[-104.693307,40.365909],[-104.692665,40.365769],[-104.69156,40.365678],[-104.690136,40.365889],[-104.689436,40.366151],[-104.68726,40.367878],[-104.686002,40.368482],[-104.683507,40.369493],[-104.682468,40.370211],[-104.680878,40.371653],[-104.679298,40.372878],[-104.677799,40.373802],[-104.677794,40.377354],[-104.677682,40.377356],[-104.677705,40.384609],[-104.668356,40.38466],[-104.668339,40.390164],[-104.668939,40.391576],[-104.670523,40.391945],[-104.67404,40.391954],[-104.67404,40.393964],[-104.67313,40.393902],[-104.673114,40.393973],[-104.673115,40.393918],[-104.669626,40.393699],[-104.668802,40.393899],[-104.668359,40.39415],[-104.668313,40.395524],[-104.662682,40.395534],[-104.661958,40.395504],[-104.661961,40.395405],[-104.661041,40.395407],[-104.660504,40.395327],[-104.661727,40.39469],[-104.661677,40.394594],[-104.662055,40.394389],[-104.662184,40.39451],[-104.663713,40.394555],[-104.663702,40.393809],[-104.6519,40.394136],[-104.649675,40.395581],[-104.649428,40.395581],[-104.649439,40.399255],[-104.658558,40.3992],[-104.658801,40.399255],[-104.658905,40.399405],[-104.658892,40.400288],[-104.658972,40.400288],[-104.658978,40.399677],[-104.660106,40.39933],[-104.661178,40.399246],[-104.662635,40.399298],[-104.664399,40.401046],[-104.665862,40.402241],[-104.66613,40.402816],[-104.663649,40.402817],[-104.663681,40.406458],[-104.66863,40.406462],[-104.668619,40.408277],[-104.673207,40.408272],[-104.673158,40.410082],[-104.674887,40.410076],[-104.674886,40.410147],[-104.673228,40.410129],[-104.673251,40.411916],[-104.673373,40.411908],[-104.673384,40.413636],[-104.673269,40.41372],[-104.672036,40.41372],[-104.672043,40.415513],[-104.670815,40.415522],[-104.670878,40.420203],[-104.670508,40.421849],[-104.67086,40.421844],[-104.670856,40.422943],[-104.67007,40.42294],[-104.670075,40.4225],[-104.669843,40.422455],[-104.666722,40.42294],[-104.665986,40.422844],[-104.665639,40.4227],[-104.665176,40.422342],[-104.664019,40.421046],[-104.649548,40.421024],[-104.649517,40.421571],[-104.649199,40.421586],[-104.648184,40.421529],[-104.647332,40.421409],[-104.646316,40.421127],[-104.644884,40.420991],[-104.644811,40.421385],[-104.644044,40.421415],[-104.643569,40.421562],[-104.642485,40.421368],[-104.642496,40.421146],[-104.64114,40.421202],[-104.64144,40.421502],[-104.641262,40.422041],[-104.641072,40.422228],[-104.640994,40.422623],[-104.640348,40.422602],[-104.640241,40.422433],[-104.640031,40.422342],[-104.640055,40.421317],[-104.639794,40.421306],[-104.639097,40.421746],[-104.638597,40.42193],[-104.638069,40.421918],[-104.636837,40.421698],[-104.635866,40.421452],[-104.635225,40.421164],[-104.625827,40.421004],[-104.625748,40.423088],[-104.620871,40.425156],[-104.620877,40.424699],[-104.620665,40.424693],[-104.619411,40.428004],[-104.621266,40.42838],[-104.621178,40.435134],[-104.621232,40.438773],[-104.625547,40.438801],[-104.625576,40.446075],[-104.629094,40.446073],[-104.629714,40.459576],[-104.635064,40.459407],[-104.634577,40.449667],[-104.635037,40.449647],[-104.635007,40.44597],[-104.634386,40.445972],[-104.633625,40.430901],[-104.641787,40.432613],[-104.641762,40.435134],[-104.642109,40.435138],[-104.642106,40.435246],[-104.656229,40.435412],[-104.656333,40.429739],[-104.654147,40.429724],[-104.653831,40.429615],[-104.653324,40.429735],[-104.652383,40.4297],[-104.652069,40.42957],[-104.652082,40.429142],[-104.651153,40.428659],[-104.651107,40.428481],[-104.64978,40.427935],[-104.649336,40.427627],[-104.649393,40.42345],[-104.651671,40.423618],[-104.662786,40.425256],[-104.662732,40.428405],[-104.668464,40.428439],[-104.66847,40.426505],[-104.669579,40.426497],[-104.669611,40.425679],[-104.672415,40.42546],[-104.672478,40.426495],[-104.671234,40.426499],[-104.671231,40.426776],[-104.670875,40.42677],[-104.670863,40.428446],[-104.67324,40.428446],[-104.673236,40.426494],[-104.67766,40.426483],[-104.677216,40.42699],[-104.677025,40.42744],[-104.676999,40.428158],[-104.677189,40.428529],[-104.677459,40.428693],[-104.677901,40.428753],[-104.678394,40.428462],[-104.678497,40.428817],[-104.679356,40.428734],[-104.679413,40.428874],[-104.681282,40.428672],[-104.682688,40.428643],[-104.68249,40.429226],[-104.681885,40.430222],[-104.681822,40.430585],[-104.68191,40.43086],[-104.682239,40.431139],[-104.682879,40.43125],[-104.684299,40.431189],[-104.685629,40.432014],[-104.685867,40.432342],[-104.685963,40.432673],[-104.685832,40.433281],[-104.685771,40.434657],[-104.686025,40.435062],[-104.686561,40.435534],[-104.687083,40.43583],[-104.687105,40.435079],[-104.68916,40.435053],[-104.689905,40.444168],[-104.690231,40.445967],[-104.690251,40.446037],[-104.691059,40.446077],[-104.69087,40.445232],[-104.692431,40.445281],[-104.693653,40.451776],[-104.694789,40.451833],[-104.694774,40.451916],[-104.695279,40.451948],[-104.695254,40.45579],[-104.695783,40.458624],[-104.696752,40.458651],[-104.696716,40.452039],[-104.701422,40.452061],[-104.701512,40.459241],[-104.706215,40.459277],[-104.70614,40.454538],[-104.710468,40.454556],[-104.710483,40.45203],[-104.716224,40.452084],[-104.71623,40.451966],[-104.716311,40.451969],[-104.726961,40.452743],[-104.72743,40.452805],[-104.729824,40.453447],[-104.734765,40.454396],[-104.734893,40.441096],[-104.74468,40.441045],[-104.74468,40.44097],[-104.744578,40.440971],[-104.744708,40.436073],[-104.74363,40.435792],[-104.742911,40.435791],[-104.741777,40.435957],[-104.740745,40.435998],[-104.738517,40.435458],[-104.736961,40.434652],[-104.734994,40.434419],[-104.735193,40.422871],[-104.735051,40.406486],[-104.756301,40.406869],[-104.75619,40.391565],[-104.756265,40.386647],[-104.756172,40.385182],[-104.77503,40.38507],[-104.775027,40.38465],[-104.775785,40.385023],[-104.784379,40.385037],[-104.784341,40.380175],[-104.784677,40.380176],[-104.784613,40.37784],[-104.79396,40.377851],[-104.793959,40.377755],[-104.803313,40.377757],[-104.803314,40.377679],[-104.81301,40.377642],[-104.832093,40.377693],[-104.832093,40.377771],[-104.84139,40.377829],[-104.841389,40.377753],[-104.869822,40.37783],[-104.869822,40.377917],[-104.86998,40.377917],[-104.870013,40.392405],[-104.878967,40.392413],[-104.878989,40.385124],[-104.888195,40.385216],[-104.888121,40.392434],[-104.889957,40.392335],[-104.891866,40.392397],[-104.897769,40.392339],[-104.907501,40.392382],[-104.907291,40.407311],[-104.907075,40.40731],[-104.907026,40.42155],[-104.897781,40.421508],[-104.897775,40.421429],[-104.88823,40.421165],[-104.888232,40.421244],[-104.883678,40.421258],[-104.883783,40.417667],[-104.879152,40.417674],[-104.879083,40.421293],[-104.874487,40.421293],[-104.874583,40.414064],[-104.870107,40.414064],[-104.870102,40.421088],[-104.867816,40.421055],[-104.866933,40.420419],[-104.866923,40.421016],[-104.866014,40.421028],[-104.865636,40.421188],[-104.865591,40.421408],[-104.860423,40.421307],[-104.857713,40.437246],[-104.858362,40.439972],[-104.858052,40.440282],[-104.850892,40.440122],[-104.851038,40.44099],[-104.850768,40.440964],[-104.850648,40.441046],[-104.850685,40.441159],[-104.849658,40.442036],[-104.849527,40.441894],[-104.849462,40.441937],[-104.849473,40.442278],[-104.849102,40.442601],[-104.848644,40.442842],[-104.848191,40.442968],[-104.8478,40.443212],[-104.847481,40.443269],[-104.846781,40.443131],[-104.84645,40.442975],[-104.846056,40.442981],[-104.8451,40.442825],[-104.844294,40.443037],[-104.84397,40.443438],[-104.841437,40.443439],[-104.841955,40.450698],[-104.841913,40.461486],[-104.837183,40.461465],[-104.837204,40.458007],[-104.830926,40.458081],[-104.83093,40.462086],[-104.828069,40.461508],[-104.828056,40.458138],[-104.815092,40.458676],[-104.81445,40.458627],[-104.813527,40.458428],[-104.812945,40.458153],[-104.81228,40.457692],[-104.811793,40.457263],[-104.811657,40.456994],[-104.811667,40.452545],[-104.811579,40.451574],[-104.792413,40.451954],[-104.792442,40.480905],[-104.80892,40.480678],[-104.832409,40.479828],[-104.83226,40.507043],[-104.832404,40.507044],[-104.832427,40.501634],[-104.851116,40.501727],[-104.851137,40.494366],[-104.84911,40.494375],[-104.848075,40.493466],[-104.847891,40.493207],[-104.847681,40.492274],[-104.84706,40.490655],[-104.846797,40.490121],[-104.846429,40.489732],[-104.845982,40.489586],[-104.845392,40.489701],[-104.845012,40.491088],[-104.844274,40.490985],[-104.841896,40.490975],[-104.841742,40.487021],[-104.848421,40.486964],[-104.848314,40.487093],[-104.847816,40.487283],[-104.849798,40.488252],[-104.849782,40.489296],[-104.850076,40.489845],[-104.850442,40.490163],[-104.851306,40.490174],[-104.851468,40.47961],[-104.86086,40.479688],[-104.860845,40.481246],[-104.861176,40.481248],[-104.861198,40.479693],[-104.867205,40.479805],[-104.867363,40.480015],[-104.867591,40.480105],[-104.869327,40.480111],[-104.869544,40.480268],[-104.869627,40.480481],[-104.869946,40.481874],[-104.869937,40.483704],[-104.870145,40.483925],[-104.870123,40.486959],[-104.870233,40.486961],[-104.870159,40.491641],[-104.869417,40.491616],[-104.86941,40.492189],[-104.870154,40.492217],[-104.870147,40.494192],[-104.868795,40.494204],[-104.869156,40.494952],[-104.87024,40.495853],[-104.870218,40.506199],[-104.867939,40.506578],[-104.868398,40.507074],[-104.869549,40.5078],[-104.86971,40.507874],[-104.870214,40.507885],[-104.870214,40.508976],[-104.879456,40.508987],[-104.879504,40.501569],[-104.888781,40.50158],[-104.888769,40.502897],[-104.887914,40.502867],[-104.88684,40.503008],[-104.88685,40.503758],[-104.888858,40.503743],[-104.888804,40.509001],[-104.888991,40.521072],[-104.890293,40.521093],[-104.891539,40.521357],[-104.891988,40.52154],[-104.893911,40.522631],[-104.894724,40.522936],[-104.895673,40.523127],[-104.905083,40.523093],[-104.905086,40.521198],[-104.905332,40.521195],[-104.905255,40.52073],[-104.906666,40.52071],[-104.906624,40.519334],[-104.906995,40.51893],[-104.907928,40.51894],[-104.908023,40.523307],[-104.908224,40.523307],[-104.908187,40.537742],[-104.90833,40.537853],[-104.908329,40.537953],[-104.921503,40.53805],[-104.921494,40.538761],[-104.921838,40.538764],[-104.921842,40.538883],[-104.923022,40.53889],[-104.923037,40.538055],[-104.926113,40.538072],[-104.926082,40.538183],[-104.927072,40.538185],[-104.926976,40.545415],[-104.926729,40.545807],[-104.926438,40.545853],[-104.926417,40.546381],[-104.926669,40.546557],[-104.928301,40.546658],[-104.928676,40.546892],[-104.928652,40.547078],[-104.928329,40.547344],[-104.928333,40.547554],[-104.928579,40.547861],[-104.928781,40.54793],[-104.930453,40.547284],[-104.930554,40.547074],[-104.931071,40.546763],[-104.931511,40.546783],[-104.93181,40.546674],[-104.931987,40.546476],[-104.932247,40.546412],[-104.932509,40.54646],[-104.932727,40.546638],[-104.932638,40.546823],[-104.932278,40.547086],[-104.932383,40.547296],[-104.93214,40.547656],[-104.93184,40.547871],[-104.932306,40.547938],[-104.933369,40.547871],[-104.934269,40.547401],[-104.934989,40.546613],[-104.935507,40.546231],[-104.935705,40.545954],[-104.937418,40.544865],[-104.937174,40.544609],[-104.937151,40.544214],[-104.9381,40.543997],[-104.938388,40.543771],[-104.938567,40.543526],[-104.938719,40.542871],[-104.938997,40.542587],[-104.941143,40.54194],[-104.941487,40.541902],[-104.942073,40.542062],[-104.942429,40.542028],[-104.944186,40.542832]]],[[[-104.756172,40.385182],[-104.756093,40.385179],[-104.756091,40.385044],[-104.756175,40.385044],[-104.756172,40.385182]]]]}},{"type":"Feature","properties":{"d":2,"label":[-104.79117,39.4315],"area":116.9},"geometry":{"type":"Polygon","coordinates":[[[-104.921627,39.320134],[-104.9214,39.320532],[-104.919956,39.321445],[-104.918729,39.321679],[-104.915768,39.322733],[-104.91539,39.322892],[-104.914997,39.323173],[-104.914712,39.323519],[-104.914516,39.32417],[-104.91457,39.325783],[-104.914738,39.326184],[-104.914993,39.326475],[-104.916088,39.327089],[-104.918123,39.327916],[-104.920438,39.329347],[-104.919501,39.330111],[-104.916034,39.331482],[-104.915534,39.331631],[-104.914614,39.331679],[-104.914461,39.331552],[-104.914474,39.333476],[-104.905072,39.333308],[-104.905045,39.33694],[-104.88503,39.336852],[-104.884892,39.336846],[-104.884886,39.336693],[-104.883997,39.336836],[-104.883418,39.336835],[-104.882558,39.338868],[-104.883275,39.338944],[-104.883529,39.339081],[-104.883613,39.339221],[-104.883755,39.340072],[-104.884148,39.341263],[-104.884201,39.342411],[-104.884369,39.342839],[-104.884999,39.34367],[-104.885796,39.344239],[-104.886011,39.344309],[-104.888246,39.344534],[-104.888135,39.348018],[-104.888307,39.348555],[-104.889101,39.348927],[-104.890406,39.349079],[-104.89083,39.348887],[-104.891084,39.348853],[-104.891402,39.349038],[-104.8922,39.350084],[-104.892413,39.350317],[-104.892582,39.350369],[-104.89313,39.350446],[-104.893912,39.350293],[-104.894748,39.350284],[-104.895506,39.350189],[-104.895732,39.350234],[-104.895876,39.350426],[-104.895994,39.351333],[-104.896121,39.351436],[-104.89664,39.351594],[-104.896689,39.351686],[-104.896358,39.352219],[-104.896272,39.352693],[-104.895835,39.352878],[-104.895765,39.352977],[-104.895735,39.353706],[-104.896204,39.354064],[-104.896273,39.354355],[-104.896087,39.355055],[-104.895721,39.355048],[-104.895589,39.355141],[-104.895428,39.363608],[-104.89443,39.364691],[-104.893266,39.366148],[-104.890976,39.369711],[-104.891067,39.369748],[-104.889827,39.371693],[-104.888203,39.373108],[-104.905091,39.373304],[-104.905148,39.376904],[-104.914487,39.37688],[-104.914495,39.384052],[-104.919164,39.384056],[-104.91923,39.402239],[-104.920729,39.402184],[-104.920682,39.405876],[-104.919252,39.405948],[-104.919236,39.409629],[-104.914624,39.409762],[-104.914599,39.413401],[-104.905392,39.413724],[-104.905342,39.426848],[-104.904927,39.427123],[-104.901237,39.425184],[-104.889611,39.420835],[-104.888189,39.420825],[-104.886422,39.422945],[-104.884276,39.424295],[-104.882291,39.424868],[-104.880103,39.425141],[-104.878894,39.425573],[-104.877805,39.426318],[-104.877778,39.426278],[-104.877702,39.426501],[-104.877959,39.427095],[-104.878548,39.428013],[-104.87912,39.429351],[-104.879315,39.430077],[-104.87942,39.431644],[-104.879028,39.43463],[-104.878785,39.435771],[-104.87832,39.436966],[-104.876452,39.440194],[-104.875885,39.441632],[-104.875731,39.442869],[-104.875759,39.449875],[-104.872388,39.449747],[-104.872344,39.447824],[-104.867717,39.447757],[-104.862426,39.447742],[-104.862412,39.449637],[-104.848848,39.449539],[-104.848955,39.434861],[-104.844278,39.434814],[-104.844287,39.431198],[-104.83961,39.431167],[-104.839625,39.42028],[-104.834945,39.420267],[-104.834942,39.419166],[-104.831385,39.421062],[-104.830474,39.421726],[-104.830269,39.421763],[-104.825449,39.427152],[-104.823604,39.429304],[-104.822504,39.430917],[-104.821571,39.432813],[-104.820677,39.434927],[-104.820184,39.435747],[-104.814855,39.44192],[-104.814301,39.442434],[-104.811655,39.444317],[-104.811139,39.444773],[-104.810744,39.445393],[-104.810028,39.447436],[-104.809628,39.447994],[-104.808964,39.448515],[-104.804932,39.450699],[-104.801775,39.452777],[-104.795935,39.456829],[-104.796062,39.456938],[-104.795412,39.457497],[-104.789068,39.464049],[-104.793586,39.464075],[-104.821787,39.463882],[-104.821842,39.46435],[-104.821778,39.4647],[-104.821702,39.4743],[-104.821751,39.478401],[-104.821713,39.478316],[-104.8215,39.478269],[-104.812297,39.478295],[-104.812261,39.492389],[-104.813167,39.492991],[-104.815713,39.495372],[-104.817904,39.497642],[-104.818969,39.498561],[-104.82061,39.499446],[-104.821503,39.499812],[-104.82222,39.500051],[-104.823306,39.500263],[-104.82325,39.500567],[-104.823373,39.500586],[-104.823097,39.501281],[-104.822029,39.502146],[-104.821763,39.502642],[-104.821566,39.503494],[-104.821567,39.507514],[-104.814958,39.507631],[-104.814915,39.508267],[-104.814679,39.508273],[-104.814419,39.509307],[-104.813294,39.512],[-104.813205,39.512816],[-104.813431,39.514766],[-104.813461,39.517039],[-104.813347,39.517035],[-104.813301,39.517505],[-104.812995,39.517495],[-104.812876,39.518018],[-104.81323,39.518251],[-104.813064,39.521011],[-104.81309,39.533583],[-104.812879,39.53436],[-104.811834,39.536547],[-104.820352,39.536404],[-104.830003,39.536387],[-104.830002,39.550906],[-104.830105,39.550903],[-104.83012,39.554922],[-104.839409,39.552382],[-104.839479,39.565988],[-104.799778,39.565943],[-104.794116,39.56599],[-104.784585,39.565942],[-104.78454,39.56585],[-104.774389,39.565847],[-104.774429,39.561092],[-104.773382,39.561171],[-104.772216,39.56106],[-104.769522,39.560236],[-104.769081,39.560023],[-104.7687,39.559714],[-104.768399,39.559327],[-104.768173,39.558818],[-104.756531,39.558823],[-104.756516,39.559743],[-104.755593,39.559747],[-104.755608,39.558824],[-104.746164,39.558691],[-104.746045,39.565902],[-104.736628,39.565888],[-104.736728,39.551173],[-104.730059,39.551098],[-104.716199,39.551087],[-104.704993,39.550908],[-104.704904,39.552643],[-104.704564,39.552624],[-104.704928,39.556286],[-104.704475,39.556783],[-104.704408,39.557118],[-104.703884,39.560162],[-104.703946,39.561899],[-104.704358,39.562204],[-104.705062,39.562378],[-104.70545,39.563494],[-104.706665,39.563867],[-104.706958,39.564086],[-104.706954,39.563716],[-104.707313,39.563975],[-104.707338,39.563867],[-104.707362,39.565988],[-104.707023,39.565988],[-104.707024,39.565897],[-104.686785,39.565903],[-104.686759,39.565988],[-104.681544,39.565988],[-104.679509,39.5659],[-104.66016,39.565909],[-104.661518,39.4635],[-104.681059,39.463717],[-104.69037,39.463732],[-104.691104,39.46435],[-104.692471,39.465212],[-104.703081,39.470714],[-104.707825,39.473863],[-104.709299,39.475124],[-104.71053,39.475979],[-104.712103,39.476586],[-104.71572,39.477685],[-104.717325,39.478516],[-104.718086,39.479276],[-104.71831,39.479135],[-104.718493,39.478794],[-104.71854,39.476964],[-104.718196,39.475836],[-104.718602,39.47572],[-104.719095,39.475377],[-104.719317,39.474751],[-104.719135,39.473876],[-104.719234,39.473305],[-104.720779,39.471436],[-104.721158,39.47069],[-104.721306,39.469926],[-104.721046,39.467646],[-104.720273,39.466351],[-104.720318,39.465244],[-104.720088,39.464856],[-104.719234,39.464094],[-104.71897,39.463586],[-104.718894,39.463077],[-104.718821,39.458997],[-104.718689,39.458992],[-104.718495,39.458761],[-104.71829,39.457784],[-104.71829,39.457274],[-104.70485,39.456558],[-104.699941,39.456542],[-104.700107,39.444835],[-104.700182,39.443432],[-104.700325,39.443027],[-104.700703,39.442574],[-104.701169,39.442296],[-104.701602,39.442144],[-104.702237,39.442073],[-104.711242,39.442164],[-104.732248,39.442183],[-104.732378,39.440075],[-104.73312,39.440104],[-104.733061,39.439206],[-104.732602,39.43821],[-104.73292,39.43808],[-104.733161,39.43786],[-104.73325,39.437594],[-104.733284,39.436325],[-104.733892,39.435711],[-104.734595,39.435427],[-104.735536,39.435351],[-104.736038,39.435398],[-104.737132,39.435698],[-104.73813,39.43575],[-104.739349,39.435425],[-104.740019,39.434542],[-104.740435,39.434442],[-104.740663,39.434548],[-104.741282,39.435126],[-104.741783,39.435173],[-104.74215,39.434882],[-104.742685,39.434213],[-104.742947,39.434056],[-104.744322,39.433797],[-104.744448,39.433625],[-104.74448,39.433113],[-104.745225,39.43252],[-104.745553,39.432355],[-104.745773,39.431962],[-104.745737,39.431771],[-104.745367,39.431262],[-104.745441,39.430742],[-104.749176,39.432089],[-104.760073,39.435105],[-104.760182,39.432162],[-104.760443,39.429407],[-104.761068,39.417708],[-104.761073,39.414258],[-104.760842,39.412099],[-104.760447,39.410017],[-104.759675,39.407381],[-104.759046,39.405821],[-104.761728,39.405635],[-104.766311,39.405706],[-104.766033,39.403633],[-104.76592,39.403342],[-104.765715,39.40316],[-104.764434,39.402468],[-104.763557,39.401698],[-104.763564,39.401435],[-104.764017,39.400809],[-104.763954,39.400309],[-104.76372,39.400067],[-104.762638,39.399407],[-104.762178,39.398858],[-104.762009,39.397638],[-104.761968,39.395584],[-104.761643,39.39471],[-104.761665,39.394161],[-104.761835,39.393617],[-104.761397,39.39259],[-104.760654,39.391606],[-104.76016,39.391221],[-104.764458,39.391386],[-104.765102,39.391466],[-104.771988,39.393118],[-104.778611,39.394901],[-104.780225,39.395249],[-104.784649,39.396027],[-104.789119,39.396397],[-104.789106,39.394709],[-104.793751,39.394689],[-104.793746,39.391144],[-104.80313,39.391147],[-104.803136,39.392045],[-104.803622,39.391607],[-104.804101,39.390799],[-104.804233,39.390284],[-104.804163,39.389697],[-104.803495,39.388082],[-104.803371,39.38755],[-104.803308,39.386402],[-104.803452,39.385657],[-104.804167,39.384141],[-104.805527,39.38221],[-104.79853,39.382267],[-104.798541,39.380478],[-104.795422,39.380504],[-104.793886,39.381658],[-104.793855,39.384039],[-104.784558,39.384088],[-104.784538,39.369597],[-104.779894,39.369565],[-104.77988,39.362345],[-104.793865,39.362239],[-104.793903,39.347682],[-104.800979,39.347667],[-104.803321,39.351293],[-104.808026,39.351298],[-104.808023,39.354928],[-104.812954,39.354915],[-104.812952,39.355074],[-104.814839,39.355063],[-104.814839,39.354973],[-104.817135,39.354946],[-104.817654,39.354843],[-104.818091,39.354631],[-104.819115,39.353908],[-104.819853,39.353599],[-104.820523,39.353513],[-104.821449,39.353595],[-104.822412,39.353568],[-104.823549,39.353239],[-104.824245,39.352812],[-104.824797,39.353387],[-104.825002,39.35344],[-104.827138,39.353308],[-104.827993,39.351748],[-104.830568,39.352948],[-104.835324,39.352942],[-104.8353,39.352141],[-104.838133,39.354859],[-104.839158,39.355635],[-104.841317,39.357052],[-104.842077,39.357763],[-104.842221,39.357711],[-104.841688,39.357194],[-104.842707,39.356544],[-104.839822,39.354697],[-104.844706,39.354685],[-104.844634,39.351084],[-104.853896,39.351097],[-104.85384,39.343866],[-104.833752,39.343854],[-104.833584,39.343285],[-104.831873,39.340646],[-104.831683,39.340674],[-104.828694,39.335576],[-104.828867,39.335504],[-104.828307,39.334516],[-104.82828,39.334124],[-104.82794,39.334095],[-104.827135,39.332525],[-104.823936,39.329383],[-104.826637,39.329372],[-104.826529,39.325976],[-104.828528,39.325987],[-104.828587,39.325343],[-104.827712,39.324666],[-104.826487,39.324669],[-104.826288,39.318436],[-104.852728,39.318352],[-104.868472,39.318411],[-104.876074,39.318518],[-104.874017,39.32212],[-104.874205,39.322122],[-104.873338,39.324303],[-104.87239,39.328129],[-104.872381,39.327423],[-104.871893,39.329367],[-104.87209,39.329365],[-104.87043,39.33516],[-104.870103,39.335107],[-104.86929,39.337902],[-104.869205,39.337908],[-104.869209,39.338193],[-104.869231,39.338122],[-104.870181,39.338296],[-104.872065,39.338886],[-104.876125,39.338931],[-104.890036,39.300256],[-104.890714,39.29846],[-104.891475,39.297015],[-104.896283,39.297789],[-104.90005,39.297944],[-104.901804,39.298216],[-104.906536,39.298438],[-104.90743,39.298319],[-104.909933,39.297571],[-104.91476,39.297072],[-104.916834,39.296999],[-104.916953,39.298451],[-104.915788,39.300194],[-104.915566,39.300723],[-104.915584,39.301098],[-104.916272,39.302911],[-104.916202,39.303453],[-104.91606,39.303778],[-104.915215,39.303566],[-104.914325,39.303445],[-104.913352,39.303532],[-104.912559,39.303799],[-104.912233,39.30404],[-104.912019,39.30433],[-104.911719,39.305135],[-104.910898,39.306343],[-104.910519,39.306722],[-104.908468,39.307917],[-104.908315,39.30807],[-104.908168,39.308451],[-104.908336,39.30889],[-104.908758,39.309201],[-104.911927,39.309489],[-104.915354,39.308712],[-104.917203,39.308597],[-104.918846,39.308325],[-104.919542,39.308403],[-104.919063,39.310761],[-104.918876,39.3112],[-104.918284,39.311789],[-104.916917,39.312532],[-104.916745,39.312852],[-104.916733,39.313067],[-104.916983,39.313549],[-104.917683,39.314003],[-104.918004,39.314326],[-104.918997,39.316524],[-104.919264,39.318056],[-104.919458,39.318422],[-104.920438,39.319347],[-104.921402,39.319781],[-104.921567,39.319929],[-104.921627,39.320134]]]}},{"type":"Feature","properties":{"d":3,"label":[-104.55332,38.13353],"area":2398.1},"geometry":{"type":"Polygon","coordinates":[[[-105.050678,38.113824],[-105.050165,38.117361],[-105.048287,38.127773],[-105.048731,38.239698],[-105.049223,38.250003],[-105.049215,38.257973],[-105.027594,38.257917],[-105.000541,38.257981],[-104.994289,38.258093],[-104.993982,38.258046],[-104.940366,38.258275],[-104.940887,38.372174],[-104.941004,38.377908],[-104.940886,38.432953],[-104.940961,38.458203],[-104.941068,38.458998],[-104.941299,38.475934],[-104.941312,38.499999],[-104.941211,38.500618],[-104.941415,38.503158],[-104.941533,38.519569],[-104.932949,38.520286],[-104.895683,38.5203],[-104.888343,38.519909],[-104.881971,38.520088],[-104.866674,38.520017],[-104.86615,38.519857],[-104.836167,38.51998],[-104.826057,38.519775],[-104.823165,38.519779],[-104.819968,38.519937],[-104.815976,38.520029],[-104.798122,38.519984],[-104.796104,38.520165],[-104.787217,38.520119],[-104.770579,38.519839],[-104.75053,38.519871],[-104.74135,38.519652],[-104.684322,38.51944],[-104.660376,38.519754],[-104.62643,38.519927],[-104.604108,38.520298],[-104.590997,38.520004],[-104.573719,38.519939],[-104.567087,38.520001],[-104.532637,38.519843],[-104.500523,38.519898],[-104.486359,38.520215],[-104.479992,38.52029],[-104.456486,38.520329],[-104.440198,38.520456],[-104.428553,38.520325],[-104.42286,38.520338],[-104.413118,38.520461],[-104.410798,38.520617],[-104.408795,38.520572],[-104.400231,38.520614],[-104.396113,38.520703],[-104.392169,38.520663],[-104.381807,38.520733],[-104.375521,38.520607],[-104.354184,38.520804],[-104.298515,38.520991],[-104.251568,38.521268],[-104.193522,38.521834],[-104.174509,38.522187],[-104.165285,38.522271],[-104.152501,38.521902],[-104.150152,38.521732],[-104.128772,38.521832],[-104.124347,38.521746],[-104.090179,38.522004],[-104.083468,38.522434],[-104.053921,38.522393],[-104.054193,38.519611],[-104.054552,38.507219],[-104.054712,38.491898],[-104.055017,38.484117],[-104.055235,38.473332],[-104.055594,38.465164],[-104.05635,38.435742],[-104.056137,38.413465],[-104.055937,38.403022],[-104.055838,38.375195],[-104.055424,38.323657],[-104.054725,38.261864],[-104.054812,38.261728],[-104.055075,38.26165],[-104.057736,38.261639],[-104.057902,38.261612],[-104.058168,38.261402],[-104.058402,38.260841],[-104.058471,38.257641],[-104.058298,38.225828],[-104.058451,38.199961],[-104.058326,38.187124],[-104.058349,38.178716],[-104.05823,38.174079],[-104.058375,38.165619],[-104.058242,38.146492],[-104.057995,38.141468],[-104.058688,38.114829],[-104.058769,38.105201],[-104.059047,38.103723],[-104.059085,38.07629],[-104.059392,38.054326],[-104.059501,37.996583],[-104.059426,37.996157],[-104.059383,37.990769],[-104.059459,37.979718],[-104.059316,37.958664],[-104.059374,37.875009],[-104.060069,37.82303],[-104.060155,37.822702],[-104.061891,37.822715],[-104.062073,37.792123],[-104.061686,37.763041],[-104.061727,37.750011],[-104.061132,37.734704],[-104.104645,37.747255],[-104.124763,37.753171],[-104.126149,37.753471],[-104.195898,37.773344],[-104.247674,37.788089],[-104.250525,37.788985],[-104.397708,37.830624],[-104.526819,37.867098],[-104.597525,37.8867],[-104.625534,37.894561],[-104.646383,37.900527],[-104.668695,37.899386],[-104.669588,37.899203],[-104.670416,37.899307],[-104.750538,37.895289],[-104.84613,37.890204],[-104.868344,37.889185],[-104.875542,37.888681],[-104.901389,37.887317],[-104.921221,37.886358],[-104.945777,37.885062],[-104.947012,37.885145],[-104.948214,37.885006],[-104.957803,37.884431],[-104.987748,37.882841],[-105.013729,37.881271],[-105.013763,37.883489],[-105.015751,37.88551],[-105.017295,37.886186],[-105.019613,37.886967],[-105.021748,37.887491],[-105.030435,37.892063],[-105.033626,37.89356],[-105.034803,37.894583],[-105.034575,37.896112],[-105.0335,37.898761],[-105.031573,37.904147],[-105.032954,37.905322],[-105.034237,37.904984],[-105.03599,37.904115],[-105.037394,37.904155],[-105.038665,37.904444],[-105.03911,37.905596],[-105.039017,37.906127],[-105.039757,37.907423],[-105.039826,37.908124],[-105.043905,37.90954],[-105.044574,37.910305],[-105.044561,37.911656],[-105.049397,37.915238],[-105.049917,37.915479],[-105.050148,37.981661],[-105.050124,37.98459],[-105.049973,37.985324],[-105.05019,38.000006],[-105.049981,38.006885],[-105.04951,38.039905],[-105.050678,38.113824]]]}},{"type":"Feature","properties":{"d":4,"label":[-105.6775,38.76149],"area":7422.7},"geometry":{"type":"Polygon","coordinates":[[[-106.599516,39.033788],[-106.598936,39.036768],[-106.597797,39.039249],[-106.597219,39.043675],[-106.597233,39.044821],[-106.594964,39.045397],[-106.589133,39.045582],[-106.584245,39.047187],[-106.58073,39.048717],[-106.577551,39.05321],[-106.578023,39.056254],[-106.577926,39.059072],[-106.57763,39.060598],[-106.576862,39.063369],[-106.57723,39.066154],[-106.577587,39.072758],[-106.579524,39.075574],[-106.579456,39.077536],[-106.57787,39.079081],[-106.577076,39.079437],[-106.580107,39.081751],[-106.583238,39.082959],[-106.584916,39.08483],[-106.586338,39.087743],[-106.586107,39.090578],[-106.586157,39.09405],[-106.583781,39.097904],[-106.580311,39.102164],[-106.578629,39.102844],[-106.576586,39.104001],[-106.574655,39.104278],[-106.573344,39.104424],[-106.570627,39.104193],[-106.570161,39.103515],[-106.568933,39.104009],[-106.5691,39.104768],[-106.568439,39.105205],[-106.566983,39.105061],[-106.563989,39.106041],[-106.563321,39.107268],[-106.563496,39.108243],[-106.564696,39.10908],[-106.564538,39.111979],[-106.564986,39.114007],[-106.563895,39.115748],[-106.560667,39.117898],[-106.558171,39.120223],[-106.558154,39.121991],[-106.558325,39.124237],[-106.559287,39.124656],[-106.559102,39.124988],[-106.559073,39.125799],[-106.559625,39.126505],[-106.560006,39.126782],[-106.560179,39.127122],[-106.560414,39.128448],[-106.561423,39.129205],[-106.563231,39.130912],[-106.563726,39.131199],[-106.563989,39.131845],[-106.564574,39.132422],[-106.564683,39.13294],[-106.564627,39.133392],[-106.564244,39.134237],[-106.56366,39.134581],[-106.563109,39.134715],[-106.562486,39.135898],[-106.561617,39.136596],[-106.560789,39.137471],[-106.560536,39.137824],[-106.560416,39.138454],[-106.560162,39.13892],[-106.5595,39.139684],[-106.559413,39.140096],[-106.55948,39.140605],[-106.559643,39.140881],[-106.559291,39.141888],[-106.558869,39.143581],[-106.558679,39.143847],[-106.558728,39.144097],[-106.559089,39.144309],[-106.559292,39.144755],[-106.559829,39.145017],[-106.560251,39.145342],[-106.560475,39.145756],[-106.560775,39.146783],[-106.56077,39.147308],[-106.561045,39.14777],[-106.560679,39.148075],[-106.560915,39.148367],[-106.560948,39.149134],[-106.560706,39.14952],[-106.561085,39.149967],[-106.561952,39.15044],[-106.562177,39.150676],[-106.562631,39.151947],[-106.562254,39.153301],[-106.561598,39.154533],[-106.561265,39.155677],[-106.560816,39.155885],[-106.558755,39.156518],[-106.557186,39.15671],[-106.556674,39.157038],[-106.556597,39.157498],[-106.556364,39.157949],[-106.554805,39.159167],[-106.554044,39.159396],[-106.553705,39.160072],[-106.552883,39.160269],[-106.552724,39.160567],[-106.552711,39.160858],[-106.552294,39.161057],[-106.552073,39.161306],[-106.551677,39.161465],[-106.550385,39.161013],[-106.549735,39.16067],[-106.548626,39.16055],[-106.54814,39.160361],[-106.546695,39.159609],[-106.545022,39.158872],[-106.544005,39.158857],[-106.543373,39.158732],[-106.542884,39.158882],[-106.541354,39.158307],[-106.538526,39.157894],[-106.538099,39.158012],[-106.536979,39.158918],[-106.536666,39.159037],[-106.536112,39.159437],[-106.536055,39.160858],[-106.535777,39.162585],[-106.535565,39.163027],[-106.535138,39.163146],[-106.534516,39.163126],[-106.533978,39.163001],[-106.533318,39.162569],[-106.532945,39.162567],[-106.532634,39.162468],[-106.53204,39.161769],[-106.531583,39.161807],[-106.531408,39.161652],[-106.531288,39.161224],[-106.529856,39.161206],[-106.527357,39.161021],[-106.526493,39.160353],[-106.525862,39.160163],[-106.525523,39.159806],[-106.52402,39.158754],[-106.523235,39.15837],[-106.522356,39.158146],[-106.521882,39.15782],[-106.521478,39.157664],[-106.52116,39.15733],[-106.520942,39.157353],[-106.520447,39.15798],[-106.519832,39.158226],[-106.519299,39.158602],[-106.518926,39.159488],[-106.518913,39.159698],[-106.517259,39.160059],[-106.516374,39.160336],[-106.515497,39.160823],[-106.515139,39.161305],[-106.513928,39.161919],[-106.513862,39.162258],[-106.513507,39.162498],[-106.512306,39.163176],[-106.511077,39.163532],[-106.50909,39.165917],[-106.508614,39.166681],[-106.508436,39.16777],[-106.508473,39.168142],[-106.508967,39.168541],[-106.509047,39.168873],[-106.508744,39.169993],[-106.50903,39.170367],[-106.509511,39.171928],[-106.509445,39.172291],[-106.509501,39.172784],[-106.509828,39.173271],[-106.509648,39.173609],[-106.51,39.174653],[-106.509717,39.174877],[-106.508216,39.177323],[-106.508304,39.177808],[-106.508208,39.178049],[-106.507875,39.178104],[-106.507396,39.178302],[-106.506726,39.178815],[-106.505792,39.17872],[-106.504803,39.17902],[-106.502649,39.180419],[-106.500584,39.182601],[-106.499607,39.183848],[-106.49939,39.184552],[-106.499319,39.185311],[-106.498991,39.186217],[-106.499007,39.187177],[-106.498792,39.188026],[-106.498743,39.189502],[-106.498216,39.190902],[-106.498317,39.192014],[-106.498172,39.192701],[-106.497735,39.193222],[-106.496327,39.193977],[-106.495836,39.19441],[-106.494893,39.196411],[-106.493649,39.198326],[-106.493798,39.198623],[-106.494229,39.19895],[-106.494516,39.199447],[-106.4946,39.200148],[-106.494165,39.203912],[-106.493779,39.206367],[-106.493871,39.206931],[-106.494717,39.207979],[-106.494954,39.208541],[-106.494854,39.210091],[-106.494342,39.211813],[-106.493619,39.213328],[-106.493282,39.214323],[-106.492943,39.215858],[-106.493666,39.217633],[-106.49387,39.218728],[-106.493869,39.219317],[-106.49373,39.219745],[-106.493394,39.220103],[-106.492777,39.220432],[-106.491951,39.220698],[-106.491808,39.220812],[-106.491688,39.221127],[-106.491901,39.221464],[-106.491823,39.221779],[-106.491366,39.222397],[-106.491258,39.222793],[-106.491463,39.223275],[-106.491887,39.223843],[-106.492146,39.224518],[-106.49226,39.225195],[-106.492154,39.225679],[-106.491818,39.226102],[-106.490504,39.226945],[-106.489749,39.227718],[-106.489711,39.227977],[-106.490215,39.228335],[-106.492721,39.229408],[-106.493309,39.22991],[-106.493936,39.23084],[-106.495094,39.231918],[-106.496302,39.232261],[-106.497257,39.232978],[-106.49874,39.234931],[-106.498903,39.235398],[-106.498788,39.236012],[-106.498168,39.237469],[-106.497993,39.239487],[-106.49746,39.240524],[-106.497383,39.240904],[-106.497597,39.241362],[-106.497649,39.242022],[-106.497349,39.242727],[-106.496778,39.243321],[-106.493972,39.244952],[-106.490569,39.247573],[-106.48872,39.248776],[-106.488251,39.249264],[-106.487695,39.250324],[-106.487396,39.251135],[-106.486907,39.251853],[-106.486847,39.252306],[-106.486347,39.252597],[-106.486206,39.252769],[-106.48637,39.253476],[-106.486154,39.253907],[-106.485134,39.254521],[-106.484017,39.255016],[-106.483127,39.255103],[-106.482968,39.256098],[-106.482943,39.256728],[-106.483119,39.257072],[-106.482977,39.258018],[-106.482493,39.25847],[-106.481226,39.259167],[-106.48106,39.259888],[-106.481359,39.26023],[-106.481738,39.260372],[-106.482359,39.260833],[-106.482812,39.261474],[-106.483006,39.26213],[-106.483064,39.263146],[-106.483272,39.264272],[-106.48407,39.265396],[-106.484016,39.266067],[-106.483762,39.266676],[-106.483605,39.267356],[-106.483417,39.268852],[-106.483722,39.271702],[-106.482954,39.272441],[-106.483292,39.272669],[-106.489829,39.27314],[-106.491056,39.274023],[-106.4913,39.274986],[-106.491943,39.275371],[-106.492777,39.276276],[-106.493229,39.277632],[-106.493632,39.27798],[-106.495322,39.278702],[-106.496247,39.278759],[-106.497109,39.279171],[-106.498544,39.279325],[-106.499257,39.280748],[-106.499926,39.281673],[-106.50081,39.282031],[-106.500999,39.282401],[-106.502436,39.283323],[-106.503042,39.284087],[-106.504031,39.284761],[-106.504359,39.286178],[-106.504308,39.287069],[-106.504601,39.287217],[-106.504581,39.287362],[-106.503268,39.288993],[-106.502867,39.289993],[-106.502973,39.290629],[-106.503298,39.291474],[-106.503597,39.293609],[-106.503561,39.295051],[-106.50284,39.296584],[-106.502925,39.297035],[-106.50269,39.298067],[-106.50238,39.298567],[-106.501872,39.298882],[-106.501832,39.299318],[-106.501647,39.299818],[-106.501108,39.300133],[-106.500953,39.300424],[-106.500585,39.300602],[-106.500362,39.300991],[-106.499898,39.301483],[-106.498749,39.301962],[-106.497645,39.302215],[-106.496178,39.302845],[-106.494234,39.303079],[-106.493589,39.303397],[-106.493212,39.303685],[-106.492515,39.303996],[-106.492765,39.304774],[-106.492604,39.305737],[-106.49185,39.30662],[-106.490588,39.307529],[-106.489746,39.307858],[-106.488984,39.308459],[-106.488501,39.308613],[-106.488148,39.309014],[-106.487431,39.30897],[-106.486965,39.310526],[-106.486399,39.311471],[-106.485121,39.312566],[-106.484104,39.31293],[-106.4827,39.313203],[-106.478763,39.314221],[-106.477732,39.314456],[-106.477296,39.314472],[-106.476224,39.314748],[-106.47612,39.31358],[-106.476205,39.312498],[-106.475377,39.311027],[-106.474787,39.310715],[-106.474299,39.310303],[-106.473986,39.309486],[-106.473356,39.308843],[-106.472878,39.308423],[-106.471352,39.308013],[-106.470726,39.307887],[-106.470094,39.307929],[-106.46956,39.30814],[-106.468723,39.307896],[-106.468272,39.307315],[-106.468071,39.308342],[-106.466964,39.309248],[-106.466736,39.309647],[-106.466809,39.310412],[-106.466691,39.310664],[-106.466127,39.311303],[-106.465862,39.311461],[-106.465512,39.311579],[-106.464812,39.311397],[-106.464022,39.311362],[-106.463382,39.311494],[-106.46253,39.31221],[-106.461482,39.312614],[-106.460572,39.312734],[-106.459728,39.313006],[-106.459076,39.313041],[-106.457206,39.312605],[-106.456564,39.312268],[-106.455865,39.312135],[-106.45536,39.31224],[-106.454715,39.312194],[-106.454219,39.312259],[-106.45374,39.312654],[-106.452746,39.314292],[-106.452653,39.31506],[-106.452389,39.315669],[-106.451668,39.316286],[-106.450652,39.316698],[-106.449522,39.316757],[-106.448472,39.316694],[-106.445825,39.315495],[-106.444053,39.315218],[-106.44254,39.315291],[-106.440602,39.316549],[-106.439771,39.317321],[-106.439317,39.317022],[-106.438223,39.316854],[-106.436647,39.316929],[-106.43549,39.317109],[-106.434514,39.317102],[-106.433657,39.316898],[-106.432731,39.316413],[-106.43246,39.316353],[-106.432085,39.316698],[-106.431931,39.317144],[-106.430924,39.318314],[-106.430615,39.318819],[-106.430422,39.319378],[-106.428957,39.320475],[-106.428741,39.320962],[-106.428325,39.321308],[-106.428017,39.32145],[-106.428001,39.322426],[-106.427772,39.322769],[-106.426947,39.323355],[-106.428071,39.327047],[-106.428703,39.328182],[-106.428751,39.328811],[-106.42863,39.329321],[-106.428754,39.330109],[-106.428592,39.330668],[-106.428641,39.331732],[-106.428866,39.331995],[-106.428813,39.332351],[-106.428663,39.332555],[-106.429085,39.33283],[-106.429375,39.333188],[-106.429524,39.33371],[-106.429438,39.334389],[-106.429047,39.33492],[-106.428663,39.334926],[-106.428451,39.335131],[-106.428676,39.335402],[-106.430797,39.335521],[-106.432282,39.335956],[-106.433548,39.337492],[-106.433619,39.338217],[-106.433854,39.338883],[-106.433804,39.339343],[-106.4343,39.339633],[-106.434726,39.340441],[-106.434931,39.341099],[-106.43495,39.341849],[-106.435205,39.342466],[-106.435206,39.343257],[-106.43536,39.343972],[-106.435271,39.344925],[-106.43494,39.346181],[-106.435181,39.346637],[-106.435104,39.347275],[-106.434718,39.347975],[-106.434551,39.349123],[-106.433669,39.351114],[-106.433954,39.351658],[-106.43372,39.352259],[-106.433604,39.352962],[-106.433662,39.353591],[-106.43348,39.354174],[-106.432363,39.355515],[-106.430785,39.357114],[-106.429428,39.358032],[-106.429322,39.359098],[-106.428971,39.359975],[-106.428154,39.360892],[-106.426487,39.361871],[-106.425787,39.3621],[-106.425297,39.362423],[-106.42477,39.362536],[-106.424087,39.363031],[-106.421626,39.363797],[-106.41929,39.365828],[-106.418393,39.366447],[-106.418019,39.366865],[-106.417272,39.367296],[-106.415311,39.36736],[-106.414785,39.36749],[-106.414401,39.3679],[-106.414078,39.368647],[-106.413107,39.370058],[-106.411852,39.371313],[-106.410935,39.371997],[-106.41003,39.372318],[-106.408154,39.373696],[-106.407863,39.374055],[-106.40767,39.374647],[-106.407761,39.374987],[-106.407451,39.375678],[-106.406787,39.376327],[-106.405147,39.378927],[-106.403925,39.379848],[-106.400634,39.380962],[-106.400073,39.381008],[-106.399571,39.38082],[-106.399235,39.380321],[-106.398722,39.38015],[-106.3981,39.380178],[-106.397603,39.379845],[-106.395827,39.379624],[-106.393818,39.379576],[-106.392971,39.379164],[-106.392536,39.379155],[-106.392269,39.379401],[-106.391658,39.379397],[-106.390859,39.378799],[-106.390259,39.378125],[-106.38945,39.377811],[-106.388478,39.377719],[-106.388139,39.377332],[-106.387579,39.377015],[-106.38671,39.376666],[-106.38604,39.376556],[-106.383654,39.376606],[-106.381924,39.376265],[-106.380633,39.37615],[-106.379512,39.373913],[-106.378956,39.372075],[-106.378577,39.37146],[-106.378509,39.370428],[-106.378597,39.370225],[-106.378202,39.369401],[-106.377173,39.368981],[-106.376383,39.368542],[-106.375914,39.367662],[-106.375056,39.366896],[-106.374932,39.366083],[-106.374694,39.3657],[-106.372764,39.364519],[-106.371975,39.363708],[-106.371573,39.361722],[-106.37082,39.360637],[-106.369595,39.360284],[-106.367927,39.360454],[-106.366789,39.360648],[-106.366185,39.3606],[-106.364466,39.359972],[-106.363139,39.359234],[-106.362886,39.358633],[-106.362826,39.357884],[-106.362643,39.357217],[-106.36202,39.356783],[-106.360248,39.356132],[-106.358022,39.35514],[-106.355573,39.354861],[-106.354003,39.354384],[-106.352652,39.354093],[-106.351742,39.353683],[-106.350606,39.353998],[-106.35039,39.354451],[-106.349904,39.354936],[-106.347251,39.356126],[-106.345992,39.356468],[-106.3452,39.356786],[-106.344132,39.357712],[-106.342177,39.358096],[-106.339252,39.359064],[-106.337985,39.359148],[-106.33479,39.358951],[-106.333291,39.358281],[-106.332916,39.35823],[-106.331801,39.358576],[-106.328003,39.359236],[-106.326219,39.359327],[-106.323832,39.358982],[-106.322219,39.359263],[-106.321222,39.35927],[-106.320601,39.359375],[-106.320098,39.359648],[-106.316249,39.361211],[-106.313367,39.36217],[-106.312371,39.362278],[-106.311597,39.36222],[-106.310779,39.362052],[-106.30844,39.361791],[-106.306379,39.361339],[-106.304753,39.361443],[-106.303649,39.361358],[-106.302557,39.361119],[-106.301924,39.360699],[-106.301782,39.360459],[-106.300415,39.360067],[-106.299348,39.359375],[-106.298746,39.358626],[-106.29781,39.357952],[-106.296314,39.357335],[-106.295736,39.355656],[-106.295817,39.353792],[-106.295309,39.352936],[-106.29387,39.352263],[-106.292312,39.351849],[-106.290783,39.351766],[-106.288792,39.351899],[-106.286587,39.35222],[-106.285692,39.352128],[-106.284812,39.351366],[-106.283812,39.349469],[-106.283609,39.349673],[-106.283212,39.350469],[-106.281895,39.351455],[-106.279662,39.352349],[-106.279187,39.352928],[-106.278067,39.353484],[-106.274732,39.355683],[-106.273497,39.3562],[-106.272576,39.356358],[-106.272199,39.356646],[-106.271648,39.357548],[-106.270954,39.358074],[-106.269062,39.358536],[-106.266618,39.358835],[-106.263822,39.358769],[-106.262853,39.359097],[-106.259963,39.360846],[-106.259456,39.361861],[-106.259075,39.362012],[-106.258696,39.361783],[-106.257558,39.361516],[-106.256803,39.36122],[-106.255088,39.360292],[-106.252485,39.359111],[-106.251141,39.357589],[-106.250976,39.357632],[-106.251074,39.357832],[-106.251108,39.358404],[-106.250154,39.360701],[-106.247396,39.362804],[-106.245006,39.364107],[-106.239517,39.365667],[-106.239228,39.365911],[-106.238828,39.36655],[-106.237317,39.368517],[-106.236481,39.370327],[-106.236049,39.370837],[-106.235542,39.371218],[-106.234748,39.371996],[-106.233925,39.372936],[-106.232876,39.373207],[-106.231025,39.373103],[-106.229588,39.373167],[-106.229028,39.373372],[-106.228346,39.373834],[-106.227728,39.374103],[-106.226898,39.374165],[-106.226669,39.375917],[-106.226787,39.377054],[-106.225958,39.378163],[-106.22576,39.378587],[-106.22564,39.378945],[-106.225627,39.37963],[-106.136412,39.379694],[-106.135099,39.379465],[-106.133937,39.379422],[-106.132409,39.379528],[-106.131433,39.379511],[-106.131004,39.379096],[-106.130416,39.378873],[-106.129494,39.378767],[-106.128372,39.378773],[-106.127447,39.378877],[-106.123961,39.378021],[-106.122027,39.377132],[-106.120308,39.37659],[-106.119321,39.376633],[-106.118459,39.376516],[-106.11664,39.376595],[-106.1153,39.376579],[-106.114813,39.376496],[-106.113148,39.376761],[-106.11198,39.377053],[-106.10729,39.377454],[-106.106038,39.377931],[-106.105249,39.37783],[-106.103961,39.377847],[-106.101943,39.378054],[-106.099401,39.377733],[-106.097966,39.377822],[-106.097206,39.377987],[-106.096791,39.377896],[-106.096028,39.377287],[-106.095254,39.376847],[-106.094746,39.376747],[-106.094312,39.376511],[-106.089193,39.37263],[-106.088428,39.372001],[-106.087324,39.370827],[-106.085632,39.369723],[-106.084446,39.369283],[-106.082594,39.369333],[-106.081207,39.369199],[-106.080973,39.36942],[-106.080766,39.370228],[-106.080241,39.370435],[-106.07976,39.370085],[-106.078324,39.36951],[-106.074192,39.36863],[-106.072857,39.367917],[-106.071757,39.366969],[-106.070397,39.365982],[-106.068471,39.364429],[-106.067355,39.363803],[-106.064048,39.362758],[-106.062559,39.361786],[-106.058335,39.360052],[-106.057336,39.359024],[-106.056096,39.358431],[-106.054431,39.358184],[-106.050922,39.358061],[-106.046317,39.357434],[-106.043926,39.357378],[-106.04003,39.357964],[-106.03747,39.358465],[-106.036022,39.35834],[-106.034717,39.358376],[-106.032199,39.358942],[-106.028641,39.360224],[-106.027685,39.361012],[-106.02672,39.361333],[-106.02553,39.361175],[-106.02433,39.361147],[-106.021966,39.361713],[-106.019773,39.363459],[-106.017619,39.365503],[-106.017418,39.36614],[-106.017411,39.367521],[-106.017645,39.368369],[-106.017484,39.369467],[-106.017389,39.371744],[-106.017473,39.373383],[-106.016794,39.374988],[-106.016957,39.377161],[-106.017425,39.377994],[-106.017453,39.379204],[-106.017926,39.379651],[-106.018099,39.379958],[-106.018381,39.380726],[-106.018383,39.381403],[-106.01814,39.381805],[-106.01774,39.38223],[-106.017321,39.382493],[-106.016994,39.382911],[-106.016778,39.383659],[-106.016364,39.38439],[-106.015542,39.385393],[-106.013851,39.386898],[-106.013237,39.386959],[-106.012698,39.386899],[-106.011916,39.387088],[-106.010542,39.387289],[-106.00936,39.387071],[-106.008923,39.387141],[-106.008401,39.387356],[-106.00574,39.389161],[-106.005397,39.389159],[-106.005,39.389293],[-106.004537,39.38979],[-106.004532,39.39021],[-106.004107,39.390957],[-106.003339,39.391766],[-106.001876,39.392451],[-106.001623,39.392747],[-106.000572,39.393225],[-106.000008,39.393609],[-105.999529,39.393825],[-105.997471,39.394081],[-105.996648,39.394424],[-105.995928,39.395001],[-105.994889,39.396513],[-105.994132,39.397824],[-105.993224,39.399868],[-105.993133,39.400981],[-105.993025,39.401561],[-105.992856,39.401859],[-105.992513,39.402002],[-105.990154,39.4022],[-105.988362,39.401659],[-105.98693,39.401507],[-105.985018,39.401667],[-105.983945,39.402121],[-105.983621,39.402441],[-105.983025,39.404431],[-105.981923,39.405974],[-105.981464,39.406302],[-105.980651,39.406686],[-105.978218,39.407101],[-105.977967,39.407269],[-105.977452,39.408178],[-105.976867,39.40857],[-105.973206,39.409189],[-105.969449,39.410235],[-105.96872,39.410678],[-105.967492,39.410894],[-105.96281,39.411991],[-105.961542,39.412194],[-105.960181,39.4123],[-105.959244,39.412473],[-105.957236,39.413043],[-105.952325,39.414106],[-105.951867,39.414338],[-105.951698,39.414619],[-105.951863,39.414854],[-105.951942,39.415282],[-105.953652,39.418381],[-105.953834,39.419027],[-105.953875,39.420479],[-105.955092,39.421551],[-105.955328,39.421987],[-105.955394,39.422851],[-105.954858,39.424954],[-105.954837,39.42622],[-105.955838,39.427129],[-105.95631,39.427841],[-105.956631,39.428028],[-105.95718,39.428192],[-105.959857,39.428602],[-105.960726,39.429018],[-105.962766,39.43123],[-105.964499,39.432812],[-105.965013,39.433436],[-105.966023,39.435869],[-105.966786,39.438035],[-105.966607,39.438301],[-105.966043,39.438782],[-105.965333,39.439181],[-105.964395,39.439532],[-105.962657,39.439982],[-105.961752,39.440091],[-105.95954,39.43999],[-105.958751,39.439857],[-105.958192,39.439677],[-105.957489,39.439262],[-105.956436,39.438401],[-105.955917,39.438285],[-105.954545,39.438359],[-105.953619,39.43854],[-105.953014,39.438867],[-105.95066,39.43946],[-105.947317,39.440523],[-105.946651,39.440624],[-105.944812,39.440695],[-105.944155,39.44091],[-105.944027,39.442716],[-105.944018,39.445096],[-105.943698,39.446183],[-105.943173,39.446842],[-105.942054,39.447771],[-105.941853,39.448246],[-105.9425,39.450484],[-105.94217,39.452773],[-105.940917,39.456058],[-105.940612,39.456524],[-105.939943,39.457013],[-105.939712,39.45731],[-105.939562,39.457914],[-105.938663,39.458498],[-105.937915,39.458567],[-105.936939,39.458448],[-105.934657,39.457888],[-105.933741,39.4581],[-105.929823,39.459338],[-105.927536,39.459446],[-105.926674,39.459417],[-105.921952,39.458455],[-105.919481,39.458215],[-105.917309,39.45813],[-105.917072,39.457969],[-105.915188,39.458378],[-105.914845,39.458376],[-105.914316,39.458203],[-105.912207,39.456909],[-105.911637,39.456736],[-105.911396,39.457001],[-105.911203,39.457686],[-105.910919,39.458023],[-105.910511,39.458376],[-105.908632,39.459349],[-105.908351,39.459428],[-105.906928,39.459307],[-105.906481,39.459361],[-105.905959,39.459657],[-105.904543,39.461214],[-105.90391,39.46221],[-105.902173,39.463661],[-105.901835,39.464248],[-105.901258,39.467213],[-105.901612,39.469619],[-105.901473,39.469997],[-105.901106,39.470423],[-105.900488,39.470887],[-105.89909,39.4715],[-105.898788,39.472821],[-105.898481,39.473409],[-105.896886,39.475206],[-105.896726,39.475657],[-105.897277,39.476822],[-105.897327,39.477137],[-105.897096,39.477329],[-105.896753,39.477368],[-105.896234,39.477219],[-105.895267,39.47727],[-105.894725,39.477517],[-105.894007,39.478715],[-105.892666,39.479998],[-105.892199,39.481044],[-105.89225,39.483561],[-105.892362,39.483876],[-105.892225,39.484029],[-105.891974,39.484173],[-105.891043,39.483675],[-105.890421,39.483478],[-105.889185,39.48335],[-105.886208,39.483752],[-105.884677,39.484138],[-105.879087,39.483767],[-105.878782,39.484096],[-105.87878,39.484402],[-105.879173,39.486824],[-105.878485,39.489369],[-105.878348,39.489618],[-105.876966,39.490602],[-105.876725,39.490851],[-105.876061,39.491839],[-105.874714,39.493521],[-105.873746,39.494176],[-105.872414,39.494808],[-105.871113,39.495006],[-105.869905,39.494953],[-105.868625,39.494369],[-105.867521,39.494147],[-105.866969,39.494173],[-105.866584,39.494351],[-105.866751,39.495349],[-105.866565,39.496663],[-105.865931,39.498082],[-105.865046,39.498963],[-105.864214,39.499986],[-105.864499,39.50037],[-105.864412,39.500967],[-105.864128,39.501623],[-105.863584,39.502305],[-105.860395,39.50471],[-105.859448,39.504734],[-105.858867,39.504836],[-105.858184,39.50518],[-105.857352,39.505267],[-105.856392,39.50513],[-105.853887,39.504506],[-105.853858,39.504635],[-105.854551,39.505266],[-105.854672,39.505773],[-105.854613,39.506129],[-105.854772,39.506401],[-105.855222,39.506591],[-105.85569,39.506587],[-105.857017,39.50706],[-105.858321,39.508186],[-105.85886,39.508875],[-105.859457,39.509225],[-105.859785,39.509738],[-105.859947,39.510229],[-105.859903,39.510971],[-105.859724,39.511755],[-105.859947,39.512148],[-105.86181,39.51306],[-105.863479,39.514312],[-105.864978,39.515251],[-105.866889,39.516702],[-105.867103,39.517265],[-105.867024,39.517645],[-105.867934,39.518951],[-105.868065,39.51949],[-105.868049,39.519862],[-105.866002,39.521112],[-105.864701,39.522115],[-105.863525,39.523955],[-105.863292,39.52457],[-105.863402,39.525101],[-105.863365,39.525505],[-105.863228,39.52628],[-105.862896,39.527307],[-105.862616,39.527414],[-105.861898,39.528379],[-105.861126,39.52916],[-105.860966,39.529701],[-105.860506,39.530487],[-105.859928,39.531016],[-105.859507,39.531536],[-105.859114,39.531813],[-105.858065,39.532064],[-105.857732,39.532058],[-105.857128,39.531088],[-105.855208,39.52883],[-105.854562,39.527868],[-105.852759,39.526737],[-105.851285,39.526121],[-105.848423,39.525322],[-105.847211,39.52484],[-105.845377,39.52375],[-105.845274,39.52384],[-105.844657,39.525538],[-105.844329,39.525992],[-105.842972,39.526568],[-105.840831,39.526932],[-105.839752,39.527271],[-105.838571,39.527821],[-105.836949,39.528971],[-105.836057,39.529285],[-105.834699,39.529893],[-105.832555,39.53091],[-105.831416,39.53154],[-105.830016,39.532043],[-105.829173,39.532042],[-105.828026,39.531857],[-105.827136,39.531381],[-105.823931,39.53056],[-105.82308,39.529865],[-105.822925,39.529931],[-105.822809,39.530802],[-105.821234,39.532468],[-105.82074,39.53398],[-105.82032,39.534685],[-105.820214,39.53546],[-105.819963,39.53634],[-105.819268,39.537572],[-105.818574,39.537892],[-105.817909,39.53805],[-105.817631,39.53831],[-105.817976,39.539461],[-105.81806,39.540524],[-105.818605,39.54181],[-105.818898,39.542945],[-105.819066,39.544064],[-105.818928,39.545815],[-105.818383,39.546448],[-105.817814,39.54684],[-105.816878,39.547928],[-105.816308,39.54815],[-105.816087,39.54891],[-105.816197,39.54953],[-105.816163,39.550223],[-105.815899,39.550862],[-105.815807,39.551976],[-105.815923,39.552096],[-105.81635,39.552165],[-105.818724,39.552074],[-105.82125,39.552634],[-105.822337,39.553012],[-105.823827,39.554097],[-105.824742,39.55492],[-105.825771,39.555678],[-105.825815,39.556847],[-105.826061,39.557442],[-105.827707,39.559493],[-105.828906,39.561547],[-105.828932,39.562007],[-105.828496,39.563066],[-105.828521,39.563453],[-105.829426,39.564381],[-105.829662,39.564865],[-105.750561,39.564897],[-105.724054,39.565375],[-105.721601,39.565269],[-105.695149,39.565644],[-105.635875,39.566707],[-105.625558,39.566963],[-105.587986,39.568197],[-105.514529,39.566407],[-105.500292,39.566135],[-105.485117,39.566188],[-105.467953,39.566088],[-105.466814,39.566018],[-105.459209,39.565942],[-105.444922,39.565988],[-105.428096,39.565928],[-105.427251,39.565988],[-105.401051,39.565988],[-105.398949,39.566056],[-105.399042,39.570884],[-105.398986,39.573074],[-105.39915,39.576854],[-105.39915,39.581588],[-105.39895,39.585088],[-105.398951,39.604786],[-105.398875,39.60641],[-105.397776,39.607401],[-105.396302,39.607719],[-105.395297,39.608162],[-105.394938,39.608498],[-105.393821,39.608754],[-105.393062,39.608684],[-105.391274,39.608738],[-105.389794,39.608518],[-105.387475,39.608839],[-105.385585,39.608668],[-105.383507,39.608662],[-105.380448,39.609235],[-105.37913,39.609623],[-105.37886,39.60961],[-105.378436,39.609325],[-105.378148,39.609245],[-105.376638,39.609449],[-105.376374,39.608597],[-105.374825,39.606614],[-105.37344,39.606077],[-105.372785,39.605927],[-105.371824,39.605848],[-105.369858,39.605288],[-105.369317,39.604965],[-105.368706,39.604469],[-105.367262,39.602639],[-105.367238,39.602086],[-105.367155,39.601978],[-105.366123,39.601472],[-105.36572,39.601039],[-105.365578,39.60049],[-105.365749,39.598475],[-105.365709,39.598219],[-105.365175,39.597298],[-105.36456,39.596601],[-105.363431,39.596347],[-105.362515,39.59595],[-105.362264,39.595564],[-105.362211,39.59517],[-105.362038,39.595076],[-105.361184,39.595231],[-105.360434,39.595248],[-105.359401,39.595573],[-105.358797,39.595848],[-105.35761,39.595981],[-105.356924,39.595913],[-105.354394,39.594983],[-105.352406,39.594715],[-105.351299,39.594749],[-105.350959,39.594665],[-105.350973,39.594296],[-105.351547,39.593912],[-105.35187,39.593546],[-105.352322,39.593446],[-105.352668,39.592162],[-105.352597,39.591425],[-105.352655,39.590634],[-105.352219,39.58952],[-105.352218,39.588852],[-105.350635,39.588905],[-105.35016,39.589116],[-105.349185,39.58977],[-105.348279,39.589944],[-105.348008,39.590083],[-105.347504,39.590714],[-105.347269,39.590883],[-105.346234,39.591203],[-105.345329,39.591626],[-105.344652,39.592385],[-105.344214,39.593615],[-105.343874,39.594204],[-105.342744,39.595312],[-105.342677,39.595784],[-105.342947,39.59654],[-105.342995,39.597266],[-105.342704,39.598733],[-105.342243,39.599779],[-105.342324,39.600448],[-105.342093,39.601199],[-105.3421,39.602128],[-105.341844,39.602787],[-105.341371,39.603478],[-105.341065,39.604163],[-105.340794,39.605166],[-105.340515,39.605583],[-105.339747,39.606288],[-105.338987,39.60664],[-105.338442,39.607065],[-105.338499,39.608133],[-105.338392,39.608605],[-105.33818,39.608948],[-105.3376,39.609226],[-105.335171,39.610849],[-105.334809,39.610891],[-105.334452,39.610836],[-105.333512,39.610497],[-105.333184,39.610498],[-105.332946,39.610587],[-105.332676,39.610908],[-105.33248,39.611567],[-105.331898,39.612317],[-105.331735,39.61309],[-105.331631,39.613212],[-105.331099,39.613608],[-105.33021,39.61385],[-105.329788,39.61416],[-105.329384,39.615376],[-105.328722,39.61624],[-105.328596,39.616763],[-105.32843,39.617036],[-105.327623,39.617392],[-105.326318,39.617502],[-105.325026,39.617962],[-105.324228,39.618344],[-105.323635,39.618913],[-105.323395,39.619536],[-105.323959,39.619888],[-105.324118,39.620307],[-105.323395,39.621561],[-105.323311,39.621848],[-105.323355,39.622069],[-105.324196,39.623607],[-105.314579,39.623444],[-105.312958,39.623859],[-105.311647,39.623588],[-105.297647,39.623388],[-105.297862,39.62462],[-105.297676,39.624503],[-105.297655,39.624225],[-105.2975,39.624133],[-105.2972,39.623968],[-105.29668,39.62393],[-105.295894,39.624434],[-105.295664,39.624839],[-105.295508,39.619535],[-105.294848,39.619209],[-105.29478,39.619659],[-105.294674,39.619738],[-105.294439,39.619695],[-105.292969,39.619147],[-105.290492,39.617932],[-105.288857,39.617991],[-105.288216,39.618197],[-105.287966,39.618206],[-105.287563,39.618093],[-105.287404,39.617924],[-105.287753,39.617347],[-105.287773,39.617111],[-105.287731,39.616914],[-105.287419,39.616505],[-105.287005,39.616273],[-105.285406,39.615801],[-105.285376,39.615426],[-105.284858,39.614741],[-105.283734,39.613881],[-105.280618,39.612407],[-105.279269,39.612067],[-105.279125,39.611854],[-105.279139,39.611708],[-105.279572,39.610523],[-105.279485,39.610486],[-105.279751,39.609997],[-105.279705,39.609841],[-105.279124,39.609791],[-105.278669,39.610124],[-105.278274,39.609732],[-105.27768,39.608853],[-105.275624,39.607393],[-105.27537,39.607116],[-105.273897,39.605109],[-105.273904,39.604582],[-105.273625,39.604009],[-105.273558,39.603285],[-105.273855,39.602668],[-105.273824,39.601823],[-105.273745,39.60167],[-105.273488,39.60151],[-105.272363,39.599445],[-105.272093,39.598656],[-105.271882,39.59751],[-105.271443,39.597021],[-105.270669,39.595751],[-105.270379,39.594548],[-105.269457,39.593219],[-105.26923,39.592818],[-105.269195,39.592444],[-105.268741,39.591834],[-105.268699,39.591214],[-105.268592,39.591049],[-105.268713,39.590719],[-105.268507,39.589809],[-105.268258,39.589418],[-105.268089,39.588894],[-105.266064,39.588587],[-105.264935,39.587937],[-105.264018,39.58766],[-105.262905,39.587424],[-105.26152,39.587323],[-105.260268,39.586944],[-105.259866,39.586746],[-105.259087,39.58619],[-105.258809,39.586144],[-105.258346,39.586239],[-105.257032,39.586828],[-105.256642,39.586828],[-105.256492,39.586647],[-105.25622,39.585939],[-105.255813,39.585397],[-105.255037,39.584772],[-105.254377,39.584719],[-105.253547,39.584957],[-105.25327,39.585078],[-105.253143,39.585227],[-105.253074,39.585721],[-105.253389,39.586517],[-105.253228,39.586968],[-105.253029,39.58716],[-105.25242,39.587447],[-105.252194,39.587838],[-105.251996,39.587998],[-105.251301,39.588093],[-105.251124,39.588203],[-105.250906,39.588939],[-105.250481,39.589133],[-105.249934,39.589079],[-105.249777,39.588936],[-105.249868,39.588513],[-105.249597,39.588245],[-105.249157,39.588147],[-105.24807,39.588089],[-105.247274,39.587925],[-105.246855,39.587641],[-105.246541,39.587169],[-105.245922,39.587049],[-105.245469,39.587204],[-105.245265,39.587732],[-105.24521,39.588408],[-105.24542,39.589489],[-105.24535,39.589924],[-105.245188,39.590122],[-105.244557,39.590304],[-105.243755,39.590416],[-105.242469,39.590111],[-105.241255,39.590361],[-105.240471,39.590761],[-105.239553,39.590879],[-105.238314,39.590917],[-105.237108,39.591264],[-105.236278,39.591309],[-105.235128,39.591199],[-105.233729,39.591298],[-105.233529,39.591283],[-105.233364,39.591172],[-105.23337,39.590468],[-105.233156,39.590193],[-105.232944,39.590094],[-105.232475,39.590095],[-105.231366,39.590596],[-105.23082,39.5914],[-105.23012,39.59182],[-105.228752,39.592138],[-105.227775,39.591883],[-105.226318,39.59205],[-105.225344,39.592998],[-105.224943,39.593141],[-105.224712,39.592764],[-105.224413,39.592529],[-105.223993,39.592379],[-105.22301,39.592191],[-105.222372,39.591596],[-105.221821,39.591445],[-105.222307,39.592475],[-105.222558,39.594252],[-105.222905,39.595119],[-105.225802,39.59823],[-105.228486,39.601408],[-105.228726,39.601822],[-105.228953,39.602596],[-105.229213,39.60534],[-105.229374,39.605941],[-105.229921,39.606795],[-105.231456,39.608424],[-105.231817,39.609145],[-105.231737,39.609812],[-105.231229,39.61092],[-105.231144,39.611855],[-105.231483,39.612736],[-105.232471,39.613778],[-105.232818,39.614325],[-105.232872,39.614872],[-105.232757,39.61529],[-105.232287,39.615799],[-105.232437,39.615933],[-105.231508,39.616341],[-105.230249,39.616761],[-105.229781,39.61702],[-105.22952,39.617258],[-105.229183,39.617646],[-105.229053,39.617929],[-105.228849,39.618922],[-105.22845,39.61943],[-105.22793,39.619669],[-105.227542,39.619747],[-105.226928,39.619737],[-105.22655,39.619631],[-105.226,39.619304],[-105.224716,39.618198],[-105.223934,39.618027],[-105.222702,39.619439],[-105.222105,39.620513],[-105.221411,39.620512],[-105.221414,39.620726],[-105.221041,39.620725],[-105.221043,39.620846],[-105.219279,39.620839],[-105.219294,39.61947],[-105.218866,39.619467],[-105.218872,39.618776],[-105.218129,39.618771],[-105.218139,39.61755],[-105.216964,39.617249],[-105.216027,39.617194],[-105.214755,39.617436],[-105.214294,39.617606],[-105.213676,39.617997],[-105.213051,39.618733],[-105.212774,39.618843],[-105.212092,39.618837],[-105.209621,39.618382],[-105.208527,39.618591],[-105.207923,39.618629],[-105.207583,39.618613],[-105.206034,39.618273],[-105.205146,39.618234],[-105.204706,39.618306],[-105.204039,39.618586],[-105.202988,39.618862],[-105.202976,39.619391],[-105.202715,39.61964],[-105.201151,39.620784],[-105.200694,39.620938],[-105.200054,39.621051],[-105.198099,39.620962],[-105.198142,39.620568],[-105.197982,39.620566],[-105.197901,39.620466],[-105.197198,39.620431],[-105.197162,39.620664],[-105.196978,39.620798],[-105.196195,39.621068],[-105.195595,39.621465],[-105.194918,39.621747],[-105.194033,39.622402],[-105.19334,39.622674],[-105.193271,39.623679],[-105.192081,39.624475],[-105.190498,39.625176],[-105.189888,39.625386],[-105.187938,39.625838],[-105.181672,39.627179],[-105.180193,39.62773],[-105.179656,39.628006],[-105.178656,39.628716],[-105.178563,39.628624],[-105.172199,39.633167],[-105.167842,39.628685],[-105.166937,39.627885],[-105.167248,39.628068],[-105.165518,39.626099],[-105.164005,39.623487],[-105.163651,39.622297],[-105.160909,39.616862],[-105.1605,39.615797],[-105.160449,39.612214],[-105.16008,39.609654],[-105.160653,39.608962],[-105.160735,39.608348],[-105.160204,39.608],[-105.160101,39.60753],[-105.160204,39.607244],[-105.160919,39.606835],[-105.160756,39.605751],[-105.158915,39.602642],[-105.158465,39.60211],[-105.156654,39.601526],[-105.156097,39.599733],[-105.157331,39.598047],[-105.156424,39.59704],[-105.155753,39.594757],[-105.156156,39.594254],[-105.156424,39.593583],[-105.155686,39.591065],[-105.152531,39.586533],[-105.152463,39.58566],[-105.148099,39.580189],[-105.146863,39.579214],[-105.14527,39.575931],[-105.145037,39.570156],[-105.143909,39.567049],[-105.141862,39.564312],[-105.141107,39.563067],[-105.133792,39.552663],[-105.130698,39.550753],[-105.129576,39.551432],[-105.12872,39.551755],[-105.126945,39.552073],[-105.125166,39.552205],[-105.124684,39.55235],[-105.124098,39.552658],[-105.124112,39.552498],[-105.123764,39.552624],[-105.12353,39.55252],[-105.12309,39.552575],[-105.122685,39.552504],[-105.122586,39.552614],[-105.122728,39.55285],[-105.122672,39.552998],[-105.122288,39.553021],[-105.121763,39.552828],[-105.120713,39.553362],[-105.12033,39.553395],[-105.118443,39.553033],[-105.117464,39.553138],[-105.116612,39.552705],[-105.115909,39.552518],[-105.113801,39.551388],[-105.112381,39.550427],[-105.111785,39.549806],[-105.111302,39.549559],[-105.11094,39.549263],[-105.110323,39.549016],[-105.109414,39.548484],[-105.107796,39.547825],[-105.107278,39.547485],[-105.10689,39.547159],[-105.111007,39.547146],[-105.11101,39.536173],[-105.094393,39.53627],[-105.094295,39.536455],[-105.093461,39.536298],[-105.088696,39.546333],[-105.088398,39.546216],[-105.087674,39.546101],[-105.086226,39.545629],[-105.085559,39.54575],[-105.083812,39.545671],[-105.083307,39.545818],[-105.082548,39.545922],[-105.08125,39.545845],[-105.079364,39.545979],[-105.073045,39.545265],[-105.074111,39.544268],[-105.074442,39.543344],[-105.074594,39.541652],[-105.076419,39.540055],[-105.077084,39.538136],[-105.077745,39.536706],[-105.07754,39.535884],[-105.076571,39.534968],[-105.076106,39.532691],[-105.076434,39.531624],[-105.079461,39.525888],[-105.079547,39.524689],[-105.079288,39.523893],[-105.080096,39.523156],[-105.080034,39.522613],[-105.079699,39.521772],[-105.079567,39.521631],[-105.079605,39.521315],[-105.079404,39.520816],[-105.079424,39.520462],[-105.079261,39.519929],[-105.079003,39.519486],[-105.079,39.519142],[-105.078702,39.51879],[-105.078657,39.518561],[-105.078392,39.518308],[-105.078248,39.517915],[-105.077945,39.517495],[-105.077945,39.517123],[-105.078201,39.516468],[-105.078432,39.515416],[-105.078298,39.514736],[-105.078331,39.514338],[-105.078446,39.513851],[-105.078744,39.513427],[-105.078843,39.513119],[-105.078859,39.51285],[-105.07842,39.512042],[-105.078402,39.51149],[-105.0787,39.510836],[-105.07918,39.510399],[-105.079858,39.510001],[-105.081133,39.509667],[-105.082291,39.508357],[-105.083491,39.507638],[-105.08407,39.507202],[-105.084665,39.506585],[-105.085046,39.505956],[-105.085227,39.50543],[-105.085127,39.505084],[-105.084746,39.504789],[-105.084713,39.504622],[-105.084928,39.504199],[-105.085225,39.503929],[-105.085275,39.503608],[-105.084751,39.502255],[-105.084841,39.50121],[-105.085238,39.500619],[-105.086181,39.499762],[-105.086394,39.499447],[-105.086495,39.499133],[-105.086058,39.498167],[-105.086057,39.497853],[-105.086148,39.497633],[-105.086847,39.497279],[-105.087156,39.497028],[-105.087257,39.496572],[-105.087185,39.496061],[-105.086952,39.495771],[-105.086323,39.495332],[-105.086109,39.494923],[-105.086144,39.494326],[-105.086286,39.493981],[-105.086751,39.493423],[-105.087612,39.492849],[-105.088514,39.492392],[-105.090817,39.489995],[-105.091353,39.48928],[-105.092523,39.488392],[-105.09333,39.488054],[-105.093063,39.487646],[-105.092771,39.487384],[-105.091754,39.486972],[-105.092142,39.486379],[-105.092178,39.485757],[-105.095076,39.48388],[-105.095645,39.48369],[-105.096273,39.483599],[-105.097727,39.483526],[-105.098285,39.483616],[-105.100018,39.484137],[-105.100541,39.484154],[-105.101669,39.484009],[-105.102739,39.484211],[-105.102646,39.483873],[-105.102796,39.48354],[-105.102808,39.483152],[-105.102621,39.482711],[-105.102225,39.482171],[-105.102271,39.481855],[-105.102093,39.479765],[-105.102394,39.478936],[-105.10299,39.478124],[-105.101194,39.47811],[-105.100778,39.463573],[-105.096339,39.463526],[-105.096367,39.459911],[-105.091727,39.459934],[-105.091734,39.449123],[-105.091488,39.420073],[-105.072986,39.420106],[-105.072946,39.41386],[-105.072809,39.411661],[-105.072724,39.4115],[-105.071982,39.410747],[-105.071471,39.410513],[-105.070447,39.409773],[-105.069697,39.409501],[-105.067277,39.409085],[-105.065809,39.409056],[-105.064354,39.408779],[-105.063457,39.408888],[-105.063093,39.409],[-105.062566,39.409575],[-105.062261,39.409708],[-105.061509,39.409627],[-105.060659,39.409349],[-105.059959,39.409361],[-105.059417,39.409569],[-105.059181,39.409904],[-105.059337,39.41026],[-105.059293,39.410481],[-105.05844,39.411205],[-105.057779,39.411567],[-105.057594,39.412868],[-105.057031,39.414975],[-105.057166,39.415462],[-105.056244,39.415981],[-105.055201,39.416824],[-105.054115,39.417238],[-105.052749,39.418359],[-105.052643,39.418708],[-105.053323,39.42037],[-105.053329,39.420562],[-105.053157,39.420922],[-105.052634,39.421598],[-105.051422,39.422416],[-105.050441,39.422694],[-105.048626,39.423451],[-105.047599,39.423767],[-105.047076,39.424031],[-105.046619,39.424426],[-105.045718,39.425936],[-105.044912,39.426819],[-105.044015,39.427597],[-105.043512,39.428658],[-105.043557,39.428953],[-105.044159,39.429685],[-105.04442,39.429833],[-105.044947,39.429919],[-105.045002,39.429982],[-105.044977,39.430973],[-105.045201,39.43153],[-105.04529,39.433379],[-105.045063,39.433765],[-105.044527,39.434309],[-105.044426,39.435182],[-105.044213,39.435853],[-105.043878,39.436401],[-105.042714,39.43778],[-105.042805,39.438163],[-105.043407,39.438589],[-105.043541,39.438905],[-105.043222,39.439318],[-105.04307,39.439818],[-105.042641,39.440186],[-105.042566,39.440516],[-105.042625,39.440842],[-105.042895,39.441386],[-105.043471,39.441855],[-105.045,39.442717],[-105.045479,39.442798],[-105.046537,39.442702],[-105.047747,39.442819],[-105.048454,39.442709],[-105.049978,39.443752],[-105.051241,39.44442],[-105.052263,39.445105],[-105.054178,39.446085],[-105.054754,39.446786],[-105.054756,39.447448],[-105.053434,39.451404],[-105.05333,39.452342],[-105.052819,39.452819],[-105.052843,39.453117],[-105.052634,39.453459],[-105.052879,39.454477],[-105.053042,39.454748],[-105.05338,39.455829],[-105.05374,39.456288],[-105.054078,39.456567],[-105.054124,39.457072],[-105.054636,39.457378],[-105.05466,39.457789],[-105.054832,39.457582],[-105.054837,39.45802],[-105.054649,39.46],[-105.054745,39.460513],[-105.053174,39.461397],[-105.052312,39.471022],[-105.045651,39.470926],[-105.045687,39.467211],[-105.039011,39.467092],[-105.03878,39.466695],[-105.038706,39.466359],[-105.038749,39.464279],[-105.038657,39.463298],[-105.038792,39.462391],[-105.039039,39.461789],[-105.03874,39.461028],[-105.038121,39.458618],[-105.03806,39.455682],[-105.037734,39.456087],[-105.037584,39.456475],[-105.037003,39.45716],[-105.036771,39.458187],[-105.036213,39.458656],[-105.03583,39.459151],[-105.035667,39.459602],[-105.034784,39.46099],[-105.033355,39.462342],[-105.032763,39.462576],[-105.032321,39.462919],[-105.031984,39.462955],[-105.031751,39.463063],[-105.031659,39.463216],[-105.031636,39.463739],[-105.030497,39.465524],[-105.030079,39.465803],[-105.029265,39.466614],[-105.028928,39.46711],[-105.028417,39.467497],[-105.028034,39.468137],[-105.027301,39.468822],[-105.026616,39.46939],[-105.026093,39.469642],[-105.025105,39.470481],[-105.024593,39.470733],[-105.024128,39.471598],[-105.02385,39.471796],[-105.023594,39.472481],[-105.023049,39.473014],[-105.026551,39.475081],[-105.026667,39.496142],[-105.025626,39.496079],[-105.02485,39.49591],[-105.023543,39.495843],[-105.023011,39.49591],[-105.022435,39.496128],[-105.018857,39.496183],[-105.018833,39.495261],[-105.018251,39.494531],[-105.017623,39.493315],[-105.016227,39.491261],[-105.015529,39.490792],[-105.014738,39.490513],[-105.01368,39.49027],[-105.013389,39.490297],[-105.012808,39.490504],[-105.011866,39.491243],[-105.011319,39.49155],[-105.010889,39.492081],[-105.009785,39.492541],[-105.009366,39.492929],[-105.00904,39.49355],[-105.00875,39.493722],[-105.00704,39.49437],[-105.006401,39.494334],[-105.005505,39.494154],[-105.005075,39.494208],[-105.004482,39.494488],[-105.004307,39.494704],[-105.004261,39.495082],[-105.004598,39.495812],[-105.00461,39.496074],[-105.00447,39.496317],[-105.004181,39.496535],[-105.002871,39.494762],[-105.001129,39.492757],[-104.99987,39.491508],[-104.997197,39.48918],[-104.996315,39.48798],[-104.994564,39.483229],[-104.993502,39.480801],[-104.990997,39.475458],[-104.988775,39.471485],[-104.986817,39.464559],[-104.986002,39.462763],[-104.984339,39.459511],[-104.98386,39.458797],[-104.982563,39.457216],[-104.980806,39.45541],[-104.976922,39.451773],[-104.976244,39.451038],[-104.975861,39.450426],[-104.972744,39.443901],[-104.972324,39.443268],[-104.971808,39.442696],[-104.970504,39.441715],[-104.969713,39.441313],[-104.968622,39.44094],[-104.964726,39.439955],[-104.961551,39.439311],[-104.959742,39.438744],[-104.956706,39.437631],[-104.948598,39.43546],[-104.947681,39.435294],[-104.942283,39.434768],[-104.93797,39.434139],[-104.935002,39.433238],[-104.929512,39.432297],[-104.928359,39.432018],[-104.925849,39.431192],[-104.924792,39.430948],[-104.92343,39.430729],[-104.917826,39.430413],[-104.916665,39.430213],[-104.911449,39.428891],[-104.907327,39.428039],[-104.905817,39.427519],[-104.904927,39.427123],[-104.905342,39.426848],[-104.905392,39.413724],[-104.914599,39.413401],[-104.914624,39.409762],[-104.919236,39.409629],[-104.919252,39.405948],[-104.920682,39.405876],[-104.920729,39.402184],[-104.91923,39.402239],[-104.919164,39.384056],[-104.914495,39.384052],[-104.914487,39.37688],[-104.905148,39.376904],[-104.905091,39.373304],[-104.888203,39.373108],[-104.889827,39.371693],[-104.891067,39.369748],[-104.890976,39.369711],[-104.893266,39.366148],[-104.89443,39.364691],[-104.895428,39.363608],[-104.895589,39.355141],[-104.895721,39.355048],[-104.896087,39.355055],[-104.896273,39.354355],[-104.896204,39.354064],[-104.895735,39.353706],[-104.895765,39.352977],[-104.895835,39.352878],[-104.896272,39.352693],[-104.896358,39.352219],[-104.896689,39.351686],[-104.89664,39.351594],[-104.896121,39.351436],[-104.895994,39.351333],[-104.895876,39.350426],[-104.895732,39.350234],[-104.895506,39.350189],[-104.894748,39.350284],[-104.893912,39.350293],[-104.89313,39.350446],[-104.892582,39.350369],[-104.892413,39.350317],[-104.8922,39.350084],[-104.891402,39.349038],[-104.891084,39.348853],[-104.89083,39.348887],[-104.890406,39.349079],[-104.889101,39.348927],[-104.888307,39.348555],[-104.888135,39.348018],[-104.888246,39.344534],[-104.886011,39.344309],[-104.885796,39.344239],[-104.884999,39.34367],[-104.884369,39.342839],[-104.884201,39.342411],[-104.884148,39.341263],[-104.883755,39.340072],[-104.883613,39.339221],[-104.883529,39.339081],[-104.883275,39.338944],[-104.882558,39.338868],[-104.883418,39.336835],[-104.883997,39.336836],[-104.884579,39.336707],[-104.884886,39.336693],[-104.884892,39.336846],[-104.88503,39.336852],[-104.905045,39.33694],[-104.905072,39.333308],[-104.914474,39.333476],[-104.914461,39.331552],[-104.914614,39.331679],[-104.915534,39.331631],[-104.916034,39.331482],[-104.919501,39.330111],[-104.920438,39.329347],[-104.918123,39.327916],[-104.916088,39.327089],[-104.914993,39.326475],[-104.914653,39.326042],[-104.91453,39.325268],[-104.914584,39.323801],[-104.914997,39.323173],[-104.91539,39.322892],[-104.918729,39.321679],[-104.919956,39.321445],[-104.9214,39.320532],[-104.921596,39.320274],[-104.921612,39.320024],[-104.921402,39.319781],[-104.920438,39.319347],[-104.919458,39.318422],[-104.919264,39.318056],[-104.918997,39.316524],[-104.918004,39.314326],[-104.917683,39.314003],[-104.916983,39.313549],[-104.916733,39.313067],[-104.916745,39.312852],[-104.916917,39.312532],[-104.918284,39.311789],[-104.918876,39.3112],[-104.919063,39.310761],[-104.919542,39.308403],[-104.918846,39.308325],[-104.917203,39.308597],[-104.915354,39.308712],[-104.911927,39.309489],[-104.908758,39.309201],[-104.908336,39.30889],[-104.908168,39.308451],[-104.908315,39.30807],[-104.908468,39.307917],[-104.910519,39.306722],[-104.910898,39.306343],[-104.911719,39.305135],[-104.912019,39.30433],[-104.912233,39.30404],[-104.912559,39.303799],[-104.913352,39.303532],[-104.914325,39.303445],[-104.915215,39.303566],[-104.91606,39.303778],[-104.916202,39.303453],[-104.916272,39.302911],[-104.915584,39.301098],[-104.915566,39.300723],[-104.915788,39.300194],[-104.916953,39.298451],[-104.916834,39.296999],[-104.91476,39.297072],[-104.909933,39.297571],[-104.90743,39.298319],[-104.906536,39.298438],[-104.901804,39.298216],[-104.90005,39.297944],[-104.896283,39.297789],[-104.891475,39.297015],[-104.890714,39.29846],[-104.890036,39.300256],[-104.876125,39.338931],[-104.872065,39.338886],[-104.870181,39.338296],[-104.869231,39.338122],[-104.869209,39.338193],[-104.869205,39.337908],[-104.86929,39.337902],[-104.870103,39.335107],[-104.87043,39.33516],[-104.87209,39.329365],[-104.871893,39.329367],[-104.872381,39.327423],[-104.87239,39.328129],[-104.873338,39.324303],[-104.874205,39.322122],[-104.874017,39.32212],[-104.876074,39.318518],[-104.868472,39.318411],[-104.852728,39.318352],[-104.826288,39.318436],[-104.826487,39.324669],[-104.827712,39.324666],[-104.828587,39.325343],[-104.828528,39.325987],[-104.826529,39.325976],[-104.826637,39.329372],[-104.823936,39.329383],[-104.827135,39.332525],[-104.82794,39.334095],[-104.82828,39.334124],[-104.828307,39.334516],[-104.828867,39.335504],[-104.828694,39.335576],[-104.831683,39.340674],[-104.831873,39.340646],[-104.833584,39.343285],[-104.833752,39.343854],[-104.85384,39.343866],[-104.853896,39.351097],[-104.844634,39.351084],[-104.844706,39.354685],[-104.839822,39.354697],[-104.842707,39.356544],[-104.841688,39.357194],[-104.842221,39.357711],[-104.842077,39.357763],[-104.841317,39.357052],[-104.839158,39.355635],[-104.838133,39.354859],[-104.8353,39.352141],[-104.835324,39.352942],[-104.830568,39.352948],[-104.827993,39.351748],[-104.827138,39.353308],[-104.825002,39.35344],[-104.824797,39.353387],[-104.824245,39.352812],[-104.823549,39.353239],[-104.822412,39.353568],[-104.821449,39.353595],[-104.820523,39.353513],[-104.819853,39.353599],[-104.819115,39.353908],[-104.818091,39.354631],[-104.817654,39.354843],[-104.817135,39.354946],[-104.814839,39.354973],[-104.814839,39.355063],[-104.812952,39.355074],[-104.812954,39.354915],[-104.808023,39.354928],[-104.808026,39.351298],[-104.803321,39.351293],[-104.800979,39.347667],[-104.793903,39.347682],[-104.793865,39.362239],[-104.77988,39.362345],[-104.779894,39.369565],[-104.784538,39.369597],[-104.784558,39.384088],[-104.793855,39.384039],[-104.793886,39.381658],[-104.795422,39.380504],[-104.798541,39.380478],[-104.79853,39.382267],[-104.805527,39.38221],[-104.804167,39.384141],[-104.803452,39.385657],[-104.803308,39.386402],[-104.803371,39.38755],[-104.803495,39.388082],[-104.804163,39.389697],[-104.804233,39.390284],[-104.804101,39.390799],[-104.803622,39.391607],[-104.803136,39.392045],[-104.80313,39.391147],[-104.793746,39.391144],[-104.793751,39.394689],[-104.789106,39.394709],[-104.789119,39.396397],[-104.784649,39.396027],[-104.780225,39.395249],[-104.778611,39.394901],[-104.771988,39.393118],[-104.765102,39.391466],[-104.764458,39.391386],[-104.76016,39.391221],[-104.760654,39.391606],[-104.761397,39.39259],[-104.761835,39.393617],[-104.761665,39.394161],[-104.761643,39.39471],[-104.761968,39.395584],[-104.762009,39.397638],[-104.762178,39.398858],[-104.762638,39.399407],[-104.76372,39.400067],[-104.763954,39.400309],[-104.764017,39.400809],[-104.763564,39.401435],[-104.763557,39.401698],[-104.764434,39.402468],[-104.765715,39.40316],[-104.76592,39.403342],[-104.766033,39.403633],[-104.766311,39.405706],[-104.761728,39.405635],[-104.759046,39.405821],[-104.759675,39.407381],[-104.760447,39.410017],[-104.760842,39.412099],[-104.761073,39.414258],[-104.761068,39.417708],[-104.760443,39.429407],[-104.760182,39.432162],[-104.760073,39.435105],[-104.749176,39.432089],[-104.745441,39.430742],[-104.745367,39.431262],[-104.745737,39.431771],[-104.745773,39.431962],[-104.745553,39.432355],[-104.745225,39.43252],[-104.74448,39.433113],[-104.744448,39.433625],[-104.744322,39.433797],[-104.742947,39.434056],[-104.742685,39.434213],[-104.74215,39.434882],[-104.741783,39.435173],[-104.741282,39.435126],[-104.740663,39.434548],[-104.740435,39.434442],[-104.740019,39.434542],[-104.739349,39.435425],[-104.73813,39.43575],[-104.737132,39.435698],[-104.736038,39.435398],[-104.735536,39.435351],[-104.734595,39.435427],[-104.733892,39.435711],[-104.733284,39.436325],[-104.73325,39.437594],[-104.733161,39.43786],[-104.73292,39.43808],[-104.732602,39.43821],[-104.733061,39.439206],[-104.73312,39.440104],[-104.732378,39.440075],[-104.732248,39.442183],[-104.711242,39.442164],[-104.702237,39.442073],[-104.701602,39.442144],[-104.701169,39.442296],[-104.700703,39.442574],[-104.700325,39.443027],[-104.700182,39.443432],[-104.700107,39.444835],[-104.699941,39.456542],[-104.70485,39.456558],[-104.71829,39.457274],[-104.71829,39.457784],[-104.718495,39.458761],[-104.718689,39.458992],[-104.718821,39.458997],[-104.718894,39.463077],[-104.71897,39.463586],[-104.719234,39.464094],[-104.720088,39.464856],[-104.720318,39.465244],[-104.720273,39.466351],[-104.721046,39.467646],[-104.721306,39.469926],[-104.721158,39.47069],[-104.720779,39.471436],[-104.719234,39.473305],[-104.719135,39.473876],[-104.719317,39.474751],[-104.719095,39.475377],[-104.718602,39.47572],[-104.718196,39.475836],[-104.71854,39.476964],[-104.718493,39.478794],[-104.71831,39.479135],[-104.718086,39.479276],[-104.717325,39.478516],[-104.71572,39.477685],[-104.712103,39.476586],[-104.71053,39.475979],[-104.709299,39.475124],[-104.707825,39.473863],[-104.703081,39.470714],[-104.692471,39.465212],[-104.691104,39.46435],[-104.69037,39.463732],[-104.681059,39.463717],[-104.661518,39.4635],[-104.662465,39.390953],[-104.662773,39.303782],[-104.662894,39.216406],[-104.662483,39.129529],[-104.665017,39.129585],[-104.671022,39.129479],[-104.732677,39.129615],[-104.735546,39.12967],[-104.776048,39.129644],[-104.784572,39.129714],[-104.802314,39.129676],[-104.816778,39.129764],[-104.825257,39.129715],[-104.849109,39.13001],[-104.868471,39.129835],[-104.877773,39.129963],[-104.896079,39.12998],[-104.902945,39.129935],[-104.903088,39.129808],[-104.903002,39.129934],[-105.000551,39.13004],[-105.033473,39.129783],[-105.027139,39.028954],[-105.027691,39.01485],[-105.029945,38.999632],[-105.0273,38.985375],[-105.02733,38.966471],[-105.027041,38.956567],[-105.027255,38.93808],[-105.031896,38.937933],[-105.031941,38.936102],[-105.034369,38.936083],[-105.03434,38.937903],[-105.04119,38.937811],[-105.041206,38.934321],[-105.041068,38.930551],[-105.039832,38.930575],[-105.031398,38.930252],[-105.027947,38.930032],[-105.027926,38.930806],[-105.027342,38.930811],[-105.027393,38.926696],[-105.027881,38.912214],[-105.027719,38.897722],[-105.028314,38.883243],[-105.028633,38.86873],[-105.047369,38.868855],[-105.055027,38.869094],[-105.066441,38.869177],[-105.067423,38.863998],[-105.067559,38.86267],[-105.067409,38.862153],[-105.067951,38.859881],[-105.067909,38.859384],[-105.06766,38.858991],[-105.071637,38.81944],[-105.072371,38.811087],[-105.072529,38.8084],[-105.072457,38.805007],[-105.072184,38.799382],[-105.054363,38.799475],[-105.029011,38.798053],[-105.01555,38.797821],[-104.994688,38.79855],[-104.975082,38.798275],[-104.958047,38.798365],[-104.948775,38.798559],[-104.939869,38.796543],[-104.939492,38.782382],[-104.939376,38.749988],[-104.938961,38.710524],[-104.939528,38.703482],[-104.939715,38.696319],[-104.942229,38.696268],[-104.942195,38.671749],[-104.942323,38.664447],[-104.942203,38.649892],[-104.942528,38.624993],[-104.941824,38.535601],[-104.941533,38.519569],[-104.941415,38.503158],[-104.941211,38.500618],[-104.941312,38.499999],[-104.941299,38.475934],[-104.941068,38.458998],[-104.940961,38.458203],[-104.940886,38.432953],[-104.941004,38.377908],[-104.940887,38.372174],[-104.940366,38.258275],[-104.993982,38.258046],[-104.994289,38.258093],[-105.000541,38.257981],[-105.027594,38.257917],[-105.049215,38.257973],[-105.049223,38.250003],[-105.048731,38.239698],[-105.048287,38.127773],[-105.050165,38.117361],[-105.050678,38.113824],[-105.04951,38.039905],[-105.049981,38.006885],[-105.05019,38.000006],[-105.049973,37.985324],[-105.050124,37.98459],[-105.050148,37.981661],[-105.049917,37.915479],[-105.054307,37.917509],[-105.055672,37.917025],[-105.056661,37.916156],[-105.057201,37.915946],[-105.059364,37.91618],[-105.061497,37.916061],[-105.0632,37.916976],[-105.064211,37.917906],[-105.064218,37.918536],[-105.065399,37.919876],[-105.06585,37.920763],[-105.065135,37.921456],[-105.065034,37.923241],[-105.066301,37.925048],[-105.066063,37.92625],[-105.065155,37.927368],[-105.064126,37.928383],[-105.063737,37.929269],[-105.063739,37.93294],[-105.063572,37.935001],[-105.064342,37.936635],[-105.06603,37.937447],[-105.066425,37.938525],[-105.065471,37.941802],[-105.066056,37.944209],[-105.067389,37.944756],[-105.070472,37.945802],[-105.071305,37.946606],[-105.072219,37.947789],[-105.074244,37.948513],[-105.074965,37.949221],[-105.0778,37.952964],[-105.08183,37.95425],[-105.084057,37.955594],[-105.084383,37.955384],[-105.085532,37.951141],[-105.088011,37.948588],[-105.090295,37.947637],[-105.093828,37.947329],[-105.099097,37.944943],[-105.103129,37.94494],[-105.108507,37.943399],[-105.112984,37.945449],[-105.115608,37.9475],[-105.117163,37.949141],[-105.120666,37.949597],[-105.122612,37.949177],[-105.123823,37.949627],[-105.125975,37.95117],[-105.126207,37.951534],[-105.126134,37.952002],[-105.125818,37.952542],[-105.125111,37.953087],[-105.12504,37.95324],[-105.125141,37.953594],[-105.125294,37.953715],[-105.125551,37.954592],[-105.126238,37.954778],[-105.126906,37.955134],[-105.127105,37.956457],[-105.126188,37.957812],[-105.126435,37.959555],[-105.126411,37.96075],[-105.127576,37.961174],[-105.127909,37.962592],[-105.128974,37.96285],[-105.133409,37.963039],[-105.133846,37.963307],[-105.13414,37.964124],[-105.13496,37.964616],[-105.135647,37.965277],[-105.135949,37.966358],[-105.13558,37.967294],[-105.134816,37.968189],[-105.133195,37.970423],[-105.132117,37.971019],[-105.131335,37.971188],[-105.131039,37.97168],[-105.131199,37.972261],[-105.131025,37.972681],[-105.131348,37.973456],[-105.13236,37.974643],[-105.14055,37.979774],[-105.142145,37.979799],[-105.141641,37.982034],[-105.140377,37.983429],[-105.139501,37.984607],[-105.139419,37.984841],[-105.13958,37.98514],[-105.141241,37.98686],[-105.141962,37.986804],[-105.143037,37.987595],[-105.143909,37.987838],[-105.145028,37.987411],[-105.146452,37.986589],[-105.147163,37.986477],[-105.147965,37.986841],[-105.150717,37.990789],[-105.151204,37.99091],[-105.151883,37.991403],[-105.152491,37.992113],[-105.152261,37.994356],[-105.152479,37.996342],[-105.152781,37.997391],[-105.152626,37.99823],[-105.153099,38.000005],[-105.153199,38.000784],[-105.152966,38.001412],[-105.152407,38.001912],[-105.152133,38.002379],[-105.15191,38.00333],[-105.150386,38.004547],[-105.148416,38.005078],[-105.147948,38.005392],[-105.147847,38.005658],[-105.147969,38.006239],[-105.149524,38.007303],[-105.151414,38.008448],[-105.152868,38.009747],[-105.157299,38.012955],[-105.158366,38.013133],[-105.15984,38.014173],[-105.160765,38.014947],[-105.161101,38.015866],[-105.16376,38.016193],[-105.164323,38.016673],[-105.165826,38.016821],[-105.166304,38.017104],[-105.166898,38.018129],[-105.167361,38.018471],[-105.167941,38.018527],[-105.168652,38.018946],[-105.169373,38.018527],[-105.170217,38.018407],[-105.171731,38.018044],[-105.172675,38.017416],[-105.173264,38.017142],[-105.174321,38.017078],[-105.176708,38.016352],[-105.178903,38.016474],[-105.179208,38.016353],[-105.179716,38.015853],[-105.181006,38.015595],[-105.181494,38.015305],[-105.181819,38.014693],[-105.183912,38.013863],[-105.184836,38.013669],[-105.185252,38.013379],[-105.185394,38.012654],[-105.185709,38.012323],[-105.186542,38.011993],[-105.18775,38.010598],[-105.189283,38.009752],[-105.192808,38.008616],[-105.194586,38.00756],[-105.197568,38.004366],[-105.198411,38.004092],[-105.198919,38.003785],[-105.200044,38.000835],[-105.19986,38.000002],[-105.199263,37.998855],[-105.197073,37.992416],[-105.198814,37.990181],[-105.200298,37.990157],[-105.201924,37.990448],[-105.203122,37.990143],[-105.205022,37.989974],[-105.206068,37.989668],[-105.206211,37.989401],[-105.205837,37.988619],[-105.205897,37.983268],[-105.206702,37.982276],[-105.207707,37.981655],[-105.209241,37.982228],[-105.211324,37.981518],[-105.213986,37.980809],[-105.214221,37.98026],[-105.213239,37.97838],[-105.213109,37.977331],[-105.213952,37.977145],[-105.214633,37.976887],[-105.214979,37.976484],[-105.215725,37.976125],[-105.216505,37.975378],[-105.216646,37.974116],[-105.216174,37.972998],[-105.216358,37.97253],[-105.215366,37.97052],[-105.216627,37.969447],[-105.217266,37.969883],[-105.218095,37.969903],[-105.219937,37.969505],[-105.220718,37.969514],[-105.222201,37.969151],[-105.223136,37.968804],[-105.223798,37.967933],[-105.224225,37.967763],[-105.224683,37.966674],[-105.224646,37.965036],[-105.2255,37.964261],[-105.226262,37.963898],[-105.226921,37.964568],[-105.227875,37.964673],[-105.228616,37.964657],[-105.229418,37.965245],[-105.23014,37.965011],[-105.231663,37.964866],[-105.232832,37.964196],[-105.232832,37.963922],[-105.233056,37.963744],[-105.23336,37.964067],[-105.234426,37.964019],[-105.235046,37.963688],[-105.235809,37.9628],[-105.236753,37.962743],[-105.237535,37.962905],[-105.23856,37.96284],[-105.238864,37.96256],[-105.239933,37.960393],[-105.238689,37.959419],[-105.237598,37.957568],[-105.238096,37.956851],[-105.239293,37.955869],[-105.240033,37.95508],[-105.241799,37.953809],[-105.24339,37.953719],[-105.244716,37.953728],[-105.245669,37.953253],[-105.246318,37.952648],[-105.246694,37.95211],[-105.248617,37.952109],[-105.249742,37.951521],[-105.250018,37.950378],[-105.255436,37.942916],[-105.256764,37.942555],[-105.257546,37.938131],[-105.260843,37.937098],[-105.261549,37.937168],[-105.263168,37.932458],[-105.263942,37.932059],[-105.2638,37.92882],[-105.261842,37.925637],[-105.263459,37.92324],[-105.264304,37.922882],[-105.264815,37.921377],[-105.26805,37.918304],[-105.267932,37.917416],[-105.268915,37.916346],[-105.269232,37.914786],[-105.269908,37.913661],[-105.271433,37.912815],[-105.272078,37.911601],[-105.273418,37.910716],[-105.27336,37.909448],[-105.273742,37.908574],[-105.273818,37.907677],[-105.276233,37.905875],[-105.276988,37.904103],[-105.277949,37.904407],[-105.278924,37.903645],[-105.280549,37.901215],[-105.281262,37.901037],[-105.283224,37.899993],[-105.284465,37.899512],[-105.285076,37.899421],[-105.285303,37.899552],[-105.285568,37.899596],[-105.286736,37.900194],[-105.289367,37.902869],[-105.290248,37.903509],[-105.29104,37.903897],[-105.290784,37.905368],[-105.291597,37.906431],[-105.291538,37.907555],[-105.292407,37.908625],[-105.293437,37.908718],[-105.294811,37.90822],[-105.296681,37.908762],[-105.297052,37.908945],[-105.297431,37.909349],[-105.297553,37.910088],[-105.298011,37.911263],[-105.298644,37.911871],[-105.299834,37.912272],[-105.300254,37.912488],[-105.301115,37.914627],[-105.300655,37.915887],[-105.301659,37.918119],[-105.301208,37.919641],[-105.300388,37.921586],[-105.300541,37.923085],[-105.303607,37.926188],[-105.303754,37.926794],[-105.304366,37.928393],[-105.305058,37.929447],[-105.306316,37.930967],[-105.306574,37.932292],[-105.310281,37.93354],[-105.311093,37.935945],[-105.313772,37.936888],[-105.314507,37.938444],[-105.315682,37.93881],[-105.317081,37.938949],[-105.318774,37.938846],[-105.320609,37.938572],[-105.324526,37.938434],[-105.327722,37.937177],[-105.329026,37.936945],[-105.331702,37.935801],[-105.333869,37.934646],[-105.334443,37.934196],[-105.33571,37.933468],[-105.336691,37.932738],[-105.337461,37.932055],[-105.338481,37.930797],[-105.339832,37.929482],[-105.342076,37.928412],[-105.343625,37.927065],[-105.344536,37.926378],[-105.346347,37.925535],[-105.346453,37.925464],[-105.346655,37.925024],[-105.347209,37.924759],[-105.350814,37.924889],[-105.351763,37.924707],[-105.353674,37.923581],[-105.354866,37.923365],[-105.356054,37.922854],[-105.357613,37.922862],[-105.358499,37.922601],[-105.360159,37.92245],[-105.361139,37.922597],[-105.362309,37.922425],[-105.363157,37.922095],[-105.363779,37.92207],[-105.36541,37.92142],[-105.366264,37.920938],[-105.367055,37.92037],[-105.367461,37.919974],[-105.367829,37.919784],[-105.372214,37.918116],[-105.374483,37.917349],[-105.376361,37.916356],[-105.377088,37.916102],[-105.377755,37.914466],[-105.378396,37.9138],[-105.379673,37.913372],[-105.380564,37.913325],[-105.38165,37.912707],[-105.383104,37.911437],[-105.383798,37.910539],[-105.38504,37.910178],[-105.385559,37.909824],[-105.386019,37.90937],[-105.387903,37.908065],[-105.389628,37.906522],[-105.390305,37.905196],[-105.391374,37.904364],[-105.39283,37.903759],[-105.39408,37.902918],[-105.393988,37.902482],[-105.394792,37.901366],[-105.39677,37.900199],[-105.399585,37.898816],[-105.400749,37.898096],[-105.401826,37.897286],[-105.403421,37.895782],[-105.405087,37.89515],[-105.406157,37.8951],[-105.407335,37.894694],[-105.408697,37.894442],[-105.409784,37.893205],[-105.410404,37.893204],[-105.411553,37.892532],[-105.412985,37.891238],[-105.413635,37.890527],[-105.415486,37.890815],[-105.418689,37.889703],[-105.419742,37.889957],[-105.421597,37.890652],[-105.422385,37.890367],[-105.424151,37.890173],[-105.426855,37.891634],[-105.42779,37.89132],[-105.428731,37.892196],[-105.429886,37.893837],[-105.431666,37.894407],[-105.431972,37.895167],[-105.434647,37.895525],[-105.437279,37.896011],[-105.440272,37.897461],[-105.45236,37.895681],[-105.459235,37.897169],[-105.459601,37.896813],[-105.461319,37.896891],[-105.46697,37.895515],[-105.471057,37.895264],[-105.47301,37.895696],[-105.473204,37.89597],[-105.473307,37.896649],[-105.476056,37.899389],[-105.477083,37.899298],[-105.478875,37.900505],[-105.479161,37.901296],[-105.479,37.902629],[-105.478523,37.902807],[-105.478351,37.903349],[-105.481271,37.904417],[-105.482604,37.905004],[-105.48455,37.9068],[-105.485609,37.908074],[-105.486149,37.908194],[-105.488145,37.909845],[-105.4884,37.910604],[-105.491145,37.915225],[-105.493029,37.916214],[-105.494109,37.9171],[-105.497197,37.920339],[-105.498072,37.920491],[-105.499202,37.921465],[-105.500563,37.921998],[-105.502273,37.92295],[-105.503116,37.923725],[-105.504893,37.927213],[-105.505687,37.927891],[-105.507042,37.93102],[-105.507251,37.932523],[-105.508364,37.936094],[-105.50957,37.937122],[-105.511086,37.939131],[-105.513577,37.939549],[-105.514591,37.93993],[-105.515729,37.942015],[-105.523572,37.948037],[-105.525534,37.94837],[-105.525906,37.948737],[-105.527147,37.949531],[-105.530378,37.953363],[-105.533315,37.955182],[-105.537703,37.955036],[-105.539591,37.955545],[-105.541949,37.956043],[-105.542737,37.95651],[-105.546191,37.956048],[-105.550101,37.953871],[-105.551826,37.950584],[-105.556357,37.95098],[-105.560311,37.951886],[-105.562351,37.953744],[-105.567192,37.957145],[-105.567762,37.957199],[-105.570692,37.958266],[-105.573281,37.961582],[-105.573982,37.961758],[-105.57562,37.963984],[-105.576334,37.964612],[-105.577676,37.965536],[-105.581286,37.96618],[-105.582142,37.966212],[-105.582616,37.965934],[-105.583284,37.966892],[-105.583922,37.967196],[-105.584462,37.967855],[-105.584158,37.969087],[-105.585054,37.970451],[-105.584464,37.971682],[-105.583964,37.973009],[-105.581522,37.975225],[-105.581828,37.976543],[-105.581855,37.977972],[-105.583191,37.979978],[-105.583486,37.980005],[-105.584984,37.979517],[-105.58591,37.979687],[-105.586205,37.981061],[-105.58716,37.984509],[-105.588156,37.986689],[-105.589899,37.987431],[-105.592071,37.992148],[-105.593663,37.992775],[-105.595739,37.995069],[-105.595892,37.99637],[-105.597689,37.996967],[-105.598413,37.997021],[-105.599683,37.998679],[-105.599572,37.999284],[-105.600244,37.999999],[-105.600159,38.001155],[-105.600253,38.001576],[-105.600596,38.002274],[-105.601268,38.002806],[-105.601787,38.002828],[-105.602374,38.002996],[-105.602753,38.00342],[-105.603474,38.003492],[-105.603907,38.003739],[-105.604636,38.005014],[-105.604392,38.006157],[-105.604868,38.007388],[-105.604627,38.007772],[-105.604355,38.008745],[-105.601329,38.010065],[-105.600824,38.010414],[-105.599787,38.010919],[-105.598876,38.011247],[-105.598707,38.011567],[-105.598242,38.011949],[-105.597853,38.012082],[-105.597273,38.012664],[-105.597039,38.013218],[-105.597112,38.013638],[-105.598325,38.016338],[-105.598244,38.016861],[-105.598312,38.01758],[-105.598044,38.018335],[-105.598069,38.019182],[-105.597952,38.020019],[-105.598209,38.020418],[-105.598212,38.020813],[-105.598578,38.02139],[-105.598673,38.021754],[-105.598698,38.022649],[-105.598845,38.022925],[-105.599412,38.023109],[-105.599912,38.023575],[-105.600805,38.023746],[-105.601073,38.024072],[-105.601233,38.024792],[-105.601597,38.024949],[-105.601857,38.02517],[-105.602186,38.026142],[-105.603114,38.027144],[-105.603007,38.028522],[-105.603368,38.029406],[-105.603111,38.030637],[-105.603156,38.030968],[-105.603527,38.031263],[-105.604744,38.031494],[-105.606513,38.031604],[-105.607274,38.031757],[-105.608356,38.032141],[-105.60938,38.032338],[-105.608884,38.03276],[-105.608561,38.033708],[-105.608815,38.034316],[-105.608854,38.034953],[-105.609224,38.035337],[-105.610715,38.036169],[-105.611294,38.03682],[-105.612785,38.037644],[-105.613246,38.038085],[-105.613458,38.038733],[-105.614003,38.039537],[-105.613892,38.040028],[-105.614434,38.041034],[-105.614509,38.041971],[-105.614774,38.04249],[-105.614781,38.043248],[-105.614957,38.043662],[-105.615777,38.044477],[-105.616232,38.045176],[-105.617206,38.045929],[-105.617269,38.046398],[-105.617465,38.046803],[-105.617996,38.047261],[-105.617938,38.047656],[-105.618052,38.048109],[-105.617839,38.048631],[-105.617564,38.049773],[-105.617538,38.05124],[-105.617807,38.05326],[-105.618439,38.053178],[-105.619217,38.05355],[-105.619878,38.053598],[-105.621199,38.054282],[-105.623525,38.055123],[-105.625563,38.055693],[-105.627051,38.05657],[-105.627404,38.057119],[-105.628206,38.057421],[-105.628042,38.057726],[-105.626749,38.059149],[-105.625962,38.061161],[-105.626004,38.062524],[-105.626263,38.063533],[-105.626928,38.064592],[-105.626891,38.06568],[-105.627105,38.067132],[-105.627206,38.06731],[-105.628468,38.067468],[-105.629271,38.067769],[-105.631397,38.068115],[-105.632088,38.068352],[-105.633418,38.069106],[-105.634159,38.06944],[-105.634504,38.069755],[-105.635159,38.070798],[-105.636174,38.071358],[-105.637276,38.072797],[-105.636484,38.075584],[-105.636918,38.076174],[-105.637669,38.076725],[-105.639369,38.078481],[-105.639775,38.078716],[-105.641241,38.078883],[-105.641727,38.07936],[-105.642761,38.080154],[-105.643773,38.081262],[-105.644504,38.081692],[-105.645284,38.082404],[-105.646082,38.083496],[-105.646449,38.085037],[-105.646692,38.085247],[-105.648317,38.086132],[-105.649506,38.08662],[-105.650105,38.086953],[-105.650782,38.087971],[-105.651589,38.08844],[-105.652007,38.088822],[-105.651965,38.089397],[-105.652199,38.089665],[-105.652955,38.090184],[-105.653649,38.09088],[-105.654324,38.091164],[-105.655296,38.091343],[-105.655856,38.092291],[-105.655094,38.093587],[-105.655163,38.094705],[-105.655551,38.0952],[-105.655579,38.09549],[-105.656097,38.095702],[-105.658826,38.097276],[-105.659239,38.097874],[-105.660302,38.098869],[-105.66136,38.100501],[-105.66148,38.100912],[-105.661466,38.103136],[-105.662221,38.104348],[-105.661929,38.105475],[-105.661485,38.106383],[-105.662246,38.106845],[-105.661229,38.109782],[-105.66134,38.111498],[-105.660727,38.111682],[-105.660572,38.112132],[-105.659949,38.112251],[-105.659836,38.112428],[-105.659913,38.113249],[-105.658494,38.115185],[-105.657663,38.117454],[-105.660145,38.118068],[-105.661883,38.118664],[-105.662654,38.119158],[-105.663409,38.120634],[-105.66329,38.121545],[-105.663502,38.122013],[-105.665014,38.124283],[-105.66591,38.125005],[-105.666441,38.125852],[-105.666983,38.126302],[-105.66842,38.127211],[-105.66944,38.128015],[-105.669797,38.128167],[-105.670215,38.128554],[-105.670088,38.13028],[-105.669681,38.130741],[-105.669712,38.130911],[-105.670264,38.131208],[-105.670713,38.131788],[-105.672052,38.134067],[-105.672902,38.135977],[-105.673395,38.137396],[-105.673286,38.138565],[-105.672872,38.139655],[-105.672547,38.14022],[-105.674322,38.141338],[-105.674731,38.142054],[-105.675388,38.143996],[-105.676125,38.145285],[-105.676279,38.145858],[-105.67627,38.146173],[-105.675254,38.147047],[-105.674176,38.147599],[-105.673066,38.147973],[-105.672701,38.148321],[-105.672824,38.148546],[-105.672845,38.148934],[-105.672613,38.149362],[-105.671718,38.150115],[-105.671059,38.151077],[-105.670392,38.152862],[-105.670169,38.153097],[-105.671343,38.153852],[-105.671712,38.154279],[-105.671918,38.155045],[-105.672574,38.156149],[-105.672841,38.156778],[-105.673082,38.158892],[-105.673042,38.159126],[-105.674816,38.15921],[-105.677447,38.159526],[-105.679272,38.159957],[-105.680782,38.160502],[-105.681457,38.161],[-105.683022,38.162538],[-105.684544,38.163793],[-105.68616,38.165306],[-105.686632,38.166063],[-105.686736,38.166692],[-105.686838,38.166845],[-105.688458,38.16672],[-105.689783,38.166716],[-105.691332,38.166494],[-105.692064,38.166129],[-105.693215,38.165738],[-105.694775,38.166089],[-105.696112,38.166489],[-105.69798,38.167202],[-105.698154,38.167371],[-105.699197,38.167973],[-105.700414,38.16918],[-105.700721,38.169607],[-105.700928,38.170301],[-105.701117,38.171979],[-105.702195,38.174203],[-105.703145,38.17466],[-105.70432,38.175521],[-105.705374,38.176438],[-105.705743,38.177131],[-105.706848,38.178152],[-105.707576,38.179264],[-105.70808,38.180352],[-105.708166,38.181401],[-105.70831,38.18186],[-105.709454,38.182366],[-105.711649,38.182868],[-105.712924,38.183235],[-105.714048,38.183877],[-105.716001,38.185211],[-105.71638,38.185662],[-105.71689,38.187175],[-105.717338,38.188137],[-105.718833,38.189835],[-105.72008,38.190574],[-105.721266,38.191555],[-105.721759,38.192457],[-105.722049,38.193449],[-105.722878,38.194326],[-105.724909,38.197209],[-105.725861,38.198118],[-105.726291,38.19865],[-105.726753,38.199472],[-105.727019,38.199705],[-105.727866,38.199831],[-105.730449,38.20063],[-105.731073,38.200911],[-105.731511,38.200998],[-105.73199,38.200763],[-105.732591,38.20068],[-105.73298,38.200986],[-105.73333,38.201743],[-105.73421,38.205057],[-105.735358,38.20649],[-105.73581,38.207207],[-105.735894,38.20778],[-105.736318,38.209231],[-105.736738,38.209561],[-105.737657,38.209744],[-105.739146,38.209836],[-105.740698,38.210283],[-105.744425,38.213701],[-105.744692,38.214152],[-105.744806,38.214603],[-105.746834,38.214266],[-105.748507,38.21414],[-105.750563,38.214213],[-105.751684,38.214975],[-105.753629,38.216675],[-105.756026,38.218127],[-105.756482,38.218975],[-105.75625,38.220603],[-105.755972,38.221264],[-105.755886,38.22203],[-105.756096,38.223329],[-105.756539,38.22496],[-105.757404,38.22589],[-105.758199,38.22657],[-105.75949,38.228413],[-105.759438,38.228566],[-105.759969,38.228656],[-105.761368,38.229128],[-105.765605,38.230803],[-105.766565,38.231274],[-105.767207,38.231816],[-105.76802,38.232899],[-105.768232,38.233763],[-105.76865,38.234014],[-105.769158,38.234201],[-105.769764,38.234227],[-105.770407,38.234439],[-105.77106,38.234836],[-105.772511,38.235099],[-105.775454,38.235849],[-105.776332,38.236231],[-105.777097,38.236758],[-105.77873,38.237658],[-105.779199,38.238079],[-105.780801,38.239075],[-105.781209,38.239173],[-105.782416,38.239217],[-105.783928,38.239633],[-105.786407,38.241269],[-105.787887,38.242056],[-105.788233,38.242597],[-105.789303,38.243681],[-105.789761,38.24436],[-105.789211,38.246278],[-105.789223,38.248415],[-105.789347,38.249998],[-105.789143,38.251824],[-105.789406,38.252189],[-105.79218,38.254815],[-105.792333,38.255025],[-105.792461,38.255712],[-105.792744,38.256294],[-105.793212,38.256635],[-105.794237,38.257922],[-105.795665,38.260139],[-105.796717,38.263679],[-105.796972,38.265608],[-105.796855,38.266326],[-105.796987,38.266569],[-105.797457,38.266627],[-105.797671,38.266757],[-105.799101,38.268563],[-105.799342,38.269322],[-105.800013,38.269922],[-105.800544,38.270029],[-105.801096,38.269959],[-105.802598,38.270247],[-105.803272,38.270452],[-105.804015,38.270891],[-105.804669,38.271006],[-105.805262,38.27088],[-105.805926,38.270971],[-105.806305,38.270884],[-105.806642,38.270917],[-105.80762,38.271478],[-105.808435,38.271837],[-105.809701,38.272108],[-105.810874,38.2725],[-105.812224,38.272368],[-105.813061,38.272614],[-105.813552,38.272478],[-105.814604,38.272668],[-105.815827,38.27323],[-105.816532,38.27337],[-105.817368,38.273793],[-105.817868,38.273916],[-105.818973,38.273597],[-105.819382,38.273647],[-105.819543,38.274052],[-105.820215,38.274474],[-105.821474,38.276117],[-105.821963,38.276401],[-105.823289,38.276875],[-105.824185,38.277475],[-105.826706,38.2783],[-105.827123,38.278568],[-105.828197,38.280477],[-105.828244,38.28113],[-105.828487,38.281599],[-105.830769,38.285062],[-105.831683,38.286163],[-105.832825,38.286741],[-105.83508,38.287556],[-105.836366,38.287892],[-105.837202,38.288411],[-105.839224,38.290671],[-105.839937,38.291319],[-105.84083,38.29246],[-105.84278,38.293226],[-105.843109,38.292929],[-105.843387,38.292413],[-105.843808,38.292092],[-105.845479,38.291154],[-105.846169,38.290204],[-105.846629,38.290287],[-105.848269,38.29135],[-105.849419,38.292387],[-105.84979,38.293914],[-105.850176,38.294456],[-105.850982,38.294773],[-105.85148,38.295348],[-105.852113,38.295496],[-105.853233,38.296412],[-105.854845,38.297128],[-105.85755,38.297985],[-105.858315,38.298359],[-105.858537,38.298892],[-105.859655,38.300349],[-105.86013,38.301432],[-105.860738,38.302499],[-105.861126,38.302759],[-105.861267,38.303042],[-105.861623,38.303422],[-105.862492,38.30353],[-105.862808,38.303765],[-105.864981,38.304653],[-105.866817,38.3057],[-105.867783,38.306769],[-105.868474,38.307796],[-105.868612,38.308725],[-105.869356,38.3093],[-105.870112,38.309392],[-105.872008,38.310835],[-105.871944,38.311302],[-105.872249,38.311739],[-105.872471,38.312386],[-105.873648,38.314351],[-105.87391,38.315142],[-105.875565,38.315448],[-105.876376,38.315951],[-105.876701,38.316405],[-105.876881,38.31714],[-105.876678,38.318568],[-105.876718,38.318802],[-105.877626,38.319064],[-105.878053,38.319421],[-105.878569,38.32027],[-105.879292,38.320628],[-105.8798,38.321235],[-105.87998,38.321841],[-105.880044,38.323222],[-105.881404,38.324881],[-105.882247,38.327492],[-105.883115,38.327737],[-105.883348,38.328045],[-105.883848,38.328377],[-105.885142,38.32889],[-105.885426,38.329238],[-105.885858,38.330604],[-105.887058,38.331706],[-105.887169,38.331933],[-105.886963,38.332231],[-105.88692,38.332545],[-105.888537,38.334028],[-105.88876,38.33436],[-105.888602,38.335296],[-105.888866,38.337315],[-105.888291,38.337886],[-105.888766,38.340811],[-105.88958,38.341443],[-105.890765,38.341374],[-105.89101,38.341545],[-105.891283,38.342094],[-105.892574,38.343342],[-105.892908,38.343965],[-105.893478,38.346292],[-105.89364,38.346559],[-105.894365,38.346618],[-105.89473,38.347047],[-105.895423,38.347412],[-105.897647,38.350051],[-105.898606,38.350474],[-105.899831,38.350721],[-105.901248,38.351452],[-105.901625,38.351695],[-105.901978,38.352479],[-105.902602,38.352385],[-105.906307,38.353268],[-105.908447,38.354478],[-105.909486,38.355313],[-105.910236,38.356413],[-105.910403,38.357843],[-105.910804,38.359241],[-105.912489,38.361539],[-105.914326,38.362206],[-105.916969,38.362941],[-105.917989,38.363421],[-105.918406,38.363874],[-105.919163,38.365749],[-105.919851,38.367156],[-105.920687,38.367611],[-105.921341,38.367629],[-105.921853,38.367493],[-105.923539,38.367757],[-105.92407,38.367936],[-105.924638,38.368737],[-105.925876,38.36866],[-105.92701,38.36872],[-105.929451,38.369212],[-105.93136,38.369791],[-105.932624,38.370432],[-105.934842,38.372546],[-105.93577,38.373219],[-105.936444,38.373253],[-105.937588,38.373498],[-105.938536,38.374074],[-105.939146,38.374998],[-105.939544,38.376011],[-105.939983,38.376585],[-105.940433,38.376973],[-105.943614,38.377999],[-105.944637,38.378638],[-105.945014,38.380245],[-105.945106,38.381149],[-105.945432,38.38274],[-105.946311,38.383766],[-105.94671,38.384921],[-105.947067,38.385495],[-105.947158,38.387175],[-105.947331,38.388685],[-105.947607,38.389937],[-105.947606,38.390526],[-105.948895,38.391431],[-105.949969,38.392336],[-105.950654,38.393733],[-105.952373,38.393822],[-105.953744,38.394025],[-105.955668,38.394437],[-105.957172,38.39518],[-105.957346,38.395455],[-105.95796,38.396061],[-105.959495,38.397095],[-105.959832,38.397442],[-105.959945,38.398023],[-105.959821,38.398928],[-105.95982,38.401278],[-105.960229,38.402336],[-105.960669,38.403095],[-105.961477,38.403611],[-105.962582,38.404144],[-105.963391,38.40475],[-105.964229,38.405816],[-105.964721,38.40626],[-105.966675,38.407561],[-105.967933,38.408772],[-105.968701,38.409039],[-105.96954,38.409725],[-105.970226,38.41004],[-105.970809,38.409976],[-105.973041,38.409394],[-105.973389,38.409459],[-105.974228,38.410428],[-105.974647,38.411115],[-105.975896,38.411809],[-105.976919,38.41298],[-105.977902,38.413319],[-105.979222,38.414127],[-105.979785,38.414878],[-105.98001,38.415484],[-105.98001,38.416138],[-105.980132,38.416792],[-105.980409,38.417277],[-105.9835,38.419392],[-105.98395,38.41999],[-105.984298,38.419723],[-105.985025,38.419416],[-105.987308,38.418802],[-105.98783,38.418883],[-105.9887,38.41919],[-105.992008,38.419569],[-105.993932,38.419375],[-105.996768,38.420303],[-105.997116,38.420747],[-105.997751,38.422031],[-105.998222,38.422532],[-105.999205,38.423129],[-105.999788,38.423622],[-105.999983,38.424163],[-106.000249,38.424405],[-106.000715,38.425293],[-106.000814,38.425809],[-106.000668,38.426406],[-106.000303,38.42702],[-106.000267,38.427801],[-106.000658,38.428156],[-106.001038,38.429923],[-106.001563,38.43111],[-106.00193,38.431466],[-106.002605,38.431484],[-106.005241,38.432136],[-106.006477,38.432518],[-106.007477,38.43315],[-106.007934,38.433715],[-106.008347,38.434926],[-106.008662,38.435459],[-106.009294,38.435864],[-106.011016,38.437231],[-106.01192,38.438556],[-106.012307,38.438945],[-106.012751,38.440123],[-106.012789,38.440777],[-106.012483,38.442462],[-106.0127,38.444124],[-106.012531,38.44497],[-106.012304,38.445357],[-106.011667,38.445904],[-106.010876,38.446378],[-106.010751,38.446566],[-106.013227,38.446956],[-106.015977,38.447624],[-106.017008,38.448086],[-106.01768,38.448693],[-106.01748,38.449862],[-106.016917,38.451796],[-106.017244,38.451999],[-106.017447,38.452241],[-106.017658,38.453097],[-106.018054,38.453687],[-106.018655,38.454188],[-106.019043,38.454423],[-106.020609,38.454362],[-106.021489,38.454469],[-106.022515,38.454141],[-106.02354,38.453917],[-106.025628,38.453809],[-106.027081,38.453812],[-106.028515,38.453582],[-106.0296,38.453729],[-106.030921,38.453547],[-106.032188,38.453888],[-106.033077,38.45431],[-106.033925,38.45461],[-106.03601,38.455115],[-106.036561,38.455447],[-106.039024,38.456242],[-106.039421,38.456582],[-106.040105,38.456963],[-106.041598,38.457256],[-106.042771,38.458267],[-106.043234,38.457671],[-106.043757,38.457406],[-106.046423,38.456347],[-106.047367,38.455849],[-106.049091,38.455272],[-106.049738,38.454821],[-106.050866,38.454364],[-106.052074,38.454221],[-106.053832,38.454709],[-106.055193,38.454776],[-106.055684,38.45489],[-106.056479,38.455609],[-106.058428,38.456952],[-106.058571,38.456945],[-106.05884,38.456308],[-106.059887,38.45556],[-106.06031,38.454964],[-106.060181,38.454028],[-106.060244,38.453697],[-106.060042,38.45306],[-106.060043,38.452737],[-106.060322,38.452262],[-106.060764,38.451835],[-106.061904,38.450982],[-106.062243,38.450572],[-106.062244,38.45033],[-106.061592,38.449845],[-106.060929,38.449198],[-106.060378,38.448818],[-106.059111,38.448364],[-106.058877,38.448097],[-106.058162,38.445684],[-106.057982,38.444691],[-106.058148,38.444248],[-106.058838,38.443209],[-106.059753,38.442388],[-106.060526,38.441075],[-106.062089,38.439384],[-106.062602,38.4392],[-106.063662,38.437669],[-106.064046,38.436654],[-106.06464,38.436429],[-106.065144,38.435874],[-106.066402,38.433796],[-106.067028,38.433337],[-106.067489,38.433185],[-106.068832,38.432937],[-106.070122,38.432343],[-106.070226,38.432005],[-106.069237,38.431237],[-106.069127,38.430696],[-106.069354,38.43018],[-106.069898,38.429786],[-106.071212,38.429159],[-106.071726,38.428595],[-106.071943,38.428048],[-106.071945,38.427596],[-106.07213,38.427387],[-106.07378,38.426801],[-106.074282,38.426503],[-106.074358,38.42564],[-106.074555,38.424979],[-106.074987,38.4244],[-106.075541,38.423973],[-106.075941,38.423788],[-106.076535,38.423652],[-106.080137,38.423538],[-106.081581,38.423194],[-106.083495,38.422883],[-106.084078,38.422876],[-106.084272,38.423005],[-106.084577,38.423481],[-106.085138,38.423789],[-106.086068,38.424113],[-106.086263,38.424017],[-106.086952,38.423058],[-106.087753,38.422422],[-106.08813,38.42228],[-106.105713,38.422176],[-106.125571,38.422092],[-106.132959,38.422121],[-106.133635,38.422194],[-106.13681,38.422211],[-106.136925,38.422146],[-106.140238,38.422191],[-106.140781,38.422112],[-106.140913,38.422193],[-106.24694,38.422768],[-106.247119,38.423261],[-106.247658,38.423651],[-106.24791,38.423959],[-106.248618,38.426043],[-106.248792,38.427125],[-106.248766,38.427771],[-106.248384,38.428156],[-106.24837,38.42864],[-106.248699,38.429562],[-106.24917,38.431807],[-106.249449,38.432623],[-106.249484,38.433244],[-106.248879,38.434661],[-106.248361,38.435442],[-106.248141,38.436029],[-106.247119,38.437154],[-106.246827,38.437726],[-106.246259,38.438433],[-106.245529,38.438905],[-106.245363,38.439171],[-106.245536,38.439269],[-106.245903,38.439303],[-106.248,38.439232],[-106.249195,38.43935],[-106.250103,38.439556],[-106.250578,38.439866],[-106.253087,38.441003],[-106.25736,38.441796],[-106.261333,38.442355],[-106.266071,38.441735],[-106.268555,38.443543],[-106.270484,38.44552],[-106.272152,38.446389],[-106.274119,38.446886],[-106.272968,38.44763],[-106.272247,38.448776],[-106.27179,38.452442],[-106.272655,38.455196],[-106.272982,38.45522],[-106.274285,38.45481],[-106.275748,38.454747],[-106.276498,38.454462],[-106.277246,38.454282],[-106.278382,38.454225],[-106.279413,38.454329],[-106.280609,38.454337],[-106.281289,38.454704],[-106.282289,38.455574],[-106.283525,38.456493],[-106.283807,38.456794],[-106.284255,38.457691],[-106.284629,38.458073],[-106.285481,38.458579],[-106.288532,38.461373],[-106.288933,38.461964],[-106.289281,38.462756],[-106.289345,38.463369],[-106.289138,38.464328],[-106.289894,38.465953],[-106.290026,38.466857],[-106.289724,38.469661],[-106.289667,38.470088],[-106.289512,38.4702],[-106.289396,38.470465],[-106.289747,38.47104],[-106.290494,38.471802],[-106.290672,38.472287],[-106.290646,38.472715],[-106.290332,38.473253],[-106.290543,38.473528],[-106.291469,38.473897],[-106.292991,38.474802],[-106.295598,38.475586],[-106.298766,38.475728],[-106.299278,38.475666],[-106.29982,38.475718],[-106.301052,38.476089],[-106.303015,38.476957],[-106.303986,38.477761],[-106.30449,38.478353],[-106.304547,38.478708],[-106.304104,38.479754],[-106.304121,38.480052],[-106.305589,38.481223],[-106.306484,38.482341],[-106.306624,38.483455],[-106.306809,38.484141],[-106.307251,38.484813],[-106.307748,38.485115],[-106.30825,38.485868],[-106.309297,38.487963],[-106.309454,38.489351],[-106.309233,38.489849],[-106.309633,38.490561],[-106.310666,38.491366],[-106.310765,38.491609],[-106.310836,38.492488],[-106.311213,38.493426],[-106.311461,38.49487],[-106.311756,38.494961],[-106.312956,38.494678],[-106.314625,38.494503],[-106.315546,38.494477],[-106.316312,38.49457],[-106.316964,38.49476],[-106.31775,38.494878],[-106.31832,38.495155],[-106.319883,38.496883],[-106.319907,38.497423],[-106.320109,38.497691],[-106.320529,38.497645],[-106.322511,38.497029],[-106.323024,38.496944],[-106.325822,38.496976],[-106.32674,38.497448],[-106.327228,38.497588],[-106.327553,38.497514],[-106.327844,38.497329],[-106.328484,38.49642],[-106.328612,38.496026],[-106.329346,38.495125],[-106.329999,38.49383],[-106.330169,38.49369],[-106.330406,38.493727],[-106.332465,38.49453],[-106.334468,38.495615],[-106.334808,38.496092],[-106.335075,38.496306],[-106.335856,38.496397],[-106.336308,38.49665],[-106.338207,38.498207],[-106.338879,38.49926],[-106.338925,38.499712],[-106.33876,38.50057],[-106.339306,38.501217],[-106.34007,38.501531],[-106.341359,38.502412],[-106.342824,38.50288],[-106.34423,38.50459],[-106.345425,38.507134],[-106.345455,38.50823],[-106.3466,38.509661],[-106.347269,38.511484],[-106.348118,38.51187],[-106.348108,38.512499],[-106.345813,38.51496],[-106.345044,38.516671],[-106.343703,38.51746],[-106.342597,38.521537],[-106.344063,38.522585],[-106.345032,38.524494],[-106.346408,38.526253],[-106.347131,38.528761],[-106.350423,38.53145],[-106.354185,38.533384],[-106.354543,38.536146],[-106.354344,38.537584],[-106.353706,38.53922],[-106.354799,38.541724],[-106.355386,38.542371],[-106.355399,38.542556],[-106.354964,38.542868],[-106.354318,38.545157],[-106.353584,38.547133],[-106.353685,38.549318],[-106.353533,38.549973],[-106.352034,38.551691],[-106.350543,38.552667],[-106.35083,38.553777],[-106.350144,38.555583],[-106.348653,38.55714],[-106.346641,38.558864],[-106.347435,38.560202],[-106.347451,38.561041],[-106.346681,38.562783],[-106.346867,38.565104],[-106.344619,38.568564],[-106.347383,38.572598],[-106.348319,38.573193],[-106.349877,38.574764],[-106.350905,38.576462],[-106.351673,38.576905],[-106.351975,38.578837],[-106.35342,38.581467],[-106.352536,38.582001],[-106.351475,38.582948],[-106.3513,38.58349],[-106.353139,38.58518],[-106.354308,38.586787],[-106.355449,38.587936],[-106.35589,38.589004],[-106.355951,38.5901],[-106.357242,38.591037],[-106.357706,38.591669],[-106.358188,38.592713],[-106.361024,38.594487],[-106.360913,38.595133],[-106.361235,38.59588],[-106.360943,38.596213],[-106.360284,38.597818],[-106.359317,38.599393],[-106.359451,38.599996],[-106.359822,38.600605],[-106.362052,38.602346],[-106.362608,38.603493],[-106.364697,38.605889],[-106.364228,38.607201],[-106.364121,38.608638],[-106.363646,38.610224],[-106.363642,38.611659],[-106.363843,38.613625],[-106.364199,38.613976],[-106.364198,38.6145],[-106.365251,38.615899],[-106.366941,38.617211],[-106.369126,38.618678],[-106.3745,38.62085],[-106.37558,38.621224],[-106.376658,38.621004],[-106.377461,38.620489],[-106.378371,38.62023],[-106.379149,38.620118],[-106.380066,38.620416],[-106.381306,38.621066],[-106.382125,38.621719],[-106.382377,38.622878],[-106.382641,38.623416],[-106.383372,38.623546],[-106.384208,38.623869],[-106.384602,38.624164],[-106.385368,38.624995],[-106.386269,38.627783],[-106.385805,38.630128],[-106.385174,38.632362],[-106.384177,38.633827],[-106.381919,38.635415],[-106.380362,38.637057],[-106.379899,38.638483],[-106.383164,38.638922],[-106.385788,38.638627],[-106.386632,38.639656],[-106.387975,38.640016],[-106.38899,38.640897],[-106.390164,38.641034],[-106.392825,38.640085],[-106.397267,38.640297],[-106.398468,38.639748],[-106.401189,38.639702],[-106.402238,38.642163],[-106.401507,38.643076],[-106.401719,38.645783],[-106.403547,38.646217],[-106.404184,38.646732],[-106.406207,38.647171],[-106.406891,38.646968],[-106.407944,38.647679],[-106.411752,38.647029],[-106.412664,38.646435],[-106.414676,38.645407],[-106.417223,38.644919],[-106.417717,38.644461],[-106.418164,38.645188],[-106.420179,38.6467],[-106.421804,38.646789],[-106.424037,38.648846],[-106.427139,38.650673],[-106.429545,38.651235],[-106.430159,38.653468],[-106.429088,38.65762],[-106.429356,38.658608],[-106.431317,38.663289],[-106.43114,38.665066],[-106.432209,38.667921],[-106.43409,38.668878],[-106.435907,38.67115],[-106.436179,38.673735],[-106.436995,38.67486],[-106.438072,38.676635],[-106.437055,38.678069],[-106.437032,38.679375],[-106.437808,38.681509],[-106.437861,38.6825],[-106.440176,38.68687],[-106.44122,38.687137],[-106.441755,38.687629],[-106.443676,38.688045],[-106.445959,38.688988],[-106.446183,38.689832],[-106.448358,38.692945],[-106.451054,38.695365],[-106.451076,38.695922],[-106.451738,38.697033],[-106.451539,38.697794],[-106.452126,38.698777],[-106.450135,38.70266],[-106.449421,38.702945],[-106.448313,38.704928],[-106.447602,38.704842],[-106.44553,38.705533],[-106.444553,38.706926],[-106.44468,38.708037],[-106.444232,38.708713],[-106.443493,38.709231],[-106.438142,38.708631],[-106.436516,38.709033],[-106.434588,38.70927],[-106.433013,38.708696],[-106.431656,38.708708],[-106.429468,38.709811],[-106.4264,38.710065],[-106.426044,38.710263],[-106.425275,38.710307],[-106.424709,38.712693],[-106.423222,38.716166],[-106.422786,38.718857],[-106.423467,38.720847],[-106.419185,38.723989],[-106.417431,38.725675],[-106.416665,38.727814],[-106.416752,38.733756],[-106.418493,38.735304],[-106.42005,38.738805],[-106.418658,38.739632],[-106.418011,38.742028],[-106.418201,38.745129],[-106.41823,38.747419],[-106.418401,38.74915],[-106.419637,38.749995],[-106.41997,38.750731],[-106.419992,38.751045],[-106.419953,38.751529],[-106.419537,38.752563],[-106.419292,38.752854],[-106.418697,38.753195],[-106.418503,38.753438],[-106.418239,38.753987],[-106.417983,38.754189],[-106.417974,38.754383],[-106.41728,38.755426],[-106.416687,38.756041],[-106.416267,38.756349],[-106.415539,38.756706],[-106.415079,38.757184],[-106.415348,38.757554],[-106.416149,38.759237],[-106.416371,38.760494],[-106.416265,38.761728],[-106.416525,38.762453],[-106.417003,38.763234],[-106.417117,38.763572],[-106.417143,38.764435],[-106.41737,38.764676],[-106.418216,38.765125],[-106.418897,38.765638],[-106.419259,38.766],[-106.41928,38.766161],[-106.417915,38.768553],[-106.417575,38.770329],[-106.417452,38.770474],[-106.416682,38.770703],[-106.416539,38.770808],[-106.415498,38.772441],[-106.415361,38.77374],[-106.415498,38.774417],[-106.415427,38.774579],[-106.415058,38.774709],[-106.414905,38.774959],[-106.414774,38.775605],[-106.414829,38.776282],[-106.414414,38.777389],[-106.414263,38.778091],[-106.413816,38.779093],[-106.414571,38.779888],[-106.414737,38.780186],[-106.415426,38.782055],[-106.416033,38.784101],[-106.416635,38.785196],[-106.416815,38.786219],[-106.416759,38.787268],[-106.416586,38.787623],[-106.415471,38.788748],[-106.414794,38.789154],[-106.414518,38.789445],[-106.413696,38.789682],[-106.413091,38.789999],[-106.412949,38.790314],[-106.412881,38.791161],[-106.413457,38.793102],[-106.414039,38.794125],[-106.414363,38.795203],[-106.414517,38.796985],[-106.414891,38.797677],[-106.414892,38.797887],[-106.414473,38.798558],[-106.41459,38.799138],[-106.414869,38.799516],[-106.415055,38.799636],[-106.416054,38.799875],[-106.417148,38.800468],[-106.417911,38.800691],[-106.418025,38.801013],[-106.418009,38.801763],[-106.41861,38.802559],[-106.418498,38.802906],[-106.419633,38.803394],[-106.420666,38.804149],[-106.421475,38.805436],[-106.421726,38.806193],[-106.422336,38.806731],[-106.422711,38.807633],[-106.422726,38.808375],[-106.422432,38.809296],[-106.421735,38.809782],[-106.421018,38.810414],[-106.420825,38.810777],[-106.420674,38.811463],[-106.420551,38.811609],[-106.418243,38.812843],[-106.417175,38.813355],[-106.416025,38.813787],[-106.415659,38.814667],[-106.415188,38.815048],[-106.415045,38.815282],[-106.41499,38.816613],[-106.415356,38.817845],[-106.415334,38.819442],[-106.415483,38.820377],[-106.415839,38.821504],[-106.415989,38.822738],[-106.416198,38.823398],[-106.416263,38.82385],[-106.416182,38.824092],[-106.415812,38.824327],[-106.414763,38.824363],[-106.413726,38.824794],[-106.411888,38.825736],[-106.410792,38.826587],[-106.409112,38.828061],[-106.407501,38.829204],[-106.407132,38.829342],[-106.406926,38.82931],[-106.405284,38.828398],[-106.404373,38.827361],[-106.403505,38.826597],[-106.402927,38.826374],[-106.399352,38.825531],[-106.399021,38.825298],[-106.398742,38.824961],[-106.397529,38.823134],[-106.397198,38.822885],[-106.396693,38.82271],[-106.395652,38.822503],[-106.395024,38.822393],[-106.394386,38.822427],[-106.391269,38.82276],[-106.390725,38.822964],[-106.39053,38.823118],[-106.389502,38.823282],[-106.389101,38.823461],[-106.387848,38.823804],[-106.386388,38.82414],[-106.385493,38.824264],[-106.384424,38.824622],[-106.383632,38.824705],[-106.383572,38.825012],[-106.383741,38.825834],[-106.383582,38.827036],[-106.383649,38.828141],[-106.383589,38.828504],[-106.383211,38.829126],[-106.383059,38.829602],[-106.383136,38.830562],[-106.383067,38.831135],[-106.382822,38.831579],[-106.381941,38.832518],[-106.381747,38.832857],[-106.381059,38.833141],[-106.380782,38.833336],[-106.379143,38.834954],[-106.37902,38.835132],[-106.378819,38.836125],[-106.378202,38.836264],[-106.377451,38.836266],[-106.37601,38.836416],[-106.375457,38.836855],[-106.374228,38.837523],[-106.371525,38.838075],[-106.370401,38.838469],[-106.370204,38.838719],[-106.370398,38.839348],[-106.370386,38.839711],[-106.370126,38.840485],[-106.369174,38.841515],[-106.368357,38.842087],[-106.368077,38.842844],[-106.366442,38.844681],[-106.365099,38.845428],[-106.364458,38.846185],[-106.364549,38.846581],[-106.365145,38.847106],[-106.365371,38.847606],[-106.36531,38.85055],[-106.365378,38.851719],[-106.365304,38.852332],[-106.365044,38.852985],[-106.364549,38.853113],[-106.3643,38.853419],[-106.36397,38.853523],[-106.363661,38.853418],[-106.362661,38.853352],[-106.360566,38.8538],[-106.358223,38.8547],[-106.357685,38.85511],[-106.356891,38.855318],[-106.355705,38.855292],[-106.354673,38.855557],[-106.354075,38.85562],[-106.352239,38.855617],[-106.351126,38.855503],[-106.350117,38.855186],[-106.349551,38.854903],[-106.349303,38.854887],[-106.348843,38.856733],[-106.349106,38.858209],[-106.34897,38.86183],[-106.349235,38.862612],[-106.349047,38.863451],[-106.349282,38.864056],[-106.34925,38.864386],[-106.348938,38.865112],[-106.347687,38.865972],[-106.347428,38.866278],[-106.346982,38.867213],[-106.346413,38.867575],[-106.345577,38.867969],[-106.34478,38.868605],[-106.343211,38.869086],[-106.342674,38.869351],[-106.341825,38.870091],[-106.340109,38.871234],[-106.33951,38.871523],[-106.338819,38.871723],[-106.336776,38.871784],[-106.336188,38.87188],[-106.335847,38.872049],[-106.336192,38.873589],[-106.336779,38.874994],[-106.336589,38.875737],[-106.336068,38.876313],[-106.335245,38.87927],[-106.334344,38.880057],[-106.334065,38.881309],[-106.332483,38.880696],[-106.331756,38.881322],[-106.330522,38.881772],[-106.329049,38.882095],[-106.327505,38.882297],[-106.327334,38.882919],[-106.326446,38.884101],[-106.326456,38.886868],[-106.326697,38.887318],[-106.326039,38.888927],[-106.32471,38.890515],[-106.323019,38.891807],[-106.321313,38.892599],[-106.320555,38.894708],[-106.320859,38.895279],[-106.320863,38.89586],[-106.322889,38.898019],[-106.323477,38.899355],[-106.323796,38.900781],[-106.32472,38.902929],[-106.324115,38.904796],[-106.325118,38.908009],[-106.324894,38.908317],[-106.326099,38.911004],[-106.327884,38.911051],[-106.330693,38.911447],[-106.331056,38.911695],[-106.334984,38.911666],[-106.338128,38.90872],[-106.338726,38.908733],[-106.344049,38.907606],[-106.345241,38.907067],[-106.34673,38.9076],[-106.347334,38.908467],[-106.348731,38.909089],[-106.351501,38.909888],[-106.353035,38.910936],[-106.354794,38.911628],[-106.357073,38.912945],[-106.361151,38.912285],[-106.361544,38.912339],[-106.364245,38.910936],[-106.364879,38.910287],[-106.365773,38.909871],[-106.367482,38.906917],[-106.372211,38.906397],[-106.37344,38.906608],[-106.37558,38.908716],[-106.375974,38.908991],[-106.376222,38.909539],[-106.376113,38.911797],[-106.375765,38.912765],[-106.375745,38.913039],[-106.376699,38.915723],[-106.376495,38.916772],[-106.377168,38.917981],[-106.377049,38.920481],[-106.377175,38.921553],[-106.376982,38.922674],[-106.379069,38.92422],[-106.38036,38.924871],[-106.380836,38.925685],[-106.382999,38.923932],[-106.383451,38.922964],[-106.384545,38.923148],[-106.386257,38.922969],[-106.386913,38.921121],[-106.388994,38.919981],[-106.392344,38.918775],[-106.392991,38.917718],[-106.393184,38.916395],[-106.393386,38.914427],[-106.393075,38.913702],[-106.393579,38.913121],[-106.393959,38.912249],[-106.399497,38.911943],[-106.402124,38.910617],[-106.403208,38.910865],[-106.404977,38.912669],[-106.406071,38.912982],[-106.407602,38.914762],[-106.412091,38.915665],[-106.413166,38.916268],[-106.414274,38.918129],[-106.415627,38.91853],[-106.41598,38.919417],[-106.41718,38.920898],[-106.41737,38.922317],[-106.417868,38.923429],[-106.417964,38.924663],[-106.418244,38.925396],[-106.418227,38.92663],[-106.418692,38.927025],[-106.419023,38.927443],[-106.419354,38.927677],[-106.421161,38.928093],[-106.421831,38.928068],[-106.422913,38.927518],[-106.424952,38.926095],[-106.427448,38.925922],[-106.427922,38.92559],[-106.429458,38.925281],[-106.430262,38.924909],[-106.432062,38.923043],[-106.433715,38.920492],[-106.434333,38.919999],[-106.434372,38.919434],[-106.434864,38.918184],[-106.43652,38.916447],[-106.436953,38.916317],[-106.437175,38.914906],[-106.439333,38.915458],[-106.44215,38.915574],[-106.443088,38.915274],[-106.443705,38.914652],[-106.444757,38.914578],[-106.446065,38.913866],[-106.448005,38.914362],[-106.449951,38.913012],[-106.453808,38.912755],[-106.457811,38.910078],[-106.45873,38.910108],[-106.461941,38.911303],[-106.462941,38.911124],[-106.463476,38.910744],[-106.465032,38.910354],[-106.465323,38.910789],[-106.467027,38.9116],[-106.467483,38.91226],[-106.46901,38.912394],[-106.470044,38.913053],[-106.472209,38.915927],[-106.474912,38.916123],[-106.479759,38.918218],[-106.480905,38.918643],[-106.48212,38.92093],[-106.484061,38.921345],[-106.485652,38.922108],[-106.486719,38.92317],[-106.487359,38.923507],[-106.487888,38.924256],[-106.48883,38.925133],[-106.489173,38.925818],[-106.489938,38.926316],[-106.490714,38.929685],[-106.492346,38.930149],[-106.493856,38.931089],[-106.496258,38.93347],[-106.49876,38.93469],[-106.500583,38.934748],[-106.501211,38.935],[-106.501793,38.935293],[-106.502279,38.936135],[-106.502695,38.936445],[-106.503893,38.936579],[-106.504371,38.936849],[-106.504799,38.937949],[-106.505584,38.939457],[-106.505893,38.940929],[-106.505839,38.94292],[-106.505313,38.9444],[-106.507162,38.946092],[-106.508077,38.94589],[-106.513195,38.947487],[-106.514298,38.948242],[-106.515738,38.948664],[-106.515986,38.949443],[-106.5167,38.950347],[-106.518284,38.951517],[-106.519877,38.953969],[-106.520667,38.953695],[-106.521327,38.953688],[-106.52201,38.953875],[-106.523122,38.954445],[-106.524537,38.954585],[-106.526286,38.955052],[-106.526683,38.955411],[-106.527087,38.956914],[-106.528511,38.959883],[-106.528321,38.960296],[-106.527587,38.960843],[-106.527255,38.961451],[-106.525845,38.963124],[-106.524056,38.964205],[-106.523498,38.964839],[-106.523147,38.965535],[-106.522233,38.96797],[-106.521861,38.968666],[-106.524423,38.971093],[-106.524626,38.972316],[-106.525491,38.974339],[-106.526287,38.976588],[-106.528389,38.980727],[-106.529618,38.98078],[-106.53202,38.981386],[-106.532885,38.98199],[-106.534179,38.982292],[-106.536053,38.983491],[-106.539812,38.986559],[-106.54215,38.988277],[-106.543102,38.98851],[-106.544267,38.989144],[-106.545441,38.990382],[-106.546762,38.991078],[-106.550163,38.991545],[-106.550723,38.991701],[-106.551234,38.992075],[-106.552183,38.993476],[-106.554211,38.998711],[-106.554532,38.998757],[-106.555392,38.998329],[-106.556184,38.99812],[-106.556855,38.998146],[-106.559101,38.998624],[-106.559884,38.998528],[-106.560427,38.998232],[-106.561554,38.997004],[-106.562855,38.996403],[-106.566129,38.993792],[-106.567184,38.993967],[-106.568522,38.994478],[-106.569235,38.994535],[-106.569833,38.994481],[-106.570609,38.993942],[-106.574721,38.992821],[-106.577161,38.990444],[-106.578968,38.9912],[-106.579523,38.991702],[-106.580289,38.991912],[-106.58094,38.99197],[-106.582769,38.991476],[-106.583757,38.991974],[-106.584657,38.99211],[-106.585595,38.992697],[-106.586164,38.992813],[-106.586802,38.992694],[-106.587786,38.992257],[-106.589276,38.991879],[-106.590433,38.991271],[-106.591083,38.991297],[-106.592533,38.990952],[-106.594153,38.990936],[-106.595021,38.991072],[-106.595509,38.991277],[-106.595816,38.992394],[-106.596316,38.992719],[-106.599214,38.997994],[-106.598297,38.998744],[-106.59543,39.002132],[-106.594455,39.004185],[-106.594701,39.007568],[-106.595162,39.010305],[-106.594954,39.013752],[-106.595179,39.01686],[-106.594921,39.020809],[-106.591692,39.024923],[-106.592596,39.027627],[-106.594377,39.029959],[-106.597941,39.031666],[-106.599516,39.033788]]]}},{"type":"Feature","properties":{"d":5,"label":[-107.19617,38.52318],"area":7774.8},"geometry":{"type":"Polygon","coordinates":[[[-108.378999,38.77794],[-108.37884,38.821085],[-108.378953,38.829108],[-108.378333,38.829426],[-108.37622,38.830174],[-108.334323,38.843747],[-108.255869,38.869638],[-108.230514,38.869499],[-108.178385,38.868652],[-108.176697,38.868675],[-108.176817,38.871358],[-108.12051,38.871148],[-108.120498,38.871481],[-108.11976,38.871532],[-108.119241,38.871478],[-108.060554,38.871434],[-108.060575,38.871338],[-108.033667,38.871225],[-108.031507,38.871381],[-108.025965,38.871367],[-108.025436,38.871271],[-108.014751,38.871297],[-108.014867,38.871848],[-108.014785,38.872382],[-108.014238,38.872801],[-108.014017,38.873176],[-108.013788,38.873214],[-108.013101,38.873105],[-108.011741,38.873113],[-108.011605,38.873184],[-108.011308,38.87362],[-108.010822,38.873804],[-108.010361,38.873834],[-108.010071,38.873733],[-108.009607,38.873407],[-108.008788,38.87323],[-108.008183,38.872927],[-108.007525,38.872136],[-108.006657,38.871826],[-108.005919,38.871295],[-107.98889,38.871317],[-107.971068,38.871228],[-107.942464,38.871412],[-107.942598,38.87114],[-107.940875,38.871898],[-107.940232,38.872861],[-107.938822,38.874215],[-107.933334,38.874279],[-107.933246,38.871559],[-107.930613,38.871583],[-107.930529,38.871668],[-107.93032,38.8717],[-107.930015,38.871587],[-107.915983,38.871796],[-107.914304,38.870745],[-107.91352,38.871233],[-107.912144,38.871876],[-107.911179,38.871922],[-107.910682,38.872106],[-107.910418,38.872081],[-107.909687,38.871784],[-107.908546,38.871074],[-107.907522,38.870685],[-107.905796,38.870867],[-107.905269,38.871164],[-107.905006,38.871644],[-107.904727,38.871849],[-107.895117,38.871872],[-107.895263,38.87217],[-107.890204,38.872043],[-107.868502,38.872257],[-107.857419,38.872805],[-107.85701,38.873171],[-107.856893,38.873399],[-107.856893,38.873814],[-107.857187,38.874225],[-107.857157,38.874492],[-107.856479,38.875279],[-107.855395,38.875314],[-107.854489,38.875805],[-107.854226,38.876374],[-107.854343,38.876993],[-107.853611,38.877016],[-107.853524,38.877221],[-107.853495,38.877978],[-107.853203,38.878228],[-107.852325,38.878619],[-107.852032,38.878825],[-107.852004,38.879465],[-107.851711,38.87967],[-107.85095,38.879671],[-107.850833,38.879967],[-107.850946,38.880218],[-107.850438,38.880217],[-107.850276,38.876623],[-107.841491,38.876546],[-107.836766,38.87662],[-107.836429,38.876718],[-107.82761,38.876698],[-107.827433,38.8958],[-107.827368,38.895939],[-107.825115,38.897223],[-107.824149,38.897589],[-107.823593,38.897954],[-107.823388,38.898684],[-107.822949,38.899415],[-107.822979,38.899896],[-107.822774,38.900127],[-107.821106,38.900879],[-107.820023,38.901909],[-107.820023,38.902549],[-107.819847,38.902711],[-107.818589,38.902962],[-107.817994,38.903331],[-107.817296,38.999988],[-107.817027,39.053877],[-107.817457,39.054217],[-107.817604,39.05456],[-107.817428,39.054949],[-107.817021,39.055172],[-107.816961,39.067151],[-107.819044,39.068055],[-107.820658,39.069038],[-107.82148,39.069381],[-107.821568,39.06961],[-107.82148,39.06977],[-107.821299,39.069869],[-107.821753,39.070513],[-107.820401,39.070906],[-107.81972,39.070914],[-107.819333,39.070788],[-107.819297,39.070176],[-107.818975,39.069625],[-107.81595,39.068257],[-107.813461,39.067263],[-107.811895,39.066832],[-107.81079,39.066652],[-107.80905,39.066487],[-107.806712,39.065516],[-107.803942,39.065024],[-107.80213,39.064788],[-107.801333,39.063618],[-107.798705,39.062916],[-107.797452,39.062802],[-107.793747,39.061449],[-107.792779,39.060914],[-107.792277,39.060511],[-107.790977,39.059191],[-107.790309,39.05836],[-107.789877,39.057956],[-107.788944,39.056276],[-107.787742,39.056251],[-107.786878,39.056325],[-107.786341,39.056194],[-107.784281,39.054622],[-107.783722,39.053932],[-107.783379,39.053733],[-107.782697,39.053722],[-107.782359,39.05364],[-107.781702,39.053098],[-107.780097,39.05255],[-107.779453,39.052025],[-107.777788,39.049641],[-107.776685,39.048316],[-107.776216,39.047859],[-107.775419,39.047554],[-107.774582,39.04742],[-107.773968,39.047084],[-107.77169,39.044669],[-107.771085,39.043693],[-107.7704,39.043583],[-107.769658,39.043835],[-107.768948,39.043978],[-107.767215,39.043983],[-107.766525,39.043765],[-107.76549,39.043294],[-107.765059,39.044683],[-107.764072,39.045445],[-107.763943,39.046295],[-107.763517,39.046926],[-107.763044,39.047226],[-107.762411,39.047304],[-107.7615,39.047632],[-107.7599,39.047796],[-107.759472,39.047761],[-107.758691,39.047879],[-107.758391,39.048192],[-107.758184,39.048828],[-107.757822,39.049314],[-107.757572,39.04941],[-107.756751,39.049393],[-107.756184,39.049668],[-107.756077,39.049895],[-107.756283,39.050737],[-107.756401,39.052293],[-107.756219,39.052955],[-107.755875,39.053324],[-107.755609,39.053898],[-107.755267,39.054023],[-107.754585,39.054021],[-107.75388,39.054308],[-107.752716,39.05438],[-107.751653,39.054396],[-107.751096,39.05404],[-107.750598,39.053989],[-107.747391,39.055929],[-107.746251,39.057218],[-107.745563,39.057648],[-107.745023,39.057715],[-107.74389,39.057706],[-107.743564,39.057948],[-107.742486,39.059342],[-107.744881,39.059727],[-107.744115,39.060232],[-107.744677,39.060723],[-107.744702,39.061362],[-107.744399,39.062189],[-107.743945,39.062704],[-107.743392,39.062744],[-107.742427,39.063506],[-107.742462,39.063793],[-107.741881,39.064023],[-107.737988,39.06616],[-107.737375,39.065544],[-107.737004,39.065516],[-107.735023,39.066275],[-107.734523,39.065602],[-107.734262,39.064833],[-107.733634,39.064118],[-107.732969,39.063052],[-107.73263,39.062961],[-107.732216,39.063007],[-107.731388,39.065207],[-107.731078,39.065583],[-107.730755,39.065888],[-107.729944,39.066132],[-107.729149,39.066196],[-107.727999,39.066043],[-107.723055,39.065185],[-107.721624,39.065255],[-107.722197,39.06662],[-107.721767,39.067477],[-107.722215,39.068007],[-107.722241,39.068376],[-107.722124,39.068622],[-107.721393,39.068864],[-107.721216,39.069066],[-107.721136,39.069384],[-107.72079,39.070004],[-107.720341,39.070357],[-107.719918,39.070484],[-107.718684,39.071738],[-107.717565,39.073899],[-107.717258,39.074051],[-107.716273,39.074281],[-107.716013,39.075026],[-107.715358,39.075726],[-107.714952,39.075987],[-107.713047,39.079068],[-107.71304,39.079482],[-107.713267,39.080279],[-107.712581,39.080781],[-107.710842,39.081254],[-107.71009,39.081227],[-107.710303,39.081672],[-107.71021,39.082242],[-107.709775,39.082657],[-107.709121,39.083087],[-107.70778,39.083695],[-107.704654,39.084785],[-107.703876,39.084993],[-107.700007,39.083857],[-107.697035,39.084746],[-107.695694,39.085038],[-107.694665,39.085035],[-107.694114,39.085138],[-107.694184,39.08637],[-107.694111,39.086886],[-107.693761,39.087407],[-107.693545,39.087511],[-107.692842,39.087573],[-107.690852,39.087213],[-107.689556,39.087171],[-107.688813,39.087404],[-107.687577,39.088037],[-107.686883,39.088629],[-107.686023,39.090045],[-107.685294,39.090918],[-107.684834,39.091307],[-107.683492,39.092194],[-107.682945,39.092702],[-107.682705,39.093383],[-107.682227,39.095728],[-107.681792,39.097062],[-107.680989,39.099044],[-107.680986,39.099891],[-107.680815,39.100256],[-107.679379,39.100505],[-107.677498,39.100305],[-107.676345,39.100385],[-107.674707,39.100774],[-107.67384,39.101092],[-107.673789,39.101886],[-107.673168,39.104413],[-107.67278,39.105467],[-107.671934,39.106955],[-107.671439,39.107633],[-107.670505,39.108303],[-107.669858,39.108624],[-107.668987,39.108843],[-107.667614,39.10891],[-107.664604,39.109447],[-107.661723,39.110946],[-107.660309,39.111771],[-107.659818,39.112548],[-107.661094,39.113285],[-107.661814,39.113971],[-107.662367,39.114823],[-107.662645,39.115754],[-107.662674,39.116239],[-107.661734,39.117675],[-107.661086,39.118276],[-107.660301,39.118627],[-107.658449,39.119823],[-107.657816,39.120522],[-107.657663,39.121372],[-107.656603,39.122694],[-107.656183,39.122928],[-107.654876,39.123228],[-107.654566,39.123596],[-107.65376,39.124002],[-107.653425,39.124622],[-107.653385,39.125091],[-107.65368,39.125562],[-107.653625,39.126563],[-107.652884,39.128391],[-107.651952,39.129764],[-107.651314,39.130931],[-107.65072,39.131143],[-107.648201,39.131218],[-107.647926,39.131279],[-107.646018,39.133763],[-107.64565,39.13443],[-107.644212,39.135886],[-107.64251,39.137077],[-107.641402,39.138094],[-107.640045,39.140458],[-107.639373,39.141068],[-107.638281,39.141867],[-107.637893,39.14202],[-107.637614,39.141963],[-107.636119,39.141285],[-107.634726,39.140857],[-107.633935,39.140731],[-107.633067,39.140715],[-107.632415,39.140919],[-107.632015,39.141378],[-107.6318,39.141797],[-107.631638,39.143035],[-107.630812,39.143847],[-107.63053,39.144979],[-107.630515,39.145511],[-107.630103,39.146575],[-107.62892,39.148043],[-107.627845,39.149004],[-107.626244,39.149184],[-107.625636,39.149639],[-107.624557,39.150204],[-107.622729,39.150822],[-107.621279,39.151035],[-107.620129,39.152169],[-107.619923,39.152543],[-107.619887,39.152796],[-107.619835,39.153266],[-107.619948,39.15384],[-107.619866,39.154112],[-107.619658,39.154432],[-107.619108,39.154886],[-107.617946,39.15538],[-107.616945,39.155529],[-107.614675,39.154535],[-107.614289,39.154435],[-107.613947,39.15456],[-107.612714,39.15566],[-107.611808,39.156185],[-107.611056,39.156499],[-107.610189,39.157771],[-107.609767,39.158879],[-107.609345,39.159357],[-107.608694,39.159912],[-107.60746,39.161571],[-107.607107,39.16175],[-107.605325,39.16206],[-107.602728,39.163487],[-107.601759,39.163905],[-107.601027,39.16412],[-107.599495,39.164334],[-107.59916,39.164342],[-107.598379,39.164197],[-107.598056,39.164222],[-107.596832,39.164601],[-107.595856,39.164803],[-107.594679,39.16491],[-107.593877,39.16482],[-107.593303,39.164932],[-107.593056,39.165144],[-107.592816,39.165853],[-107.590999,39.167109],[-107.589939,39.167565],[-107.589407,39.167901],[-107.58896,39.168335],[-107.588456,39.169112],[-107.588199,39.169361],[-107.585936,39.171087],[-107.584735,39.171789],[-107.583981,39.173319],[-107.583626,39.173733],[-107.582462,39.1742],[-107.581281,39.174505],[-107.579425,39.1747],[-107.57791,39.174733],[-107.577025,39.174897],[-107.574257,39.175814],[-107.572992,39.176347],[-107.57099,39.177643],[-107.570491,39.178231],[-107.569831,39.180146],[-107.569177,39.180935],[-107.568439,39.181339],[-107.56791,39.181423],[-107.567423,39.181397],[-107.565914,39.180971],[-107.5648,39.180572],[-107.562761,39.179581],[-107.561231,39.17857],[-107.560821,39.178426],[-107.558118,39.178269],[-107.556929,39.17834],[-107.554644,39.178859],[-107.553674,39.17924],[-107.552151,39.179688],[-107.54989,39.180882],[-107.548951,39.181164],[-107.547558,39.181383],[-107.546357,39.181446],[-107.54456,39.181692],[-107.543364,39.181925],[-107.542842,39.182198],[-107.542548,39.182403],[-107.542351,39.182722],[-107.54237,39.18356],[-107.541785,39.184347],[-107.541712,39.184565],[-107.541891,39.184714],[-107.542335,39.184849],[-107.543397,39.185411],[-107.543652,39.185739],[-107.543809,39.186222],[-107.543777,39.186935],[-107.54318,39.188677],[-107.542876,39.190522],[-107.542801,39.191668],[-107.542904,39.192269],[-107.543516,39.193499],[-107.5436,39.193903],[-107.543302,39.194648],[-107.542569,39.195502],[-107.541576,39.196235],[-107.537584,39.197899],[-107.534821,39.198671],[-107.533349,39.198928],[-107.531166,39.199102],[-107.528443,39.199026],[-107.527432,39.19893],[-107.526429,39.198718],[-107.523304,39.197786],[-107.523214,39.19786],[-107.523311,39.198002],[-107.524768,39.198916],[-107.52525,39.199446],[-107.526071,39.200708],[-107.526605,39.201066],[-107.528348,39.201884],[-107.528908,39.202304],[-107.529016,39.202428],[-107.529001,39.202644],[-107.528838,39.202936],[-107.528196,39.203455],[-107.527505,39.203884],[-107.524489,39.204688],[-107.523673,39.205517],[-107.522117,39.206028],[-107.521033,39.206169],[-107.520678,39.206284],[-107.520294,39.206545],[-107.519272,39.20745],[-107.5183,39.208768],[-107.517487,39.209651],[-107.516642,39.210327],[-107.513832,39.214],[-107.512777,39.214627],[-107.511795,39.215675],[-107.51068,39.216212],[-107.509605,39.216605],[-107.507296,39.216826],[-107.506403,39.216458],[-107.506173,39.21649],[-107.505382,39.217065],[-107.50479,39.217339],[-107.502406,39.2174],[-107.501814,39.217692],[-107.500966,39.217926],[-107.499904,39.21793],[-107.498614,39.217573],[-107.49796,39.217459],[-107.497556,39.217463],[-107.49497,39.218225],[-107.494549,39.218423],[-107.493802,39.219584],[-107.493643,39.219973],[-107.493308,39.220323],[-107.492819,39.221466],[-107.492332,39.222044],[-107.491587,39.222656],[-107.490582,39.22324],[-107.489009,39.224547],[-107.48851,39.22506],[-107.487753,39.225609],[-107.487367,39.226049],[-107.486893,39.226795],[-107.485813,39.229113],[-107.485651,39.229953],[-107.485791,39.230879],[-107.485767,39.231307],[-107.485035,39.232137],[-107.484861,39.232905],[-107.484835,39.233817],[-107.484675,39.234117],[-107.484393,39.235217],[-107.484209,39.23538],[-107.483549,39.235581],[-107.482877,39.23562],[-107.482101,39.235048],[-107.481699,39.234552],[-107.480862,39.23402],[-107.480508,39.233895],[-107.479284,39.233779],[-107.478878,39.233646],[-107.47856,39.23323],[-107.478436,39.232627],[-107.478097,39.232163],[-107.478019,39.231841],[-107.478049,39.231155],[-107.477899,39.230818],[-107.477437,39.23046],[-107.475893,39.229743],[-107.47521,39.229194],[-107.474701,39.229046],[-107.473252,39.229118],[-107.472257,39.229072],[-107.471317,39.229203],[-107.470359,39.228899],[-107.469294,39.228378],[-107.469035,39.228356],[-107.468231,39.228574],[-107.467805,39.228474],[-107.46701,39.228636],[-107.465716,39.228649],[-107.463889,39.228354],[-107.463486,39.228414],[-107.46147,39.229895],[-107.460773,39.230314],[-107.46042,39.230277],[-107.45902,39.22951],[-107.458593,39.229393],[-107.457786,39.229402],[-107.456939,39.229531],[-107.455806,39.229955],[-107.454423,39.230243],[-107.453284,39.230207],[-107.451075,39.230673],[-107.450838,39.231369],[-107.450656,39.231621],[-107.449785,39.232251],[-107.446395,39.233262],[-107.445109,39.233816],[-107.444216,39.234333],[-107.443747,39.234781],[-107.443108,39.236248],[-107.442842,39.236468],[-107.440371,39.236736],[-107.439515,39.236946],[-107.438714,39.237342],[-107.437801,39.237924],[-107.43715,39.238051],[-107.436729,39.238297],[-107.435811,39.239146],[-107.434223,39.239589],[-107.431877,39.23992],[-107.431299,39.240079],[-107.430261,39.240541],[-107.429455,39.241348],[-107.4292,39.24223],[-107.429412,39.243195],[-107.429754,39.243821],[-107.429775,39.24453],[-107.430544,39.246643],[-107.43064,39.247441],[-107.430611,39.248248],[-107.430416,39.248999],[-107.429826,39.249981],[-107.42978,39.250229],[-107.429403,39.250589],[-107.429526,39.251079],[-107.43002,39.251937],[-107.430104,39.252541],[-107.429762,39.25369],[-107.429887,39.255326],[-107.430139,39.256033],[-107.430521,39.256505],[-107.430524,39.256698],[-107.430173,39.256767],[-107.429584,39.257286],[-107.428073,39.257596],[-107.426914,39.25773],[-107.425553,39.257584],[-107.424569,39.257644],[-107.424381,39.257597],[-107.424402,39.256492],[-107.424045,39.256294],[-107.422536,39.25598],[-107.421947,39.255575],[-107.421552,39.255491],[-107.420919,39.255506],[-107.419682,39.255334],[-107.418846,39.255553],[-107.418146,39.255842],[-107.416175,39.255807],[-107.414823,39.255596],[-107.414216,39.25528],[-107.413447,39.254732],[-107.412613,39.254418],[-107.411501,39.254277],[-107.410696,39.254479],[-107.410147,39.254526],[-107.409316,39.254446],[-107.40792,39.25359],[-107.40717,39.253412],[-107.40413,39.253889],[-107.403279,39.25385],[-107.401132,39.253252],[-107.400297,39.252946],[-107.397916,39.25373],[-107.395958,39.254985],[-107.395401,39.255717],[-107.394486,39.256299],[-107.394558,39.256694],[-107.394498,39.257348],[-107.394161,39.257666],[-107.393699,39.259026],[-107.391708,39.260168],[-107.391425,39.260591],[-107.391417,39.261308],[-107.39168,39.262637],[-107.391663,39.263379],[-107.391465,39.263881],[-107.390818,39.264267],[-107.387123,39.265815],[-107.384403,39.267408],[-107.383518,39.267773],[-107.38239,39.267914],[-107.380943,39.268203],[-107.379944,39.268601],[-107.379175,39.269101],[-107.377982,39.270799],[-107.377663,39.271488],[-107.377479,39.272208],[-107.377727,39.273335],[-107.378376,39.274804],[-107.379323,39.275536],[-107.379835,39.27574],[-107.38063,39.275522],[-107.381536,39.275126],[-107.382189,39.275127],[-107.383285,39.275502],[-107.387157,39.277881],[-107.388337,39.27832],[-107.390174,39.278922],[-107.392119,39.279207],[-107.393344,39.279235],[-107.394073,39.279388],[-107.394216,39.279814],[-107.394171,39.280178],[-107.393798,39.280819],[-107.393764,39.281206],[-107.393958,39.281592],[-107.394357,39.281845],[-107.395652,39.282307],[-107.396157,39.282681],[-107.396961,39.28356],[-107.397,39.283987],[-107.396755,39.285304],[-107.396339,39.286373],[-107.396456,39.287687],[-107.396429,39.288437],[-107.396148,39.289513],[-107.396221,39.290101],[-107.396511,39.290663],[-107.397593,39.291377],[-107.397684,39.29182],[-107.397475,39.29229],[-107.396899,39.293111],[-107.396654,39.293912],[-107.396955,39.294465],[-107.398513,39.29511],[-107.400151,39.294455],[-107.401764,39.293599],[-107.402835,39.29316],[-107.403835,39.292786],[-107.404895,39.292723],[-107.406776,39.293037],[-107.408559,39.294098],[-107.408983,39.294005],[-107.409329,39.293638],[-107.410241,39.292991],[-107.412606,39.291877],[-107.412972,39.292002],[-107.413291,39.29241],[-107.413888,39.292734],[-107.414987,39.293786],[-107.415697,39.29402],[-107.417112,39.294246],[-107.418576,39.294835],[-107.419588,39.295655],[-107.420364,39.296131],[-107.421167,39.296856],[-107.421918,39.297082],[-107.422924,39.297071],[-107.423737,39.297255],[-107.42518,39.297812],[-107.429584,39.298587],[-107.431169,39.299005],[-107.431874,39.298973],[-107.433495,39.298527],[-107.434731,39.298594],[-107.435252,39.29925],[-107.43681,39.299322],[-107.437206,39.299398],[-107.437479,39.299564],[-107.43788,39.301004],[-107.439138,39.301716],[-107.43953,39.302098],[-107.439734,39.302491],[-107.439641,39.302984],[-107.439359,39.303455],[-107.438828,39.303921],[-107.4383,39.304596],[-107.438038,39.305035],[-107.437772,39.305764],[-107.437665,39.306676],[-107.438564,39.308046],[-107.438684,39.308891],[-107.4388,39.309019],[-107.439308,39.308981],[-107.439802,39.308774],[-107.440232,39.30843],[-107.440615,39.308394],[-107.441958,39.308548],[-107.443618,39.308506],[-107.44491,39.308798],[-107.445278,39.30852],[-107.446791,39.306204],[-107.447208,39.305788],[-107.447912,39.305667],[-107.448555,39.305676],[-107.449027,39.305381],[-107.449655,39.304559],[-107.450119,39.304425],[-107.450938,39.304383],[-107.451667,39.304528],[-107.454498,39.306545],[-107.456456,39.306927],[-107.456763,39.307238],[-107.457028,39.308033],[-107.456919,39.308325],[-107.456937,39.309236],[-107.457232,39.309499],[-107.457765,39.30967],[-107.458524,39.309735],[-107.459229,39.309686],[-107.459478,39.310208],[-107.459829,39.310647],[-107.461019,39.312618],[-107.461749,39.313344],[-107.462692,39.313793],[-107.465057,39.314242],[-107.465214,39.314337],[-107.465056,39.314742],[-107.463733,39.316088],[-107.463239,39.316852],[-107.463256,39.317182],[-107.463378,39.3176],[-107.463759,39.317967],[-107.464127,39.318745],[-107.464117,39.320343],[-107.464394,39.320719],[-107.464802,39.320883],[-107.46516,39.321137],[-107.465227,39.321379],[-107.465753,39.321768],[-107.465957,39.32212],[-107.465798,39.322469],[-107.465304,39.322668],[-107.463414,39.32427],[-107.462488,39.325733],[-107.462346,39.326444],[-107.462698,39.326964],[-107.462527,39.327224],[-107.46189,39.32757],[-107.46093,39.327823],[-107.460043,39.328156],[-107.458389,39.328521],[-107.457661,39.328973],[-107.455458,39.329393],[-107.454864,39.329303],[-107.454235,39.328955],[-107.453475,39.328843],[-107.450819,39.330034],[-107.450309,39.332128],[-107.449998,39.332664],[-107.448385,39.333578],[-107.447709,39.334061],[-107.446874,39.334328],[-107.446053,39.334822],[-107.445511,39.335263],[-107.444091,39.337005],[-107.443413,39.338505],[-107.442905,39.339083],[-107.440964,39.340218],[-107.440385,39.340369],[-107.439668,39.340337],[-107.43903,39.340659],[-107.438539,39.341019],[-107.438271,39.34224],[-107.438686,39.342735],[-107.438873,39.343282],[-107.437475,39.345136],[-107.437116,39.345914],[-107.436762,39.346386],[-107.436187,39.346755],[-107.435589,39.34694],[-107.434018,39.346804],[-107.433117,39.346959],[-107.432271,39.34721],[-107.430514,39.348222],[-107.430166,39.349597],[-107.430402,39.35378],[-107.430318,39.354281],[-107.429982,39.354672],[-107.429602,39.354894],[-107.429134,39.355383],[-107.428807,39.356193],[-107.428778,39.357436],[-107.429075,39.358287],[-107.429144,39.359206],[-107.429105,39.359884],[-107.42865,39.360534],[-107.428449,39.361972],[-107.428458,39.36248],[-107.428858,39.363307],[-107.429429,39.363792],[-107.429817,39.364006],[-107.430949,39.366178],[-107.491627,39.366263],[-107.500609,39.36611],[-107.550707,39.366046],[-107.559569,39.36613],[-107.607257,39.366149],[-107.625613,39.366373],[-107.713338,39.36613],[-107.750616,39.366244],[-107.875622,39.366297],[-107.884138,39.366195],[-107.893704,39.366195],[-107.954085,39.366254],[-107.985185,39.366187],[-107.988401,39.366129],[-108.000627,39.366268],[-108.00687,39.366174],[-108.094045,39.366141],[-108.106015,39.366151],[-108.113874,39.366234],[-108.154323,39.366199],[-108.169865,39.366259],[-108.169807,39.367622],[-108.169416,39.369015],[-108.168726,39.370178],[-108.16781,39.37118],[-108.166654,39.372017],[-108.163738,39.373666],[-108.161734,39.375003],[-108.152797,39.382041],[-108.150888,39.383452],[-108.149679,39.384134],[-108.148208,39.384751],[-108.132339,39.390137],[-108.130535,39.390851],[-108.129742,39.391275],[-108.128903,39.391904],[-108.125365,39.395126],[-108.1234,39.396476],[-108.121951,39.397179],[-108.117377,39.399108],[-108.115248,39.400173],[-108.096724,39.410357],[-108.095884,39.410944],[-108.095022,39.411736],[-108.091569,39.416296],[-108.090585,39.417395],[-108.088791,39.419085],[-108.087391,39.42015],[-108.084926,39.42184],[-108.078699,39.42589],[-108.075574,39.428358],[-108.074771,39.429106],[-108.072982,39.430923],[-108.068442,39.43598],[-108.059106,39.444642],[-108.060038,39.444805],[-108.059966,39.444878],[-108.062148,39.444871],[-108.062793,39.444794],[-108.063419,39.444964],[-108.063462,39.447722],[-108.063234,39.448886],[-108.063249,39.452192],[-108.06338,39.452189],[-108.063439,39.454811],[-108.064356,39.455264],[-108.064604,39.455257],[-108.064757,39.455356],[-108.064563,39.455983],[-108.064631,39.456629],[-108.064513,39.457074],[-108.064954,39.457214],[-108.065141,39.457473],[-108.065262,39.457519],[-108.065888,39.457449],[-108.066226,39.457673],[-108.066288,39.457886],[-108.066125,39.45865],[-108.065848,39.458874],[-108.066132,39.459005],[-108.065072,39.460128],[-108.067813,39.462011],[-108.067872,39.462343],[-108.068203,39.462745],[-108.068214,39.463311],[-108.065699,39.463312],[-108.063184,39.461696],[-108.06302,39.463038],[-108.058342,39.463159],[-108.05856,39.460959],[-108.051339,39.460706],[-108.051324,39.45972],[-108.050424,39.459731],[-108.0504,39.457499],[-108.0498,39.45736],[-108.049112,39.457471],[-108.04827,39.457888],[-108.047699,39.458316],[-108.046708,39.45966],[-108.045871,39.461094],[-108.045707,39.461606],[-108.045424,39.462086],[-108.044917,39.462616],[-108.044406,39.462966],[-108.040266,39.46491],[-108.039906,39.464939],[-108.038103,39.465891],[-108.037871,39.46549],[-108.020847,39.473838],[-108.018962,39.474523],[-108.016096,39.475079],[-107.978473,39.478301],[-107.976475,39.478618],[-107.974376,39.479176],[-107.972998,39.479734],[-107.968011,39.482372],[-107.955734,39.489113],[-107.950325,39.492287],[-107.939642,39.499423],[-107.937758,39.500291],[-107.935604,39.500991],[-107.934071,39.501251],[-107.933002,39.501353],[-107.930725,39.501297],[-107.929442,39.501112],[-107.927946,39.500786],[-107.922629,39.499504],[-107.920984,39.499298],[-107.919822,39.499239],[-107.917765,39.499323],[-107.91221,39.50063],[-107.899625,39.504165],[-107.896932,39.504755],[-107.890504,39.505932],[-107.885241,39.507137],[-107.881008,39.508524],[-107.869993,39.512547],[-107.852406,39.518794],[-107.852582,39.519057],[-107.847828,39.520779],[-107.846246,39.520937],[-107.828141,39.527326],[-107.827189,39.52759],[-107.826035,39.527763],[-107.822678,39.527921],[-107.822692,39.529576],[-107.814607,39.529421],[-107.813754,39.529333],[-107.812626,39.528988],[-107.812427,39.529114],[-107.812433,39.52955],[-107.813432,39.530706],[-107.813467,39.533165],[-107.808878,39.533202],[-107.808778,39.529467],[-107.807349,39.529783],[-107.806337,39.529892],[-107.802241,39.529499],[-107.800694,39.5296],[-107.800708,39.52984],[-107.79881,39.529878],[-107.798835,39.530799],[-107.796555,39.530807],[-107.796565,39.532073],[-107.799522,39.532079],[-107.799558,39.534985],[-107.797005,39.53504],[-107.79568,39.535414],[-107.794962,39.535467],[-107.794895,39.538987],[-107.794962,39.542488],[-107.794815,39.543109],[-107.794678,39.543314],[-107.795169,39.543739],[-107.794857,39.544002],[-107.794947,39.544078],[-107.794974,39.547389],[-107.794895,39.551414],[-107.791387,39.551433],[-107.79149,39.551675],[-107.791493,39.552046],[-107.791759,39.552664],[-107.792345,39.552848],[-107.792361,39.553184],[-107.792684,39.553568],[-107.792458,39.553699],[-107.792135,39.554292],[-107.791702,39.554487],[-107.791479,39.554319],[-107.790961,39.554381],[-107.7904,39.554265],[-107.790412,39.555086],[-107.785597,39.5551],[-107.785584,39.556929],[-107.788591,39.556913],[-107.788574,39.558696],[-107.78566,39.558705],[-107.785606,39.563726],[-107.784052,39.563727],[-107.784131,39.567341],[-107.779473,39.567359],[-107.7795,39.570983],[-107.79322,39.570902],[-107.793457,39.578079],[-107.788942,39.578185],[-107.78888,39.574563],[-107.774841,39.574644],[-107.774859,39.578277],[-107.771383,39.578266],[-107.771564,39.576822],[-107.771445,39.573848],[-107.771639,39.572579],[-107.77283,39.572757],[-107.772956,39.571032],[-107.77506,39.571023],[-107.774925,39.567674],[-107.771699,39.567675],[-107.771698,39.567193],[-107.771734,39.564893],[-107.772013,39.56387],[-107.775249,39.556453],[-107.775094,39.556431],[-107.773666,39.557612],[-107.77201,39.559467],[-107.771092,39.559084],[-107.766908,39.559089],[-107.766865,39.555154],[-107.767923,39.555152],[-107.767913,39.553013],[-107.766851,39.552994],[-107.766639,39.552175],[-107.766787,39.551496],[-107.757354,39.551528],[-107.757509,39.55075],[-107.757476,39.548935],[-107.757708,39.548413],[-107.757615,39.544474],[-107.757388,39.544477],[-107.757361,39.544164],[-107.757587,39.54429],[-107.762082,39.544286],[-107.762104,39.544932],[-107.762829,39.544914],[-107.762818,39.544279],[-107.764074,39.544277],[-107.764028,39.541256],[-107.764767,39.541252],[-107.764756,39.540679],[-107.762702,39.540692],[-107.762696,39.540038],[-107.762221,39.539146],[-107.761868,39.538735],[-107.761857,39.538145],[-107.761435,39.538133],[-107.761426,39.537303],[-107.762012,39.537069],[-107.762947,39.537051],[-107.762935,39.535988],[-107.763708,39.535977],[-107.76372,39.537053],[-107.766683,39.537037],[-107.766528,39.533409],[-107.761935,39.533442],[-107.761912,39.53112],[-107.733599,39.542282],[-107.731768,39.5429],[-107.707601,39.547332],[-107.704879,39.547682],[-107.692458,39.548373],[-107.691016,39.548391],[-107.684081,39.547911],[-107.669559,39.54707],[-107.669607,39.549239],[-107.667446,39.549158],[-107.667565,39.558387],[-107.664436,39.558411],[-107.664463,39.560449],[-107.662934,39.56047],[-107.662927,39.559525],[-107.662855,39.559527],[-107.662521,39.558997],[-107.662147,39.558039],[-107.662093,39.557462],[-107.662418,39.556797],[-107.662521,39.556337],[-107.66216,39.554581],[-107.662746,39.553062],[-107.662767,39.5522],[-107.657919,39.552226],[-107.65773,39.552333],[-107.657345,39.552362],[-107.657264,39.552844],[-107.656906,39.552845],[-107.656407,39.552569],[-107.656316,39.552368],[-107.655871,39.552362],[-107.655759,39.552418],[-107.656382,39.553303],[-107.656467,39.553686],[-107.656165,39.55432],[-107.655279,39.555558],[-107.655515,39.556285],[-107.655259,39.556964],[-107.654355,39.558165],[-107.651256,39.558199],[-107.651303,39.559557],[-107.649005,39.55959],[-107.648902,39.556884],[-107.646591,39.556864],[-107.646592,39.556012],[-107.64749,39.554738],[-107.646542,39.554358],[-107.645728,39.55468],[-107.645213,39.555104],[-107.645204,39.55537],[-107.645033,39.555541],[-107.64481,39.555599],[-107.644677,39.556224],[-107.644715,39.556717],[-107.643933,39.556773],[-107.643842,39.556991],[-107.643884,39.557254],[-107.643757,39.558253],[-107.644227,39.558549],[-107.644242,39.559679],[-107.63952,39.559715],[-107.639427,39.552353],[-107.643706,39.552299],[-107.643697,39.551167],[-107.642275,39.55099],[-107.642278,39.550552],[-107.641855,39.550102],[-107.641243,39.549911],[-107.640878,39.549366],[-107.639309,39.549263],[-107.639313,39.548762],[-107.63149,39.548776],[-107.631526,39.547683],[-107.631343,39.547396],[-107.631381,39.546369],[-107.627903,39.546205],[-107.626748,39.546269],[-107.601855,39.55073],[-107.592667,39.552417],[-107.592297,39.552542],[-107.585456,39.553638],[-107.578587,39.554833],[-107.560561,39.558082],[-107.559702,39.558419],[-107.558647,39.55904],[-107.554683,39.561795],[-107.554255,39.562165],[-107.553576,39.562985],[-107.55249,39.56482],[-107.551644,39.565566],[-107.548425,39.567454],[-107.544763,39.568927],[-107.544806,39.575021],[-107.541484,39.57504],[-107.541687,39.575227],[-107.542384,39.57547],[-107.543324,39.576005],[-107.54348,39.576224],[-107.543629,39.577036],[-107.544112,39.577449],[-107.544444,39.578068],[-107.544819,39.578065],[-107.54482,39.57832],[-107.54558,39.578403],[-107.546385,39.578236],[-107.546864,39.578524],[-107.54814,39.578518],[-107.544838,39.582105],[-107.544838,39.582207],[-107.540173,39.58223],[-107.540199,39.585893],[-107.536763,39.585927],[-107.536768,39.586025],[-107.53547,39.586054],[-107.535505,39.587684],[-107.530864,39.587702],[-107.530819,39.585903],[-107.52617,39.585912],[-107.526386,39.593096],[-107.526687,39.596314],[-107.52186,39.596384],[-107.521845,39.59585],[-107.520611,39.595272],[-107.520532,39.592512],[-107.518325,39.590018],[-107.516474,39.590042],[-107.515948,39.588177],[-107.514597,39.586148],[-107.514556,39.583594],[-107.51262,39.581553],[-107.514074,39.578751],[-107.514107,39.578581],[-107.513856,39.577336],[-107.50898,39.573277],[-107.508985,39.572503],[-107.506707,39.572775],[-107.507431,39.571528],[-107.51113,39.571528],[-107.511033,39.570813],[-107.51042,39.570824],[-107.510121,39.568812],[-107.50798,39.570012],[-107.504645,39.570893],[-107.502652,39.571524],[-107.502654,39.571648],[-107.49004,39.571898],[-107.489636,39.571803],[-107.48526,39.570157],[-107.484027,39.570928],[-107.48242,39.57175],[-107.480605,39.572365],[-107.477795,39.57304],[-107.472745,39.57403],[-107.470851,39.57418],[-107.46686,39.573916],[-107.466166,39.573809],[-107.466242,39.57332],[-107.465866,39.572656],[-107.465953,39.572401],[-107.464364,39.571949],[-107.462999,39.571414],[-107.462277,39.570963],[-107.461585,39.570383],[-107.460403,39.569799],[-107.458719,39.569538],[-107.457277,39.569732],[-107.45392,39.570454],[-107.451997,39.571725],[-107.451354,39.572064],[-107.449354,39.573037],[-107.448428,39.573323],[-107.447614,39.573717],[-107.446729,39.573776],[-107.444095,39.573636],[-107.442814,39.573843],[-107.441443,39.574206],[-107.440297,39.574184],[-107.438255,39.574069],[-107.43735,39.573948],[-107.434259,39.572655],[-107.434272,39.572853],[-107.434102,39.57327],[-107.429389,39.571114],[-107.428426,39.570626],[-107.427675,39.570025],[-107.42652,39.568453],[-107.425782,39.567682],[-107.424895,39.567051],[-107.423656,39.566467],[-107.421895,39.566055],[-107.418246,39.565847],[-107.415707,39.565522],[-107.412182,39.5648],[-107.410223,39.564279],[-107.409198,39.563844],[-107.408538,39.563476],[-107.407335,39.562513],[-107.40583,39.561091],[-107.404843,39.56041],[-107.399642,39.557895],[-107.398988,39.557674],[-107.39806,39.557526],[-107.396832,39.557623],[-107.393996,39.558383],[-107.390639,39.559779],[-107.389518,39.560171],[-107.387221,39.560776],[-107.385452,39.561089],[-107.383628,39.561229],[-107.381077,39.561171],[-107.379314,39.561036],[-107.376676,39.560661],[-107.375732,39.560603],[-107.374731,39.560699],[-107.370522,39.561779],[-107.369659,39.561906],[-107.369809,39.562143],[-107.369884,39.565078],[-107.368111,39.565083],[-107.368125,39.565586],[-107.36598,39.565568],[-107.366058,39.563853],[-107.364289,39.563796],[-107.36397,39.564021],[-107.36179,39.563942],[-107.361832,39.56294],[-107.361222,39.562932],[-107.361257,39.562235],[-107.360751,39.562218],[-107.360666,39.564395],[-107.359463,39.564384],[-107.359458,39.565559],[-107.359665,39.565615],[-107.359665,39.569239],[-107.344171,39.569279],[-107.344499,39.567063],[-107.344231,39.567063],[-107.344344,39.56686],[-107.344055,39.566797],[-107.343733,39.566496],[-107.344087,39.565661],[-107.344699,39.56566],[-107.344883,39.564182],[-107.344999,39.561684],[-107.344207,39.561394],[-107.342527,39.560559],[-107.341873,39.560389],[-107.341189,39.561178],[-107.341673,39.561364],[-107.340221,39.563639],[-107.339717,39.564602],[-107.340078,39.564577],[-107.341009,39.565186],[-107.341384,39.565308],[-107.341269,39.565654],[-107.341446,39.565653],[-107.34154,39.569309],[-107.33142,39.569355],[-107.33142,39.565696],[-107.328707,39.565647],[-107.328942,39.558928],[-107.333528,39.558978],[-107.333625,39.558622],[-107.333491,39.558256],[-107.332718,39.558506],[-107.332445,39.557999],[-107.331804,39.558206],[-107.331642,39.557907],[-107.330543,39.55817],[-107.329122,39.554574],[-107.329099,39.555188],[-107.327086,39.555166],[-107.327074,39.556136],[-107.32511,39.556136],[-107.324516,39.555917],[-107.324383,39.556136],[-107.318734,39.556141],[-107.318505,39.55579],[-107.318096,39.555789],[-107.318096,39.55614],[-107.315687,39.556136],[-107.315352,39.562563],[-107.311045,39.562464],[-107.310946,39.565647],[-107.306692,39.565647],[-107.306812,39.561591],[-107.302775,39.562152],[-107.300593,39.562239],[-107.299588,39.562206],[-107.296313,39.56172],[-107.292345,39.560999],[-107.291763,39.560958],[-107.290886,39.560976],[-107.290045,39.561133],[-107.288872,39.561513],[-107.288287,39.561626],[-107.287302,39.56166],[-107.286081,39.561406],[-107.283131,39.560385],[-107.282228,39.560225],[-107.281755,39.560219],[-107.280501,39.560416],[-107.279826,39.560686],[-107.279095,39.561176],[-107.277581,39.562847],[-107.276347,39.564903],[-107.275733,39.565544],[-107.275193,39.565881],[-107.273871,39.566478],[-107.272735,39.566849],[-107.271559,39.566911],[-107.271053,39.566849],[-107.269971,39.566528],[-107.26921,39.566037],[-107.268874,39.56575],[-107.267413,39.563847],[-107.266821,39.563473],[-107.265879,39.563191],[-107.264301,39.562998],[-107.263205,39.562949],[-107.260932,39.563],[-107.259545,39.562913],[-107.258541,39.562639],[-107.256978,39.56204],[-107.255336,39.561653],[-107.254295,39.561487],[-107.25109,39.561202],[-107.250386,39.56107],[-107.249603,39.560801],[-107.248725,39.560263],[-107.248289,39.559897],[-107.246997,39.558372],[-107.246475,39.557987],[-107.245565,39.557587],[-107.244291,39.557414],[-107.243369,39.557625],[-107.242625,39.558002],[-107.240977,39.559578],[-107.239971,39.560273],[-107.239466,39.560789],[-107.237813,39.563279],[-107.237276,39.563899],[-107.236498,39.564661],[-107.235616,39.565294],[-107.234208,39.566241],[-107.230863,39.567436],[-107.228643,39.569092],[-107.227364,39.569723],[-107.225557,39.570449],[-107.224656,39.57098],[-107.224363,39.571325],[-107.223883,39.572424],[-107.223727,39.57462],[-107.223463,39.575419],[-107.222988,39.576073],[-107.222592,39.576403],[-107.221931,39.576783],[-107.220953,39.577081],[-107.218368,39.577448],[-107.217391,39.577333],[-107.215676,39.576928],[-107.210126,39.576508],[-107.209066,39.576557],[-107.207898,39.576917],[-107.205658,39.578141],[-107.20501,39.578581],[-107.203873,39.580251],[-107.203593,39.580592],[-107.202983,39.581102],[-107.201857,39.581774],[-107.199833,39.582576],[-107.199157,39.583058],[-107.198762,39.583629],[-107.19808,39.585351],[-107.197536,39.586006],[-107.197038,39.586361],[-107.196188,39.586731],[-107.195507,39.586851],[-107.194042,39.586855],[-107.192491,39.586662],[-107.191699,39.58665],[-107.190834,39.586746],[-107.189922,39.586986],[-107.188866,39.587466],[-107.187401,39.588438],[-107.186429,39.588907],[-107.185712,39.589095],[-107.181057,39.590976],[-107.180091,39.591489],[-107.179161,39.592236],[-107.177048,39.594652],[-107.17595,39.5957],[-107.174682,39.597196],[-107.17218,39.599458],[-107.171083,39.600311],[-107.170163,39.600659],[-107.168378,39.601087],[-107.162948,39.602163],[-107.159592,39.603171],[-107.158202,39.603675],[-107.156985,39.604341],[-107.156447,39.604902],[-107.156101,39.605576],[-107.155798,39.606933],[-107.155516,39.60759],[-107.155073,39.60815],[-107.154569,39.608464],[-107.151869,39.609407],[-107.147248,39.610211],[-107.145909,39.610653],[-107.144867,39.611159],[-107.144177,39.611874],[-107.140771,39.614164],[-107.139558,39.614907],[-107.13871,39.615327],[-107.137575,39.615628],[-107.135296,39.615709],[-107.133784,39.616003],[-107.131594,39.616915],[-107.130504,39.617673],[-107.129861,39.617974],[-107.128964,39.618271],[-107.127443,39.618558],[-107.127193,39.618674],[-107.126653,39.619061],[-107.126026,39.619928],[-107.125595,39.620624],[-107.125301,39.621306],[-107.125323,39.620661],[-107.124891,39.621301],[-107.123609,39.622653],[-107.122904,39.623907],[-107.122659,39.624198],[-107.12186,39.62478],[-107.120672,39.62502],[-107.119622,39.62494],[-107.117915,39.624342],[-107.116949,39.624194],[-107.115959,39.624366],[-107.113869,39.625095],[-107.113599,39.591336],[-107.113947,39.508613],[-107.113633,39.499831],[-107.113608,39.495476],[-107.101948,39.495814],[-107.098656,39.496056],[-107.09866,39.490996],[-107.098527,39.487674],[-107.079659,39.487797],[-107.050863,39.48769],[-107.050897,39.484792],[-106.966368,39.484673],[-106.960668,39.484576],[-106.928918,39.484572],[-106.91997,39.483745],[-106.905584,39.484486],[-106.876878,39.484466],[-106.876855,39.485755],[-106.853118,39.485675],[-106.85317,39.472792],[-106.853853,39.444088],[-106.844377,39.444129],[-106.841157,39.444037],[-106.796259,39.44432],[-106.695724,39.443628],[-106.691942,39.443627],[-106.689182,39.443839],[-106.686514,39.443516],[-106.647779,39.443357],[-106.592179,39.44292],[-106.591501,39.442516],[-106.578429,39.436991],[-106.57789,39.362095],[-106.546634,39.362082],[-106.544585,39.362217],[-106.500587,39.362319],[-106.489362,39.361815],[-106.426487,39.361871],[-106.428154,39.360892],[-106.428971,39.359975],[-106.429322,39.359098],[-106.429428,39.358032],[-106.430785,39.357114],[-106.432363,39.355515],[-106.43348,39.354174],[-106.433662,39.353591],[-106.433604,39.352962],[-106.43372,39.352259],[-106.433954,39.351658],[-106.433669,39.351114],[-106.434551,39.349123],[-106.434718,39.347975],[-106.435104,39.347275],[-106.435181,39.346637],[-106.43494,39.346181],[-106.435271,39.344925],[-106.43536,39.343972],[-106.435206,39.343257],[-106.435205,39.342466],[-106.43495,39.341849],[-106.434931,39.341099],[-106.434726,39.340441],[-106.4343,39.339633],[-106.433804,39.339343],[-106.433854,39.338883],[-106.433619,39.338217],[-106.433548,39.337492],[-106.432282,39.335956],[-106.430797,39.335521],[-106.428676,39.335402],[-106.428451,39.335131],[-106.428663,39.334926],[-106.429047,39.33492],[-106.429438,39.334389],[-106.429524,39.33371],[-106.429375,39.333188],[-106.429085,39.33283],[-106.428663,39.332555],[-106.428813,39.332351],[-106.428866,39.331995],[-106.428641,39.331732],[-106.428592,39.330668],[-106.428754,39.330109],[-106.42863,39.329321],[-106.428751,39.328811],[-106.428703,39.328182],[-106.428071,39.327047],[-106.426947,39.323355],[-106.427772,39.322769],[-106.428001,39.322426],[-106.428017,39.32145],[-106.428325,39.321308],[-106.428741,39.320962],[-106.428957,39.320475],[-106.430422,39.319378],[-106.430615,39.318819],[-106.430924,39.318314],[-106.431931,39.317144],[-106.432085,39.316698],[-106.43246,39.316353],[-106.432731,39.316413],[-106.433657,39.316898],[-106.434514,39.317102],[-106.43549,39.317109],[-106.436647,39.316929],[-106.438223,39.316854],[-106.439317,39.317022],[-106.439771,39.317321],[-106.440602,39.316549],[-106.44254,39.315291],[-106.444053,39.315218],[-106.445825,39.315495],[-106.448472,39.316694],[-106.449522,39.316757],[-106.450652,39.316698],[-106.451668,39.316286],[-106.452389,39.315669],[-106.452653,39.31506],[-106.452746,39.314292],[-106.45374,39.312654],[-106.454219,39.312259],[-106.454715,39.312194],[-106.45536,39.31224],[-106.455865,39.312135],[-106.456564,39.312268],[-106.457206,39.312605],[-106.459076,39.313041],[-106.459728,39.313006],[-106.460572,39.312734],[-106.461482,39.312614],[-106.46253,39.31221],[-106.463382,39.311494],[-106.464022,39.311362],[-106.464812,39.311397],[-106.465512,39.311579],[-106.465862,39.311461],[-106.466127,39.311303],[-106.466691,39.310664],[-106.466809,39.310412],[-106.466736,39.309647],[-106.466964,39.309248],[-106.468071,39.308342],[-106.468272,39.307315],[-106.468723,39.307896],[-106.46956,39.30814],[-106.470094,39.307929],[-106.470726,39.307887],[-106.471352,39.308013],[-106.472878,39.308423],[-106.473356,39.308843],[-106.473986,39.309486],[-106.474299,39.310303],[-106.474787,39.310715],[-106.475377,39.311027],[-106.476205,39.312498],[-106.47612,39.31358],[-106.476224,39.314748],[-106.477296,39.314472],[-106.477732,39.314456],[-106.478763,39.314221],[-106.4827,39.313203],[-106.484104,39.31293],[-106.485121,39.312566],[-106.486399,39.311471],[-106.486965,39.310526],[-106.487431,39.30897],[-106.488148,39.309014],[-106.488501,39.308613],[-106.488984,39.308459],[-106.489746,39.307858],[-106.490588,39.307529],[-106.49185,39.30662],[-106.492604,39.305737],[-106.492765,39.304774],[-106.492515,39.303996],[-106.493212,39.303685],[-106.493589,39.303397],[-106.494234,39.303079],[-106.496178,39.302845],[-106.497645,39.302215],[-106.498749,39.301962],[-106.499898,39.301483],[-106.500362,39.300991],[-106.500585,39.300602],[-106.500953,39.300424],[-106.501108,39.300133],[-106.501647,39.299818],[-106.501832,39.299318],[-106.501872,39.298882],[-106.50238,39.298567],[-106.50269,39.298067],[-106.502925,39.297035],[-106.50284,39.296584],[-106.503561,39.295051],[-106.503597,39.293609],[-106.503298,39.291474],[-106.502973,39.290629],[-106.502867,39.289993],[-106.503268,39.288993],[-106.504581,39.287362],[-106.504601,39.287217],[-106.504308,39.287069],[-106.504359,39.286178],[-106.504031,39.284761],[-106.503042,39.284087],[-106.502436,39.283323],[-106.500999,39.282401],[-106.50081,39.282031],[-106.499926,39.281673],[-106.499257,39.280748],[-106.498544,39.279325],[-106.497109,39.279171],[-106.496247,39.278759],[-106.495322,39.278702],[-106.493632,39.27798],[-106.493229,39.277632],[-106.492777,39.276276],[-106.491943,39.275371],[-106.4913,39.274986],[-106.491056,39.274023],[-106.489829,39.27314],[-106.483292,39.272669],[-106.482954,39.272441],[-106.483722,39.271702],[-106.483417,39.268852],[-106.483605,39.267356],[-106.483762,39.266676],[-106.484016,39.266067],[-106.48407,39.265396],[-106.483272,39.264272],[-106.483064,39.263146],[-106.483006,39.26213],[-106.482812,39.261474],[-106.482359,39.260833],[-106.481738,39.260372],[-106.481359,39.26023],[-106.48106,39.259888],[-106.481226,39.259167],[-106.482493,39.25847],[-106.482977,39.258018],[-106.483119,39.257072],[-106.482943,39.256728],[-106.482968,39.256098],[-106.483127,39.255103],[-106.484017,39.255016],[-106.485134,39.254521],[-106.486154,39.253907],[-106.48637,39.253476],[-106.486206,39.252769],[-106.486347,39.252597],[-106.486847,39.252306],[-106.486907,39.251853],[-106.487396,39.251135],[-106.487695,39.250324],[-106.488251,39.249264],[-106.48872,39.248776],[-106.490569,39.247573],[-106.493972,39.244952],[-106.496778,39.243321],[-106.497349,39.242727],[-106.497649,39.242022],[-106.497597,39.241362],[-106.497383,39.240904],[-106.49746,39.240524],[-106.497993,39.239487],[-106.498168,39.237469],[-106.498788,39.236012],[-106.498903,39.235398],[-106.49874,39.234931],[-106.497257,39.232978],[-106.496302,39.232261],[-106.495094,39.231918],[-106.493936,39.23084],[-106.493309,39.22991],[-106.492721,39.229408],[-106.490215,39.228335],[-106.489711,39.227977],[-106.489749,39.227718],[-106.490504,39.226945],[-106.491818,39.226102],[-106.492154,39.225679],[-106.49226,39.225195],[-106.492146,39.224518],[-106.491887,39.223843],[-106.491463,39.223275],[-106.491258,39.222793],[-106.491366,39.222397],[-106.491823,39.221779],[-106.491901,39.221464],[-106.491688,39.221127],[-106.491808,39.220812],[-106.491951,39.220698],[-106.492777,39.220432],[-106.493394,39.220103],[-106.49373,39.219745],[-106.493869,39.219317],[-106.49387,39.218728],[-106.493666,39.217633],[-106.492943,39.215858],[-106.493282,39.214323],[-106.493619,39.213328],[-106.494342,39.211813],[-106.494854,39.210091],[-106.494954,39.208541],[-106.494717,39.207979],[-106.493871,39.206931],[-106.493779,39.206367],[-106.494165,39.203912],[-106.4946,39.200148],[-106.494516,39.199447],[-106.494229,39.19895],[-106.493798,39.198623],[-106.493649,39.198326],[-106.494893,39.196411],[-106.495836,39.19441],[-106.496327,39.193977],[-106.497735,39.193222],[-106.498172,39.192701],[-106.498317,39.192014],[-106.498216,39.190902],[-106.498743,39.189502],[-106.498792,39.188026],[-106.499007,39.187177],[-106.498991,39.186217],[-106.499319,39.185311],[-106.49939,39.184552],[-106.499607,39.183848],[-106.500584,39.182601],[-106.502649,39.180419],[-106.504803,39.17902],[-106.505792,39.17872],[-106.506726,39.178815],[-106.507396,39.178302],[-106.507875,39.178104],[-106.508208,39.178049],[-106.508304,39.177808],[-106.508216,39.177323],[-106.509717,39.174877],[-106.51,39.174653],[-106.509648,39.173609],[-106.509828,39.173271],[-106.509501,39.172784],[-106.509445,39.172291],[-106.509511,39.171928],[-106.50903,39.170367],[-106.508744,39.169993],[-106.509047,39.168873],[-106.508967,39.168541],[-106.508473,39.168142],[-106.508436,39.16777],[-106.508614,39.166681],[-106.50909,39.165917],[-106.511077,39.163532],[-106.512306,39.163176],[-106.513507,39.162498],[-106.513862,39.162258],[-106.513928,39.161919],[-106.515139,39.161305],[-106.515497,39.160823],[-106.516374,39.160336],[-106.517259,39.160059],[-106.518913,39.159698],[-106.518926,39.159488],[-106.519299,39.158602],[-106.519832,39.158226],[-106.520447,39.15798],[-106.520942,39.157353],[-106.52116,39.15733],[-106.521478,39.157664],[-106.521882,39.15782],[-106.522356,39.158146],[-106.523235,39.15837],[-106.52402,39.158754],[-106.525523,39.159806],[-106.525862,39.160163],[-106.526493,39.160353],[-106.527357,39.161021],[-106.529856,39.161206],[-106.531288,39.161224],[-106.531408,39.161652],[-106.531583,39.161807],[-106.53204,39.161769],[-106.532634,39.162468],[-106.532945,39.162567],[-106.533318,39.162569],[-106.533978,39.163001],[-106.534516,39.163126],[-106.535138,39.163146],[-106.535565,39.163027],[-106.535777,39.162585],[-106.536055,39.160858],[-106.536112,39.159437],[-106.536666,39.159037],[-106.536979,39.158918],[-106.538099,39.158012],[-106.538526,39.157894],[-106.541354,39.158307],[-106.542884,39.158882],[-106.543373,39.158732],[-106.544005,39.158857],[-106.545022,39.158872],[-106.546695,39.159609],[-106.54814,39.160361],[-106.548626,39.16055],[-106.549735,39.16067],[-106.550385,39.161013],[-106.551677,39.161465],[-106.552073,39.161306],[-106.552294,39.161057],[-106.552711,39.160858],[-106.552724,39.160567],[-106.552883,39.160269],[-106.553705,39.160072],[-106.554044,39.159396],[-106.554805,39.159167],[-106.556364,39.157949],[-106.556597,39.157498],[-106.556674,39.157038],[-106.557186,39.15671],[-106.558755,39.156518],[-106.560816,39.155885],[-106.561265,39.155677],[-106.561598,39.154533],[-106.562254,39.153301],[-106.562631,39.151947],[-106.562177,39.150676],[-106.561952,39.15044],[-106.561085,39.149967],[-106.560706,39.14952],[-106.560948,39.149134],[-106.560915,39.148367],[-106.560679,39.148075],[-106.561045,39.14777],[-106.56077,39.147308],[-106.560775,39.146783],[-106.560475,39.145756],[-106.560251,39.145342],[-106.559829,39.145017],[-106.559292,39.144755],[-106.559089,39.144309],[-106.558728,39.144097],[-106.558679,39.143847],[-106.558869,39.143581],[-106.559291,39.141888],[-106.559643,39.140881],[-106.55948,39.140605],[-106.559413,39.140096],[-106.5595,39.139684],[-106.560162,39.13892],[-106.560416,39.138454],[-106.560536,39.137824],[-106.560789,39.137471],[-106.561617,39.136596],[-106.562486,39.135898],[-106.563109,39.134715],[-106.56366,39.134581],[-106.564244,39.134237],[-106.564627,39.133392],[-106.564683,39.13294],[-106.564574,39.132422],[-106.563989,39.131845],[-106.563726,39.131199],[-106.563231,39.130912],[-106.561423,39.129205],[-106.560414,39.128448],[-106.560179,39.127122],[-106.560006,39.126782],[-106.559625,39.126505],[-106.559073,39.125799],[-106.559102,39.124988],[-106.559287,39.124656],[-106.558325,39.124237],[-106.558154,39.121991],[-106.558171,39.120223],[-106.560667,39.117898],[-106.563895,39.115748],[-106.564986,39.114007],[-106.564538,39.111979],[-106.564696,39.10908],[-106.563496,39.108243],[-106.563321,39.107268],[-106.563989,39.106041],[-106.566983,39.105061],[-106.568439,39.105205],[-106.5691,39.104768],[-106.568933,39.104009],[-106.570161,39.103515],[-106.570627,39.104193],[-106.573344,39.104424],[-106.574655,39.104278],[-106.576586,39.104001],[-106.578629,39.102844],[-106.580311,39.102164],[-106.583781,39.097904],[-106.586157,39.09405],[-106.586107,39.090578],[-106.586338,39.087743],[-106.584916,39.08483],[-106.583238,39.082959],[-106.580107,39.081751],[-106.577076,39.079437],[-106.57787,39.079081],[-106.579456,39.077536],[-106.579524,39.075574],[-106.577587,39.072758],[-106.57723,39.066154],[-106.576862,39.063369],[-106.57763,39.060598],[-106.577926,39.059072],[-106.578023,39.056254],[-106.577551,39.05321],[-106.58073,39.048717],[-106.584245,39.047187],[-106.589133,39.045582],[-106.594964,39.045397],[-106.597233,39.044821],[-106.597219,39.043675],[-106.597797,39.039249],[-106.598936,39.036768],[-106.599516,39.033788],[-106.597941,39.031666],[-106.594377,39.029959],[-106.592596,39.027627],[-106.591692,39.024923],[-106.594921,39.020809],[-106.595179,39.01686],[-106.594954,39.013752],[-106.595162,39.010305],[-106.594701,39.007568],[-106.594455,39.004185],[-106.59543,39.002132],[-106.598297,38.998744],[-106.599214,38.997994],[-106.596316,38.992719],[-106.595816,38.992394],[-106.595509,38.991277],[-106.595021,38.991072],[-106.594153,38.990936],[-106.592533,38.990952],[-106.591083,38.991297],[-106.590433,38.991271],[-106.589276,38.991879],[-106.587786,38.992257],[-106.586802,38.992694],[-106.586164,38.992813],[-106.585595,38.992697],[-106.584657,38.99211],[-106.583757,38.991974],[-106.582769,38.991476],[-106.58094,38.99197],[-106.580289,38.991912],[-106.579523,38.991702],[-106.578968,38.9912],[-106.577161,38.990444],[-106.574721,38.992821],[-106.570609,38.993942],[-106.569833,38.994481],[-106.569235,38.994535],[-106.568522,38.994478],[-106.567184,38.993967],[-106.566129,38.993792],[-106.562855,38.996403],[-106.561554,38.997004],[-106.560427,38.998232],[-106.559884,38.998528],[-106.559101,38.998624],[-106.556855,38.998146],[-106.556184,38.99812],[-106.555392,38.998329],[-106.554532,38.998757],[-106.554211,38.998711],[-106.552183,38.993476],[-106.551234,38.992075],[-106.550723,38.991701],[-106.550163,38.991545],[-106.546762,38.991078],[-106.545441,38.990382],[-106.544267,38.989144],[-106.543102,38.98851],[-106.54215,38.988277],[-106.539812,38.986559],[-106.536053,38.983491],[-106.534179,38.982292],[-106.532885,38.98199],[-106.53202,38.981386],[-106.529618,38.98078],[-106.528389,38.980727],[-106.526287,38.976588],[-106.525491,38.974339],[-106.524626,38.972316],[-106.524423,38.971093],[-106.521861,38.968666],[-106.522233,38.96797],[-106.523147,38.965535],[-106.523498,38.964839],[-106.524056,38.964205],[-106.525845,38.963124],[-106.527255,38.961451],[-106.527587,38.960843],[-106.528321,38.960296],[-106.528511,38.959883],[-106.527087,38.956914],[-106.526683,38.955411],[-106.526286,38.955052],[-106.524537,38.954585],[-106.523122,38.954445],[-106.52201,38.953875],[-106.521327,38.953688],[-106.520667,38.953695],[-106.519877,38.953969],[-106.518284,38.951517],[-106.5167,38.950347],[-106.515986,38.949443],[-106.515738,38.948664],[-106.514298,38.948242],[-106.513195,38.947487],[-106.508077,38.94589],[-106.507162,38.946092],[-106.505313,38.9444],[-106.505839,38.94292],[-106.505893,38.940929],[-106.505584,38.939457],[-106.504799,38.937949],[-106.504371,38.936849],[-106.503893,38.936579],[-106.502695,38.936445],[-106.502279,38.936135],[-106.501793,38.935293],[-106.501211,38.935],[-106.500583,38.934748],[-106.49876,38.93469],[-106.496258,38.93347],[-106.493856,38.931089],[-106.492346,38.930149],[-106.490714,38.929685],[-106.489938,38.926316],[-106.489173,38.925818],[-106.48883,38.925133],[-106.487888,38.924256],[-106.487359,38.923507],[-106.486719,38.92317],[-106.485652,38.922108],[-106.484061,38.921345],[-106.48212,38.92093],[-106.480905,38.918643],[-106.479759,38.918218],[-106.474912,38.916123],[-106.472209,38.915927],[-106.470044,38.913053],[-106.46901,38.912394],[-106.467483,38.91226],[-106.467027,38.9116],[-106.465323,38.910789],[-106.465032,38.910354],[-106.463476,38.910744],[-106.462941,38.911124],[-106.461941,38.911303],[-106.45873,38.910108],[-106.457811,38.910078],[-106.453808,38.912755],[-106.449951,38.913012],[-106.448005,38.914362],[-106.446065,38.913866],[-106.444757,38.914578],[-106.443705,38.914652],[-106.443088,38.915274],[-106.44215,38.915574],[-106.439333,38.915458],[-106.437175,38.914906],[-106.436953,38.916317],[-106.43652,38.916447],[-106.434864,38.918184],[-106.434372,38.919434],[-106.434333,38.919999],[-106.433715,38.920492],[-106.432062,38.923043],[-106.430262,38.924909],[-106.429458,38.925281],[-106.427922,38.92559],[-106.427448,38.925922],[-106.424952,38.926095],[-106.422913,38.927518],[-106.421831,38.928068],[-106.421161,38.928093],[-106.419354,38.927677],[-106.419023,38.927443],[-106.418692,38.927025],[-106.418227,38.92663],[-106.418244,38.925396],[-106.417964,38.924663],[-106.417868,38.923429],[-106.41737,38.922317],[-106.41718,38.920898],[-106.41598,38.919417],[-106.415627,38.91853],[-106.414274,38.918129],[-106.413166,38.916268],[-106.412091,38.915665],[-106.407602,38.914762],[-106.406071,38.912982],[-106.404977,38.912669],[-106.403208,38.910865],[-106.402124,38.910617],[-106.399497,38.911943],[-106.393959,38.912249],[-106.393579,38.913121],[-106.393075,38.913702],[-106.393386,38.914427],[-106.393184,38.916395],[-106.392991,38.917718],[-106.392344,38.918775],[-106.388994,38.919981],[-106.386913,38.921121],[-106.386257,38.922969],[-106.384545,38.923148],[-106.383451,38.922964],[-106.382999,38.923932],[-106.380836,38.925685],[-106.38036,38.924871],[-106.379069,38.92422],[-106.376982,38.922674],[-106.377175,38.921553],[-106.377049,38.920481],[-106.377168,38.917981],[-106.376495,38.916772],[-106.376699,38.915723],[-106.375745,38.913039],[-106.375765,38.912765],[-106.376113,38.911797],[-106.376222,38.909539],[-106.375974,38.908991],[-106.37558,38.908716],[-106.37344,38.906608],[-106.372211,38.906397],[-106.367482,38.906917],[-106.365773,38.909871],[-106.364879,38.910287],[-106.364245,38.910936],[-106.361544,38.912339],[-106.361151,38.912285],[-106.357073,38.912945],[-106.354794,38.911628],[-106.353035,38.910936],[-106.351501,38.909888],[-106.348731,38.909089],[-106.347334,38.908467],[-106.34673,38.9076],[-106.345241,38.907067],[-106.344049,38.907606],[-106.338726,38.908733],[-106.338128,38.90872],[-106.334984,38.911666],[-106.331056,38.911695],[-106.330693,38.911447],[-106.327884,38.911051],[-106.326099,38.911004],[-106.324894,38.908317],[-106.325118,38.908009],[-106.324115,38.904796],[-106.32472,38.902929],[-106.323796,38.900781],[-106.323477,38.899355],[-106.322889,38.898019],[-106.320863,38.89586],[-106.320859,38.895279],[-106.320555,38.894708],[-106.321313,38.892599],[-106.323019,38.891807],[-106.32471,38.890515],[-106.326039,38.888927],[-106.326697,38.887318],[-106.326456,38.886868],[-106.326446,38.884101],[-106.327334,38.882919],[-106.327505,38.882297],[-106.329049,38.882095],[-106.330522,38.881772],[-106.331756,38.881322],[-106.332483,38.880696],[-106.334065,38.881309],[-106.334344,38.880057],[-106.335245,38.87927],[-106.336068,38.876313],[-106.336589,38.875737],[-106.336779,38.874994],[-106.336192,38.873589],[-106.335847,38.872049],[-106.336188,38.87188],[-106.336776,38.871784],[-106.338819,38.871723],[-106.33951,38.871523],[-106.340109,38.871234],[-106.341825,38.870091],[-106.342674,38.869351],[-106.343211,38.869086],[-106.34478,38.868605],[-106.345577,38.867969],[-106.346413,38.867575],[-106.346982,38.867213],[-106.347428,38.866278],[-106.347687,38.865972],[-106.348938,38.865112],[-106.34925,38.864386],[-106.349282,38.864056],[-106.349047,38.863451],[-106.349235,38.862612],[-106.34897,38.86183],[-106.349106,38.858209],[-106.348843,38.856733],[-106.349303,38.854887],[-106.349551,38.854903],[-106.350117,38.855186],[-106.351126,38.855503],[-106.352239,38.855617],[-106.354075,38.85562],[-106.354673,38.855557],[-106.355705,38.855292],[-106.356891,38.855318],[-106.357685,38.85511],[-106.358223,38.8547],[-106.360566,38.8538],[-106.362661,38.853352],[-106.363661,38.853418],[-106.36397,38.853523],[-106.3643,38.853419],[-106.364549,38.853113],[-106.365044,38.852985],[-106.365304,38.852332],[-106.365378,38.851719],[-106.36531,38.85055],[-106.365371,38.847606],[-106.365145,38.847106],[-106.364549,38.846581],[-106.364458,38.846185],[-106.365099,38.845428],[-106.366442,38.844681],[-106.368077,38.842844],[-106.368357,38.842087],[-106.369174,38.841515],[-106.370126,38.840485],[-106.370386,38.839711],[-106.370398,38.839348],[-106.370204,38.838719],[-106.370401,38.838469],[-106.371525,38.838075],[-106.374228,38.837523],[-106.375457,38.836855],[-106.37601,38.836416],[-106.377451,38.836266],[-106.378202,38.836264],[-106.378819,38.836125],[-106.37902,38.835132],[-106.379143,38.834954],[-106.380782,38.833336],[-106.381059,38.833141],[-106.381747,38.832857],[-106.381941,38.832518],[-106.382822,38.831579],[-106.383067,38.831135],[-106.383136,38.830562],[-106.383059,38.829602],[-106.383211,38.829126],[-106.383589,38.828504],[-106.383649,38.828141],[-106.383582,38.827036],[-106.383741,38.825834],[-106.383572,38.825012],[-106.383632,38.824705],[-106.384424,38.824622],[-106.385493,38.824264],[-106.386388,38.82414],[-106.387848,38.823804],[-106.389101,38.823461],[-106.389502,38.823282],[-106.39053,38.823118],[-106.390725,38.822964],[-106.391269,38.82276],[-106.394386,38.822427],[-106.395024,38.822393],[-106.395652,38.822503],[-106.396693,38.82271],[-106.397198,38.822885],[-106.397529,38.823134],[-106.398742,38.824961],[-106.399021,38.825298],[-106.399352,38.825531],[-106.402927,38.826374],[-106.403505,38.826597],[-106.404373,38.827361],[-106.405284,38.828398],[-106.406926,38.82931],[-106.407132,38.829342],[-106.407501,38.829204],[-106.409112,38.828061],[-106.410792,38.826587],[-106.411888,38.825736],[-106.413726,38.824794],[-106.414763,38.824363],[-106.415812,38.824327],[-106.416182,38.824092],[-106.416263,38.82385],[-106.416198,38.823398],[-106.415989,38.822738],[-106.415839,38.821504],[-106.415483,38.820377],[-106.415334,38.819442],[-106.415356,38.817845],[-106.41499,38.816613],[-106.415045,38.815282],[-106.415188,38.815048],[-106.415659,38.814667],[-106.416025,38.813787],[-106.417175,38.813355],[-106.418243,38.812843],[-106.420551,38.811609],[-106.420674,38.811463],[-106.420825,38.810777],[-106.421018,38.810414],[-106.421735,38.809782],[-106.422432,38.809296],[-106.422726,38.808375],[-106.422711,38.807633],[-106.422336,38.806731],[-106.421726,38.806193],[-106.421475,38.805436],[-106.420666,38.804149],[-106.419633,38.803394],[-106.418498,38.802906],[-106.41861,38.802559],[-106.418009,38.801763],[-106.418025,38.801013],[-106.417911,38.800691],[-106.417148,38.800468],[-106.416054,38.799875],[-106.415055,38.799636],[-106.414869,38.799516],[-106.41459,38.799138],[-106.414473,38.798558],[-106.414892,38.797887],[-106.414891,38.797677],[-106.414517,38.796985],[-106.414363,38.795203],[-106.414039,38.794125],[-106.413457,38.793102],[-106.412881,38.791161],[-106.412949,38.790314],[-106.413091,38.789999],[-106.413696,38.789682],[-106.414518,38.789445],[-106.414794,38.789154],[-106.415471,38.788748],[-106.416586,38.787623],[-106.416759,38.787268],[-106.416815,38.786219],[-106.416635,38.785196],[-106.416033,38.784101],[-106.415426,38.782055],[-106.414737,38.780186],[-106.414571,38.779888],[-106.413816,38.779093],[-106.414263,38.778091],[-106.414414,38.777389],[-106.414829,38.776282],[-106.414774,38.775605],[-106.414905,38.774959],[-106.415058,38.774709],[-106.415427,38.774579],[-106.415498,38.774417],[-106.415361,38.77374],[-106.415498,38.772441],[-106.416539,38.770808],[-106.416682,38.770703],[-106.417452,38.770474],[-106.417575,38.770329],[-106.417915,38.768553],[-106.41928,38.766161],[-106.419259,38.766],[-106.418897,38.765638],[-106.418216,38.765125],[-106.41737,38.764676],[-106.417143,38.764435],[-106.417117,38.763572],[-106.417003,38.763234],[-106.416525,38.762453],[-106.416265,38.761728],[-106.416371,38.760494],[-106.416149,38.759237],[-106.415348,38.757554],[-106.415079,38.757184],[-106.415539,38.756706],[-106.416267,38.756349],[-106.416687,38.756041],[-106.41728,38.755426],[-106.417974,38.754383],[-106.417983,38.754189],[-106.418239,38.753987],[-106.418503,38.753438],[-106.418697,38.753195],[-106.419292,38.752854],[-106.419537,38.752563],[-106.419953,38.751529],[-106.419992,38.751045],[-106.41997,38.750731],[-106.419637,38.749995],[-106.418401,38.74915],[-106.41823,38.747419],[-106.418201,38.745129],[-106.418011,38.742028],[-106.418658,38.739632],[-106.42005,38.738805],[-106.418493,38.735304],[-106.416752,38.733756],[-106.416665,38.727814],[-106.417431,38.725675],[-106.419185,38.723989],[-106.423467,38.720847],[-106.422786,38.718857],[-106.423222,38.716166],[-106.424709,38.712693],[-106.425275,38.710307],[-106.426044,38.710263],[-106.4264,38.710065],[-106.429468,38.709811],[-106.431656,38.708708],[-106.433013,38.708696],[-106.434588,38.70927],[-106.436516,38.709033],[-106.438142,38.708631],[-106.443493,38.709231],[-106.444232,38.708713],[-106.44468,38.708037],[-106.444553,38.706926],[-106.44553,38.705533],[-106.447602,38.704842],[-106.448313,38.704928],[-106.449421,38.702945],[-106.450135,38.70266],[-106.452126,38.698777],[-106.451539,38.697794],[-106.451738,38.697033],[-106.451076,38.695922],[-106.451054,38.695365],[-106.448358,38.692945],[-106.446183,38.689832],[-106.445959,38.688988],[-106.443676,38.688045],[-106.441755,38.687629],[-106.44122,38.687137],[-106.440176,38.68687],[-106.437861,38.6825],[-106.437808,38.681509],[-106.437032,38.679375],[-106.437055,38.678069],[-106.438072,38.676635],[-106.436995,38.67486],[-106.436179,38.673735],[-106.435907,38.67115],[-106.43409,38.668878],[-106.432209,38.667921],[-106.43114,38.665066],[-106.431317,38.663289],[-106.429356,38.658608],[-106.429088,38.65762],[-106.430159,38.653468],[-106.429545,38.651235],[-106.427139,38.650673],[-106.424037,38.648846],[-106.421804,38.646789],[-106.420179,38.6467],[-106.418164,38.645188],[-106.417717,38.644461],[-106.417223,38.644919],[-106.414676,38.645407],[-106.412664,38.646435],[-106.411752,38.647029],[-106.407944,38.647679],[-106.406891,38.646968],[-106.406207,38.647171],[-106.404184,38.646732],[-106.403547,38.646217],[-106.401719,38.645783],[-106.401507,38.643076],[-106.402238,38.642163],[-106.401189,38.639702],[-106.398468,38.639748],[-106.397267,38.640297],[-106.392825,38.640085],[-106.390164,38.641034],[-106.38899,38.640897],[-106.387975,38.640016],[-106.386632,38.639656],[-106.385788,38.638627],[-106.383164,38.638922],[-106.379899,38.638483],[-106.380362,38.637057],[-106.381919,38.635415],[-106.384177,38.633827],[-106.385174,38.632362],[-106.385805,38.630128],[-106.386269,38.627783],[-106.385368,38.624995],[-106.384602,38.624164],[-106.384208,38.623869],[-106.383372,38.623546],[-106.382641,38.623416],[-106.382377,38.622878],[-106.382125,38.621719],[-106.381306,38.621066],[-106.380066,38.620416],[-106.379149,38.620118],[-106.378371,38.62023],[-106.377461,38.620489],[-106.376658,38.621004],[-106.37558,38.621224],[-106.3745,38.62085],[-106.369126,38.618678],[-106.366941,38.617211],[-106.365251,38.615899],[-106.364198,38.6145],[-106.364199,38.613976],[-106.363843,38.613625],[-106.363642,38.611659],[-106.363646,38.610224],[-106.364121,38.608638],[-106.364228,38.607201],[-106.364697,38.605889],[-106.362608,38.603493],[-106.362052,38.602346],[-106.359822,38.600605],[-106.359451,38.599996],[-106.359317,38.599393],[-106.360284,38.597818],[-106.360943,38.596213],[-106.361235,38.59588],[-106.360913,38.595133],[-106.361024,38.594487],[-106.358188,38.592713],[-106.357706,38.591669],[-106.357242,38.591037],[-106.355951,38.5901],[-106.35589,38.589004],[-106.355449,38.587936],[-106.354308,38.586787],[-106.353139,38.58518],[-106.3513,38.58349],[-106.351475,38.582948],[-106.352536,38.582001],[-106.35342,38.581467],[-106.351975,38.578837],[-106.351673,38.576905],[-106.350905,38.576462],[-106.349877,38.574764],[-106.348319,38.573193],[-106.347383,38.572598],[-106.344619,38.568564],[-106.346867,38.565104],[-106.346681,38.562783],[-106.347451,38.561041],[-106.347435,38.560202],[-106.346641,38.558864],[-106.348653,38.55714],[-106.350144,38.555583],[-106.35083,38.553777],[-106.350543,38.552667],[-106.352034,38.551691],[-106.353533,38.549973],[-106.353685,38.549318],[-106.353584,38.547133],[-106.354318,38.545157],[-106.354964,38.542868],[-106.355399,38.542556],[-106.355386,38.542371],[-106.354799,38.541724],[-106.353706,38.53922],[-106.354344,38.537584],[-106.354543,38.536146],[-106.354185,38.533384],[-106.350423,38.53145],[-106.347131,38.528761],[-106.346408,38.526253],[-106.345032,38.524494],[-106.344063,38.522585],[-106.342597,38.521537],[-106.343703,38.51746],[-106.345044,38.516671],[-106.345813,38.51496],[-106.348108,38.512499],[-106.348118,38.51187],[-106.347269,38.511484],[-106.3466,38.509661],[-106.345455,38.50823],[-106.345425,38.507134],[-106.34423,38.50459],[-106.342824,38.50288],[-106.341359,38.502412],[-106.34007,38.501531],[-106.339306,38.501217],[-106.33876,38.50057],[-106.338925,38.499712],[-106.338879,38.49926],[-106.338207,38.498207],[-106.336308,38.49665],[-106.335856,38.496397],[-106.335075,38.496306],[-106.334808,38.496092],[-106.334468,38.495615],[-106.332465,38.49453],[-106.330406,38.493727],[-106.330169,38.49369],[-106.329999,38.49383],[-106.329346,38.495125],[-106.328612,38.496026],[-106.328484,38.49642],[-106.327844,38.497329],[-106.327553,38.497514],[-106.327228,38.497588],[-106.32674,38.497448],[-106.325822,38.496976],[-106.323024,38.496944],[-106.322511,38.497029],[-106.320529,38.497645],[-106.320109,38.497691],[-106.319907,38.497423],[-106.319883,38.496883],[-106.31832,38.495155],[-106.31775,38.494878],[-106.316964,38.49476],[-106.316312,38.49457],[-106.315546,38.494477],[-106.314625,38.494503],[-106.312956,38.494678],[-106.311756,38.494961],[-106.311461,38.49487],[-106.311213,38.493426],[-106.310836,38.492488],[-106.310765,38.491609],[-106.310666,38.491366],[-106.309633,38.490561],[-106.309233,38.489849],[-106.309454,38.489351],[-106.309297,38.487963],[-106.30825,38.485868],[-106.307748,38.485115],[-106.307251,38.484813],[-106.306809,38.484141],[-106.306624,38.483455],[-106.306484,38.482341],[-106.305589,38.481223],[-106.304121,38.480052],[-106.304104,38.479754],[-106.304547,38.478708],[-106.30449,38.478353],[-106.303986,38.477761],[-106.303015,38.476957],[-106.301052,38.476089],[-106.29982,38.475718],[-106.299278,38.475666],[-106.298766,38.475728],[-106.295598,38.475586],[-106.292991,38.474802],[-106.291469,38.473897],[-106.290543,38.473528],[-106.290332,38.473253],[-106.290646,38.472715],[-106.290672,38.472287],[-106.290494,38.471802],[-106.289747,38.47104],[-106.289396,38.470465],[-106.289512,38.4702],[-106.289667,38.470088],[-106.289724,38.469661],[-106.290026,38.466857],[-106.289894,38.465953],[-106.289138,38.464328],[-106.289345,38.463369],[-106.289281,38.462756],[-106.288933,38.461964],[-106.288532,38.461373],[-106.285481,38.458579],[-106.284629,38.458073],[-106.284255,38.457691],[-106.283807,38.456794],[-106.283525,38.456493],[-106.282289,38.455574],[-106.281289,38.454704],[-106.280609,38.454337],[-106.279413,38.454329],[-106.278382,38.454225],[-106.277246,38.454282],[-106.276498,38.454462],[-106.275748,38.454747],[-106.274285,38.45481],[-106.272982,38.45522],[-106.272655,38.455196],[-106.27179,38.452442],[-106.272247,38.448776],[-106.272968,38.44763],[-106.274119,38.446886],[-106.272152,38.446389],[-106.270484,38.44552],[-106.268555,38.443543],[-106.266071,38.441735],[-106.261333,38.442355],[-106.25736,38.441796],[-106.253087,38.441003],[-106.250578,38.439866],[-106.250103,38.439556],[-106.249195,38.43935],[-106.248,38.439232],[-106.245903,38.439303],[-106.245536,38.439269],[-106.245363,38.439171],[-106.245529,38.438905],[-106.246259,38.438433],[-106.246827,38.437726],[-106.247119,38.437154],[-106.248141,38.436029],[-106.248361,38.435442],[-106.248879,38.434661],[-106.249484,38.433244],[-106.249449,38.432623],[-106.24917,38.431807],[-106.248699,38.429562],[-106.24837,38.42864],[-106.248384,38.428156],[-106.248766,38.427771],[-106.248792,38.427125],[-106.248618,38.426043],[-106.24791,38.423959],[-106.247658,38.423651],[-106.247119,38.423261],[-106.24694,38.422768],[-106.250595,38.422912],[-106.319279,38.423343],[-106.375617,38.423877],[-106.386646,38.423678],[-106.393275,38.423707],[-106.439072,38.424088],[-106.481906,38.424215],[-106.500585,38.424402],[-106.619363,38.424472],[-106.625577,38.424355],[-106.65282,38.424461],[-106.76248,38.425072],[-106.830815,38.425144],[-106.851743,38.425297],[-106.871526,38.425263],[-106.875602,38.425166],[-106.98255,38.425357],[-107.000601,38.425619],[-107.000602,38.332014],[-107.00079,38.249994],[-107.001129,38.205777],[-107.001149,38.153945],[-107.001062,38.152551],[-107.001314,38.124995],[-107.001892,38.092765],[-107.001514,37.999996],[-107.000602,37.956041],[-107.000956,37.955941],[-107.001508,37.955909],[-107.002315,37.955977],[-107.003544,37.95655],[-107.004689,37.956921],[-107.005624,37.956721],[-107.006263,37.956218],[-107.006695,37.954104],[-107.006791,37.951083],[-107.006756,37.949203],[-107.007099,37.948197],[-107.007654,37.947292],[-107.008973,37.946522],[-107.011181,37.946961],[-107.014362,37.947906],[-107.017542,37.949018],[-107.020843,37.952313],[-107.022918,37.953792],[-107.025506,37.954501],[-107.028352,37.954136],[-107.029925,37.953466],[-107.030564,37.953065],[-107.031203,37.95226],[-107.031547,37.951052],[-107.033206,37.950081],[-107.036096,37.94938],[-107.039707,37.948814],[-107.041363,37.948681],[-107.042637,37.948683],[-107.043528,37.948818],[-107.044716,37.949323],[-107.048022,37.951241],[-107.04942,37.952149],[-107.051159,37.952956],[-107.052135,37.953125],[-107.052857,37.953126],[-107.053282,37.952959],[-107.054133,37.952456],[-107.055237,37.952155],[-107.055747,37.952122],[-107.056384,37.952257],[-107.057654,37.9534],[-107.059388,37.955651],[-107.059764,37.957766],[-107.060525,37.959143],[-107.061415,37.959748],[-107.062094,37.959648],[-107.063581,37.959616],[-107.065449,37.959752],[-107.065703,37.960055],[-107.066424,37.96019],[-107.066891,37.960425],[-107.067144,37.960996],[-107.067441,37.961198],[-107.06778,37.961299],[-107.06812,37.961198],[-107.068461,37.960762],[-107.068762,37.959387],[-107.069232,37.958447],[-107.070638,37.956804],[-107.072001,37.955362],[-107.073659,37.954524],[-107.075656,37.953922],[-107.077991,37.95426],[-107.080157,37.954296],[-107.083895,37.953695],[-107.085552,37.953361],[-107.0867,37.95269],[-107.087212,37.951885],[-107.088362,37.950409],[-107.089297,37.949907],[-107.092144,37.94917],[-107.093375,37.949171],[-107.094606,37.949307],[-107.09732,37.950786],[-107.100077,37.951896],[-107.101476,37.952904],[-107.10173,37.953273],[-107.102105,37.954814],[-107.102532,37.955187],[-107.102872,37.955221],[-107.103212,37.955053],[-107.103894,37.953812],[-107.104662,37.952],[-107.105602,37.949516],[-107.106073,37.947906],[-107.106117,37.947134],[-107.107054,37.945892],[-107.108416,37.944618],[-107.110669,37.943344],[-107.112411,37.942741],[-107.115767,37.942004],[-107.121968,37.940867],[-107.123243,37.94023],[-107.124517,37.939761],[-107.125606,37.939156],[-107.127983,37.938307],[-107.129627,37.937838],[-107.13132,37.937603],[-107.133699,37.937624],[-107.134979,37.937835],[-107.135677,37.938527],[-107.138191,37.938848],[-107.13817,37.874998],[-107.138607,37.86586],[-107.137356,37.828788],[-107.13994,37.757197],[-107.140707,37.75],[-107.142773,37.716376],[-107.1429,37.715861],[-107.142986,37.714696],[-107.143259,37.707959],[-107.145138,37.675497],[-107.125605,37.675196],[-107.123868,37.675029],[-107.123734,37.625002],[-107.12448,37.612088],[-107.125604,37.600492],[-107.127818,37.500004],[-107.128699,37.473336],[-107.128625,37.453549],[-107.12868,37.422942],[-107.250604,37.422967],[-107.356029,37.42308],[-107.375607,37.423623],[-107.482131,37.422673],[-107.482042,37.458337],[-107.4822,37.497822],[-107.481882,37.500001],[-107.48218,37.62901],[-107.482207,37.743884],[-107.482061,37.749998],[-107.482245,37.768353],[-107.482069,37.768243],[-107.481629,37.768212],[-107.481,37.768037],[-107.480114,37.768658],[-107.479444,37.768751],[-107.478994,37.769229],[-107.47842,37.769268],[-107.477451,37.76884],[-107.476213,37.768549],[-107.475735,37.768165],[-107.475182,37.767979],[-107.474767,37.767671],[-107.473279,37.767628],[-107.472788,37.7672],[-107.471661,37.76714],[-107.471086,37.766667],[-107.470816,37.766552],[-107.469737,37.766624],[-107.469391,37.766503],[-107.469032,37.766196],[-107.468969,37.766053],[-107.469085,37.76542],[-107.46901,37.765169],[-107.468791,37.765323],[-107.468101,37.765546],[-107.467544,37.765905],[-107.467185,37.766037],[-107.466908,37.766273],[-107.466784,37.766542],[-107.466735,37.767163],[-107.466902,37.767393],[-107.467192,37.767558],[-107.467386,37.76786],[-107.46704,37.768195],[-107.46693,37.768464],[-107.467082,37.768794],[-107.467546,37.769293],[-107.46738,37.770073],[-107.467214,37.770386],[-107.466633,37.770677],[-107.466391,37.770881],[-107.466198,37.771814],[-107.465561,37.77216],[-107.465375,37.772677],[-107.464994,37.773127],[-107.464884,37.77361],[-107.465161,37.774011],[-107.46523,37.774198],[-107.465182,37.774395],[-107.464497,37.775263],[-107.464172,37.77584],[-107.463875,37.777081],[-107.463578,37.777416],[-107.462533,37.777965],[-107.462326,37.778366],[-107.461745,37.778674],[-107.461669,37.779305],[-107.460936,37.779613],[-107.460804,37.779734],[-107.460749,37.780723],[-107.460611,37.781277],[-107.460404,37.781541],[-107.460279,37.781574],[-107.459795,37.781442],[-107.45958,37.781453],[-107.459124,37.781651],[-107.458342,37.781799],[-107.458134,37.78197],[-107.458176,37.782337],[-107.458536,37.782744],[-107.458675,37.783562],[-107.459284,37.784204],[-107.459284,37.785226],[-107.459505,37.785742],[-107.45954,37.786093],[-107.459637,37.786198],[-107.460627,37.786631],[-107.460758,37.786834],[-107.459956,37.788048],[-107.459707,37.78902],[-107.459382,37.789586],[-107.459528,37.790096],[-107.45932,37.791123],[-107.459646,37.792227],[-107.459591,37.792419],[-107.459397,37.792601],[-107.459515,37.793238],[-107.459287,37.793836],[-107.459224,37.79427],[-107.459391,37.794638],[-107.46027,37.794962],[-107.460201,37.795396],[-107.460581,37.79584],[-107.460969,37.796884],[-107.461246,37.797054],[-107.461848,37.797081],[-107.462139,37.797229],[-107.462173,37.797372],[-107.461932,37.798245],[-107.462029,37.798767],[-107.462223,37.799096],[-107.462562,37.799338],[-107.463365,37.799266],[-107.464084,37.799557],[-107.464375,37.799744],[-107.464673,37.800106],[-107.465067,37.799919],[-107.465351,37.800012],[-107.465884,37.799979],[-107.465905,37.800172],[-107.465573,37.800891],[-107.465801,37.801517],[-107.465795,37.802148],[-107.466314,37.803576],[-107.46673,37.803444],[-107.46691,37.80351],[-107.467069,37.804257],[-107.466785,37.804614],[-107.466848,37.805081],[-107.467014,37.805311],[-107.467416,37.805437],[-107.467852,37.806124],[-107.468039,37.806612],[-107.468081,37.807359],[-107.468226,37.807502],[-107.468829,37.807804],[-107.468946,37.807946],[-107.468531,37.808441],[-107.468448,37.808704],[-107.468677,37.809457],[-107.468843,37.809726],[-107.469736,37.810335],[-107.470955,37.811762],[-107.47171,37.812207],[-107.472305,37.812339],[-107.472721,37.813014],[-107.473164,37.813299],[-107.473594,37.814222],[-107.474148,37.81448],[-107.474355,37.814655],[-107.47448,37.814853],[-107.474577,37.815342],[-107.47475,37.815594],[-107.474972,37.815687],[-107.475436,37.815577],[-107.475851,37.815995],[-107.476073,37.816099],[-107.476799,37.816088],[-107.47716,37.816318],[-107.477727,37.816225],[-107.478876,37.816685],[-107.480075,37.817514],[-107.481307,37.81859],[-107.482138,37.818952],[-107.482284,37.819226],[-107.482215,37.819688],[-107.482277,37.819885],[-107.482824,37.819946],[-107.48315,37.820121],[-107.483649,37.820818],[-107.483953,37.821021],[-107.48405,37.821203],[-107.484348,37.821356],[-107.484777,37.821867],[-107.485477,37.822421],[-107.485906,37.822613],[-107.486834,37.82286],[-107.488025,37.823469],[-107.488586,37.823611],[-107.49031,37.824275],[-107.490996,37.824406],[-107.491757,37.824406],[-107.492692,37.824153],[-107.493571,37.824169],[-107.494076,37.824042],[-107.494893,37.82408],[-107.495094,37.823992],[-107.495578,37.823459],[-107.496408,37.823086],[-107.49699,37.822964],[-107.498173,37.822931],[-107.498616,37.822991],[-107.49942,37.823309],[-107.499994,37.823413],[-107.502925,37.82361],[-107.506496,37.824325],[-107.507306,37.824391],[-107.507825,37.824529],[-107.508324,37.824491],[-107.510289,37.824755],[-107.512922,37.825334],[-107.513516,37.825737],[-107.513932,37.825822],[-107.515323,37.826566],[-107.516547,37.826451],[-107.516817,37.826704],[-107.516861,37.827674],[-107.517186,37.828243],[-107.51733,37.829295],[-107.517287,37.829391],[-107.516713,37.829594],[-107.516567,37.82977],[-107.516311,37.831544],[-107.51613,37.831938],[-107.516438,37.832943],[-107.51683,37.833198],[-107.516835,37.833472],[-107.516204,37.834547],[-107.517459,37.836638],[-107.517344,37.837363],[-107.517754,37.837755],[-107.518374,37.838982],[-107.518565,37.839089],[-107.520586,37.839493],[-107.520613,37.839614],[-107.520253,37.839812],[-107.520207,37.840054],[-107.519687,37.840669],[-107.519667,37.841194],[-107.520867,37.84187],[-107.521974,37.841463],[-107.5224,37.842098],[-107.522378,37.842187],[-107.521878,37.842278],[-107.521774,37.842366],[-107.52177,37.842584],[-107.522022,37.843265],[-107.522025,37.843661],[-107.521783,37.844635],[-107.521006,37.84482],[-107.520964,37.844892],[-107.521061,37.847356],[-107.520906,37.848025],[-107.52074,37.848217],[-107.520331,37.848325],[-107.519386,37.848169],[-107.519048,37.84827],[-107.518593,37.849185],[-107.518332,37.851791],[-107.518475,37.852325],[-107.51817,37.853905],[-107.51836,37.854117],[-107.518174,37.85594],[-107.517934,37.856268],[-107.517859,37.856978],[-107.518644,37.858086],[-107.520171,37.858669],[-107.520787,37.859548],[-107.520782,37.860921],[-107.52108,37.861861],[-107.522345,37.863435],[-107.522476,37.864074],[-107.522708,37.864223],[-107.523339,37.864262],[-107.524402,37.865163],[-107.524122,37.866016],[-107.524142,37.866605],[-107.524666,37.867475],[-107.526014,37.868952],[-107.527741,37.870361],[-107.530041,37.871616],[-107.532566,37.872848],[-107.536021,37.873914],[-107.535539,37.874062],[-107.535476,37.874158],[-107.534967,37.874996],[-107.534972,37.875622],[-107.535328,37.877113],[-107.535903,37.877845],[-107.536244,37.878594],[-107.536484,37.879561],[-107.536468,37.88011],[-107.535879,37.880443],[-107.534503,37.881788],[-107.533725,37.882767],[-107.532481,37.884047],[-107.532403,37.884571],[-107.532909,37.885715],[-107.533255,37.887142],[-107.533444,37.888077],[-107.533481,37.889061],[-107.533106,37.889361],[-107.53228,37.889203],[-107.531282,37.889159],[-107.530064,37.889744],[-107.529068,37.890023],[-107.52787,37.890721],[-107.527162,37.891377],[-107.526056,37.893649],[-107.526429,37.896213],[-107.526238,37.896577],[-107.52517,37.896783],[-107.523036,37.897533],[-107.522296,37.898069],[-107.521821,37.898772],[-107.521638,37.900419],[-107.520167,37.901312],[-107.520291,37.901521],[-107.521618,37.902089],[-107.523409,37.903381],[-107.524635,37.904054],[-107.524884,37.904812],[-107.524806,37.905345],[-107.527511,37.906198],[-107.528505,37.907097],[-107.52863,37.90767],[-107.528515,37.908784],[-107.529194,37.909765],[-107.52963,37.911038],[-107.529716,37.911748],[-107.528924,37.913687],[-107.529205,37.914679],[-107.530747,37.916819],[-107.532088,37.917814],[-107.533868,37.918985],[-107.535902,37.920123],[-107.536652,37.921088],[-107.536518,37.922412],[-107.535812,37.923463],[-107.534546,37.924671],[-107.535181,37.925104],[-107.537358,37.926144],[-107.537672,37.927498],[-107.538202,37.928981],[-107.538351,37.929819],[-107.538133,37.930772],[-107.5383,37.931619],[-107.538007,37.931959],[-107.538146,37.932829],[-107.537701,37.934644],[-107.534149,37.937138],[-107.534309,37.93817],[-107.532378,37.940654],[-107.532644,37.940847],[-107.532593,37.943905],[-107.534271,37.944931],[-107.536732,37.94718],[-107.537346,37.947613],[-107.538438,37.947778],[-107.540069,37.947884],[-107.540969,37.948373],[-107.541825,37.948305],[-107.544233,37.948715],[-107.547515,37.949032],[-107.551046,37.949687],[-107.551508,37.950282],[-107.552859,37.951076],[-107.554925,37.952124],[-107.556561,37.952916],[-107.557829,37.953419],[-107.559166,37.953696],[-107.562673,37.955456],[-107.563369,37.955937],[-107.563629,37.95663],[-107.563654,37.957259],[-107.564435,37.959733],[-107.564534,37.96079],[-107.564914,37.961216],[-107.567219,37.961327],[-107.568283,37.961919],[-107.569005,37.963086],[-107.568768,37.965773],[-107.569035,37.966039],[-107.57002,37.96592],[-107.570734,37.966027],[-107.571591,37.966382],[-107.572687,37.967166],[-107.574944,37.967146],[-107.575785,37.967274],[-107.576281,37.967489],[-107.577591,37.967808],[-107.578763,37.967853],[-107.580296,37.968475],[-107.581242,37.968173],[-107.582984,37.967923],[-107.585278,37.968002],[-107.587004,37.968478],[-107.588221,37.970312],[-107.587295,37.972124],[-107.584165,37.976019],[-107.584357,37.977116],[-107.585123,37.978782],[-107.58691,37.98059],[-107.587468,37.981668],[-107.587562,37.982039],[-107.5882,37.982795],[-107.588906,37.984655],[-107.589739,37.988444],[-107.589808,37.989629],[-107.590189,37.990023],[-107.591367,37.992252],[-107.590768,37.992585],[-107.587867,37.993251],[-107.58679,37.993764],[-107.58666,37.994128],[-107.586699,37.995306],[-107.58659,37.997177],[-107.586679,37.99825],[-107.586966,37.999037],[-107.586737,37.999408],[-107.586019,37.999666],[-107.585047,37.999795],[-107.584193,38.000111],[-107.581488,38.000255],[-107.580421,38.000548],[-107.579371,38.001464],[-107.576816,38.003096],[-107.575768,38.003898],[-107.574343,38.004661],[-107.574269,38.00619],[-107.574092,38.006349],[-107.573888,38.006379],[-107.572276,38.005922],[-107.569546,38.005362],[-107.567938,38.005204],[-107.566977,38.005321],[-107.566325,38.005289],[-107.566001,38.005195],[-107.564487,38.004481],[-107.563579,38.003613],[-107.56211,38.003165],[-107.561466,38.002777],[-107.560917,38.002285],[-107.560582,38.001764],[-107.559842,38.001116],[-107.55938,38.000786],[-107.557888,37.999995],[-107.557246,37.999472],[-107.556506,37.999162],[-107.55584,37.9991],[-107.555248,37.999162],[-107.554286,37.999472],[-107.55362,37.999348],[-107.552362,37.99879],[-107.550586,37.998356],[-107.54992,37.998294],[-107.549254,37.99848],[-107.547996,37.999286],[-107.546704,38.000379],[-107.546317,38.000826],[-107.546077,38.001494],[-107.545383,38.002891],[-107.545026,38.003347],[-107.544428,38.003614],[-107.543762,38.005108],[-107.54338,38.005766],[-107.542745,38.006356],[-107.542104,38.006727],[-107.539984,38.007564],[-107.538733,38.008339],[-107.537975,38.008919],[-107.537878,38.009597],[-107.538121,38.010109],[-107.538063,38.011337],[-107.538136,38.011717],[-107.537918,38.012305],[-107.537901,38.013072],[-107.538279,38.013926],[-107.539353,38.014707],[-107.539335,38.015055],[-107.539556,38.016076],[-107.539231,38.016928],[-107.539427,38.017715],[-107.538717,38.018885],[-107.53833,38.0193],[-107.537566,38.019702],[-107.537408,38.020395],[-107.536997,38.0214],[-107.536589,38.022744],[-107.536824,38.023644],[-107.537378,38.024363],[-107.538246,38.024793],[-107.538988,38.025361],[-107.539403,38.02594],[-107.539468,38.026684],[-107.539856,38.027109],[-107.5396,38.027599],[-107.538882,38.028236],[-107.537326,38.028442],[-107.536852,38.028686],[-107.536619,38.029475],[-107.536656,38.030534],[-107.537479,38.032048],[-107.537534,38.032291],[-107.53728,38.032708],[-107.53675,38.033162],[-107.536025,38.033637],[-107.534498,38.034393],[-107.53349,38.03564],[-107.532619,38.036243],[-107.531796,38.036992],[-107.53119,38.038059],[-107.531046,38.03855],[-107.531129,38.038963],[-107.530557,38.038988],[-107.529569,38.039362],[-107.527027,38.039878],[-107.526255,38.039731],[-107.525311,38.039039],[-107.524494,38.039538],[-107.524236,38.040116],[-107.52298,38.041045],[-107.522141,38.042044],[-107.521955,38.042567],[-107.522029,38.04336],[-107.522337,38.044164],[-107.522059,38.044734],[-107.520577,38.045725],[-107.520985,38.046627],[-107.521641,38.047387],[-107.521989,38.047755],[-107.522311,38.047946],[-107.522627,38.047958],[-107.522775,38.048186],[-107.522566,38.048402],[-107.521886,38.050025],[-107.521805,38.050444],[-107.52107,38.051792],[-107.521071,38.05218],[-107.521966,38.053671],[-107.521957,38.054066],[-107.522989,38.055325],[-107.522899,38.056132],[-107.522456,38.056764],[-107.522282,38.057222],[-107.522038,38.057163],[-107.521557,38.057229],[-107.520826,38.057502],[-107.520304,38.057584],[-107.518768,38.058259],[-107.51842,38.058286],[-107.517812,38.058101],[-107.517257,38.057835],[-107.515879,38.057881],[-107.515298,38.058269],[-107.515242,38.058487],[-107.514028,38.058923],[-107.511366,38.060189],[-107.511,38.060539],[-107.51088,38.060877],[-107.511891,38.061755],[-107.512105,38.062203],[-107.512554,38.062645],[-107.513881,38.063535],[-107.514496,38.064295],[-107.514919,38.064955],[-107.515004,38.065255],[-107.515239,38.066576],[-107.515333,38.067838],[-107.515679,38.068287],[-107.51596,38.068961],[-107.51683,38.069741],[-107.518409,38.069875],[-107.52054,38.07042],[-107.520993,38.070661],[-107.522082,38.071701],[-107.522576,38.071974],[-107.52333,38.072049],[-107.523747,38.072531],[-107.524375,38.072766],[-107.52495,38.073945],[-107.524836,38.074461],[-107.525104,38.074788],[-107.526276,38.075329],[-107.526466,38.075921],[-107.527279,38.075665],[-107.527971,38.075731],[-107.528188,38.076081],[-107.52914,38.076837],[-107.529446,38.076873],[-107.529744,38.076764],[-107.530087,38.076486],[-107.530259,38.077005],[-107.530536,38.077397],[-107.530875,38.077741],[-107.531852,38.078303],[-107.532432,38.078852],[-107.532648,38.079243],[-107.533107,38.079677],[-107.533262,38.080059],[-107.533702,38.080016],[-107.536022,38.079441],[-107.536582,38.079513],[-107.53739,38.079435],[-107.538262,38.079672],[-107.539067,38.079772],[-107.540739,38.079834],[-107.541548,38.079748],[-107.542127,38.079876],[-107.542458,38.080115],[-107.542907,38.080137],[-107.544373,38.08073],[-107.547251,38.079425],[-107.54785,38.07911],[-107.548256,38.078743],[-107.549552,38.07834],[-107.550289,38.078236],[-107.550609,38.078539],[-107.551287,38.078815],[-107.552058,38.079011],[-107.553585,38.0792],[-107.554098,38.07953],[-107.554545,38.080069],[-107.555559,38.0822],[-107.556309,38.082872],[-107.556537,38.083626],[-107.55693,38.084335],[-107.557078,38.085015],[-107.55744,38.085715],[-107.557849,38.086148],[-107.558622,38.086732],[-107.55955,38.087205],[-107.559946,38.087776],[-107.560157,38.088376],[-107.560173,38.088999],[-107.560069,38.089555],[-107.560395,38.090044],[-107.560382,38.090601],[-107.559828,38.091669],[-107.560462,38.092073],[-107.56101,38.093131],[-107.56288,38.095337],[-107.563692,38.095978],[-107.56465,38.096992],[-107.564752,38.097454],[-107.565089,38.097886],[-107.565313,38.098382],[-107.565394,38.098868],[-107.564875,38.099241],[-107.564746,38.099555],[-107.564164,38.100016],[-107.563072,38.10043],[-107.562757,38.100822],[-107.562842,38.101122],[-107.562312,38.101519],[-107.562252,38.101931],[-107.562583,38.103123],[-107.562452,38.103954],[-107.562514,38.104811],[-107.562427,38.105052],[-107.56223,38.105187],[-107.56213,38.106487],[-107.561968,38.106865],[-107.561314,38.107357],[-107.561343,38.108319],[-107.561582,38.108597],[-107.561606,38.108896],[-107.561385,38.109168],[-107.561096,38.10931],[-107.560855,38.110503],[-107.561028,38.111006],[-107.561049,38.111435],[-107.561345,38.111867],[-107.561499,38.11321],[-107.561768,38.113981],[-107.561982,38.114437],[-107.562949,38.115483],[-107.563283,38.116078],[-107.563755,38.116455],[-107.563945,38.117096],[-107.564066,38.118536],[-107.564238,38.119064],[-107.564159,38.11941],[-107.56397,38.119634],[-107.563949,38.120086],[-107.563679,38.12077],[-107.563635,38.121828],[-107.563365,38.122446],[-107.563205,38.123212],[-107.563308,38.123658],[-107.563581,38.124219],[-107.563696,38.124993],[-107.564337,38.125851],[-107.564733,38.127906],[-107.565181,38.128341],[-107.566201,38.12905],[-107.568077,38.130558],[-107.568495,38.13101],[-107.569064,38.132516],[-107.569513,38.132863],[-107.569665,38.133282],[-107.569542,38.133677],[-107.569205,38.134047],[-107.570011,38.1347],[-107.572286,38.135073],[-107.573164,38.134928],[-107.573522,38.134953],[-107.574245,38.136009],[-107.57404,38.136331],[-107.574019,38.136991],[-107.573671,38.137845],[-107.573416,38.137933],[-107.573171,38.137876],[-107.572987,38.138053],[-107.572823,38.138432],[-107.572721,38.138859],[-107.572781,38.139551],[-107.572372,38.140276],[-107.572493,38.140872],[-107.57236,38.14121],[-107.571911,38.141427],[-107.571614,38.142426],[-107.571552,38.142966],[-107.571613,38.143288],[-107.571214,38.143553],[-107.571101,38.143891],[-107.570866,38.144012],[-107.56924,38.146596],[-107.568248,38.147747],[-107.568574,38.148472],[-107.568614,38.14877],[-107.56793,38.148979],[-107.567695,38.149164],[-107.567123,38.149389],[-107.566133,38.149469],[-107.564733,38.149822],[-107.564426,38.150329],[-107.563208,38.152897],[-107.562918,38.155627],[-107.563091,38.156159],[-107.562958,38.15661],[-107.562467,38.157383],[-107.56219,38.158204],[-107.562189,38.158792],[-107.562545,38.160202],[-107.563298,38.16212],[-107.56348,38.16307],[-107.563978,38.16473],[-107.563977,38.165729],[-107.564292,38.166664],[-107.565434,38.16805],[-107.566311,38.168728],[-107.566382,38.169066],[-107.566229,38.169477],[-107.566523,38.170741],[-107.567247,38.17129],[-107.567686,38.171314],[-107.567993,38.171468],[-107.567982,38.171677],[-107.567788,38.171927],[-107.567562,38.172522],[-107.566987,38.175293],[-107.566608,38.175953],[-107.566566,38.176645],[-107.566944,38.177121],[-107.56731,38.177895],[-107.567463,38.178636],[-107.568044,38.179538],[-107.568011,38.180811],[-107.568195,38.180916],[-107.569277,38.181199],[-107.570258,38.181353],[-107.57038,38.181659],[-107.570338,38.182134],[-107.570419,38.182706],[-107.570705,38.183117],[-107.570817,38.183552],[-107.570796,38.183963],[-107.571162,38.184728],[-107.571367,38.184808],[-107.571479,38.184953],[-107.571447,38.185445],[-107.571896,38.186114],[-107.572344,38.187435],[-107.572465,38.188853],[-107.57227,38.18907],[-107.572147,38.189424],[-107.572075,38.190141],[-107.572216,38.191994],[-107.572725,38.193001],[-107.572561,38.193694],[-107.572612,38.194064],[-107.573142,38.194387],[-107.5735,38.194774],[-107.573305,38.195063],[-107.573283,38.196175],[-107.573518,38.196538],[-107.574325,38.196772],[-107.574508,38.197288],[-107.574323,38.198004],[-107.574364,38.198359],[-107.575353,38.199471],[-107.575506,38.200019],[-107.57524,38.200405],[-107.575769,38.20217],[-107.57584,38.202726],[-107.575666,38.203249],[-107.575338,38.203764],[-107.57546,38.204626],[-107.575224,38.205053],[-107.57508,38.205625],[-107.575119,38.207912],[-107.575576,38.209797],[-107.575862,38.210055],[-107.577394,38.210435],[-107.577864,38.210959],[-107.578231,38.211555],[-107.57871,38.212007],[-107.579487,38.21237],[-107.580069,38.212314],[-107.580784,38.21246],[-107.580978,38.212685],[-107.580364,38.213377],[-107.579965,38.214126],[-107.579903,38.214811],[-107.579943,38.21593],[-107.58084,38.217582],[-107.58087,38.21809],[-107.579539,38.220288],[-107.579528,38.220949],[-107.579118,38.221922],[-107.579015,38.222663],[-107.579688,38.223977],[-107.580138,38.224533],[-107.580372,38.224968],[-107.580208,38.225733],[-107.580391,38.226434],[-107.579971,38.227255],[-107.579868,38.227851],[-107.579979,38.228922],[-107.580285,38.230372],[-107.580243,38.230824],[-107.580478,38.23088],[-107.581071,38.230687],[-107.581337,38.2308],[-107.581224,38.230985],[-107.581531,38.231066],[-107.581909,38.230897],[-107.582113,38.231139],[-107.582031,38.231405],[-107.582123,38.231727],[-107.582368,38.231921],[-107.58249,38.232195],[-107.58252,38.232573],[-107.582367,38.233024],[-107.582683,38.233765],[-107.582693,38.234128],[-107.58258,38.234402],[-107.582682,38.234603],[-107.583703,38.23524],[-107.584163,38.235835],[-107.584908,38.236255],[-107.585174,38.236658],[-107.585387,38.23756],[-107.585857,38.238076],[-107.586276,38.238318],[-107.586715,38.239188],[-107.58748,38.240228],[-107.58749,38.240598],[-107.5871,38.242169],[-107.58665,38.24303],[-107.586762,38.243417],[-107.587527,38.244609],[-107.587598,38.245262],[-107.588313,38.246189],[-107.588619,38.246761],[-107.588618,38.247228],[-107.588413,38.248388],[-107.588668,38.24929],[-107.58917,38.24999],[-107.590289,38.251021],[-107.590701,38.252046],[-107.592207,38.252969],[-107.593951,38.253523],[-107.597414,38.253395],[-107.600159,38.253895],[-107.60206,38.255496],[-107.60699,38.257864],[-107.610552,38.260284],[-107.61157,38.260827],[-107.612717,38.26216],[-107.612709,38.263587],[-107.613417,38.264709],[-107.613757,38.266097],[-107.614221,38.267146],[-107.615355,38.268971],[-107.614725,38.270107],[-107.615668,38.271431],[-107.617051,38.272507],[-107.617268,38.273862],[-107.616813,38.274788],[-107.617137,38.27545],[-107.619162,38.275084],[-107.619937,38.275272],[-107.621216,38.276822],[-107.622334,38.277937],[-107.623165,38.279028],[-107.624082,38.279595],[-107.624477,38.279711],[-107.625025,38.280839],[-107.625273,38.28221],[-107.625269,38.283032],[-107.625613,38.284102],[-107.626557,38.28597],[-107.62748,38.286482],[-107.629236,38.287861],[-107.629568,38.28873],[-107.629385,38.290327],[-107.629001,38.290853],[-107.629811,38.291325],[-107.629987,38.291687],[-107.630083,38.292292],[-107.629561,38.293754],[-107.629625,38.294157],[-107.629903,38.294462],[-107.630468,38.294854],[-107.631236,38.295205],[-107.631464,38.295632],[-107.631699,38.297259],[-107.632823,38.298722],[-107.633986,38.300031],[-107.63504,38.301896],[-107.635186,38.302258],[-107.635262,38.302863],[-107.634993,38.303993],[-107.633723,38.306467],[-107.633114,38.308485],[-107.632988,38.309518],[-107.633277,38.309952],[-107.634777,38.311155],[-107.635325,38.312144],[-107.635566,38.31303],[-107.635772,38.314714],[-107.636497,38.316154],[-107.636498,38.316307],[-107.635745,38.31827],[-107.635289,38.318869],[-107.633747,38.320481],[-107.633666,38.322127],[-107.633536,38.322466],[-107.63321,38.322701],[-107.632237,38.323738],[-107.630962,38.325679],[-107.63123,38.32592],[-107.63203,38.326392],[-107.63234,38.326866],[-107.633627,38.329884],[-107.633987,38.330213],[-107.634775,38.330362],[-107.635155,38.33057],[-107.635423,38.330924],[-107.635621,38.331527],[-107.635697,38.332148],[-107.664505,38.3322],[-107.668056,38.332147],[-107.718752,38.332104],[-107.727671,38.332326],[-107.736438,38.332212],[-107.783127,38.332232],[-107.784485,38.334407],[-107.787279,38.33972],[-107.789192,38.343651],[-107.790238,38.345155],[-107.818974,38.378362],[-107.819369,38.37881],[-107.819722,38.378597],[-107.822117,38.381333],[-107.822671,38.382091],[-107.823531,38.382972],[-107.828758,38.388928],[-107.831788,38.392498],[-107.831422,38.392695],[-107.856593,38.421707],[-107.85718,38.421701],[-107.857108,38.421615],[-107.863351,38.42155],[-107.865506,38.421554],[-107.865503,38.421653],[-107.881972,38.421565],[-107.881905,38.428935],[-107.881988,38.428934],[-107.882026,38.430044],[-107.883705,38.430032],[-107.88371,38.428927],[-107.891093,38.428878],[-107.891086,38.429144],[-107.891188,38.429145],[-107.891127,38.43621],[-107.89574,38.43618],[-107.896145,38.440552],[-107.903373,38.438641],[-107.928132,38.432463],[-107.94121,38.438468],[-107.941596,38.438983],[-107.942851,38.438942],[-107.947613,38.439059],[-107.948025,38.438971],[-107.946834,38.440774],[-107.946688,38.441339],[-107.946585,38.460261],[-107.967262,38.460329],[-107.967426,38.474846],[-107.977697,38.47488],[-107.980934,38.474965],[-107.994827,38.474962],[-107.995045,38.475053],[-107.99527,38.475342],[-107.995377,38.476028],[-107.995208,38.476625],[-107.994257,38.478489],[-107.994279,38.478681],[-107.994502,38.478799],[-107.994656,38.478698],[-107.994821,38.478215],[-107.995381,38.477463],[-107.996832,38.47608],[-107.996905,38.475399],[-107.997005,38.475207],[-107.997388,38.475029],[-108.002336,38.475021],[-108.019852,38.487694],[-108.032084,38.499986],[-108.032769,38.500826],[-108.04162,38.509704],[-108.049689,38.517952],[-108.053725,38.52187],[-108.067797,38.540878],[-108.082605,38.560411],[-108.106002,38.591703],[-108.108039,38.594613],[-108.10688,38.59454],[-108.10574,38.59477],[-108.10472,38.59483],[-108.10449,38.59476],[-108.10399,38.59423],[-108.10371,38.59422],[-108.10298,38.59441],[-108.102879,38.594503],[-108.10252,38.59442],[-108.10204,38.59445],[-108.10181,38.59438],[-108.10157,38.59399],[-108.10067,38.594],[-108.10041,38.59391],[-108.100042,38.593624],[-108.09971,38.593924],[-108.097796,38.596368],[-108.096363,38.598447],[-108.096416,38.607188],[-108.09635,38.61784],[-108.09642,38.61868],[-108.09687,38.61944],[-108.09677,38.62018],[-108.09643,38.62084],[-108.09633,38.62126],[-108.09599,38.62869],[-108.09516,38.63554],[-108.09521,38.642588],[-108.09549,38.64905],[-108.09566,38.65884],[-108.09592,38.65966],[-108.09675,38.66067],[-108.09702,38.66139],[-108.09697,38.6618],[-108.09618,38.66329],[-108.09584,38.66437],[-108.09584,38.668509],[-108.114381,38.66853],[-108.132964,38.668399],[-108.150129,38.66851],[-108.187162,38.668442],[-108.261071,38.668421],[-108.378698,38.668097],[-108.378807,38.733975],[-108.37871,38.754648],[-108.378768,38.765275],[-108.378999,38.77794]]]}},{"type":"Feature","properties":{"d":6,"label":[-106.28397,37.84675],"area":18217.8},"geometry":{"type":"Polygon","coordinates":[[[-109.060187,38.275528],[-109.06017,38.3881],[-109.06003,38.435584],[-109.060176,38.4623],[-109.059939,38.474274],[-109.060119,38.500028],[-108.989359,38.499985],[-108.89661,38.499987],[-108.728758,38.499987],[-108.5837,38.499983],[-108.379136,38.499987],[-108.378665,38.502197],[-108.378698,38.668097],[-108.261071,38.668421],[-108.187162,38.668442],[-108.150129,38.66851],[-108.132964,38.668399],[-108.114381,38.66853],[-108.09584,38.668509],[-108.09584,38.66437],[-108.09618,38.66329],[-108.09697,38.6618],[-108.09702,38.66139],[-108.09675,38.66067],[-108.09592,38.65966],[-108.09566,38.65884],[-108.09549,38.64905],[-108.09521,38.642588],[-108.09516,38.63554],[-108.09599,38.62869],[-108.09633,38.62126],[-108.09643,38.62084],[-108.09677,38.62018],[-108.09687,38.61944],[-108.09642,38.61868],[-108.09635,38.61784],[-108.096416,38.607188],[-108.096363,38.598447],[-108.097796,38.596368],[-108.09971,38.593924],[-108.100042,38.593624],[-108.10041,38.59391],[-108.10067,38.594],[-108.10157,38.59399],[-108.10181,38.59438],[-108.10204,38.59445],[-108.10252,38.59442],[-108.102879,38.594503],[-108.10298,38.59441],[-108.10371,38.59422],[-108.10399,38.59423],[-108.10449,38.59476],[-108.10472,38.59483],[-108.10574,38.59477],[-108.10688,38.59454],[-108.108039,38.594613],[-108.106002,38.591703],[-108.082605,38.560411],[-108.067797,38.540878],[-108.053725,38.52187],[-108.049689,38.517952],[-108.04162,38.509704],[-108.032769,38.500826],[-108.032084,38.499986],[-108.019852,38.487694],[-108.002336,38.475021],[-107.997388,38.475029],[-107.997005,38.475207],[-107.996905,38.475399],[-107.996832,38.47608],[-107.995381,38.477463],[-107.994821,38.478215],[-107.994656,38.478698],[-107.994502,38.478799],[-107.994279,38.478681],[-107.994257,38.478489],[-107.995208,38.476625],[-107.995377,38.476028],[-107.99527,38.475342],[-107.995045,38.475053],[-107.994827,38.474962],[-107.980934,38.474965],[-107.977697,38.47488],[-107.967426,38.474846],[-107.967262,38.460329],[-107.946585,38.460261],[-107.946688,38.441339],[-107.946834,38.440774],[-107.948025,38.438971],[-107.947613,38.439059],[-107.942851,38.438942],[-107.941596,38.438983],[-107.94121,38.438468],[-107.928132,38.432463],[-107.903373,38.438641],[-107.896145,38.440552],[-107.89574,38.43618],[-107.891127,38.43621],[-107.891188,38.429145],[-107.891086,38.429144],[-107.891093,38.428878],[-107.88371,38.428927],[-107.883705,38.430032],[-107.882026,38.430044],[-107.881988,38.428934],[-107.881905,38.428935],[-107.881972,38.421565],[-107.865503,38.421653],[-107.865506,38.421554],[-107.863351,38.42155],[-107.857108,38.421615],[-107.85718,38.421701],[-107.856593,38.421707],[-107.831422,38.392695],[-107.831788,38.392498],[-107.828758,38.388928],[-107.823531,38.382972],[-107.822671,38.382091],[-107.822117,38.381333],[-107.819722,38.378597],[-107.819369,38.37881],[-107.818974,38.378362],[-107.790238,38.345155],[-107.789192,38.343651],[-107.787279,38.33972],[-107.784485,38.334407],[-107.783127,38.332232],[-107.736438,38.332212],[-107.727671,38.332326],[-107.718752,38.332104],[-107.668056,38.332147],[-107.664505,38.3322],[-107.635697,38.332148],[-107.635621,38.331527],[-107.635423,38.330924],[-107.635155,38.33057],[-107.634775,38.330362],[-107.633987,38.330213],[-107.633627,38.329884],[-107.63234,38.326866],[-107.63203,38.326392],[-107.63123,38.32592],[-107.630962,38.325679],[-107.632237,38.323738],[-107.63321,38.322701],[-107.633536,38.322466],[-107.633666,38.322127],[-107.633747,38.320481],[-107.635289,38.318869],[-107.635745,38.31827],[-107.636498,38.316307],[-107.636497,38.316154],[-107.635772,38.314714],[-107.635566,38.31303],[-107.635325,38.312144],[-107.634777,38.311155],[-107.633277,38.309952],[-107.632988,38.309518],[-107.633114,38.308485],[-107.633723,38.306467],[-107.634993,38.303993],[-107.635262,38.302863],[-107.635186,38.302258],[-107.633986,38.300031],[-107.632823,38.298722],[-107.631699,38.297259],[-107.631464,38.295632],[-107.631236,38.295205],[-107.630468,38.294854],[-107.629903,38.294462],[-107.629625,38.294157],[-107.629561,38.293754],[-107.630083,38.292292],[-107.629987,38.291687],[-107.629811,38.291325],[-107.629001,38.290853],[-107.629385,38.290327],[-107.629568,38.28873],[-107.629236,38.287861],[-107.62748,38.286482],[-107.626557,38.28597],[-107.625613,38.284102],[-107.625269,38.283032],[-107.625273,38.28221],[-107.625025,38.280839],[-107.624477,38.279711],[-107.624082,38.279595],[-107.623165,38.279028],[-107.622334,38.277937],[-107.621216,38.276822],[-107.619937,38.275272],[-107.619162,38.275084],[-107.617137,38.27545],[-107.616813,38.274788],[-107.617268,38.273862],[-107.617051,38.272507],[-107.615668,38.271431],[-107.614725,38.270107],[-107.615355,38.268971],[-107.614221,38.267146],[-107.613757,38.266097],[-107.613417,38.264709],[-107.612709,38.263587],[-107.612717,38.26216],[-107.61157,38.260827],[-107.610552,38.260284],[-107.60699,38.257864],[-107.60206,38.255496],[-107.600159,38.253895],[-107.597414,38.253395],[-107.593951,38.253523],[-107.592207,38.252969],[-107.590701,38.252046],[-107.590289,38.251021],[-107.58917,38.24999],[-107.588668,38.24929],[-107.588413,38.248388],[-107.588618,38.247228],[-107.588619,38.246761],[-107.588313,38.246189],[-107.587598,38.245262],[-107.587527,38.244609],[-107.586762,38.243417],[-107.58665,38.24303],[-107.5871,38.242169],[-107.58749,38.240598],[-107.58748,38.240228],[-107.586715,38.239188],[-107.586276,38.238318],[-107.585857,38.238076],[-107.585387,38.23756],[-107.585174,38.236658],[-107.584908,38.236255],[-107.584163,38.235835],[-107.583703,38.23524],[-107.582682,38.234603],[-107.58258,38.234402],[-107.582693,38.234128],[-107.582683,38.233765],[-107.582367,38.233024],[-107.58252,38.232573],[-107.58249,38.232195],[-107.582368,38.231921],[-107.582123,38.231727],[-107.582031,38.231405],[-107.582113,38.231139],[-107.581909,38.230897],[-107.581531,38.231066],[-107.581224,38.230985],[-107.581337,38.2308],[-107.581071,38.230687],[-107.580478,38.23088],[-107.580243,38.230824],[-107.580285,38.230372],[-107.579979,38.228922],[-107.579868,38.227851],[-107.579971,38.227255],[-107.580391,38.226434],[-107.580208,38.225733],[-107.580372,38.224968],[-107.580138,38.224533],[-107.579688,38.223977],[-107.579015,38.222663],[-107.579118,38.221922],[-107.579528,38.220949],[-107.579539,38.220288],[-107.58087,38.21809],[-107.58084,38.217582],[-107.579943,38.21593],[-107.579903,38.214811],[-107.579965,38.214126],[-107.580364,38.213377],[-107.580978,38.212685],[-107.580784,38.21246],[-107.580069,38.212314],[-107.579487,38.21237],[-107.57871,38.212007],[-107.578231,38.211555],[-107.577864,38.210959],[-107.577394,38.210435],[-107.575862,38.210055],[-107.575576,38.209797],[-107.575119,38.207912],[-107.57508,38.205625],[-107.575224,38.205053],[-107.57546,38.204626],[-107.575338,38.203764],[-107.575666,38.203249],[-107.57584,38.202726],[-107.575769,38.20217],[-107.57524,38.200405],[-107.575506,38.200019],[-107.575353,38.199471],[-107.574364,38.198359],[-107.574323,38.198004],[-107.574508,38.197288],[-107.574325,38.196772],[-107.573518,38.196538],[-107.573283,38.196175],[-107.573305,38.195063],[-107.5735,38.194774],[-107.573142,38.194387],[-107.572612,38.194064],[-107.572561,38.193694],[-107.572725,38.193001],[-107.572216,38.191994],[-107.572075,38.190141],[-107.572147,38.189424],[-107.57227,38.18907],[-107.572465,38.188853],[-107.572344,38.187435],[-107.571896,38.186114],[-107.571447,38.185445],[-107.571479,38.184953],[-107.571367,38.184808],[-107.571162,38.184728],[-107.570796,38.183963],[-107.570817,38.183552],[-107.570705,38.183117],[-107.570419,38.182706],[-107.570338,38.182134],[-107.57038,38.181659],[-107.570258,38.181353],[-107.569277,38.181199],[-107.568195,38.180916],[-107.568011,38.180811],[-107.568044,38.179538],[-107.567463,38.178636],[-107.56731,38.177895],[-107.566944,38.177121],[-107.566566,38.176645],[-107.566608,38.175953],[-107.566987,38.175293],[-107.567562,38.172522],[-107.567788,38.171927],[-107.567982,38.171677],[-107.567993,38.171468],[-107.567686,38.171314],[-107.567247,38.17129],[-107.566523,38.170741],[-107.566229,38.169477],[-107.566382,38.169066],[-107.566311,38.168728],[-107.565434,38.16805],[-107.564292,38.166664],[-107.563977,38.165729],[-107.563978,38.16473],[-107.56348,38.16307],[-107.563298,38.16212],[-107.562545,38.160202],[-107.562189,38.158792],[-107.56219,38.158204],[-107.562467,38.157383],[-107.562958,38.15661],[-107.563091,38.156159],[-107.562918,38.155627],[-107.563208,38.152897],[-107.564426,38.150329],[-107.564733,38.149822],[-107.566133,38.149469],[-107.567123,38.149389],[-107.567695,38.149164],[-107.56793,38.148979],[-107.568614,38.14877],[-107.568574,38.148472],[-107.568248,38.147747],[-107.56924,38.146596],[-107.570866,38.144012],[-107.571101,38.143891],[-107.571214,38.143553],[-107.571613,38.143288],[-107.571552,38.142966],[-107.571614,38.142426],[-107.571911,38.141427],[-107.57236,38.14121],[-107.572493,38.140872],[-107.572372,38.140276],[-107.572781,38.139551],[-107.572721,38.138859],[-107.572823,38.138432],[-107.572987,38.138053],[-107.573171,38.137876],[-107.573416,38.137933],[-107.573671,38.137845],[-107.574019,38.136991],[-107.57404,38.136331],[-107.574245,38.136009],[-107.573522,38.134953],[-107.573164,38.134928],[-107.572286,38.135073],[-107.570011,38.1347],[-107.569205,38.134047],[-107.569542,38.133677],[-107.569665,38.133282],[-107.569513,38.132863],[-107.569064,38.132516],[-107.568495,38.13101],[-107.568077,38.130558],[-107.566201,38.12905],[-107.565181,38.128341],[-107.564733,38.127906],[-107.564337,38.125851],[-107.563696,38.124993],[-107.563581,38.124219],[-107.563308,38.123658],[-107.563205,38.123212],[-107.563365,38.122446],[-107.563635,38.121828],[-107.563679,38.12077],[-107.563949,38.120086],[-107.56397,38.119634],[-107.564159,38.11941],[-107.564238,38.119064],[-107.564066,38.118536],[-107.563945,38.117096],[-107.563755,38.116455],[-107.563283,38.116078],[-107.562949,38.115483],[-107.561982,38.114437],[-107.561768,38.113981],[-107.561499,38.11321],[-107.561345,38.111867],[-107.561049,38.111435],[-107.561028,38.111006],[-107.560855,38.110503],[-107.561096,38.10931],[-107.561385,38.109168],[-107.561606,38.108896],[-107.561582,38.108597],[-107.561343,38.108319],[-107.561314,38.107357],[-107.561968,38.106865],[-107.56213,38.106487],[-107.56223,38.105187],[-107.562427,38.105052],[-107.562514,38.104811],[-107.562452,38.103954],[-107.562583,38.103123],[-107.562252,38.101931],[-107.562312,38.101519],[-107.562842,38.101122],[-107.562757,38.100822],[-107.563072,38.10043],[-107.564164,38.100016],[-107.564746,38.099555],[-107.564875,38.099241],[-107.565394,38.098868],[-107.565313,38.098382],[-107.565089,38.097886],[-107.564752,38.097454],[-107.56465,38.096992],[-107.563692,38.095978],[-107.56288,38.095337],[-107.56101,38.093131],[-107.560462,38.092073],[-107.559828,38.091669],[-107.560382,38.090601],[-107.560395,38.090044],[-107.560069,38.089555],[-107.560173,38.088999],[-107.560157,38.088376],[-107.559946,38.087776],[-107.55955,38.087205],[-107.558622,38.086732],[-107.557849,38.086148],[-107.55744,38.085715],[-107.557078,38.085015],[-107.55693,38.084335],[-107.556537,38.083626],[-107.556309,38.082872],[-107.555559,38.0822],[-107.554545,38.080069],[-107.554098,38.07953],[-107.553585,38.0792],[-107.552058,38.079011],[-107.551287,38.078815],[-107.550609,38.078539],[-107.550289,38.078236],[-107.549552,38.07834],[-107.548256,38.078743],[-107.54785,38.07911],[-107.547251,38.079425],[-107.544373,38.08073],[-107.542907,38.080137],[-107.542458,38.080115],[-107.542127,38.079876],[-107.541548,38.079748],[-107.540739,38.079834],[-107.539067,38.079772],[-107.538262,38.079672],[-107.53739,38.079435],[-107.536582,38.079513],[-107.536022,38.079441],[-107.533702,38.080016],[-107.533262,38.080059],[-107.533107,38.079677],[-107.532648,38.079243],[-107.532432,38.078852],[-107.531852,38.078303],[-107.530875,38.077741],[-107.530536,38.077397],[-107.530259,38.077005],[-107.530087,38.076486],[-107.529744,38.076764],[-107.529446,38.076873],[-107.52914,38.076837],[-107.528188,38.076081],[-107.527971,38.075731],[-107.527279,38.075665],[-107.526466,38.075921],[-107.526276,38.075329],[-107.525104,38.074788],[-107.524836,38.074461],[-107.52495,38.073945],[-107.524375,38.072766],[-107.523747,38.072531],[-107.52333,38.072049],[-107.522576,38.071974],[-107.522082,38.071701],[-107.520993,38.070661],[-107.52054,38.07042],[-107.518409,38.069875],[-107.51683,38.069741],[-107.51596,38.068961],[-107.515679,38.068287],[-107.515333,38.067838],[-107.515239,38.066576],[-107.515004,38.065255],[-107.514919,38.064955],[-107.514496,38.064295],[-107.513881,38.063535],[-107.512554,38.062645],[-107.512105,38.062203],[-107.511891,38.061755],[-107.51088,38.060877],[-107.511,38.060539],[-107.511366,38.060189],[-107.514028,38.058923],[-107.515242,38.058487],[-107.515298,38.058269],[-107.515879,38.057881],[-107.517257,38.057835],[-107.517812,38.058101],[-107.51842,38.058286],[-107.518768,38.058259],[-107.520304,38.057584],[-107.520826,38.057502],[-107.521557,38.057229],[-107.522038,38.057163],[-107.522282,38.057222],[-107.522456,38.056764],[-107.522899,38.056132],[-107.522989,38.055325],[-107.521957,38.054066],[-107.521966,38.053671],[-107.521071,38.05218],[-107.52107,38.051792],[-107.521805,38.050444],[-107.521886,38.050025],[-107.522566,38.048402],[-107.522775,38.048186],[-107.522627,38.047958],[-107.522311,38.047946],[-107.521989,38.047755],[-107.521641,38.047387],[-107.520985,38.046627],[-107.520577,38.045725],[-107.522059,38.044734],[-107.522337,38.044164],[-107.522029,38.04336],[-107.521955,38.042567],[-107.522141,38.042044],[-107.52298,38.041045],[-107.524236,38.040116],[-107.524494,38.039538],[-107.525311,38.039039],[-107.526255,38.039731],[-107.527027,38.039878],[-107.529569,38.039362],[-107.530557,38.038988],[-107.531129,38.038963],[-107.531046,38.03855],[-107.53119,38.038059],[-107.531796,38.036992],[-107.532619,38.036243],[-107.53349,38.03564],[-107.534498,38.034393],[-107.536025,38.033637],[-107.53675,38.033162],[-107.53728,38.032708],[-107.537534,38.032291],[-107.537479,38.032048],[-107.536656,38.030534],[-107.536619,38.029475],[-107.536852,38.028686],[-107.537326,38.028442],[-107.538882,38.028236],[-107.5396,38.027599],[-107.539856,38.027109],[-107.539468,38.026684],[-107.539403,38.02594],[-107.538988,38.025361],[-107.538246,38.024793],[-107.537378,38.024363],[-107.536824,38.023644],[-107.536589,38.022744],[-107.536997,38.0214],[-107.537408,38.020395],[-107.537566,38.019702],[-107.53833,38.0193],[-107.538717,38.018885],[-107.539427,38.017715],[-107.539231,38.016928],[-107.539556,38.016076],[-107.539335,38.015055],[-107.539353,38.014707],[-107.538279,38.013926],[-107.537901,38.013072],[-107.537918,38.012305],[-107.538136,38.011717],[-107.538063,38.011337],[-107.538121,38.010109],[-107.537878,38.009597],[-107.537975,38.008919],[-107.538733,38.008339],[-107.539984,38.007564],[-107.542104,38.006727],[-107.542745,38.006356],[-107.54338,38.005766],[-107.543762,38.005108],[-107.544428,38.003614],[-107.545026,38.003347],[-107.545383,38.002891],[-107.546077,38.001494],[-107.546317,38.000826],[-107.546704,38.000379],[-107.547996,37.999286],[-107.549254,37.99848],[-107.54992,37.998294],[-107.550586,37.998356],[-107.552362,37.99879],[-107.55362,37.999348],[-107.554286,37.999472],[-107.555248,37.999162],[-107.55584,37.9991],[-107.556506,37.999162],[-107.557246,37.999472],[-107.557888,37.999995],[-107.55938,38.000786],[-107.559842,38.001116],[-107.560582,38.001764],[-107.560917,38.002285],[-107.561466,38.002777],[-107.56211,38.003165],[-107.563579,38.003613],[-107.564487,38.004481],[-107.566001,38.005195],[-107.566325,38.005289],[-107.566977,38.005321],[-107.567938,38.005204],[-107.569546,38.005362],[-107.572276,38.005922],[-107.573888,38.006379],[-107.574092,38.006349],[-107.574269,38.00619],[-107.574343,38.004661],[-107.575768,38.003898],[-107.576816,38.003096],[-107.579371,38.001464],[-107.580421,38.000548],[-107.581488,38.000255],[-107.584193,38.000111],[-107.585047,37.999795],[-107.586019,37.999666],[-107.586737,37.999408],[-107.586966,37.999037],[-107.586679,37.99825],[-107.58659,37.997177],[-107.586699,37.995306],[-107.58666,37.994128],[-107.58679,37.993764],[-107.587867,37.993251],[-107.590768,37.992585],[-107.591367,37.992252],[-107.590189,37.990023],[-107.589808,37.989629],[-107.589739,37.988444],[-107.588906,37.984655],[-107.5882,37.982795],[-107.587562,37.982039],[-107.587468,37.981668],[-107.58691,37.98059],[-107.585123,37.978782],[-107.584357,37.977116],[-107.584165,37.976019],[-107.587295,37.972124],[-107.588221,37.970312],[-107.587004,37.968478],[-107.585278,37.968002],[-107.582984,37.967923],[-107.581242,37.968173],[-107.580296,37.968475],[-107.578763,37.967853],[-107.577591,37.967808],[-107.576281,37.967489],[-107.575785,37.967274],[-107.574944,37.967146],[-107.572687,37.967166],[-107.571591,37.966382],[-107.570734,37.966027],[-107.57002,37.96592],[-107.569035,37.966039],[-107.568768,37.965773],[-107.569005,37.963086],[-107.568283,37.961919],[-107.567219,37.961327],[-107.564914,37.961216],[-107.564534,37.96079],[-107.564435,37.959733],[-107.563654,37.957259],[-107.563629,37.95663],[-107.563369,37.955937],[-107.562673,37.955456],[-107.559166,37.953696],[-107.557829,37.953419],[-107.556561,37.952916],[-107.554925,37.952124],[-107.552859,37.951076],[-107.551508,37.950282],[-107.551046,37.949687],[-107.547515,37.949032],[-107.544233,37.948715],[-107.541825,37.948305],[-107.540969,37.948373],[-107.540069,37.947884],[-107.538438,37.947778],[-107.537346,37.947613],[-107.536732,37.94718],[-107.534271,37.944931],[-107.532593,37.943905],[-107.532644,37.940847],[-107.532378,37.940654],[-107.534309,37.93817],[-107.534149,37.937138],[-107.537701,37.934644],[-107.538146,37.932829],[-107.538007,37.931959],[-107.5383,37.931619],[-107.538133,37.930772],[-107.538351,37.929819],[-107.538202,37.928981],[-107.537672,37.927498],[-107.537358,37.926144],[-107.535181,37.925104],[-107.534546,37.924671],[-107.535812,37.923463],[-107.536518,37.922412],[-107.536652,37.921088],[-107.535902,37.920123],[-107.533868,37.918985],[-107.532088,37.917814],[-107.530747,37.916819],[-107.529205,37.914679],[-107.528924,37.913687],[-107.529716,37.911748],[-107.52963,37.911038],[-107.529194,37.909765],[-107.528515,37.908784],[-107.52863,37.90767],[-107.528505,37.907097],[-107.527511,37.906198],[-107.524806,37.905345],[-107.524884,37.904812],[-107.524635,37.904054],[-107.523409,37.903381],[-107.521618,37.902089],[-107.520291,37.901521],[-107.520167,37.901312],[-107.521638,37.900419],[-107.521821,37.898772],[-107.522296,37.898069],[-107.523036,37.897533],[-107.52517,37.896783],[-107.526238,37.896577],[-107.526429,37.896213],[-107.526056,37.893649],[-107.527162,37.891377],[-107.52787,37.890721],[-107.529068,37.890023],[-107.530064,37.889744],[-107.531282,37.889159],[-107.53228,37.889203],[-107.533106,37.889361],[-107.533481,37.889061],[-107.533444,37.888077],[-107.533255,37.887142],[-107.532909,37.885715],[-107.532403,37.884571],[-107.532481,37.884047],[-107.533725,37.882767],[-107.534503,37.881788],[-107.535879,37.880443],[-107.536468,37.88011],[-107.536484,37.879561],[-107.536244,37.878594],[-107.535903,37.877845],[-107.535328,37.877113],[-107.534972,37.875622],[-107.534967,37.874996],[-107.535476,37.874158],[-107.535539,37.874062],[-107.536021,37.873914],[-107.532566,37.872848],[-107.530041,37.871616],[-107.527741,37.870361],[-107.526014,37.868952],[-107.524666,37.867475],[-107.524142,37.866605],[-107.524122,37.866016],[-107.524402,37.865163],[-107.523339,37.864262],[-107.522708,37.864223],[-107.522476,37.864074],[-107.522345,37.863435],[-107.52108,37.861861],[-107.520782,37.860921],[-107.520787,37.859548],[-107.520171,37.858669],[-107.518644,37.858086],[-107.517859,37.856978],[-107.517934,37.856268],[-107.518174,37.85594],[-107.51836,37.854117],[-107.51817,37.853905],[-107.518475,37.852325],[-107.518332,37.851791],[-107.518593,37.849185],[-107.519048,37.84827],[-107.519386,37.848169],[-107.520331,37.848325],[-107.52074,37.848217],[-107.520906,37.848025],[-107.521061,37.847356],[-107.520964,37.844892],[-107.521006,37.84482],[-107.521783,37.844635],[-107.522025,37.843661],[-107.522022,37.843265],[-107.52177,37.842584],[-107.521774,37.842366],[-107.521878,37.842278],[-107.522378,37.842187],[-107.5224,37.842098],[-107.521974,37.841463],[-107.520867,37.84187],[-107.519667,37.841194],[-107.519687,37.840669],[-107.520207,37.840054],[-107.520253,37.839812],[-107.520613,37.839614],[-107.520586,37.839493],[-107.518565,37.839089],[-107.518374,37.838982],[-107.517754,37.837755],[-107.517344,37.837363],[-107.517459,37.836638],[-107.516204,37.834547],[-107.516835,37.833472],[-107.51683,37.833198],[-107.516438,37.832943],[-107.51613,37.831938],[-107.516311,37.831544],[-107.516567,37.82977],[-107.516713,37.829594],[-107.517287,37.829391],[-107.51733,37.829295],[-107.517186,37.828243],[-107.516861,37.827674],[-107.516817,37.826704],[-107.516547,37.826451],[-107.515323,37.826566],[-107.513932,37.825822],[-107.513516,37.825737],[-107.512922,37.825334],[-107.510289,37.824755],[-107.508324,37.824491],[-107.507825,37.824529],[-107.507306,37.824391],[-107.506496,37.824325],[-107.502925,37.82361],[-107.499994,37.823413],[-107.49942,37.823309],[-107.498616,37.822991],[-107.498173,37.822931],[-107.49699,37.822964],[-107.496408,37.823086],[-107.495578,37.823459],[-107.495094,37.823992],[-107.494893,37.82408],[-107.494076,37.824042],[-107.493571,37.824169],[-107.492692,37.824153],[-107.491757,37.824406],[-107.490996,37.824406],[-107.49031,37.824275],[-107.488586,37.823611],[-107.488025,37.823469],[-107.486834,37.82286],[-107.485906,37.822613],[-107.485477,37.822421],[-107.484777,37.821867],[-107.484348,37.821356],[-107.48405,37.821203],[-107.483953,37.821021],[-107.483649,37.820818],[-107.48315,37.820121],[-107.482824,37.819946],[-107.482277,37.819885],[-107.482215,37.819688],[-107.482284,37.819226],[-107.482138,37.818952],[-107.481307,37.81859],[-107.480075,37.817514],[-107.478876,37.816685],[-107.477727,37.816225],[-107.47716,37.816318],[-107.476799,37.816088],[-107.476073,37.816099],[-107.475851,37.815995],[-107.475436,37.815577],[-107.474972,37.815687],[-107.47475,37.815594],[-107.474577,37.815342],[-107.47448,37.814853],[-107.474355,37.814655],[-107.474148,37.81448],[-107.473594,37.814222],[-107.473164,37.813299],[-107.472721,37.813014],[-107.472305,37.812339],[-107.47171,37.812207],[-107.470955,37.811762],[-107.469736,37.810335],[-107.468843,37.809726],[-107.468677,37.809457],[-107.468448,37.808704],[-107.468531,37.808441],[-107.468946,37.807946],[-107.468829,37.807804],[-107.468226,37.807502],[-107.468081,37.807359],[-107.468039,37.806612],[-107.467852,37.806124],[-107.467416,37.805437],[-107.467014,37.805311],[-107.466848,37.805081],[-107.466785,37.804614],[-107.467069,37.804257],[-107.46691,37.80351],[-107.46673,37.803444],[-107.466314,37.803576],[-107.465795,37.802148],[-107.465801,37.801517],[-107.465573,37.800891],[-107.465905,37.800172],[-107.465884,37.799979],[-107.465351,37.800012],[-107.465067,37.799919],[-107.464673,37.800106],[-107.464375,37.799744],[-107.464084,37.799557],[-107.463365,37.799266],[-107.462562,37.799338],[-107.462223,37.799096],[-107.462029,37.798767],[-107.461932,37.798245],[-107.462173,37.797372],[-107.462139,37.797229],[-107.461848,37.797081],[-107.461246,37.797054],[-107.460969,37.796884],[-107.460581,37.79584],[-107.460201,37.795396],[-107.46027,37.794962],[-107.459391,37.794638],[-107.459224,37.79427],[-107.459287,37.793836],[-107.459515,37.793238],[-107.459397,37.792601],[-107.459591,37.792419],[-107.459646,37.792227],[-107.45932,37.791123],[-107.459528,37.790096],[-107.459382,37.789586],[-107.459707,37.78902],[-107.459956,37.788048],[-107.460758,37.786834],[-107.460627,37.786631],[-107.459637,37.786198],[-107.45954,37.786093],[-107.459505,37.785742],[-107.459284,37.785226],[-107.459284,37.784204],[-107.458675,37.783562],[-107.458536,37.782744],[-107.458176,37.782337],[-107.458134,37.78197],[-107.458342,37.781799],[-107.459124,37.781651],[-107.45958,37.781453],[-107.459795,37.781442],[-107.460279,37.781574],[-107.460404,37.781541],[-107.460611,37.781277],[-107.460749,37.780723],[-107.460804,37.779734],[-107.460936,37.779613],[-107.461669,37.779305],[-107.461745,37.778674],[-107.462326,37.778366],[-107.462533,37.777965],[-107.463578,37.777416],[-107.463875,37.777081],[-107.464172,37.77584],[-107.464497,37.775263],[-107.465182,37.774395],[-107.46523,37.774198],[-107.465161,37.774011],[-107.464884,37.77361],[-107.464994,37.773127],[-107.465375,37.772677],[-107.465561,37.77216],[-107.466198,37.771814],[-107.466391,37.770881],[-107.466633,37.770677],[-107.467214,37.770386],[-107.46738,37.770073],[-107.467546,37.769293],[-107.467082,37.768794],[-107.46693,37.768464],[-107.46704,37.768195],[-107.467386,37.76786],[-107.467192,37.767558],[-107.466902,37.767393],[-107.466735,37.767163],[-107.466784,37.766542],[-107.466908,37.766273],[-107.467185,37.766037],[-107.467544,37.765905],[-107.468101,37.765546],[-107.468791,37.765323],[-107.46901,37.765169],[-107.469085,37.76542],[-107.468969,37.766053],[-107.469032,37.766196],[-107.469391,37.766503],[-107.469737,37.766624],[-107.470816,37.766552],[-107.471086,37.766667],[-107.471661,37.76714],[-107.472788,37.7672],[-107.473279,37.767628],[-107.474767,37.767671],[-107.475182,37.767979],[-107.475735,37.768165],[-107.476213,37.768549],[-107.477451,37.76884],[-107.47842,37.769268],[-107.478994,37.769229],[-107.479444,37.768751],[-107.480114,37.768658],[-107.481,37.768037],[-107.481629,37.768212],[-107.482069,37.768243],[-107.482245,37.768353],[-107.482061,37.749998],[-107.482207,37.743884],[-107.48218,37.62901],[-107.481882,37.500001],[-107.4822,37.497822],[-107.482042,37.458337],[-107.482131,37.422673],[-107.375607,37.423623],[-107.356029,37.42308],[-107.250604,37.422967],[-107.12868,37.422942],[-107.128625,37.453549],[-107.128699,37.473336],[-107.127818,37.500004],[-107.125604,37.600492],[-107.12448,37.612088],[-107.123734,37.625002],[-107.123868,37.675029],[-107.125605,37.675196],[-107.145138,37.675497],[-107.143259,37.707959],[-107.142986,37.714696],[-107.1429,37.715861],[-107.142773,37.716376],[-107.140707,37.75],[-107.13994,37.757197],[-107.137356,37.828788],[-107.138607,37.86586],[-107.13817,37.874998],[-107.138191,37.938848],[-107.135677,37.938527],[-107.134979,37.937835],[-107.133699,37.937624],[-107.13132,37.937603],[-107.129627,37.937838],[-107.127983,37.938307],[-107.125606,37.939156],[-107.124517,37.939761],[-107.123243,37.94023],[-107.121968,37.940867],[-107.115767,37.942004],[-107.112411,37.942741],[-107.110669,37.943344],[-107.108416,37.944618],[-107.107054,37.945892],[-107.106117,37.947134],[-107.106073,37.947906],[-107.105602,37.949516],[-107.104662,37.952],[-107.103894,37.953812],[-107.103212,37.955053],[-107.102872,37.955221],[-107.102532,37.955187],[-107.102105,37.954814],[-107.10173,37.953273],[-107.101476,37.952904],[-107.100077,37.951896],[-107.09732,37.950786],[-107.094606,37.949307],[-107.093375,37.949171],[-107.092144,37.94917],[-107.089297,37.949907],[-107.088362,37.950409],[-107.087212,37.951885],[-107.0867,37.95269],[-107.085552,37.953361],[-107.083895,37.953695],[-107.080157,37.954296],[-107.077991,37.95426],[-107.075656,37.953922],[-107.073659,37.954524],[-107.072001,37.955362],[-107.070638,37.956804],[-107.069232,37.958447],[-107.068762,37.959387],[-107.068461,37.960762],[-107.06812,37.961198],[-107.06778,37.961299],[-107.067441,37.961198],[-107.067144,37.960996],[-107.066891,37.960425],[-107.066424,37.96019],[-107.065703,37.960055],[-107.065449,37.959752],[-107.063581,37.959616],[-107.062094,37.959648],[-107.061415,37.959748],[-107.060525,37.959143],[-107.059764,37.957766],[-107.059388,37.955651],[-107.057654,37.9534],[-107.056384,37.952257],[-107.055747,37.952122],[-107.055237,37.952155],[-107.054133,37.952456],[-107.053282,37.952959],[-107.052857,37.953126],[-107.052135,37.953125],[-107.051159,37.952956],[-107.04942,37.952149],[-107.048022,37.951241],[-107.044716,37.949323],[-107.043528,37.948818],[-107.042637,37.948683],[-107.041363,37.948681],[-107.039707,37.948814],[-107.036096,37.94938],[-107.033206,37.950081],[-107.031547,37.951052],[-107.031203,37.95226],[-107.030564,37.953065],[-107.029925,37.953466],[-107.028352,37.954136],[-107.025506,37.954501],[-107.022918,37.953792],[-107.020843,37.952313],[-107.017542,37.949018],[-107.014362,37.947906],[-107.011181,37.946961],[-107.008973,37.946522],[-107.007654,37.947292],[-107.007099,37.948197],[-107.006756,37.949203],[-107.006791,37.951083],[-107.006695,37.954104],[-107.006263,37.956218],[-107.005624,37.956721],[-107.004689,37.956921],[-107.003544,37.95655],[-107.002315,37.955977],[-107.001508,37.955909],[-107.000956,37.955941],[-107.000602,37.956041],[-107.001514,37.999996],[-107.001892,38.092765],[-107.001314,38.124995],[-107.001062,38.152551],[-107.001149,38.153945],[-107.001129,38.205777],[-107.00079,38.249994],[-107.000602,38.332014],[-107.000601,38.425619],[-106.98255,38.425357],[-106.875602,38.425166],[-106.871526,38.425263],[-106.851743,38.425297],[-106.830815,38.425144],[-106.76248,38.425072],[-106.65282,38.424461],[-106.625577,38.424355],[-106.619363,38.424472],[-106.500585,38.424402],[-106.481906,38.424215],[-106.439072,38.424088],[-106.393275,38.423707],[-106.386646,38.423678],[-106.375617,38.423877],[-106.319279,38.423343],[-106.250595,38.422912],[-106.24694,38.422768],[-106.140913,38.422193],[-106.140781,38.422112],[-106.140238,38.422191],[-106.136925,38.422146],[-106.13681,38.422211],[-106.133635,38.422194],[-106.132959,38.422121],[-106.125571,38.422092],[-106.08813,38.42228],[-106.087753,38.422422],[-106.086952,38.423058],[-106.086263,38.424017],[-106.086068,38.424113],[-106.085138,38.423789],[-106.084577,38.423481],[-106.084272,38.423005],[-106.084078,38.422876],[-106.083495,38.422883],[-106.081581,38.423194],[-106.080137,38.423538],[-106.076535,38.423652],[-106.075941,38.423788],[-106.075541,38.423973],[-106.074987,38.4244],[-106.074555,38.424979],[-106.074358,38.42564],[-106.074282,38.426503],[-106.07378,38.426801],[-106.07213,38.427387],[-106.071945,38.427596],[-106.071943,38.428048],[-106.071726,38.428595],[-106.071212,38.429159],[-106.069898,38.429786],[-106.069354,38.43018],[-106.069127,38.430696],[-106.069237,38.431237],[-106.070226,38.432005],[-106.070122,38.432343],[-106.068832,38.432937],[-106.067489,38.433185],[-106.067028,38.433337],[-106.066402,38.433796],[-106.065144,38.435874],[-106.06464,38.436429],[-106.064046,38.436654],[-106.063662,38.437669],[-106.062602,38.4392],[-106.062089,38.439384],[-106.060526,38.441075],[-106.059753,38.442388],[-106.058838,38.443209],[-106.058148,38.444248],[-106.057982,38.444691],[-106.058162,38.445684],[-106.058877,38.448097],[-106.059111,38.448364],[-106.060378,38.448818],[-106.060929,38.449198],[-106.061592,38.449845],[-106.062244,38.45033],[-106.062243,38.450572],[-106.061904,38.450982],[-106.060764,38.451835],[-106.060322,38.452262],[-106.060043,38.452737],[-106.060042,38.45306],[-106.060244,38.453697],[-106.060181,38.454028],[-106.06031,38.454964],[-106.059887,38.45556],[-106.05884,38.456308],[-106.058571,38.456945],[-106.058428,38.456952],[-106.056479,38.455609],[-106.055684,38.45489],[-106.055193,38.454776],[-106.053832,38.454709],[-106.052074,38.454221],[-106.050866,38.454364],[-106.049738,38.454821],[-106.049091,38.455272],[-106.047367,38.455849],[-106.046423,38.456347],[-106.043757,38.457406],[-106.043234,38.457671],[-106.042771,38.458267],[-106.041598,38.457256],[-106.040105,38.456963],[-106.039421,38.456582],[-106.039024,38.456242],[-106.036561,38.455447],[-106.03601,38.455115],[-106.033925,38.45461],[-106.033077,38.45431],[-106.032188,38.453888],[-106.030921,38.453547],[-106.0296,38.453729],[-106.028515,38.453582],[-106.027081,38.453812],[-106.025628,38.453809],[-106.02354,38.453917],[-106.022515,38.454141],[-106.021489,38.454469],[-106.020609,38.454362],[-106.019043,38.454423],[-106.018054,38.453687],[-106.017658,38.453097],[-106.017447,38.452241],[-106.017244,38.451999],[-106.016917,38.451796],[-106.01748,38.449862],[-106.01768,38.448693],[-106.017008,38.448086],[-106.015977,38.447624],[-106.013227,38.446956],[-106.010751,38.446566],[-106.010876,38.446378],[-106.011667,38.445904],[-106.012304,38.445357],[-106.012531,38.44497],[-106.0127,38.444124],[-106.012483,38.442462],[-106.012789,38.440777],[-106.012751,38.440123],[-106.012307,38.438945],[-106.01192,38.438556],[-106.011016,38.437231],[-106.009294,38.435864],[-106.008662,38.435459],[-106.008347,38.434926],[-106.007934,38.433715],[-106.007477,38.43315],[-106.006477,38.432518],[-106.005241,38.432136],[-106.002605,38.431484],[-106.00193,38.431466],[-106.001563,38.43111],[-106.001038,38.429923],[-106.000658,38.428156],[-106.000267,38.427801],[-106.000303,38.42702],[-106.000668,38.426406],[-106.000814,38.425809],[-106.000715,38.425293],[-106.000249,38.424405],[-105.999983,38.424163],[-105.999788,38.423622],[-105.999205,38.423129],[-105.998222,38.422532],[-105.997751,38.422031],[-105.997116,38.420747],[-105.996768,38.420303],[-105.993932,38.419375],[-105.992008,38.419569],[-105.9887,38.41919],[-105.98783,38.418883],[-105.987308,38.418802],[-105.985025,38.419416],[-105.984298,38.419723],[-105.98395,38.41999],[-105.9835,38.419392],[-105.980409,38.417277],[-105.980132,38.416792],[-105.98001,38.416138],[-105.98001,38.415484],[-105.979785,38.414878],[-105.979222,38.414127],[-105.977902,38.413319],[-105.976919,38.41298],[-105.975896,38.411809],[-105.974647,38.411115],[-105.974228,38.410428],[-105.973389,38.409459],[-105.973041,38.409394],[-105.970809,38.409976],[-105.970226,38.41004],[-105.96954,38.409725],[-105.968701,38.409039],[-105.967933,38.408772],[-105.966675,38.407561],[-105.964721,38.40626],[-105.964229,38.405816],[-105.963391,38.40475],[-105.962582,38.404144],[-105.961477,38.403611],[-105.960669,38.403095],[-105.960229,38.402336],[-105.95982,38.401278],[-105.959821,38.398928],[-105.959945,38.398023],[-105.959832,38.397442],[-105.959495,38.397095],[-105.95796,38.396061],[-105.957346,38.395455],[-105.957172,38.39518],[-105.955668,38.394437],[-105.953744,38.394025],[-105.952373,38.393822],[-105.950654,38.393733],[-105.949969,38.392336],[-105.948895,38.391431],[-105.947606,38.390526],[-105.947607,38.389937],[-105.947331,38.388685],[-105.947158,38.387175],[-105.947067,38.385495],[-105.94671,38.384921],[-105.946311,38.383766],[-105.945432,38.38274],[-105.945106,38.381149],[-105.945014,38.380245],[-105.944637,38.378638],[-105.943614,38.377999],[-105.940433,38.376973],[-105.939983,38.376585],[-105.939544,38.376011],[-105.939146,38.374998],[-105.938536,38.374074],[-105.937588,38.373498],[-105.936444,38.373253],[-105.93577,38.373219],[-105.934842,38.372546],[-105.932624,38.370432],[-105.93136,38.369791],[-105.929451,38.369212],[-105.92701,38.36872],[-105.925876,38.36866],[-105.924638,38.368737],[-105.92407,38.367936],[-105.923539,38.367757],[-105.921853,38.367493],[-105.921341,38.367629],[-105.920687,38.367611],[-105.919851,38.367156],[-105.919163,38.365749],[-105.918406,38.363874],[-105.917989,38.363421],[-105.916969,38.362941],[-105.914326,38.362206],[-105.912489,38.361539],[-105.910804,38.359241],[-105.910403,38.357843],[-105.910236,38.356413],[-105.909486,38.355313],[-105.908447,38.354478],[-105.906307,38.353268],[-105.902602,38.352385],[-105.901978,38.352479],[-105.901625,38.351695],[-105.901248,38.351452],[-105.899831,38.350721],[-105.898606,38.350474],[-105.897647,38.350051],[-105.895423,38.347412],[-105.89473,38.347047],[-105.894365,38.346618],[-105.89364,38.346559],[-105.893478,38.346292],[-105.892908,38.343965],[-105.892574,38.343342],[-105.891283,38.342094],[-105.89101,38.341545],[-105.890765,38.341374],[-105.88958,38.341443],[-105.888766,38.340811],[-105.888291,38.337886],[-105.888866,38.337315],[-105.888602,38.335296],[-105.88876,38.33436],[-105.888537,38.334028],[-105.88692,38.332545],[-105.886963,38.332231],[-105.887169,38.331933],[-105.887058,38.331706],[-105.885858,38.330604],[-105.885426,38.329238],[-105.885142,38.32889],[-105.883848,38.328377],[-105.883348,38.328045],[-105.883115,38.327737],[-105.882247,38.327492],[-105.881404,38.324881],[-105.880044,38.323222],[-105.87998,38.321841],[-105.8798,38.321235],[-105.879292,38.320628],[-105.878569,38.32027],[-105.878053,38.319421],[-105.877626,38.319064],[-105.876718,38.318802],[-105.876678,38.318568],[-105.876881,38.31714],[-105.876701,38.316405],[-105.876376,38.315951],[-105.875565,38.315448],[-105.87391,38.315142],[-105.873648,38.314351],[-105.872471,38.312386],[-105.872249,38.311739],[-105.871944,38.311302],[-105.872008,38.310835],[-105.870112,38.309392],[-105.869356,38.3093],[-105.868612,38.308725],[-105.868474,38.307796],[-105.867783,38.306769],[-105.866817,38.3057],[-105.864981,38.304653],[-105.862808,38.303765],[-105.862492,38.30353],[-105.861623,38.303422],[-105.861267,38.303042],[-105.861126,38.302759],[-105.860738,38.302499],[-105.86013,38.301432],[-105.859655,38.300349],[-105.858537,38.298892],[-105.858315,38.298359],[-105.85755,38.297985],[-105.854845,38.297128],[-105.853233,38.296412],[-105.852113,38.295496],[-105.85148,38.295348],[-105.850982,38.294773],[-105.850176,38.294456],[-105.84979,38.293914],[-105.849419,38.292387],[-105.848269,38.29135],[-105.846629,38.290287],[-105.846169,38.290204],[-105.845479,38.291154],[-105.843808,38.292092],[-105.843387,38.292413],[-105.843109,38.292929],[-105.84278,38.293226],[-105.84083,38.29246],[-105.839937,38.291319],[-105.839224,38.290671],[-105.837202,38.288411],[-105.836366,38.287892],[-105.83508,38.287556],[-105.832825,38.286741],[-105.831683,38.286163],[-105.830769,38.285062],[-105.828487,38.281599],[-105.828244,38.28113],[-105.828197,38.280477],[-105.827123,38.278568],[-105.826706,38.2783],[-105.824185,38.277475],[-105.823289,38.276875],[-105.821963,38.276401],[-105.821474,38.276117],[-105.820215,38.274474],[-105.819543,38.274052],[-105.819382,38.273647],[-105.818973,38.273597],[-105.817868,38.273916],[-105.817368,38.273793],[-105.816532,38.27337],[-105.815827,38.27323],[-105.814604,38.272668],[-105.813552,38.272478],[-105.813061,38.272614],[-105.812224,38.272368],[-105.810874,38.2725],[-105.809701,38.272108],[-105.808435,38.271837],[-105.80762,38.271478],[-105.806642,38.270917],[-105.806305,38.270884],[-105.805926,38.270971],[-105.805262,38.27088],[-105.804669,38.271006],[-105.804015,38.270891],[-105.803272,38.270452],[-105.802598,38.270247],[-105.801096,38.269959],[-105.800544,38.270029],[-105.800013,38.269922],[-105.799342,38.269322],[-105.799101,38.268563],[-105.797671,38.266757],[-105.797457,38.266627],[-105.796987,38.266569],[-105.796855,38.266326],[-105.796972,38.265608],[-105.796717,38.263679],[-105.795665,38.260139],[-105.794237,38.257922],[-105.793212,38.256635],[-105.792744,38.256294],[-105.792461,38.255712],[-105.792333,38.255025],[-105.79218,38.254815],[-105.789406,38.252189],[-105.789143,38.251824],[-105.789347,38.249998],[-105.789223,38.248415],[-105.789211,38.246278],[-105.789761,38.24436],[-105.789303,38.243681],[-105.788233,38.242597],[-105.787887,38.242056],[-105.786407,38.241269],[-105.783928,38.239633],[-105.782416,38.239217],[-105.781209,38.239173],[-105.780801,38.239075],[-105.779199,38.238079],[-105.77873,38.237658],[-105.777097,38.236758],[-105.776332,38.236231],[-105.775454,38.235849],[-105.772511,38.235099],[-105.77106,38.234836],[-105.770407,38.234439],[-105.769764,38.234227],[-105.769158,38.234201],[-105.76865,38.234014],[-105.768232,38.233763],[-105.76802,38.232899],[-105.767207,38.231816],[-105.766565,38.231274],[-105.765605,38.230803],[-105.761368,38.229128],[-105.759969,38.228656],[-105.759438,38.228566],[-105.75949,38.228413],[-105.758199,38.22657],[-105.757404,38.22589],[-105.756539,38.22496],[-105.756096,38.223329],[-105.755886,38.22203],[-105.755972,38.221264],[-105.75625,38.220603],[-105.756482,38.218975],[-105.756026,38.218127],[-105.753629,38.216675],[-105.751684,38.214975],[-105.750563,38.214213],[-105.748507,38.21414],[-105.746834,38.214266],[-105.744806,38.214603],[-105.744692,38.214152],[-105.744425,38.213701],[-105.740698,38.210283],[-105.739146,38.209836],[-105.737657,38.209744],[-105.736738,38.209561],[-105.736318,38.209231],[-105.735894,38.20778],[-105.73581,38.207207],[-105.735358,38.20649],[-105.73421,38.205057],[-105.73333,38.201743],[-105.73298,38.200986],[-105.732591,38.20068],[-105.73199,38.200763],[-105.731511,38.200998],[-105.731073,38.200911],[-105.730449,38.20063],[-105.727866,38.199831],[-105.727019,38.199705],[-105.726753,38.199472],[-105.726291,38.19865],[-105.725861,38.198118],[-105.724909,38.197209],[-105.722878,38.194326],[-105.722049,38.193449],[-105.721759,38.192457],[-105.721266,38.191555],[-105.72008,38.190574],[-105.718833,38.189835],[-105.717338,38.188137],[-105.71689,38.187175],[-105.71638,38.185662],[-105.716001,38.185211],[-105.714048,38.183877],[-105.712924,38.183235],[-105.711649,38.182868],[-105.709454,38.182366],[-105.70831,38.18186],[-105.708166,38.181401],[-105.70808,38.180352],[-105.707576,38.179264],[-105.706848,38.178152],[-105.705743,38.177131],[-105.705374,38.176438],[-105.70432,38.175521],[-105.703145,38.17466],[-105.702195,38.174203],[-105.701117,38.171979],[-105.700928,38.170301],[-105.700721,38.169607],[-105.700414,38.16918],[-105.699197,38.167973],[-105.698154,38.167371],[-105.69798,38.167202],[-105.696112,38.166489],[-105.694775,38.166089],[-105.693215,38.165738],[-105.692064,38.166129],[-105.691332,38.166494],[-105.689783,38.166716],[-105.688458,38.16672],[-105.686838,38.166845],[-105.686736,38.166692],[-105.686632,38.166063],[-105.68616,38.165306],[-105.684544,38.163793],[-105.683022,38.162538],[-105.681457,38.161],[-105.680782,38.160502],[-105.679272,38.159957],[-105.677447,38.159526],[-105.674816,38.15921],[-105.673042,38.159126],[-105.673082,38.158892],[-105.672841,38.156778],[-105.672574,38.156149],[-105.671918,38.155045],[-105.671712,38.154279],[-105.671343,38.153852],[-105.670169,38.153097],[-105.670392,38.152862],[-105.671059,38.151077],[-105.671718,38.150115],[-105.672613,38.149362],[-105.672845,38.148934],[-105.672824,38.148546],[-105.672701,38.148321],[-105.673066,38.147973],[-105.674176,38.147599],[-105.675254,38.147047],[-105.67627,38.146173],[-105.676279,38.145858],[-105.676125,38.145285],[-105.675388,38.143996],[-105.674731,38.142054],[-105.674322,38.141338],[-105.672547,38.14022],[-105.672872,38.139655],[-105.673286,38.138565],[-105.673395,38.137396],[-105.672902,38.135977],[-105.672052,38.134067],[-105.670713,38.131788],[-105.670264,38.131208],[-105.669712,38.130911],[-105.669681,38.130741],[-105.670088,38.13028],[-105.670215,38.128554],[-105.669797,38.128167],[-105.66944,38.128015],[-105.66842,38.127211],[-105.666983,38.126302],[-105.666441,38.125852],[-105.66591,38.125005],[-105.665014,38.124283],[-105.663502,38.122013],[-105.66329,38.121545],[-105.663409,38.120634],[-105.662654,38.119158],[-105.661883,38.118664],[-105.660145,38.118068],[-105.657663,38.117454],[-105.658494,38.115185],[-105.659913,38.113249],[-105.659836,38.112428],[-105.659949,38.112251],[-105.660572,38.112132],[-105.660727,38.111682],[-105.66134,38.111498],[-105.661229,38.109782],[-105.662246,38.106845],[-105.661485,38.106383],[-105.661929,38.105475],[-105.662221,38.104348],[-105.661466,38.103136],[-105.66148,38.100912],[-105.66136,38.100501],[-105.660302,38.098869],[-105.659239,38.097874],[-105.658826,38.097276],[-105.656097,38.095702],[-105.655579,38.09549],[-105.655551,38.0952],[-105.655163,38.094705],[-105.655094,38.093587],[-105.655856,38.092291],[-105.655296,38.091343],[-105.654324,38.091164],[-105.653649,38.09088],[-105.652955,38.090184],[-105.652199,38.089665],[-105.651965,38.089397],[-105.652007,38.088822],[-105.651589,38.08844],[-105.650782,38.087971],[-105.650105,38.086953],[-105.649506,38.08662],[-105.648317,38.086132],[-105.646692,38.085247],[-105.646449,38.085037],[-105.646082,38.083496],[-105.645284,38.082404],[-105.644504,38.081692],[-105.643773,38.081262],[-105.642761,38.080154],[-105.641727,38.07936],[-105.641241,38.078883],[-105.639775,38.078716],[-105.639369,38.078481],[-105.637669,38.076725],[-105.636918,38.076174],[-105.636484,38.075584],[-105.637276,38.072797],[-105.636174,38.071358],[-105.635159,38.070798],[-105.634504,38.069755],[-105.634159,38.06944],[-105.633418,38.069106],[-105.632088,38.068352],[-105.631397,38.068115],[-105.629271,38.067769],[-105.628468,38.067468],[-105.627206,38.06731],[-105.627105,38.067132],[-105.626891,38.06568],[-105.626928,38.064592],[-105.626263,38.063533],[-105.626004,38.062524],[-105.625962,38.061161],[-105.626749,38.059149],[-105.628042,38.057726],[-105.628206,38.057421],[-105.627404,38.057119],[-105.627051,38.05657],[-105.625563,38.055693],[-105.623525,38.055123],[-105.621199,38.054282],[-105.619878,38.053598],[-105.619217,38.05355],[-105.618439,38.053178],[-105.617807,38.05326],[-105.617538,38.05124],[-105.617564,38.049773],[-105.617839,38.048631],[-105.618052,38.048109],[-105.617938,38.047656],[-105.617996,38.047261],[-105.617465,38.046803],[-105.617269,38.046398],[-105.617206,38.045929],[-105.616232,38.045176],[-105.615777,38.044477],[-105.614957,38.043662],[-105.614781,38.043248],[-105.614774,38.04249],[-105.614509,38.041971],[-105.614434,38.041034],[-105.613892,38.040028],[-105.614003,38.039537],[-105.613458,38.038733],[-105.613246,38.038085],[-105.612785,38.037644],[-105.611294,38.03682],[-105.610715,38.036169],[-105.609224,38.035337],[-105.608854,38.034953],[-105.608815,38.034316],[-105.608561,38.033708],[-105.608884,38.03276],[-105.60938,38.032338],[-105.608356,38.032141],[-105.607274,38.031757],[-105.606513,38.031604],[-105.604744,38.031494],[-105.603527,38.031263],[-105.603156,38.030968],[-105.603111,38.030637],[-105.603368,38.029406],[-105.603007,38.028522],[-105.603114,38.027144],[-105.602186,38.026142],[-105.601857,38.02517],[-105.601597,38.024949],[-105.601233,38.024792],[-105.601073,38.024072],[-105.600805,38.023746],[-105.599912,38.023575],[-105.599412,38.023109],[-105.598845,38.022925],[-105.598698,38.022649],[-105.598673,38.021754],[-105.598578,38.02139],[-105.598212,38.020813],[-105.598209,38.020418],[-105.597952,38.020019],[-105.598069,38.019182],[-105.598044,38.018335],[-105.598312,38.01758],[-105.598244,38.016861],[-105.598325,38.016338],[-105.597112,38.013638],[-105.597039,38.013218],[-105.597273,38.012664],[-105.597853,38.012082],[-105.598242,38.011949],[-105.598707,38.011567],[-105.598876,38.011247],[-105.599787,38.010919],[-105.600824,38.010414],[-105.601329,38.010065],[-105.604355,38.008745],[-105.604627,38.007772],[-105.604868,38.007388],[-105.604392,38.006157],[-105.604636,38.005014],[-105.603907,38.003739],[-105.603474,38.003492],[-105.602753,38.00342],[-105.602374,38.002996],[-105.601787,38.002828],[-105.601268,38.002806],[-105.600596,38.002274],[-105.600253,38.001576],[-105.600159,38.001155],[-105.600244,37.999999],[-105.599572,37.999284],[-105.599683,37.998679],[-105.598413,37.997021],[-105.597689,37.996967],[-105.595892,37.99637],[-105.595739,37.995069],[-105.593663,37.992775],[-105.592071,37.992148],[-105.589899,37.987431],[-105.588156,37.986689],[-105.58716,37.984509],[-105.586205,37.981061],[-105.58591,37.979687],[-105.584984,37.979517],[-105.583486,37.980005],[-105.583191,37.979978],[-105.581855,37.977972],[-105.581828,37.976543],[-105.581522,37.975225],[-105.583964,37.973009],[-105.584464,37.971682],[-105.585054,37.970451],[-105.584158,37.969087],[-105.584462,37.967855],[-105.583922,37.967196],[-105.583284,37.966892],[-105.582616,37.965934],[-105.582142,37.966212],[-105.581286,37.96618],[-105.577676,37.965536],[-105.576334,37.964612],[-105.57562,37.963984],[-105.573982,37.961758],[-105.573281,37.961582],[-105.570692,37.958266],[-105.567762,37.957199],[-105.567192,37.957145],[-105.562351,37.953744],[-105.560311,37.951886],[-105.556357,37.95098],[-105.551826,37.950584],[-105.550101,37.953871],[-105.546191,37.956048],[-105.542737,37.95651],[-105.541949,37.956043],[-105.539591,37.955545],[-105.537703,37.955036],[-105.533315,37.955182],[-105.530378,37.953363],[-105.527147,37.949531],[-105.525906,37.948737],[-105.525534,37.94837],[-105.523572,37.948037],[-105.515729,37.942015],[-105.514591,37.93993],[-105.513577,37.939549],[-105.511086,37.939131],[-105.50957,37.937122],[-105.508364,37.936094],[-105.507251,37.932523],[-105.507042,37.93102],[-105.505687,37.927891],[-105.504893,37.927213],[-105.503116,37.923725],[-105.502273,37.92295],[-105.500563,37.921998],[-105.499202,37.921465],[-105.498072,37.920491],[-105.497197,37.920339],[-105.494109,37.9171],[-105.493029,37.916214],[-105.491145,37.915225],[-105.4884,37.910604],[-105.488145,37.909845],[-105.486149,37.908194],[-105.485609,37.908074],[-105.48455,37.9068],[-105.482604,37.905004],[-105.481271,37.904417],[-105.478351,37.903349],[-105.478523,37.902807],[-105.479,37.902629],[-105.479161,37.901296],[-105.478875,37.900505],[-105.477083,37.899298],[-105.476056,37.899389],[-105.473307,37.896649],[-105.473204,37.89597],[-105.473659,37.894516],[-105.475435,37.892373],[-105.476033,37.891168],[-105.47669,37.888422],[-105.477055,37.887961],[-105.476214,37.883295],[-105.476649,37.881897],[-105.477581,37.880442],[-105.478495,37.87985],[-105.474724,37.880003],[-105.471918,37.879687],[-105.469152,37.878755],[-105.465309,37.87953],[-105.464546,37.878974],[-105.460106,37.880355],[-105.456588,37.879894],[-105.454085,37.878501],[-105.452621,37.878415],[-105.450537,37.878112],[-105.448482,37.876379],[-105.443944,37.871322],[-105.443309,37.870722],[-105.442295,37.870673],[-105.440742,37.869612],[-105.440595,37.868354],[-105.439475,37.867128],[-105.439241,37.866202],[-105.43926,37.864419],[-105.439469,37.863248],[-105.438949,37.861275],[-105.438222,37.860692],[-105.437214,37.860231],[-105.436925,37.859798],[-105.436774,37.858202],[-105.434531,37.857888],[-105.433462,37.857516],[-105.432526,37.856393],[-105.431924,37.85522],[-105.431889,37.854824],[-105.429155,37.85236],[-105.428893,37.851733],[-105.429148,37.851021],[-105.429517,37.850599],[-105.430558,37.848654],[-105.430804,37.848015],[-105.430917,37.84736],[-105.430496,37.846839],[-105.429544,37.846072],[-105.428647,37.844779],[-105.428674,37.843666],[-105.42923,37.84275],[-105.429874,37.840696],[-105.430731,37.839504],[-105.430965,37.838753],[-105.430731,37.837826],[-105.432623,37.835069],[-105.432324,37.834684],[-105.432407,37.833167],[-105.435583,37.828505],[-105.435093,37.826483],[-105.434677,37.825583],[-105.434238,37.825255],[-105.434097,37.824506],[-105.434573,37.821929],[-105.436739,37.819218],[-105.436539,37.818575],[-105.436166,37.817859],[-105.435774,37.81641],[-105.43553,37.814637],[-105.435292,37.814219],[-105.434668,37.813733],[-105.434933,37.813045],[-105.435594,37.812386],[-105.435911,37.811796],[-105.435711,37.811104],[-105.435525,37.810823],[-105.435823,37.80782],[-105.435056,37.806301],[-105.435179,37.804767],[-105.43565,37.804352],[-105.436897,37.803641],[-105.44074,37.802507],[-105.442237,37.802367],[-105.443787,37.801597],[-105.445329,37.801021],[-105.447392,37.800061],[-105.448426,37.799271],[-105.449266,37.798401],[-105.450695,37.797656],[-105.453682,37.796859],[-105.454912,37.795696],[-105.454802,37.793285],[-105.455281,37.791902],[-105.455187,37.790814],[-105.453674,37.789623],[-105.452453,37.788293],[-105.451666,37.786895],[-105.451428,37.784759],[-105.451705,37.782635],[-105.450852,37.781569],[-105.449769,37.780754],[-105.449337,37.779305],[-105.449454,37.778127],[-105.45015,37.777113],[-105.450916,37.775195],[-105.450971,37.773033],[-105.450761,37.771614],[-105.450233,37.77061],[-105.450846,37.7695],[-105.452416,37.767899],[-105.453703,37.767284],[-105.454401,37.76556],[-105.455508,37.763406],[-105.455911,37.762427],[-105.4565,37.761761],[-105.456985,37.760886],[-105.457704,37.76013],[-105.457713,37.759194],[-105.457869,37.758677],[-105.45665,37.758323],[-105.456273,37.758068],[-105.455797,37.757248],[-105.455827,37.756498],[-105.456972,37.755731],[-105.458313,37.754462],[-105.459577,37.753629],[-105.459836,37.753305],[-105.459789,37.752765],[-105.459352,37.752574],[-105.459084,37.752221],[-105.458313,37.752009],[-105.457682,37.751724],[-105.456714,37.751175],[-105.456488,37.750886],[-105.456486,37.750765],[-105.456788,37.750585],[-105.456962,37.750001],[-105.457081,37.749936],[-105.457009,37.749694],[-105.457118,37.749073],[-105.456964,37.748646],[-105.457342,37.747024],[-105.457219,37.746662],[-105.456689,37.745995],[-105.455196,37.745209],[-105.454261,37.744463],[-105.453658,37.743433],[-105.453727,37.742836],[-105.453654,37.742352],[-105.452931,37.741613],[-105.452727,37.741276],[-105.452764,37.740405],[-105.453259,37.739895],[-105.453702,37.739249],[-105.453923,37.738773],[-105.454002,37.7382],[-105.454647,37.737327],[-105.455048,37.736587],[-105.455277,37.735148],[-105.455275,37.734306],[-105.455104,37.733601],[-105.454606,37.732928],[-105.453585,37.731984],[-105.453246,37.730868],[-105.453204,37.730402],[-105.453435,37.730216],[-105.453616,37.729813],[-105.453603,37.729275],[-105.454048,37.727216],[-105.454027,37.726958],[-105.454366,37.726065],[-105.454302,37.725366],[-105.454139,37.724964],[-105.454245,37.723951],[-105.454747,37.723418],[-105.45511,37.723152],[-105.456343,37.721009],[-105.457156,37.719864],[-105.457013,37.719648],[-105.457113,37.719269],[-105.457313,37.71906],[-105.457797,37.718905],[-105.458979,37.718805],[-105.459631,37.717926],[-105.460914,37.717655],[-105.46165,37.717419],[-105.462446,37.716982],[-105.462908,37.716514],[-105.46326,37.715998],[-105.463926,37.713801],[-105.464471,37.713613],[-105.464792,37.713412],[-105.466142,37.712369],[-105.466593,37.711845],[-105.467975,37.71126],[-105.468611,37.711145],[-105.469146,37.71116],[-105.470612,37.711379],[-105.471116,37.711248],[-105.471457,37.710797],[-105.472128,37.709468],[-105.473555,37.707983],[-105.47408,37.707659],[-105.474493,37.707601],[-105.477302,37.707686],[-105.477513,37.707532],[-105.478071,37.705778],[-105.478108,37.705359],[-105.477921,37.704163],[-105.478255,37.702377],[-105.479062,37.700155],[-105.479512,37.699317],[-105.480476,37.698076],[-105.480167,37.696991],[-105.480166,37.696638],[-105.480503,37.695374],[-105.481104,37.694439],[-105.481374,37.693755],[-105.480869,37.691856],[-105.480913,37.690413],[-105.480779,37.689897],[-105.480899,37.68718],[-105.480746,37.687027],[-105.480391,37.686924],[-105.478757,37.686139],[-105.477707,37.684611],[-105.477574,37.684128],[-105.477704,37.683813],[-105.477722,37.683305],[-105.477543,37.681741],[-105.477389,37.681202],[-105.476889,37.680421],[-105.476735,37.679938],[-105.476743,37.679454],[-105.476651,37.679164],[-105.476646,37.678173],[-105.476835,37.677269],[-105.476752,37.67681],[-105.476899,37.67585],[-105.477231,37.675228],[-105.477735,37.674638],[-105.478519,37.673345],[-105.478709,37.672796],[-105.478787,37.672102],[-105.47866,37.67099],[-105.478568,37.668476],[-105.477957,37.667736],[-105.47748,37.667464],[-105.477277,37.667158],[-105.477242,37.666199],[-105.477351,37.665747],[-105.478259,37.664809],[-105.479014,37.663871],[-105.480677,37.662261],[-105.48112,37.661703],[-105.481541,37.660605],[-105.481599,37.660089],[-105.481403,37.659219],[-105.481451,37.658525],[-105.482146,37.657845],[-105.482692,37.657537],[-105.483628,37.65647],[-105.485402,37.65473],[-105.486976,37.653483],[-105.486858,37.649662],[-105.487173,37.64775],[-105.487141,37.647323],[-105.487816,37.644522],[-105.488368,37.643295],[-105.490207,37.640386],[-105.490351,37.638668],[-105.490874,37.637884],[-105.491674,37.635906],[-105.492388,37.634783],[-105.492417,37.634444],[-105.492304,37.634203],[-105.49203,37.634067],[-105.491837,37.633817],[-105.491962,37.632301],[-105.491838,37.631899],[-105.491876,37.631399],[-105.492056,37.630793],[-105.492337,37.630341],[-105.492536,37.629606],[-105.492117,37.628552],[-105.492043,37.627931],[-105.49222,37.626745],[-105.492198,37.626374],[-105.491513,37.625003],[-105.492607,37.623067],[-105.495769,37.619575],[-105.496386,37.619185],[-105.497299,37.616749],[-105.498292,37.615716],[-105.498612,37.614492],[-105.498602,37.614137],[-105.497924,37.613068],[-105.496093,37.612349],[-105.495472,37.612223],[-105.495874,37.611764],[-105.494831,37.608499],[-105.493041,37.605287],[-105.493493,37.604449],[-105.493273,37.600919],[-105.501286,37.598603],[-105.501669,37.598138],[-105.501755,37.597571],[-105.501546,37.596835],[-105.500913,37.596097],[-105.495635,37.592447],[-105.494591,37.592352],[-105.494231,37.591076],[-105.494135,37.589077],[-105.494387,37.587983],[-105.494495,37.586408],[-105.494683,37.585542],[-105.494294,37.585008],[-105.493284,37.584223],[-105.492155,37.582681],[-105.490574,37.58262],[-105.489767,37.581996],[-105.486799,37.580031],[-105.485949,37.579279],[-105.485516,37.577899],[-105.480954,37.578655],[-105.478843,37.579877],[-105.476866,37.580444],[-105.471447,37.581263],[-105.469855,37.581871],[-105.467275,37.584424],[-105.466119,37.584686],[-105.464478,37.584609],[-105.463321,37.585952],[-105.461251,37.58681],[-105.460268,37.58673],[-105.454492,37.590483],[-105.454944,37.591104],[-105.454874,37.591509],[-105.454484,37.592032],[-105.4551,37.592715],[-105.454528,37.593249],[-105.455224,37.593915],[-105.452454,37.596197],[-105.451569,37.597519],[-105.451302,37.598467],[-105.44785,37.600252],[-105.447857,37.600881],[-105.448172,37.602409],[-105.447518,37.603267],[-105.445887,37.604287],[-105.445739,37.605903],[-105.445044,37.607875],[-105.443138,37.611078],[-105.442279,37.611851],[-105.441095,37.612217],[-105.43995,37.612188],[-105.438341,37.613288],[-105.437567,37.613471],[-105.436021,37.613578],[-105.434691,37.613422],[-105.431583,37.613386],[-105.430561,37.61375],[-105.42851,37.613905],[-105.427231,37.614516],[-105.426376,37.615095],[-105.423507,37.61678],[-105.420905,37.616719],[-105.416997,37.617413],[-105.414911,37.615883],[-105.412538,37.616447],[-105.410852,37.616983],[-105.4084,37.618],[-105.403256,37.615657],[-105.401075,37.614339],[-105.400312,37.613415],[-105.399858,37.614238],[-105.398034,37.615292],[-105.39615,37.616776],[-105.394377,37.617458],[-105.393426,37.617095],[-105.391365,37.618355],[-105.389669,37.621166],[-105.389837,37.621793],[-105.388903,37.623188],[-105.38749,37.624857],[-105.387408,37.625307],[-105.386984,37.625776],[-105.386551,37.626438],[-105.385117,37.627345],[-105.384571,37.627605],[-105.383468,37.627777],[-105.380797,37.627953],[-105.380729,37.62888],[-105.380508,37.629341],[-105.380044,37.629946],[-105.379176,37.63065],[-105.37841,37.631692],[-105.377585,37.633331],[-105.37689,37.634452],[-105.376011,37.635027],[-105.374732,37.635313],[-105.373751,37.635791],[-105.372852,37.636753],[-105.370809,37.638249],[-105.370506,37.638581],[-105.370305,37.639396],[-105.36987,37.6393],[-105.369282,37.638938],[-105.36824,37.638576],[-105.367238,37.638344],[-105.365841,37.638241],[-105.364537,37.63855],[-105.364041,37.638454],[-105.361115,37.636666],[-105.360487,37.636449],[-105.359678,37.636418],[-105.357604,37.63672],[-105.356774,37.636721],[-105.355641,37.636472],[-105.355034,37.636158],[-105.354781,37.636102],[-105.354588,37.636191],[-105.354761,37.636732],[-105.354509,37.637241],[-105.353234,37.637784],[-105.352021,37.638197],[-105.351343,37.638303],[-105.350361,37.638143],[-105.349845,37.637877],[-105.349289,37.637733],[-105.34856,37.637758],[-105.348226,37.638],[-105.347934,37.638461],[-105.346955,37.641166],[-105.346298,37.641716],[-105.345448,37.642024],[-105.343121,37.642294],[-105.33792,37.642551],[-105.337151,37.642641],[-105.334945,37.643265],[-105.331586,37.643011],[-105.330635,37.642843],[-105.329542,37.642981],[-105.327499,37.64434],[-105.326356,37.644777],[-105.325203,37.644996],[-105.324292,37.645296],[-105.323574,37.645725],[-105.322289,37.646178],[-105.321652,37.64672],[-105.320084,37.647561],[-105.318344,37.648806],[-105.317818,37.648863],[-105.315774,37.648155],[-105.315298,37.648301],[-105.314408,37.648778],[-105.314074,37.649295],[-105.313356,37.649716],[-105.312303,37.649862],[-105.311736,37.650105],[-105.3112,37.650469],[-105.310796,37.65059],[-105.310067,37.650422],[-105.309844,37.650527],[-105.309683,37.65202],[-105.30942,37.652747],[-105.309117,37.653434],[-105.308459,37.653822],[-105.307265,37.653427],[-105.306324,37.653291],[-105.303197,37.653085],[-105.301801,37.653603],[-105.300425,37.654863],[-105.298705,37.656641],[-105.297623,37.658143],[-105.297228,37.658305],[-105.296864,37.658297],[-105.296206,37.657878],[-105.295406,37.656797],[-105.295405,37.655175],[-105.295587,37.654416],[-105.295182,37.653528],[-105.294109,37.652827],[-105.291913,37.65207],[-105.29082,37.651547],[-105.290284,37.651127],[-105.28998,37.650651],[-105.289697,37.650442],[-105.289029,37.65037],[-105.288533,37.650524],[-105.287946,37.650871],[-105.287602,37.651186],[-105.287258,37.651114],[-105.287005,37.650953],[-105.28657,37.650178],[-105.286398,37.649226],[-105.285547,37.646879],[-105.285132,37.646072],[-105.28492,37.645886],[-105.283347,37.645256],[-105.283048,37.645371],[-105.282076,37.645324],[-105.28152,37.645381],[-105.281044,37.645615],[-105.27995,37.646375],[-105.279434,37.646521],[-105.278676,37.646352],[-105.27734,37.645715],[-105.275994,37.645224],[-105.275316,37.644336],[-105.274942,37.643594],[-105.274031,37.642521],[-105.272959,37.641005],[-105.272665,37.640803],[-105.271866,37.640779],[-105.270813,37.641071],[-105.269943,37.6407],[-105.268304,37.640612],[-105.267373,37.640226],[-105.26711,37.639871],[-105.267394,37.639297],[-105.267363,37.638748],[-105.266939,37.638353],[-105.265937,37.638249],[-105.263509,37.639114],[-105.262669,37.639002],[-105.261465,37.639003],[-105.260149,37.639205],[-105.259229,37.639569],[-105.258146,37.640547],[-105.257873,37.640619],[-105.256972,37.640354],[-105.255303,37.640258],[-105.254777,37.639548],[-105.254464,37.638063],[-105.254211,37.637651],[-105.253685,37.637127],[-105.253644,37.636739],[-105.254363,37.63523],[-105.254485,37.634293],[-105.254465,37.633276],[-105.254212,37.632324],[-105.253797,37.631694],[-105.253312,37.631186],[-105.252199,37.630259],[-105.250559,37.629807],[-105.249365,37.629759],[-105.248764,37.629587],[-105.247124,37.629741],[-105.245818,37.629956],[-105.244328,37.629333],[-105.243362,37.629229],[-105.242595,37.626068],[-105.241885,37.624279],[-105.241566,37.623724],[-105.240895,37.623389],[-105.239645,37.622993],[-105.238118,37.622147],[-105.236594,37.621665],[-105.235978,37.620773],[-105.234295,37.620621],[-105.230615,37.620513],[-105.229743,37.620397],[-105.229156,37.62057],[-105.226145,37.620369],[-105.221216,37.621171],[-105.220347,37.621483],[-105.220027,37.62192],[-105.220174,37.622564],[-105.220028,37.623412],[-105.219508,37.624238],[-105.215857,37.626355],[-105.214534,37.626425],[-105.214232,37.626324],[-105.213954,37.625753],[-105.213266,37.625015],[-105.212854,37.624369],[-105.212119,37.623532],[-105.211204,37.623006],[-105.209766,37.622345],[-105.208401,37.621996],[-105.205496,37.620627],[-105.201507,37.619194],[-105.200796,37.619203],[-105.198248,37.619462],[-105.194493,37.619664],[-105.192163,37.619266],[-105.191032,37.619268],[-105.189279,37.619329],[-105.187549,37.619669],[-105.184441,37.615984],[-105.185292,37.615947],[-105.186597,37.615738],[-105.188569,37.615139],[-105.189739,37.614447],[-105.189993,37.614103],[-105.190413,37.61379],[-105.190924,37.613021],[-105.191317,37.612729],[-105.191872,37.612516],[-105.192617,37.611851],[-105.19286,37.610478],[-105.193566,37.610112],[-105.195314,37.609441],[-105.195645,37.608939],[-105.195153,37.608232],[-105.194832,37.607362],[-105.195409,37.604673],[-105.19635,37.603176],[-105.196306,37.602725],[-105.195242,37.601424],[-105.19528,37.601012],[-105.194095,37.601035],[-105.194155,37.599631],[-105.193581,37.598763],[-105.193363,37.598063],[-105.193329,37.594991],[-105.193032,37.59329],[-105.193237,37.592168],[-105.19354,37.592102],[-105.193966,37.592229],[-105.194902,37.592675],[-105.195784,37.592759],[-105.196695,37.592754],[-105.197765,37.593586],[-105.198752,37.594065],[-105.200322,37.594105],[-105.202313,37.594788],[-105.20377,37.594449],[-105.204162,37.593446],[-105.205707,37.590809],[-105.207034,37.589503],[-105.208547,37.588696],[-105.209896,37.587673],[-105.210902,37.586788],[-105.2119,37.586089],[-105.213052,37.585727],[-105.217157,37.584858],[-105.217628,37.584218],[-105.218433,37.583496],[-105.218333,37.582439],[-105.217415,37.58163],[-105.216044,37.581186],[-105.21426,37.579728],[-105.214306,37.57909],[-105.214189,37.578414],[-105.21386,37.577883],[-105.212655,37.577849],[-105.211681,37.577661],[-105.210765,37.57711],[-105.210072,37.57655],[-105.208407,37.576067],[-105.207631,37.57524],[-105.205315,37.574261],[-105.204424,37.574411],[-105.203553,37.574319],[-105.202953,37.574064],[-105.201616,37.574023],[-105.200772,37.573616],[-105.198297,37.571815],[-105.196665,37.570283],[-105.196044,37.569867],[-105.195421,37.569177],[-105.19516,37.568106],[-105.194071,37.56741],[-105.19351,37.566921],[-105.193334,37.566381],[-105.193722,37.565516],[-105.194196,37.565151],[-105.19463,37.564987],[-105.194809,37.564655],[-105.193622,37.56425],[-105.193062,37.56389],[-105.191886,37.562356],[-105.190538,37.56131],[-105.189676,37.560469],[-105.188886,37.559478],[-105.184017,37.555841],[-105.183663,37.555007],[-105.183433,37.553835],[-105.183525,37.553266],[-105.183885,37.552638],[-105.182609,37.552128],[-105.180335,37.549892],[-105.180171,37.549477],[-105.179339,37.548676],[-105.17909,37.547783],[-105.178352,37.546319],[-105.180162,37.546395],[-105.182677,37.546781],[-105.182917,37.546432],[-105.183037,37.545458],[-105.182953,37.544651],[-105.18245,37.54397],[-105.182098,37.54258],[-105.182669,37.54179],[-105.183406,37.541406],[-105.183788,37.540896],[-105.183666,37.539649],[-105.183405,37.538926],[-105.182998,37.538198],[-105.182153,37.537509],[-105.181015,37.53695],[-105.179841,37.536126],[-105.177714,37.534104],[-105.177397,37.532912],[-105.177341,37.531786],[-105.177054,37.530541],[-105.17708,37.530314],[-105.177548,37.529727],[-105.177367,37.52897],[-105.176747,37.527598],[-105.176727,37.526944],[-105.17638,37.526144],[-105.1756,37.525468],[-105.174656,37.525169],[-105.173991,37.524238],[-105.173638,37.522998],[-105.173988,37.521045],[-105.174306,37.520188],[-105.174334,37.51989],[-105.173653,37.519466],[-105.17267,37.519294],[-105.172111,37.519031],[-105.171558,37.518122],[-105.171533,37.517502],[-105.172212,37.516575],[-105.172469,37.516075],[-105.172515,37.515607],[-105.172308,37.515237],[-105.171933,37.514834],[-105.171583,37.514623],[-105.17132,37.513246],[-105.17179,37.512545],[-105.172238,37.512106],[-105.172987,37.510674],[-105.17395,37.509788],[-105.174124,37.509299],[-105.173385,37.505795],[-105.173873,37.50389],[-105.174238,37.502952],[-105.174283,37.502514],[-105.174158,37.5023],[-105.173641,37.501898],[-105.173332,37.501415],[-105.173261,37.500173],[-105.172483,37.49922],[-105.172571,37.498772],[-105.172912,37.498197],[-105.174303,37.496344],[-105.174319,37.495811],[-105.175525,37.494526],[-105.175861,37.494079],[-105.175936,37.493683],[-105.17623,37.493124],[-105.177666,37.491391],[-105.177465,37.490821],[-105.176394,37.490172],[-105.175716,37.489526],[-105.174493,37.486976],[-105.174509,37.486081],[-105.174761,37.485274],[-105.174816,37.485102],[-105.17546,37.484321],[-105.176425,37.483408],[-105.177556,37.482727],[-105.17888,37.482197],[-105.180103,37.481579],[-105.181269,37.480575],[-105.182043,37.479704],[-105.182196,37.479211],[-105.182021,37.478995],[-105.18107,37.478892],[-105.18047,37.478681],[-105.179683,37.478093],[-105.178901,37.477223],[-105.178011,37.476491],[-105.176683,37.475594],[-105.176499,37.474815],[-105.176701,37.473611],[-105.176685,37.472613],[-105.17597,37.470259],[-105.175267,37.466792],[-105.175224,37.46597],[-105.175001,37.465288],[-105.174546,37.464656],[-105.173522,37.46191],[-105.173468,37.461096],[-105.174126,37.459332],[-105.174499,37.458643],[-105.175003,37.457968],[-105.175414,37.457142],[-105.175535,37.456528],[-105.17537,37.456288],[-105.174323,37.455904],[-105.171427,37.455363],[-105.169581,37.456141],[-105.168825,37.456221],[-105.168034,37.456028],[-105.166965,37.455435],[-105.165745,37.454932],[-105.164507,37.454599],[-105.16388,37.454525],[-105.163164,37.454581],[-105.162531,37.454765],[-105.160831,37.455799],[-105.159592,37.456699],[-105.159185,37.457114],[-105.158552,37.457323],[-105.157716,37.45746],[-105.156734,37.457293],[-105.156185,37.45709],[-105.155652,37.456547],[-105.155153,37.455674],[-105.154841,37.45446],[-105.154433,37.453554],[-105.153743,37.452739],[-105.152189,37.451554],[-105.151567,37.449844],[-105.151245,37.448654],[-105.150987,37.447061],[-105.150061,37.444072],[-105.149562,37.443182],[-105.148487,37.442219],[-105.147265,37.441571],[-105.146824,37.441092],[-105.145906,37.438587],[-105.146383,37.437429],[-105.1465,37.436533],[-105.146461,37.436002],[-105.145207,37.434548],[-105.144534,37.433515],[-105.144104,37.432472],[-105.143951,37.431738],[-105.144082,37.431086],[-105.145034,37.429407],[-105.145119,37.428995],[-105.142214,37.429171],[-105.141486,37.429065],[-105.141035,37.428643],[-105.140913,37.427919],[-105.141522,37.423656],[-105.140695,37.421811],[-105.140567,37.4207],[-105.140699,37.419481],[-105.140526,37.418129],[-105.140084,37.416932],[-105.139416,37.415585],[-105.138315,37.414234],[-105.137127,37.413102],[-105.135956,37.412462],[-105.134627,37.411992],[-105.132652,37.411545],[-105.131299,37.411503],[-105.130847,37.411668],[-105.130585,37.411655],[-105.130368,37.410666],[-105.12972,37.409254],[-105.129868,37.408803],[-105.131256,37.406812],[-105.131922,37.405507],[-105.132288,37.404392],[-105.132669,37.403606],[-105.133268,37.403221],[-105.134371,37.402782],[-105.137624,37.401079],[-105.138567,37.400691],[-105.141194,37.400952],[-105.142516,37.400946],[-105.143751,37.400538],[-105.144998,37.400235],[-105.146323,37.400415],[-105.148693,37.400389],[-105.151324,37.400192],[-105.153094,37.399859],[-105.155169,37.399636],[-105.156212,37.39923],[-105.157269,37.398436],[-105.158509,37.397109],[-105.161433,37.393209],[-105.16205,37.392001],[-105.162425,37.391465],[-105.162549,37.390996],[-105.162461,37.390562],[-105.162649,37.390302],[-105.164245,37.389809],[-105.166418,37.38877],[-105.166765,37.388396],[-105.166996,37.38785],[-105.167167,37.385836],[-105.166026,37.383246],[-105.165317,37.381174],[-105.165689,37.380477],[-105.166896,37.378988],[-105.167447,37.378128],[-105.168879,37.375638],[-105.16898,37.375012],[-105.168758,37.374692],[-105.168412,37.373669],[-105.166758,37.372253],[-105.165749,37.369823],[-105.165744,37.36942],[-105.166158,37.367674],[-105.166457,37.365598],[-105.16718,37.364254],[-105.168554,37.362541],[-105.168906,37.361514],[-105.168869,37.360965],[-105.168668,37.360241],[-105.167214,37.358556],[-105.166976,37.358147],[-105.167457,37.356957],[-105.167821,37.355268],[-105.168047,37.354693],[-105.167827,37.354025],[-105.166932,37.353507],[-105.166361,37.353059],[-105.16598,37.352513],[-105.166001,37.351674],[-105.166424,37.349888],[-105.166343,37.348985],[-105.165869,37.347318],[-105.16515,37.346338],[-105.16423,37.345441],[-105.164116,37.345216],[-105.164245,37.34415],[-105.16405,37.343022],[-105.164149,37.342803],[-105.164861,37.342362],[-105.165689,37.341509],[-105.166803,37.339145],[-105.167544,37.337776],[-105.167902,37.337322],[-105.167949,37.337031],[-105.167673,37.33583],[-105.167277,37.334842],[-105.166775,37.334248],[-105.166064,37.33389],[-105.165605,37.33353],[-105.165159,37.332501],[-105.164778,37.331882],[-105.163939,37.330968],[-105.163411,37.329931],[-105.163096,37.328909],[-105.163127,37.328061],[-105.163523,37.327389],[-105.165315,37.325988],[-105.166051,37.325006],[-105.166692,37.323735],[-105.166892,37.322684],[-105.166693,37.321209],[-105.165849,37.319012],[-105.165458,37.317522],[-105.165439,37.31678],[-105.166472,37.315304],[-105.166894,37.314284],[-105.166919,37.313792],[-105.1664,37.312626],[-105.164938,37.308521],[-105.164731,37.307239],[-105.164769,37.304431],[-105.164298,37.303046],[-105.163748,37.301808],[-105.163399,37.300422],[-105.163393,37.299946],[-105.163949,37.299168],[-105.16419,37.298198],[-105.165055,37.296142],[-105.165337,37.295228],[-105.165334,37.294074],[-105.165158,37.292792],[-105.165291,37.292154],[-105.16548,37.29191],[-105.165472,37.291241],[-105.164656,37.2896],[-105.164559,37.289117],[-105.162096,37.290095],[-105.16019,37.291109],[-105.158953,37.292369],[-105.157909,37.292892],[-105.157113,37.293035],[-105.154176,37.293129],[-105.154583,37.250032],[-105.155063,37.125019],[-105.154908,37.022065],[-105.155042,36.995262],[-105.220613,36.995169],[-105.220506,36.994974],[-105.278999,36.995062],[-105.412112,36.995312],[-105.588392,36.99564],[-105.623322,36.995704],[-105.629109,36.995835],[-105.645661,36.995891],[-105.66608,36.99592],[-105.686036,36.995853],[-105.707852,36.995919],[-105.75057,36.995694],[-105.76153,36.995732],[-105.80101,36.995614],[-105.881569,36.995597],[-105.945906,36.995409],[-106.015184,36.995263],[-106.038652,36.995122],[-106.124345,36.994844],[-106.164742,36.994767],[-106.2361,36.994249],[-106.249167,36.994268],[-106.29288,36.994074],[-106.455601,36.993611],[-106.580909,36.993226],[-106.708701,36.992832],[-106.75059,36.992461],[-106.774883,36.992528],[-106.831972,36.992449],[-106.86982,36.992497],[-106.877232,37.0001],[-107.075666,37.000033],[-107.196889,37.000027],[-107.31001,37.000016],[-107.394861,37.000233],[-107.399968,37.000182],[-107.430917,37.000221],[-107.523695,37.000045],[-107.635528,36.999924],[-107.670947,36.999921],[-107.780599,37.000059],[-107.866079,36.999731],[-107.918543,36.999694],[-107.937132,36.999691],[-107.985569,36.999862],[-108.066309,36.999691],[-108.211344,36.999699],[-108.315304,36.999734],[-108.438597,36.999488],[-108.554999,36.999269],[-108.689895,36.999029],[-108.739043,36.99884],[-108.881867,36.998841],[-109.045172,36.998977],[-109.045166,37.072742],[-109.045058,37.074661],[-109.044995,37.086429],[-109.04513,37.092555],[-109.045086,37.120377],[-109.045463,37.156901],[-109.045885,37.187305],[-109.045923,37.19961],[-109.045335,37.21394],[-109.045844,37.301995],[-109.04564,37.359723],[-109.045184,37.40623],[-109.044861,37.422442],[-109.04369,37.472528],[-109.042577,37.514018],[-109.041785,37.548003],[-109.041572,37.562138],[-109.041932,37.576253],[-109.041982,37.58701],[-109.041874,37.623515],[-109.04194,37.666936],[-109.041844,37.68779],[-109.042029,37.740254],[-109.041944,37.8265],[-109.042128,37.939193],[-109.04204,37.943812],[-109.042504,37.954918],[-109.042775,37.96604],[-109.042947,37.979906],[-109.042866,38.03642],[-109.042234,38.051098],[-109.041979,38.079557],[-109.04258,38.093799],[-109.04265,38.126571],[-109.042572,38.157016],[-109.042835,38.166268],[-109.060187,38.275528]]]}},{"type":"Feature","properties":{"d":7,"label":[-108.43571,38.94257],"area":3539.1},"geometry":{"type":"Polygon","coordinates":[[[-109.060145,38.50699],[-109.060041,38.514109],[-109.060025,38.550385],[-109.059696,38.619165],[-109.059689,38.666845],[-109.059824,38.714746],[-109.05895,38.753405],[-109.057365,38.797548],[-109.054022,38.877161],[-109.053441,38.934605],[-109.052748,38.990717],[-109.051937,39.069425],[-109.051666,39.105097],[-109.051166,39.142603],[-109.051318,39.186613],[-109.05103,39.227126],[-109.051099,39.307326],[-109.051016,39.35007],[-109.050701,39.360945],[-109.050765,39.366677],[-109.000663,39.366377],[-108.981103,39.366322],[-108.977183,39.366392],[-108.973735,39.366599],[-108.925279,39.36651],[-108.908064,39.366711],[-108.905275,39.366524],[-108.875659,39.366531],[-108.875035,39.366273],[-108.865853,39.366248],[-108.750655,39.366486],[-108.747389,39.366608],[-108.738134,39.366592],[-108.736757,39.366467],[-108.570171,39.366488],[-108.500647,39.366016],[-108.496991,39.3661],[-108.491785,39.366109],[-108.48543,39.365985],[-108.466016,39.365951],[-108.428538,39.366053],[-108.409607,39.365983],[-108.408243,39.366454],[-108.402353,39.366358],[-108.392005,39.366543],[-108.385961,39.366446],[-108.385129,39.366509],[-108.382802,39.366396],[-108.378852,39.366574],[-108.375643,39.366635],[-108.367587,39.366122],[-108.266299,39.366329],[-108.25836,39.366207],[-108.250637,39.366361],[-108.248746,39.366614],[-108.240878,39.366571],[-108.211551,39.366171],[-108.170169,39.366265],[-108.159085,39.366201],[-108.113874,39.366234],[-108.106015,39.366151],[-108.094045,39.366141],[-108.00687,39.366174],[-108.000627,39.366268],[-107.988401,39.366129],[-107.985185,39.366187],[-107.954085,39.366254],[-107.893704,39.366195],[-107.884138,39.366195],[-107.875622,39.366297],[-107.750616,39.366244],[-107.713338,39.36613],[-107.625613,39.366373],[-107.607257,39.366149],[-107.559569,39.36613],[-107.550707,39.366046],[-107.500609,39.36611],[-107.491627,39.366263],[-107.430949,39.366178],[-107.429817,39.364006],[-107.429429,39.363792],[-107.428858,39.363307],[-107.428458,39.36248],[-107.428449,39.361972],[-107.42865,39.360534],[-107.429105,39.359884],[-107.429144,39.359206],[-107.429075,39.358287],[-107.428778,39.357436],[-107.428807,39.356193],[-107.429134,39.355383],[-107.429602,39.354894],[-107.429982,39.354672],[-107.430318,39.354281],[-107.430402,39.35378],[-107.430166,39.349597],[-107.430514,39.348222],[-107.432271,39.34721],[-107.433117,39.346959],[-107.434018,39.346804],[-107.435589,39.34694],[-107.436187,39.346755],[-107.436762,39.346386],[-107.437116,39.345914],[-107.437475,39.345136],[-107.438873,39.343282],[-107.438686,39.342735],[-107.438271,39.34224],[-107.438539,39.341019],[-107.43903,39.340659],[-107.439668,39.340337],[-107.440385,39.340369],[-107.440964,39.340218],[-107.442905,39.339083],[-107.443413,39.338505],[-107.444091,39.337005],[-107.445511,39.335263],[-107.446053,39.334822],[-107.446874,39.334328],[-107.447709,39.334061],[-107.448385,39.333578],[-107.449998,39.332664],[-107.450309,39.332128],[-107.450819,39.330034],[-107.453475,39.328843],[-107.454235,39.328955],[-107.454864,39.329303],[-107.455458,39.329393],[-107.457661,39.328973],[-107.458389,39.328521],[-107.460043,39.328156],[-107.46093,39.327823],[-107.46189,39.32757],[-107.462527,39.327224],[-107.462698,39.326964],[-107.462346,39.326444],[-107.462488,39.325733],[-107.463414,39.32427],[-107.465304,39.322668],[-107.465798,39.322469],[-107.465957,39.32212],[-107.465753,39.321768],[-107.465227,39.321379],[-107.46516,39.321137],[-107.464802,39.320883],[-107.464394,39.320719],[-107.464117,39.320343],[-107.464127,39.318745],[-107.463759,39.317967],[-107.463378,39.3176],[-107.463256,39.317182],[-107.463239,39.316852],[-107.463733,39.316088],[-107.465056,39.314742],[-107.465214,39.314337],[-107.465057,39.314242],[-107.462692,39.313793],[-107.461749,39.313344],[-107.461019,39.312618],[-107.459829,39.310647],[-107.459478,39.310208],[-107.459229,39.309686],[-107.458524,39.309735],[-107.457765,39.30967],[-107.457232,39.309499],[-107.456937,39.309236],[-107.456919,39.308325],[-107.457028,39.308033],[-107.456763,39.307238],[-107.456456,39.306927],[-107.454498,39.306545],[-107.451667,39.304528],[-107.450938,39.304383],[-107.450119,39.304425],[-107.449655,39.304559],[-107.449027,39.305381],[-107.448555,39.305676],[-107.447912,39.305667],[-107.447208,39.305788],[-107.446791,39.306204],[-107.445278,39.30852],[-107.44491,39.308798],[-107.443618,39.308506],[-107.441958,39.308548],[-107.440615,39.308394],[-107.440232,39.30843],[-107.439802,39.308774],[-107.439308,39.308981],[-107.4388,39.309019],[-107.438684,39.308891],[-107.438564,39.308046],[-107.437665,39.306676],[-107.437772,39.305764],[-107.438038,39.305035],[-107.4383,39.304596],[-107.438828,39.303921],[-107.439359,39.303455],[-107.439641,39.302984],[-107.439734,39.302491],[-107.43953,39.302098],[-107.439138,39.301716],[-107.43788,39.301004],[-107.437479,39.299564],[-107.437206,39.299398],[-107.43681,39.299322],[-107.435252,39.29925],[-107.434731,39.298594],[-107.433495,39.298527],[-107.431874,39.298973],[-107.431169,39.299005],[-107.429584,39.298587],[-107.42518,39.297812],[-107.423737,39.297255],[-107.422924,39.297071],[-107.421918,39.297082],[-107.421167,39.296856],[-107.420364,39.296131],[-107.419588,39.295655],[-107.418576,39.294835],[-107.417112,39.294246],[-107.415697,39.29402],[-107.414987,39.293786],[-107.413888,39.292734],[-107.413291,39.29241],[-107.412972,39.292002],[-107.412606,39.291877],[-107.410241,39.292991],[-107.409329,39.293638],[-107.408983,39.294005],[-107.408559,39.294098],[-107.406776,39.293037],[-107.404895,39.292723],[-107.403835,39.292786],[-107.402835,39.29316],[-107.401764,39.293599],[-107.400151,39.294455],[-107.398513,39.29511],[-107.396955,39.294465],[-107.396654,39.293912],[-107.396899,39.293111],[-107.397475,39.29229],[-107.397684,39.29182],[-107.397593,39.291377],[-107.396511,39.290663],[-107.396221,39.290101],[-107.396148,39.289513],[-107.396429,39.288437],[-107.396456,39.287687],[-107.396339,39.286373],[-107.396755,39.285304],[-107.397,39.283987],[-107.396961,39.28356],[-107.396157,39.282681],[-107.395652,39.282307],[-107.394357,39.281845],[-107.393958,39.281592],[-107.393764,39.281206],[-107.393798,39.280819],[-107.394171,39.280178],[-107.394216,39.279814],[-107.394073,39.279388],[-107.393344,39.279235],[-107.392119,39.279207],[-107.390174,39.278922],[-107.388337,39.27832],[-107.387157,39.277881],[-107.383285,39.275502],[-107.382189,39.275127],[-107.381536,39.275126],[-107.38063,39.275522],[-107.379835,39.27574],[-107.379323,39.275536],[-107.378376,39.274804],[-107.377727,39.273335],[-107.377479,39.272208],[-107.377663,39.271488],[-107.378294,39.270272],[-107.37865,39.269889],[-107.379175,39.269101],[-107.379944,39.268601],[-107.380943,39.268203],[-107.38239,39.267914],[-107.383518,39.267773],[-107.384403,39.267408],[-107.387123,39.265815],[-107.390818,39.264267],[-107.391465,39.263881],[-107.391663,39.263379],[-107.39168,39.262637],[-107.391417,39.261308],[-107.391425,39.260591],[-107.391708,39.260168],[-107.393699,39.259026],[-107.394161,39.257666],[-107.394498,39.257348],[-107.394558,39.256694],[-107.394486,39.256299],[-107.395401,39.255717],[-107.395958,39.254985],[-107.397916,39.25373],[-107.400297,39.252946],[-107.401132,39.253252],[-107.403279,39.25385],[-107.40413,39.253889],[-107.40717,39.253412],[-107.40792,39.25359],[-107.409316,39.254446],[-107.410147,39.254526],[-107.410696,39.254479],[-107.411501,39.254277],[-107.412613,39.254418],[-107.413447,39.254732],[-107.414216,39.25528],[-107.414823,39.255596],[-107.416175,39.255807],[-107.418146,39.255842],[-107.418846,39.255553],[-107.419682,39.255334],[-107.421947,39.255575],[-107.422536,39.25598],[-107.424045,39.256294],[-107.424402,39.256492],[-107.424381,39.257597],[-107.424569,39.257644],[-107.425553,39.257584],[-107.426914,39.25773],[-107.428073,39.257596],[-107.429584,39.257286],[-107.430173,39.256767],[-107.430524,39.256698],[-107.430521,39.256505],[-107.430139,39.256033],[-107.429887,39.255326],[-107.429762,39.25369],[-107.430104,39.252541],[-107.43002,39.251937],[-107.429526,39.251079],[-107.429403,39.250589],[-107.42978,39.250229],[-107.429826,39.249981],[-107.430416,39.248999],[-107.430611,39.248248],[-107.43064,39.247441],[-107.430544,39.246643],[-107.429775,39.24453],[-107.429754,39.243821],[-107.429412,39.243195],[-107.4292,39.24223],[-107.429455,39.241348],[-107.430261,39.240541],[-107.431299,39.240079],[-107.431877,39.23992],[-107.434223,39.239589],[-107.435811,39.239146],[-107.436729,39.238297],[-107.43715,39.238051],[-107.437801,39.237924],[-107.438714,39.237342],[-107.439515,39.236946],[-107.440371,39.236736],[-107.442842,39.236468],[-107.443108,39.236248],[-107.443747,39.234781],[-107.444216,39.234333],[-107.445109,39.233816],[-107.446395,39.233262],[-107.449785,39.232251],[-107.450656,39.231621],[-107.450838,39.231369],[-107.451075,39.230673],[-107.451292,39.230614],[-107.453284,39.230207],[-107.454423,39.230243],[-107.455806,39.229955],[-107.456939,39.229531],[-107.457786,39.229402],[-107.458593,39.229393],[-107.45902,39.22951],[-107.46042,39.230277],[-107.460773,39.230314],[-107.46147,39.229895],[-107.463486,39.228414],[-107.463889,39.228354],[-107.465716,39.228649],[-107.46701,39.228636],[-107.467805,39.228474],[-107.468231,39.228574],[-107.469035,39.228356],[-107.469294,39.228378],[-107.470359,39.228899],[-107.471317,39.229203],[-107.472257,39.229072],[-107.473252,39.229118],[-107.474701,39.229046],[-107.47521,39.229194],[-107.475893,39.229743],[-107.477437,39.23046],[-107.477899,39.230818],[-107.478049,39.231155],[-107.478019,39.231841],[-107.478097,39.232163],[-107.478436,39.232627],[-107.47856,39.23323],[-107.478878,39.233646],[-107.479284,39.233779],[-107.480508,39.233895],[-107.480862,39.23402],[-107.481699,39.234552],[-107.482101,39.235048],[-107.482877,39.23562],[-107.483549,39.235581],[-107.484209,39.23538],[-107.484393,39.235217],[-107.484675,39.234117],[-107.484835,39.233817],[-107.484861,39.232905],[-107.485035,39.232137],[-107.485767,39.231307],[-107.485791,39.230879],[-107.485651,39.229953],[-107.485813,39.229113],[-107.486893,39.226795],[-107.487367,39.226049],[-107.487753,39.225609],[-107.48851,39.22506],[-107.489009,39.224547],[-107.490582,39.22324],[-107.491587,39.222656],[-107.492332,39.222044],[-107.492819,39.221466],[-107.493308,39.220323],[-107.493643,39.219973],[-107.493802,39.219584],[-107.494549,39.218423],[-107.49497,39.218225],[-107.497556,39.217463],[-107.49796,39.217459],[-107.498614,39.217573],[-107.499904,39.21793],[-107.500966,39.217926],[-107.501814,39.217692],[-107.502406,39.2174],[-107.50479,39.217339],[-107.505382,39.217065],[-107.506173,39.21649],[-107.506403,39.216458],[-107.507296,39.216826],[-107.509605,39.216605],[-107.51068,39.216212],[-107.511795,39.215675],[-107.512777,39.214627],[-107.513832,39.214],[-107.516642,39.210327],[-107.517487,39.209651],[-107.5183,39.208768],[-107.519272,39.20745],[-107.520294,39.206545],[-107.520678,39.206284],[-107.521033,39.206169],[-107.522117,39.206028],[-107.523673,39.205517],[-107.524489,39.204688],[-107.527505,39.203884],[-107.528196,39.203455],[-107.528838,39.202936],[-107.529001,39.202644],[-107.529016,39.202428],[-107.528908,39.202304],[-107.528348,39.201884],[-107.526605,39.201066],[-107.526071,39.200708],[-107.52525,39.199446],[-107.524768,39.198916],[-107.523311,39.198002],[-107.523214,39.19786],[-107.523304,39.197786],[-107.526429,39.198718],[-107.527432,39.19893],[-107.528443,39.199026],[-107.531166,39.199102],[-107.533349,39.198928],[-107.534821,39.198671],[-107.537584,39.197899],[-107.541576,39.196235],[-107.542569,39.195502],[-107.543302,39.194648],[-107.5436,39.193903],[-107.543516,39.193499],[-107.542904,39.192269],[-107.542801,39.191668],[-107.542876,39.190522],[-107.54318,39.188677],[-107.543777,39.186935],[-107.543809,39.186222],[-107.543652,39.185739],[-107.543397,39.185411],[-107.542335,39.184849],[-107.541891,39.184714],[-107.541712,39.184565],[-107.541785,39.184347],[-107.54237,39.18356],[-107.542351,39.182722],[-107.542548,39.182403],[-107.542842,39.182198],[-107.543364,39.181925],[-107.54456,39.181692],[-107.546357,39.181446],[-107.547558,39.181383],[-107.548951,39.181164],[-107.54989,39.180882],[-107.552151,39.179688],[-107.553674,39.17924],[-107.554644,39.178859],[-107.556929,39.17834],[-107.558118,39.178269],[-107.560821,39.178426],[-107.561231,39.17857],[-107.562761,39.179581],[-107.5648,39.180572],[-107.565914,39.180971],[-107.567423,39.181397],[-107.56791,39.181423],[-107.568439,39.181339],[-107.569177,39.180935],[-107.569831,39.180146],[-107.570491,39.178231],[-107.57099,39.177643],[-107.572992,39.176347],[-107.574257,39.175814],[-107.577025,39.174897],[-107.57791,39.174733],[-107.579425,39.1747],[-107.581281,39.174505],[-107.582462,39.1742],[-107.583626,39.173733],[-107.583981,39.173319],[-107.584735,39.171789],[-107.585936,39.171087],[-107.588199,39.169361],[-107.588456,39.169112],[-107.58896,39.168335],[-107.589407,39.167901],[-107.589939,39.167565],[-107.590999,39.167109],[-107.592816,39.165853],[-107.593056,39.165144],[-107.593303,39.164932],[-107.593877,39.16482],[-107.594679,39.16491],[-107.595856,39.164803],[-107.596832,39.164601],[-107.598056,39.164222],[-107.598379,39.164197],[-107.59916,39.164342],[-107.599495,39.164334],[-107.601027,39.16412],[-107.601759,39.163905],[-107.602728,39.163487],[-107.605325,39.16206],[-107.607107,39.16175],[-107.60746,39.161571],[-107.608694,39.159912],[-107.609345,39.159357],[-107.609767,39.158879],[-107.610189,39.157771],[-107.611056,39.156499],[-107.611808,39.156185],[-107.612714,39.15566],[-107.613947,39.15456],[-107.614289,39.154435],[-107.614675,39.154535],[-107.616945,39.155529],[-107.617946,39.15538],[-107.619108,39.154886],[-107.619658,39.154432],[-107.619866,39.154112],[-107.619948,39.15384],[-107.619835,39.153266],[-107.619887,39.152796],[-107.619923,39.152543],[-107.620129,39.152169],[-107.621279,39.151035],[-107.622729,39.150822],[-107.624557,39.150204],[-107.625636,39.149639],[-107.626244,39.149184],[-107.627845,39.149004],[-107.62892,39.148043],[-107.630103,39.146575],[-107.630515,39.145511],[-107.63053,39.144979],[-107.630812,39.143847],[-107.631638,39.143035],[-107.6318,39.141797],[-107.632015,39.141378],[-107.632415,39.140919],[-107.633067,39.140715],[-107.633935,39.140731],[-107.634726,39.140857],[-107.636119,39.141285],[-107.637614,39.141963],[-107.637893,39.14202],[-107.638281,39.141867],[-107.639373,39.141068],[-107.640045,39.140458],[-107.641402,39.138094],[-107.64251,39.137077],[-107.644212,39.135886],[-107.64565,39.13443],[-107.646018,39.133763],[-107.647926,39.131279],[-107.648201,39.131218],[-107.65072,39.131143],[-107.651314,39.130931],[-107.651952,39.129764],[-107.652884,39.128391],[-107.653625,39.126563],[-107.65368,39.125562],[-107.653385,39.125091],[-107.653425,39.124622],[-107.65376,39.124002],[-107.654566,39.123596],[-107.654876,39.123228],[-107.656183,39.122928],[-107.656603,39.122694],[-107.657663,39.121372],[-107.657816,39.120522],[-107.658449,39.119823],[-107.660301,39.118627],[-107.661086,39.118276],[-107.661734,39.117675],[-107.662674,39.116239],[-107.662645,39.115754],[-107.662367,39.114823],[-107.661814,39.113971],[-107.661094,39.113285],[-107.659818,39.112548],[-107.660309,39.111771],[-107.661723,39.110946],[-107.664604,39.109447],[-107.667614,39.10891],[-107.668987,39.108843],[-107.669858,39.108624],[-107.670505,39.108303],[-107.671439,39.107633],[-107.671934,39.106955],[-107.67278,39.105467],[-107.673168,39.104413],[-107.673789,39.101886],[-107.67384,39.101092],[-107.674707,39.100774],[-107.676345,39.100385],[-107.677498,39.100305],[-107.679379,39.100505],[-107.680815,39.100256],[-107.680986,39.099891],[-107.680989,39.099044],[-107.681792,39.097062],[-107.682227,39.095728],[-107.682705,39.093383],[-107.682945,39.092702],[-107.683492,39.092194],[-107.684834,39.091307],[-107.685294,39.090918],[-107.686023,39.090045],[-107.686883,39.088629],[-107.687577,39.088037],[-107.688813,39.087404],[-107.689556,39.087171],[-107.690852,39.087213],[-107.692842,39.087573],[-107.693545,39.087511],[-107.693761,39.087407],[-107.694111,39.086886],[-107.694184,39.08637],[-107.694114,39.085138],[-107.694665,39.085035],[-107.695694,39.085038],[-107.697035,39.084746],[-107.700007,39.083857],[-107.703876,39.084993],[-107.704654,39.084785],[-107.70778,39.083695],[-107.709121,39.083087],[-107.709775,39.082657],[-107.71021,39.082242],[-107.710303,39.081672],[-107.71009,39.081227],[-107.710842,39.081254],[-107.712581,39.080781],[-107.713267,39.080279],[-107.71304,39.079482],[-107.713047,39.079068],[-107.714952,39.075987],[-107.715358,39.075726],[-107.716013,39.075026],[-107.716273,39.074281],[-107.717258,39.074051],[-107.717565,39.073899],[-107.718684,39.071738],[-107.719918,39.070484],[-107.720341,39.070357],[-107.72079,39.070004],[-107.721136,39.069384],[-107.721216,39.069066],[-107.721393,39.068864],[-107.722124,39.068622],[-107.722241,39.068376],[-107.722215,39.068007],[-107.721767,39.067477],[-107.722197,39.06662],[-107.721624,39.065255],[-107.723055,39.065185],[-107.727999,39.066043],[-107.729149,39.066196],[-107.729944,39.066132],[-107.730755,39.065888],[-107.731078,39.065583],[-107.731388,39.065207],[-107.732216,39.063007],[-107.73263,39.062961],[-107.732969,39.063052],[-107.733634,39.064118],[-107.734262,39.064833],[-107.734523,39.065602],[-107.735023,39.066275],[-107.737004,39.065516],[-107.737375,39.065544],[-107.737988,39.06616],[-107.741881,39.064023],[-107.742462,39.063793],[-107.742427,39.063506],[-107.743392,39.062744],[-107.743945,39.062704],[-107.744399,39.062189],[-107.744702,39.061362],[-107.744677,39.060723],[-107.744115,39.060232],[-107.744881,39.059727],[-107.742486,39.059342],[-107.743564,39.057948],[-107.74389,39.057706],[-107.745023,39.057715],[-107.745563,39.057648],[-107.746251,39.057218],[-107.747391,39.055929],[-107.750598,39.053989],[-107.751096,39.05404],[-107.751653,39.054396],[-107.752716,39.05438],[-107.75388,39.054308],[-107.754585,39.054021],[-107.755267,39.054023],[-107.755609,39.053898],[-107.755875,39.053324],[-107.756219,39.052955],[-107.756401,39.052293],[-107.756283,39.050737],[-107.756077,39.049895],[-107.756184,39.049668],[-107.756751,39.049393],[-107.757572,39.04941],[-107.757822,39.049314],[-107.758184,39.048828],[-107.758391,39.048192],[-107.758691,39.047879],[-107.759472,39.047761],[-107.7599,39.047796],[-107.7615,39.047632],[-107.762411,39.047304],[-107.763044,39.047226],[-107.763517,39.046926],[-107.763943,39.046295],[-107.764072,39.045445],[-107.765059,39.044683],[-107.76549,39.043294],[-107.766525,39.043765],[-107.767215,39.043983],[-107.768948,39.043978],[-107.769658,39.043835],[-107.7704,39.043583],[-107.771085,39.043693],[-107.77169,39.044669],[-107.773968,39.047084],[-107.774582,39.04742],[-107.775419,39.047554],[-107.776216,39.047859],[-107.776685,39.048316],[-107.777788,39.049641],[-107.779453,39.052025],[-107.780097,39.05255],[-107.781702,39.053098],[-107.782359,39.05364],[-107.782697,39.053722],[-107.783379,39.053733],[-107.783722,39.053932],[-107.784281,39.054622],[-107.786341,39.056194],[-107.786878,39.056325],[-107.787742,39.056251],[-107.788944,39.056276],[-107.789877,39.057956],[-107.790309,39.05836],[-107.790977,39.059191],[-107.792277,39.060511],[-107.792779,39.060914],[-107.793747,39.061449],[-107.797452,39.062802],[-107.798705,39.062916],[-107.801333,39.063618],[-107.80213,39.064788],[-107.803942,39.065024],[-107.806712,39.065516],[-107.80905,39.066487],[-107.81079,39.066652],[-107.811895,39.066832],[-107.813461,39.067263],[-107.81595,39.068257],[-107.818975,39.069625],[-107.819297,39.070176],[-107.819333,39.070788],[-107.81972,39.070914],[-107.820401,39.070906],[-107.821753,39.070513],[-107.821299,39.069869],[-107.82148,39.06977],[-107.821568,39.06961],[-107.82148,39.069381],[-107.820658,39.069038],[-107.819044,39.068055],[-107.816961,39.067151],[-107.817021,39.055172],[-107.817428,39.054949],[-107.817604,39.05456],[-107.817457,39.054217],[-107.817027,39.053877],[-107.817296,38.999988],[-107.817994,38.903331],[-107.818589,38.902962],[-107.819847,38.902711],[-107.820023,38.902549],[-107.820023,38.901909],[-107.821106,38.900879],[-107.822774,38.900127],[-107.822979,38.899896],[-107.822949,38.899415],[-107.823388,38.898684],[-107.823593,38.897954],[-107.824149,38.897589],[-107.825115,38.897223],[-107.827368,38.895939],[-107.827433,38.8958],[-107.82761,38.876698],[-107.836429,38.876718],[-107.836766,38.87662],[-107.841491,38.876546],[-107.850276,38.876623],[-107.850438,38.880217],[-107.850946,38.880218],[-107.850833,38.879967],[-107.85095,38.879671],[-107.851711,38.87967],[-107.852004,38.879465],[-107.852032,38.878825],[-107.852325,38.878619],[-107.853203,38.878228],[-107.853495,38.877978],[-107.853524,38.877221],[-107.853611,38.877016],[-107.854343,38.876993],[-107.854226,38.876374],[-107.854489,38.875805],[-107.855395,38.875314],[-107.856479,38.875279],[-107.857157,38.874492],[-107.857187,38.874225],[-107.856893,38.873814],[-107.856893,38.873399],[-107.85701,38.873171],[-107.857419,38.872805],[-107.868502,38.872257],[-107.890204,38.872043],[-107.895263,38.87217],[-107.895117,38.871872],[-107.904727,38.871849],[-107.905006,38.871644],[-107.905269,38.871164],[-107.905796,38.870867],[-107.907522,38.870685],[-107.908546,38.871074],[-107.909687,38.871784],[-107.910418,38.872081],[-107.910682,38.872106],[-107.911179,38.871922],[-107.912144,38.871876],[-107.91352,38.871233],[-107.914304,38.870745],[-107.915983,38.871796],[-107.930015,38.871587],[-107.93032,38.8717],[-107.930529,38.871668],[-107.930613,38.871583],[-107.933246,38.871559],[-107.933334,38.874279],[-107.938822,38.874215],[-107.940232,38.872861],[-107.940875,38.871898],[-107.942598,38.87114],[-107.942464,38.871412],[-107.971068,38.871228],[-107.98889,38.871317],[-108.005919,38.871295],[-108.006657,38.871826],[-108.007525,38.872136],[-108.008183,38.872927],[-108.008788,38.87323],[-108.009607,38.873407],[-108.010071,38.873733],[-108.010361,38.873834],[-108.010822,38.873804],[-108.011308,38.87362],[-108.011605,38.873184],[-108.011741,38.873113],[-108.013101,38.873105],[-108.013788,38.873214],[-108.014017,38.873176],[-108.014238,38.872801],[-108.014785,38.872382],[-108.014867,38.871848],[-108.014751,38.871297],[-108.025436,38.871271],[-108.025965,38.871367],[-108.031507,38.871381],[-108.033667,38.871225],[-108.060575,38.871338],[-108.060554,38.871434],[-108.119241,38.871478],[-108.11976,38.871532],[-108.120498,38.871481],[-108.12051,38.871148],[-108.176817,38.871358],[-108.176697,38.868675],[-108.178385,38.868652],[-108.230514,38.869499],[-108.255869,38.869638],[-108.334323,38.843747],[-108.37622,38.830174],[-108.378333,38.829426],[-108.378953,38.829108],[-108.37884,38.821085],[-108.378999,38.776657],[-108.378768,38.765275],[-108.37871,38.754648],[-108.378807,38.733975],[-108.378695,38.67797],[-108.378711,38.593795],[-108.378631,38.58548],[-108.378665,38.502197],[-108.379136,38.499987],[-108.536667,38.499987],[-108.719587,38.499987],[-108.891454,38.499987],[-109.060091,38.499989],[-109.060145,38.50699]]]}},{"type":"Feature","properties":{"d":8,"label":[-107.36447,40.18823],"area":18805.6},"geometry":{"type":"Polygon","coordinates":[[[-109.051432,39.524689],[-109.051441,39.58247],[-109.051276,39.607548],[-109.051189,39.651152],[-109.051316,39.676029],[-109.051099,39.726444],[-109.050956,39.821031],[-109.050334,39.852406],[-109.050688,39.957847],[-109.051157,40.008238],[-109.050885,40.03424],[-109.051001,40.046928],[-109.050763,40.092604],[-109.051021,40.119884],[-109.050939,40.124385],[-109.050973,40.180849],[-109.050887,40.194351],[-109.050976,40.209204],[-109.050943,40.2524],[-109.051024,40.271834],[-109.050801,40.374967],[-109.05091,40.428183],[-109.051245,40.441599],[-109.050092,40.529198],[-109.048956,40.561615],[-109.04801,40.580977],[-109.048085,40.595109],[-109.047767,40.609879],[-109.04828,40.639732],[-109.048944,40.662601],[-109.048432,40.662601],[-109.048994,40.684446],[-109.049088,40.714503],[-109.048786,40.751433],[-109.048733,40.782808],[-109.048455,40.826081],[-109.048509,40.832084],[-109.048631,40.833703],[-109.048642,40.836063],[-109.048841,40.837821],[-109.048846,40.862762],[-109.048969,40.873008],[-109.048877,40.887761],[-109.049015,40.891502],[-109.049277,40.908646],[-109.050026,41.000691],[-109.024975,41.000459],[-109.000532,41.000558],[-108.884138,41.000094],[-108.875671,41.000166],[-108.859513,41.000127],[-108.85377,41.000031],[-108.849709,41.000114],[-108.822867,41.000153],[-108.817489,41.000105],[-108.792444,41.000201],[-108.776621,41.0001],[-108.750667,41.000187],[-108.740026,41.000069],[-108.631108,41.000156],[-108.625663,40.999962],[-108.561854,40.999962],[-108.561413,40.999795],[-108.556311,40.999619],[-108.538795,40.999721],[-108.526029,40.999592],[-108.520688,40.999785],[-108.519605,40.999962],[-108.500659,41.000112],[-108.375653,41.000013],[-108.250649,41.000114],[-108.24972,41.000362],[-108.228681,41.000319],[-108.222193,41.000396],[-108.209644,41.000329],[-108.206461,41.000412],[-108.181227,41.000455],[-108.173683,41.00061],[-108.168361,41.000606],[-108.149321,41.000962],[-108.126215,41.001276],[-108.125642,41.001334],[-108.122619,41.001198],[-108.10531,41.001395],[-108.089508,41.001233],[-108.089224,41.001578],[-108.046539,41.002064],[-108.024237,41.002064],[-108.000636,41.001814],[-107.97033,41.002012],[-107.875632,41.002023],[-107.866639,41.001932],[-107.784792,41.001929],[-107.750627,41.001971],[-107.706884,41.002173],[-107.625649,41.002123],[-107.50062,41.002349],[-107.478678,41.002671],[-107.367541,41.003073],[-107.353777,41.002989],[-107.307172,41.002949],[-107.274899,41.002828],[-107.250612,41.002881],[-107.241194,41.002804],[-107.217919,41.002829],[-107.102262,41.00312],[-107.092001,41.003245],[-107.000606,41.003444],[-106.8756,41.002996],[-106.857773,41.002663],[-106.751902,41.002702],[-106.625592,41.00211],[-106.593895,41.002129],[-106.500588,41.001895],[-106.493979,41.00214],[-106.455715,41.002118],[-106.453757,41.002046],[-106.439563,41.001978],[-106.437419,41.001795],[-106.43095,41.001752],[-106.398637,41.001097],[-106.391852,41.001176],[-106.389557,41.0011],[-106.386356,41.001144],[-106.353966,40.999971],[-106.351425,40.999972],[-106.346414,40.999637],[-106.326456,40.999275],[-106.314218,40.998923],[-106.250377,40.998283],[-106.218013,40.997737],[-106.190554,40.997578],[-106.190725,40.997018],[-106.19097,40.996696],[-106.191556,40.996285],[-106.191758,40.995874],[-106.191727,40.995212],[-106.191952,40.994446],[-106.192357,40.993688],[-106.193634,40.992599],[-106.194871,40.991132],[-106.195372,40.989938],[-106.195438,40.988195],[-106.195333,40.987558],[-106.19494,40.986936],[-106.194366,40.986783],[-106.193409,40.986758],[-106.191974,40.986507],[-106.191496,40.986337],[-106.191124,40.98603],[-106.190553,40.984255],[-106.190628,40.983908],[-106.190777,40.983634],[-106.192139,40.982836],[-106.192267,40.982562],[-106.192065,40.982255],[-106.191534,40.981964],[-106.191025,40.981077],[-106.190464,40.979898],[-106.19004,40.97864],[-106.190041,40.977905],[-106.190405,40.976098],[-106.190206,40.974541],[-106.18973,40.973089],[-106.189422,40.972516],[-106.189136,40.972265],[-106.18785,40.971708],[-106.187097,40.971167],[-106.186737,40.970214],[-106.186664,40.969158],[-106.186824,40.968827],[-106.186751,40.968052],[-106.187701,40.964906],[-106.187447,40.964551],[-106.186884,40.964277],[-106.185673,40.964187],[-106.184844,40.963831],[-106.184898,40.963315],[-106.185421,40.962315],[-106.185527,40.961936],[-106.18529,40.961454],[-106.185253,40.961032],[-106.185763,40.960476],[-106.186359,40.960242],[-106.186838,40.959888],[-106.187169,40.959388],[-106.187391,40.95872],[-106.187266,40.958105],[-106.186829,40.957425],[-106.186023,40.956756],[-106.184884,40.956116],[-106.18449,40.955621],[-106.184226,40.955207],[-106.184359,40.954603],[-106.184562,40.953941],[-106.184978,40.953167],[-106.185629,40.952248],[-106.18665,40.951013],[-106.187651,40.950166],[-106.18797,40.949651],[-106.188386,40.948433],[-106.189047,40.94707],[-106.189293,40.945893],[-106.189124,40.945223],[-106.188382,40.944061],[-106.188309,40.943326],[-106.188077,40.942519],[-106.187557,40.941793],[-106.187166,40.940825],[-106.187241,40.940139],[-106.187157,40.93934],[-106.187599,40.937745],[-106.186668,40.93681],[-106.18617,40.936727],[-106.185833,40.934814],[-106.185307,40.933973],[-106.184022,40.933472],[-106.181624,40.932018],[-106.180732,40.931679],[-106.179945,40.931521],[-106.178989,40.930765],[-106.178913,40.930431],[-106.178728,40.930257],[-106.177234,40.929481],[-106.175893,40.928254],[-106.174601,40.926245],[-106.173435,40.924783],[-106.171737,40.92412],[-106.170028,40.923804],[-106.169433,40.923513],[-106.169084,40.922868],[-106.16899,40.922158],[-106.169001,40.92173],[-106.169485,40.920315],[-106.169487,40.920047],[-106.169051,40.919207],[-106.16817,40.918398],[-106.166356,40.917683],[-106.163044,40.916727],[-106.162119,40.916117],[-106.161844,40.915632],[-106.161166,40.915107],[-106.16004,40.914945],[-106.159202,40.914726],[-106.158905,40.914266],[-106.158949,40.913839],[-106.159332,40.913355],[-106.159577,40.912766],[-106.15942,40.911919],[-106.158551,40.910619],[-106.157989,40.910417],[-106.157235,40.910263],[-106.155931,40.909673],[-106.154593,40.909421],[-106.154116,40.909106],[-106.153353,40.907984],[-106.152484,40.907007],[-106.152198,40.906789],[-106.151412,40.906804],[-106.15069,40.906715],[-106.150096,40.906432],[-106.149513,40.906116],[-106.149068,40.905729],[-106.148761,40.905277],[-106.148294,40.904873],[-106.147881,40.904638],[-106.147053,40.904524],[-106.144069,40.9049],[-106.141777,40.903962],[-106.140336,40.902831],[-106.139286,40.902402],[-106.137481,40.902215],[-106.136908,40.902028],[-106.136622,40.901859],[-106.136569,40.90156],[-106.137018,40.90052],[-106.136913,40.900011],[-106.136701,40.899584],[-106.136225,40.899228],[-106.135344,40.898953],[-106.134102,40.898709],[-106.133191,40.898168],[-106.132672,40.897562],[-106.131622,40.896972],[-106.131251,40.896608],[-106.130734,40.895494],[-106.130918,40.894212],[-106.131216,40.893655],[-106.13143,40.892865],[-106.130573,40.891889],[-106.130563,40.891509],[-106.130224,40.891073],[-106.130109,40.890629],[-106.128987,40.889281],[-106.12919,40.888498],[-106.129043,40.887942],[-106.128694,40.887441],[-106.128164,40.887021],[-106.127618,40.88489],[-106.12778,40.883753],[-106.128251,40.882002],[-106.128967,40.880011],[-106.129223,40.879567],[-106.129606,40.879164],[-106.12998,40.878213],[-106.130713,40.877576],[-106.131245,40.877367],[-106.131872,40.876948],[-106.132222,40.876803],[-106.132425,40.876553],[-106.13216,40.876093],[-106.131694,40.875697],[-106.131325,40.874976],[-106.130915,40.874748],[-106.130671,40.873868],[-106.127691,40.871785],[-106.12735,40.871179],[-106.127329,40.870364],[-106.126893,40.869556],[-106.125988,40.869281],[-106.125573,40.869047],[-106.124647,40.868808],[-106.124263,40.868251],[-106.123176,40.867501],[-106.122549,40.867364],[-106.120803,40.867632],[-106.120015,40.867124],[-106.119397,40.866067],[-106.118971,40.865776],[-106.117855,40.866359],[-106.116536,40.866441],[-106.11628,40.866263],[-106.115759,40.866135],[-106.115386,40.865812],[-106.115087,40.865295],[-106.11464,40.865013],[-106.114118,40.864933],[-106.113192,40.864279],[-106.109893,40.863491],[-106.108404,40.863258],[-106.107967,40.862911],[-106.107753,40.862305],[-106.107902,40.86203],[-106.107763,40.861368],[-106.1064,40.86078],[-106.105092,40.860514],[-106.104698,40.860329],[-106.104357,40.859788],[-106.104281,40.859263],[-106.104897,40.857946],[-106.105637,40.85536],[-106.106284,40.854075],[-106.10774,40.853024],[-106.108069,40.852507],[-106.108132,40.852232],[-106.107494,40.852079],[-106.104229,40.851985],[-106.103261,40.852228],[-106.102442,40.852334],[-106.100824,40.851333],[-106.10026,40.851092],[-106.099259,40.850083],[-106.098515,40.849736],[-106.098545,40.848847],[-106.098991,40.848047],[-106.100138,40.84698],[-106.10056,40.844742],[-106.100847,40.844048],[-106.101261,40.843563],[-106.100132,40.842796],[-106.099696,40.842094],[-106.09878,40.841699],[-106.096122,40.841588],[-106.095537,40.841645],[-106.093984,40.841032],[-106.092686,40.840839],[-106.092452,40.840702],[-106.092377,40.840322],[-106.092494,40.839781],[-106.091461,40.838707],[-106.091077,40.837884],[-106.090502,40.837181],[-106.088596,40.836133],[-106.08833,40.835785],[-106.088447,40.83455],[-106.087914,40.833403],[-106.086285,40.83262],[-106.084913,40.832169],[-106.083977,40.831483],[-106.083221,40.831177],[-106.082467,40.831242],[-106.081892,40.831169],[-106.080861,40.830903],[-106.079584,40.830242],[-106.078467,40.829314],[-106.077828,40.828498],[-106.077509,40.828409],[-106.076871,40.82841],[-106.076392,40.827925],[-106.076158,40.827111],[-106.075742,40.826142],[-106.075306,40.825609],[-106.073125,40.824633],[-106.072902,40.824083],[-106.071316,40.822331],[-106.069668,40.822106],[-106.068435,40.822196],[-106.067404,40.821792],[-106.066532,40.821736],[-106.065692,40.821518],[-106.064831,40.821567],[-106.064256,40.82122],[-106.063767,40.820421],[-106.062533,40.819509],[-106.061076,40.819105],[-106.060661,40.818597],[-106.059778,40.818024],[-106.057715,40.81712],[-106.057672,40.8167],[-106.057936,40.814809],[-106.057798,40.814438],[-106.056947,40.814131],[-106.056798,40.8138],[-106.056362,40.81351],[-106.055097,40.813631],[-106.054566,40.813325],[-106.05414,40.812888],[-106.053779,40.812662],[-106.05363,40.812315],[-106.053661,40.811685],[-106.053342,40.811403],[-106.053289,40.811023],[-106.053384,40.810724],[-106.053288,40.810417],[-106.052746,40.81024],[-106.052076,40.809812],[-106.051502,40.809141],[-106.051395,40.808269],[-106.051671,40.80713],[-106.052308,40.806257],[-106.05235,40.805862],[-106.051659,40.805434],[-106.049587,40.805507],[-106.048651,40.805079],[-106.047971,40.804643],[-106.046737,40.80302],[-106.046471,40.802447],[-106.046609,40.801986],[-106.046853,40.801582],[-106.046694,40.800791],[-106.045024,40.798263],[-106.044896,40.797682],[-106.045778,40.796809],[-106.045979,40.796373],[-106.046053,40.795541],[-106.04601,40.794289],[-106.045648,40.793602],[-106.045393,40.792843],[-106.045371,40.791857],[-106.044308,40.790581],[-106.043586,40.790485],[-106.043001,40.790283],[-106.04281,40.79013],[-106.042235,40.789168],[-106.041258,40.788434],[-106.040067,40.786237],[-106.039652,40.78576],[-106.038876,40.785785],[-106.037485,40.785664],[-106.036794,40.785389],[-106.035211,40.785551],[-106.034573,40.785285],[-106.034063,40.784913],[-106.03197,40.783767],[-106.031332,40.783072],[-106.031236,40.782281],[-106.030556,40.781893],[-106.029685,40.781562],[-106.029525,40.781174],[-106.029982,40.780722],[-106.030258,40.780173],[-106.030375,40.779106],[-106.031033,40.77787],[-106.030778,40.777612],[-106.029567,40.777903],[-106.028908,40.777515],[-106.028855,40.776578],[-106.029365,40.77573],[-106.029566,40.775068],[-106.029502,40.774098],[-106.029247,40.773436],[-106.028673,40.772919],[-106.026835,40.772507],[-106.026325,40.772168],[-106.025316,40.771902],[-106.024721,40.771538],[-106.024488,40.771264],[-106.025433,40.769939],[-106.025762,40.769252],[-106.026643,40.768315],[-106.026622,40.767952],[-106.026388,40.767669],[-106.025921,40.767516],[-106.02523,40.766797],[-106.024338,40.766296],[-106.024221,40.765989],[-106.024423,40.765504],[-106.023499,40.764349],[-106.02335,40.763534],[-106.023668,40.761878],[-106.023966,40.761781],[-106.02388,40.761328],[-106.023254,40.760844],[-106.021798,40.759075],[-106.021225,40.75855],[-106.020673,40.758429],[-106.020651,40.757201],[-106.021915,40.756062],[-106.02234,40.755173],[-106.022255,40.754689],[-106.019631,40.754084],[-106.018888,40.754003],[-106.018325,40.753704],[-106.017231,40.753349],[-106.015957,40.753123],[-106.015266,40.752816],[-106.014831,40.751378],[-106.015086,40.750958],[-106.015447,40.750603],[-106.015426,40.750312],[-106.014638,40.749358],[-106.014351,40.748606],[-106.014369,40.748106],[-106.013978,40.746644],[-106.013408,40.745737],[-106.012816,40.745612],[-106.01269,40.74549],[-106.012215,40.743946],[-106.012146,40.743607],[-106.012213,40.743406],[-106.011747,40.743338],[-106.010844,40.742687],[-106.010516,40.742595],[-106.01036,40.742401],[-106.01051,40.741636],[-106.010674,40.741299],[-106.0107,40.741041],[-106.010544,40.740798],[-106.010208,40.740562],[-106.009796,40.740422],[-106.009535,40.740162],[-106.008526,40.740178],[-106.007358,40.738871],[-106.006627,40.738737],[-106.006459,40.73863],[-106.006379,40.738291],[-106.006008,40.737619],[-106.004941,40.737281],[-106.00431,40.736889],[-106.004026,40.736794],[-106.000569,40.734337],[-105.998677,40.734223],[-105.997624,40.733835],[-105.99627,40.733126],[-105.995427,40.732463],[-105.994825,40.732143],[-105.994494,40.731755],[-105.994433,40.731114],[-105.993289,40.729902],[-105.991965,40.728919],[-105.991513,40.728324],[-105.991363,40.727889],[-105.990881,40.727546],[-105.99058,40.72718],[-105.99055,40.726677],[-105.99097,40.726036],[-105.990939,40.724801],[-105.990518,40.724275],[-105.989284,40.72352],[-105.988833,40.723063],[-105.988592,40.722605],[-105.988501,40.721736],[-105.988079,40.721368],[-105.988076,40.721198],[-105.988391,40.720705],[-105.989772,40.719016],[-105.990077,40.718313],[-105.989581,40.716145],[-105.989576,40.714975],[-105.989763,40.713982],[-105.989032,40.711209],[-105.989081,40.71033],[-105.988739,40.709605],[-105.987592,40.708623],[-105.986021,40.707627],[-105.984472,40.70705],[-105.983445,40.707069],[-105.982448,40.706692],[-105.981577,40.705896],[-105.981361,40.704832],[-105.980521,40.703842],[-105.979417,40.70328],[-105.977085,40.702648],[-105.976533,40.702093],[-105.976212,40.701166],[-105.975604,40.70003],[-105.974891,40.699023],[-105.973473,40.696574],[-105.972591,40.695624],[-105.972196,40.694811],[-105.972341,40.693786],[-105.972782,40.69276],[-105.97376,40.691129],[-105.973958,40.690144],[-105.973584,40.689274],[-105.972957,40.688598],[-105.971937,40.687664],[-105.970409,40.686764],[-105.970026,40.686265],[-105.969928,40.685394],[-105.970127,40.684716],[-105.971109,40.684036],[-105.97153,40.683463],[-105.971824,40.682792],[-105.971873,40.681856],[-105.971393,40.680769],[-105.970638,40.679891],[-105.969392,40.67774],[-105.968565,40.677258],[-105.967749,40.67705],[-105.967133,40.676471],[-105.966664,40.675681],[-105.966455,40.673455],[-105.96589,40.672279],[-105.965114,40.671418],[-105.96507,40.670958],[-105.965217,40.670514],[-105.965039,40.668207],[-105.964625,40.667732],[-105.962292,40.666584],[-105.960528,40.664523],[-105.959541,40.663549],[-105.958639,40.66301],[-105.957838,40.660874],[-105.956882,40.659828],[-105.956044,40.659152],[-105.955821,40.658854],[-105.95649,40.656666],[-105.956686,40.654964],[-105.956513,40.653892],[-105.95599,40.652595],[-105.954765,40.65021],[-105.954647,40.649734],[-105.95462,40.648072],[-105.954427,40.647444],[-105.953844,40.646977],[-105.951079,40.645878],[-105.950622,40.645346],[-105.950556,40.644637],[-105.951009,40.644015],[-105.951102,40.64349],[-105.950816,40.643289],[-105.949153,40.642776],[-105.948485,40.642318],[-105.948325,40.641745],[-105.948062,40.635986],[-105.948144,40.635034],[-105.948449,40.634388],[-105.948573,40.633678],[-105.948667,40.630185],[-105.949358,40.628086],[-105.949261,40.62732],[-105.948187,40.62562],[-105.947199,40.623746],[-105.946415,40.623159],[-105.945495,40.622741],[-105.945016,40.621854],[-105.94511,40.621191],[-105.945425,40.620375],[-105.946034,40.61909],[-105.946676,40.618119],[-105.947002,40.617367],[-105.947021,40.616689],[-105.946586,40.616028],[-105.945748,40.615125],[-105.944742,40.614231],[-105.944739,40.613197],[-105.944535,40.612092],[-105.944047,40.611277],[-105.942626,40.609609],[-105.942064,40.609077],[-105.940002,40.608711],[-105.939199,40.608826],[-105.938681,40.608811],[-105.937019,40.607942],[-105.935378,40.606783],[-105.934711,40.60643],[-105.932976,40.606377],[-105.931147,40.606075],[-105.930207,40.60619],[-105.929888,40.605754],[-105.929579,40.604713],[-105.928953,40.603794],[-105.928823,40.602292],[-105.929054,40.601767],[-105.929,40.601202],[-105.928576,40.600896],[-105.92813,40.600058],[-105.928221,40.598305],[-105.927986,40.597151],[-105.927826,40.596861],[-105.927643,40.595533],[-105.927705,40.594923],[-105.928116,40.594163],[-105.927966,40.593501],[-105.928049,40.593024],[-105.927697,40.591709],[-105.926543,40.590589],[-105.926624,40.589175],[-105.925775,40.587707],[-105.925753,40.587231],[-105.925315,40.585326],[-105.924496,40.583253],[-105.924388,40.582146],[-105.924693,40.581782],[-105.924977,40.580934],[-105.924096,40.579296],[-105.923861,40.578182],[-105.923425,40.577037],[-105.922746,40.576142],[-105.922248,40.575303],[-105.922384,40.574778],[-105.922266,40.574237],[-105.921248,40.572559],[-105.919809,40.571416],[-105.918444,40.5707],[-105.916817,40.570583],[-105.91574,40.570601],[-105.915032,40.570724],[-105.914694,40.570636],[-105.913941,40.569345],[-105.91321,40.568313],[-105.912417,40.568072],[-105.911454,40.567226],[-105.910892,40.56642],[-105.910645,40.564733],[-105.910094,40.563838],[-105.909784,40.562134],[-105.910076,40.560607],[-105.909914,40.558806],[-105.910818,40.556712],[-105.911257,40.554579],[-105.911877,40.553585],[-105.911833,40.552688],[-105.910613,40.549962],[-105.90951,40.54793],[-105.90955,40.546758],[-105.909232,40.546202],[-105.90923,40.545459],[-105.909577,40.544982],[-105.908784,40.544484],[-105.907843,40.54371],[-105.907049,40.542888],[-105.90715,40.540578],[-105.906438,40.538739],[-105.905537,40.53702],[-105.905165,40.535987],[-105.90509,40.535285],[-105.905655,40.532829],[-105.905914,40.530519],[-105.907091,40.527843],[-105.907868,40.52621],[-105.908784,40.524989],[-105.909764,40.523452],[-105.911175,40.522181],[-105.911269,40.521438],[-105.91078,40.520179],[-105.908725,40.516945],[-105.908322,40.516074],[-105.907857,40.515493],[-105.904507,40.514119],[-105.90417,40.514443],[-105.899111,40.518225],[-105.894576,40.520196],[-105.891104,40.521003],[-105.887748,40.521243],[-105.883852,40.521751],[-105.882882,40.522052],[-105.881954,40.522853],[-105.880086,40.523269],[-105.879041,40.523174],[-105.878048,40.522465],[-105.876707,40.522411],[-105.875567,40.522218],[-105.874962,40.521929],[-105.874584,40.521864],[-105.872594,40.521854],[-105.871805,40.521748],[-105.869091,40.520738],[-105.867513,40.519714],[-105.866809,40.518755],[-105.866369,40.517257],[-105.864781,40.516506],[-105.864266,40.515974],[-105.86374,40.515707],[-105.863109,40.515521],[-105.8619,40.514449],[-105.860798,40.512547],[-105.860621,40.511549],[-105.858203,40.509629],[-105.857646,40.508871],[-105.857416,40.508275],[-105.857058,40.507856],[-105.856543,40.507791],[-105.855817,40.507854],[-105.854732,40.507789],[-105.852618,40.506997],[-105.852303,40.506553],[-105.852297,40.503534],[-105.851755,40.500475],[-105.85193,40.499476],[-105.851793,40.498474],[-105.852026,40.497569],[-105.852681,40.496697],[-105.853464,40.495946],[-105.854773,40.495106],[-105.855206,40.494363],[-105.855787,40.492682],[-105.856105,40.490412],[-105.856001,40.488837],[-105.855822,40.487738],[-105.854926,40.486252],[-105.847308,40.483931],[-105.846967,40.482791],[-105.845662,40.482651],[-105.843064,40.482994],[-105.841082,40.483618],[-105.839416,40.483008],[-105.837823,40.483033],[-105.837094,40.482421],[-105.835479,40.480544],[-105.834605,40.479869],[-105.832962,40.479989],[-105.830608,40.479568],[-105.827956,40.478289],[-105.824729,40.477641],[-105.820114,40.475972],[-105.81542,40.475339],[-105.813996,40.475686],[-105.812793,40.475855],[-105.811053,40.475773],[-105.808543,40.475061],[-105.807341,40.474527],[-105.806793,40.473913],[-105.80671,40.473081],[-105.807133,40.47241],[-105.807861,40.472241],[-105.808316,40.471442],[-105.808865,40.471078],[-105.810669,40.471087],[-105.811049,40.470942],[-105.810837,40.470531],[-105.80818,40.468868],[-105.805691,40.4665],[-105.804479,40.464224],[-105.804449,40.462965],[-105.804859,40.461454],[-105.805136,40.459233],[-105.805929,40.457876],[-105.805762,40.45689],[-105.807614,40.452262],[-105.807488,40.451357],[-105.807226,40.450662],[-105.806467,40.449781],[-105.80569,40.447882],[-105.805775,40.447333],[-105.806557,40.446202],[-105.807813,40.44504],[-105.809354,40.44412],[-105.810399,40.443231],[-105.811728,40.442853],[-105.812056,40.442328],[-105.812406,40.440631],[-105.813019,40.439161],[-105.814339,40.438128],[-105.815784,40.437434],[-105.815974,40.437208],[-105.816049,40.436529],[-105.816366,40.435519],[-105.81543,40.433968],[-105.814557,40.432085],[-105.814337,40.431334],[-105.814696,40.430712],[-105.814307,40.429459],[-105.814456,40.428522],[-105.815248,40.427804],[-105.816007,40.427521],[-105.816155,40.426972],[-105.816588,40.426859],[-105.817231,40.426488],[-105.817266,40.424323],[-105.816992,40.424129],[-105.816423,40.423991],[-105.816128,40.423538],[-105.815792,40.422076],[-105.81534,40.421486],[-105.813317,40.420273],[-105.8118,40.41982],[-105.811126,40.419399],[-105.80878,40.415625],[-105.808265,40.414954],[-105.806485,40.413612],[-105.803621,40.411728],[-105.802009,40.410911],[-105.801294,40.410175],[-105.80117,40.408422],[-105.800423,40.407218],[-105.798265,40.405835],[-105.797328,40.405042],[-105.796329,40.403806],[-105.794182,40.401882],[-105.793815,40.4008],[-105.791709,40.399723],[-105.790951,40.39864],[-105.791069,40.39759],[-105.791588,40.396177],[-105.791664,40.394335],[-105.79155,40.393656],[-105.791035,40.392783],[-105.790838,40.390876],[-105.790545,40.38964],[-105.791232,40.387863],[-105.790729,40.386263],[-105.789045,40.384848],[-105.788561,40.384282],[-105.788257,40.383078],[-105.788037,40.382626],[-105.787511,40.382019],[-105.78725,40.380872],[-105.78566,40.37995],[-105.784997,40.379715],[-105.78182,40.37699],[-105.781464,40.375551],[-105.781928,40.375374],[-105.782129,40.375188],[-105.782003,40.374984],[-105.782215,40.374737],[-105.782217,40.374511],[-105.78195,40.373759],[-105.781491,40.373241],[-105.780142,40.372104],[-105.778256,40.371087],[-105.777526,40.370325],[-105.777349,40.370001],[-105.776972,40.369757],[-105.776699,40.369724],[-105.776437,40.369545],[-105.77593,40.368494],[-105.774791,40.367552],[-105.774219,40.366759],[-105.774258,40.365791],[-105.774105,40.365233],[-105.773519,40.364779],[-105.772596,40.364411],[-105.77168,40.364447],[-105.770407,40.36436],[-105.76988,40.364438],[-105.769469,40.364597],[-105.769133,40.364474],[-105.768978,40.364111],[-105.768901,40.363295],[-105.768322,40.362082],[-105.768335,40.360469],[-105.768012,40.360104],[-105.767699,40.359764],[-105.766335,40.359273],[-105.765663,40.359156],[-105.765,40.359153],[-105.764441,40.359263],[-105.764252,40.359133],[-105.764017,40.358382],[-105.763028,40.357118],[-105.762712,40.357076],[-105.762399,40.356792],[-105.760225,40.356176],[-105.759765,40.355779],[-105.759435,40.353752],[-105.759271,40.353307],[-105.758896,40.352878],[-105.758289,40.352399],[-105.757816,40.35238],[-105.757566,40.352032],[-105.757117,40.35165],[-105.756225,40.351355],[-105.755163,40.351253],[-105.753782,40.35152],[-105.753299,40.351421],[-105.752873,40.350846],[-105.752383,40.349093],[-105.748645,40.348085],[-105.748269,40.347731],[-105.747757,40.347508],[-105.745007,40.348158],[-105.743878,40.348588],[-105.742441,40.349263],[-105.742269,40.349277],[-105.742139,40.349086],[-105.742049,40.348647],[-105.741561,40.348161],[-105.740787,40.347658],[-105.739613,40.347108],[-105.738475,40.346836],[-105.738132,40.346833],[-105.737753,40.34667],[-105.736345,40.346615],[-105.73627,40.346497],[-105.736491,40.345666],[-105.736444,40.344906],[-105.735441,40.342984],[-105.734315,40.341675],[-105.733108,40.340774],[-105.732122,40.340489],[-105.731706,40.340252],[-105.730189,40.339772],[-105.729944,40.339624],[-105.72965,40.338804],[-105.728786,40.337935],[-105.729065,40.336944],[-105.729231,40.335922],[-105.729088,40.335278],[-105.727372,40.333979],[-105.726503,40.333504],[-105.724533,40.3327],[-105.723603,40.332444],[-105.722329,40.332347],[-105.721438,40.332018],[-105.720551,40.331427],[-105.717255,40.328698],[-105.715464,40.327369],[-105.714259,40.326351],[-105.713127,40.325568],[-105.711189,40.325261],[-105.707878,40.325001],[-105.706773,40.325051],[-105.704948,40.324861],[-105.703275,40.324673],[-105.70168,40.324309],[-105.70235,40.322649],[-105.70202,40.321711],[-105.700618,40.321174],[-105.699514,40.321136],[-105.698719,40.32078],[-105.698157,40.320045],[-105.697678,40.318872],[-105.697648,40.318273],[-105.698284,40.317679],[-105.699782,40.316711],[-105.700167,40.316364],[-105.700889,40.315098],[-105.701507,40.314445],[-105.701865,40.313294],[-105.702235,40.31261],[-105.702109,40.312083],[-105.70181,40.311657],[-105.700909,40.310715],[-105.700398,40.310462],[-105.69935,40.310483],[-105.697764,40.310939],[-105.69706,40.310933],[-105.69617,40.310517],[-105.695758,40.310002],[-105.694834,40.309323],[-105.693978,40.309243],[-105.691863,40.309373],[-105.690763,40.309028],[-105.69014,40.308648],[-105.690001,40.308387],[-105.690135,40.308104],[-105.690897,40.307154],[-105.691278,40.306164],[-105.691175,40.305348],[-105.690989,40.304939],[-105.690495,40.304421],[-105.689295,40.303479],[-105.688859,40.303329],[-105.688099,40.303207],[-105.686177,40.303075],[-105.685761,40.302925],[-105.685772,40.302554],[-105.686689,40.30039],[-105.686924,40.29991],[-105.68733,40.299402],[-105.688031,40.298253],[-105.688248,40.297714],[-105.688272,40.297334],[-105.687751,40.296366],[-105.687513,40.29426],[-105.687368,40.293733],[-105.686948,40.293224],[-105.686578,40.292981],[-105.684758,40.292383],[-105.683028,40.292179],[-105.681848,40.292155],[-105.681165,40.291945],[-105.68277,40.291549],[-105.68365,40.29119],[-105.685398,40.290079],[-105.686403,40.288918],[-105.686488,40.28829],[-105.686346,40.287486],[-105.685565,40.286743],[-105.685046,40.286409],[-105.683022,40.285443],[-105.681829,40.284952],[-105.681239,40.284889],[-105.680861,40.28471],[-105.680579,40.28446],[-105.68049,40.283962],[-105.680732,40.282927],[-105.68068,40.282576],[-105.68042,40.282048],[-105.679782,40.279909],[-105.679262,40.278912],[-105.679342,40.278664],[-105.679591,40.278549],[-105.680143,40.27851],[-105.680428,40.278585],[-105.681259,40.279103],[-105.681469,40.279046],[-105.68144,40.278403],[-105.681242,40.277495],[-105.680627,40.276541],[-105.680347,40.274668],[-105.680694,40.274291],[-105.68171,40.273788],[-105.682233,40.273164],[-105.682428,40.2728],[-105.681508,40.271684],[-105.680429,40.271338],[-105.679415,40.270278],[-105.678903,40.269869],[-105.678496,40.269204],[-105.678331,40.268691],[-105.678318,40.268267],[-105.678187,40.26812],[-105.67559,40.267267],[-105.67496,40.267321],[-105.672055,40.268101],[-105.670343,40.268],[-105.66989,40.267705],[-105.669187,40.267568],[-105.667909,40.267718],[-105.665236,40.266894],[-105.664711,40.266247],[-105.664414,40.265631],[-105.663832,40.265071],[-105.662378,40.264124],[-105.661329,40.264262],[-105.66072,40.264228],[-105.659906,40.263857],[-105.658124,40.263317],[-105.657235,40.262886],[-105.655677,40.261743],[-105.65417,40.261342],[-105.653344,40.260518],[-105.653086,40.259814],[-105.652392,40.259064],[-105.651656,40.258517],[-105.651358,40.258062],[-105.651197,40.257257],[-105.651267,40.256323],[-105.651199,40.254247],[-105.650825,40.253688],[-105.649789,40.252877],[-105.647429,40.251369],[-105.64402,40.249939],[-105.644262,40.249793],[-105.645314,40.249475],[-105.647074,40.249132],[-105.648068,40.249077],[-105.649213,40.249169],[-105.650396,40.249379],[-105.653738,40.249334],[-105.658932,40.249413],[-105.659276,40.249342],[-105.659621,40.249168],[-105.660006,40.248833],[-105.660162,40.248351],[-105.660266,40.247195],[-105.660204,40.245177],[-105.660283,40.24484],[-105.660745,40.244374],[-105.661435,40.243938],[-105.662128,40.243224],[-105.662188,40.242888],[-105.662095,40.242522],[-105.66495,40.238555],[-105.665437,40.23727],[-105.665385,40.236553],[-105.665235,40.236084],[-105.664479,40.235101],[-105.664293,40.234325],[-105.66426,40.233637],[-105.664378,40.233213],[-105.66511,40.232236],[-105.66609,40.231466],[-105.667161,40.231222],[-105.667354,40.230959],[-105.667226,40.230257],[-105.667267,40.229818],[-105.668247,40.228915],[-105.668444,40.22814],[-105.667971,40.227539],[-105.667764,40.227128],[-105.667767,40.226719],[-105.668538,40.225742],[-105.668868,40.224968],[-105.669046,40.224179],[-105.668915,40.223725],[-105.668594,40.223285],[-105.667243,40.222577],[-105.665095,40.221164],[-105.663212,40.220147],[-105.663156,40.22003],[-105.663462,40.219929],[-105.664532,40.219816],[-105.665866,40.220187],[-105.66766,40.22037],[-105.668577,40.220301],[-105.669458,40.220041],[-105.669995,40.219721],[-105.670303,40.219357],[-105.671255,40.217079],[-105.671091,40.215952],[-105.671134,40.215338],[-105.670946,40.214602],[-105.67059,40.214034],[-105.670305,40.213813],[-105.670192,40.213608],[-105.670347,40.213257],[-105.670886,40.212645],[-105.671119,40.212163],[-105.670843,40.210773],[-105.670845,40.210378],[-105.671194,40.209692],[-105.670686,40.208651],[-105.670559,40.207802],[-105.670906,40.207291],[-105.672346,40.206186],[-105.672483,40.205733],[-105.673041,40.205238],[-105.673696,40.204421],[-105.673832,40.2041],[-105.674157,40.203999],[-105.675252,40.203213],[-105.675903,40.202923],[-105.676418,40.20294],[-105.676917,40.20262],[-105.677645,40.202331],[-105.677688,40.201673],[-105.676405,40.199503],[-105.676929,40.19832],[-105.677644,40.197211],[-105.677495,40.196757],[-105.677751,40.192984],[-105.677283,40.19171],[-105.67769,40.190951],[-105.677692,40.190673],[-105.677543,40.190145],[-105.677627,40.18902],[-105.677554,40.188507],[-105.676722,40.187363],[-105.676096,40.186834],[-105.675469,40.186392],[-105.674632,40.185994],[-105.673793,40.185742],[-105.672457,40.18562],[-105.671292,40.185703],[-105.670872,40.185628],[-105.670626,40.185393],[-105.670364,40.184617],[-105.670407,40.183929],[-105.670315,40.183417],[-105.670644,40.182892],[-105.671682,40.182004],[-105.671875,40.181697],[-105.671953,40.181376],[-105.671729,40.180687],[-105.671791,40.180029],[-105.670771,40.178489],[-105.669764,40.177783],[-105.668299,40.177031],[-105.668281,40.176914],[-105.669088,40.176259],[-105.669733,40.174258],[-105.668573,40.17358],[-105.668366,40.17314],[-105.668257,40.172379],[-105.66836,40.171785],[-105.668115,40.170858],[-105.666919,40.169887],[-105.668334,40.169615],[-105.669198,40.169019],[-105.669506,40.168625],[-105.669475,40.167689],[-105.669591,40.167485],[-105.671336,40.166497],[-105.671548,40.166249],[-105.671473,40.165422],[-105.6711,40.164711],[-105.671051,40.163643],[-105.67058,40.162691],[-105.670266,40.162474],[-105.669868,40.162489],[-105.669718,40.162426],[-105.66898,40.161941],[-105.66803,40.161554],[-105.667536,40.161186],[-105.6675,40.160791],[-105.668004,40.159886],[-105.667971,40.159111],[-105.667729,40.158276],[-105.667005,40.157952],[-105.666606,40.157672],[-105.666399,40.157335],[-105.664684,40.156743],[-105.663559,40.156592],[-105.661343,40.156524],[-105.660982,40.156289],[-105.66085,40.155996],[-105.660891,40.155601],[-105.66059,40.154971],[-105.660248,40.154735],[-105.658914,40.154335],[-105.658191,40.153996],[-105.657128,40.153187],[-105.656862,40.152937],[-105.656655,40.152585],[-105.656337,40.151589],[-105.656148,40.15134],[-105.655996,40.151281],[-105.654203,40.150996],[-105.650539,40.150571],[-105.648744,40.150505],[-105.647692,40.150823],[-105.647423,40.150983],[-105.64729,40.150968],[-105.647506,40.150047],[-105.647341,40.149213],[-105.647037,40.148977],[-105.646275,40.148623],[-105.644809,40.148076],[-105.643815,40.148145],[-105.643206,40.14785],[-105.642673,40.147716],[-105.641089,40.147549],[-105.639735,40.147222],[-105.638173,40.146689],[-105.636551,40.146375],[-105.635656,40.146006],[-105.635354,40.145566],[-105.635186,40.145009],[-105.635097,40.14419],[-105.635297,40.14283],[-105.635468,40.140417],[-105.635166,40.139948],[-105.634653,40.139507],[-105.634178,40.139125],[-105.633626,40.138874],[-105.632541,40.138431],[-105.630156,40.138099],[-105.6297,40.13782],[-105.629454,40.137468],[-105.629326,40.13678],[-105.629388,40.136151],[-105.630048,40.134588],[-105.630073,40.133842],[-105.629867,40.133227],[-105.630142,40.13219],[-105.630148,40.131415],[-105.629983,40.130434],[-105.629359,40.129612],[-105.629133,40.129158],[-105.628715,40.128805],[-105.628107,40.128452],[-105.627212,40.128097],[-105.626659,40.127963],[-105.62609,40.127346],[-105.626226,40.127069],[-105.626706,40.126749],[-105.627341,40.12602],[-105.627593,40.125597],[-105.628185,40.124987],[-105.628782,40.123512],[-105.627574,40.122062],[-105.627595,40.121711],[-105.627957,40.121449],[-105.628246,40.120806],[-105.62821,40.120353],[-105.626566,40.118654],[-105.627213,40.118655],[-105.627689,40.118437],[-105.629121,40.117036],[-105.62989,40.115518],[-105.629781,40.114582],[-105.629973,40.114158],[-105.630507,40.113867],[-105.63163,40.113489],[-105.633586,40.113581],[-105.634309,40.113436],[-105.634652,40.113232],[-105.635095,40.112224],[-105.635423,40.111172],[-105.63566,40.109682],[-105.636042,40.109288],[-105.636025,40.108893],[-105.635704,40.108498],[-105.635705,40.108308],[-105.636296,40.107856],[-105.63645,40.107651],[-105.636681,40.106994],[-105.636104,40.104741],[-105.636169,40.103208],[-105.63661,40.102536],[-105.636007,40.101541],[-105.636047,40.101351],[-105.635386,40.100443],[-105.633911,40.099227],[-105.633725,40.098524],[-105.632248,40.097571],[-105.632077,40.09741],[-105.632022,40.097191],[-105.632081,40.096738],[-105.632426,40.096168],[-105.633266,40.095454],[-105.63376,40.095425],[-105.634044,40.095587],[-105.634329,40.095602],[-105.634539,40.095485],[-105.634693,40.09512],[-105.634601,40.094521],[-105.634719,40.093848],[-105.634384,40.092605],[-105.634539,40.091904],[-105.634302,40.090164],[-105.633755,40.089315],[-105.633683,40.088583],[-105.63376,40.088379],[-105.634734,40.087489],[-105.635211,40.087183],[-105.635442,40.08654],[-105.635369,40.086116],[-105.635011,40.085545],[-105.634974,40.085224],[-105.635147,40.084976],[-105.635908,40.084685],[-105.636004,40.084553],[-105.635633,40.082871],[-105.634914,40.0823],[-105.634253,40.081509],[-105.633988,40.08145],[-105.63262,40.081447],[-105.633229,40.081185],[-105.633973,40.080617],[-105.634566,40.079975],[-105.634758,40.079551],[-105.634836,40.079215],[-105.634677,40.077036],[-105.635027,40.075531],[-105.635429,40.074947],[-105.636647,40.074614],[-105.637027,40.074585],[-105.637313,40.074454],[-105.638,40.073842],[-105.638838,40.073405],[-105.63939,40.073377],[-105.639809,40.073173],[-105.640379,40.073086],[-105.640911,40.073117],[-105.641121,40.073],[-105.640914,40.072605],[-105.640995,40.07167],[-105.640963,40.070544],[-105.64087,40.070178],[-105.638873,40.067031],[-105.641433,40.067884],[-105.641814,40.06787],[-105.643073,40.066835],[-105.643491,40.066836],[-105.64513,40.066064],[-105.646692,40.06522],[-105.647,40.064533],[-105.647533,40.064286],[-105.649419,40.059992],[-105.651061,40.058445],[-105.650743,40.057553],[-105.648819,40.054903],[-105.648765,40.054289],[-105.648425,40.053937],[-105.647837,40.053863],[-105.646452,40.053465],[-105.645582,40.05266],[-105.645472,40.051899],[-105.645246,40.051489],[-105.645099,40.05067],[-105.644664,40.050202],[-105.644457,40.04985],[-105.64402,40.049893],[-105.643622,40.049659],[-105.642338,40.048121],[-105.641257,40.047724],[-105.640709,40.047138],[-105.64012,40.047196],[-105.638507,40.046739],[-105.637864,40.046285],[-105.637486,40.045845],[-105.637413,40.045231],[-105.637567,40.044924],[-105.638292,40.044326],[-105.63858,40.043801],[-105.638601,40.043552],[-105.638376,40.042909],[-105.638454,40.042485],[-105.638838,40.041813],[-105.638861,40.041038],[-105.639149,40.040469],[-105.639037,40.040118],[-105.63866,40.039605],[-105.638797,40.038787],[-105.639619,40.03797],[-105.640193,40.037255],[-105.640656,40.035867],[-105.640642,40.035019],[-105.641197,40.034172],[-105.643938,40.033301],[-105.649574,40.027742],[-105.652793,40.023772],[-105.652873,40.021945],[-105.65191,40.020905],[-105.653071,40.020425],[-105.655488,40.019846],[-105.657408,40.019528],[-105.658799,40.019107],[-105.66019,40.018349],[-105.660344,40.017897],[-105.660689,40.017386],[-105.661606,40.016466],[-105.661854,40.016409],[-105.664646,40.016487],[-105.667098,40.016317],[-105.66801,40.016363],[-105.668826,40.016525],[-105.669832,40.016878],[-105.670136,40.016879],[-105.67451,40.016186],[-105.675309,40.015983],[-105.677977,40.014541],[-105.680716,40.014006],[-105.68157,40.014183],[-105.683052,40.014142],[-105.684114,40.014524],[-105.684912,40.014614],[-105.686347,40.015095],[-105.687826,40.015979],[-105.688452,40.016049],[-105.688889,40.015976],[-105.689666,40.015541],[-105.689818,40.015108],[-105.689874,40.014508],[-105.689629,40.013878],[-105.689694,40.012474],[-105.68985,40.011656],[-105.689813,40.011495],[-105.689378,40.011173],[-105.689341,40.011026],[-105.690015,40.009317],[-105.690016,40.009113],[-105.689792,40.00844],[-105.688469,40.006946],[-105.688946,40.006698],[-105.689767,40.005955],[-105.690035,40.005531],[-105.690517,40.004363],[-105.691052,40.003764],[-105.69111,40.003545],[-105.691036,40.003194],[-105.690583,40.002594],[-105.690438,40.00138],[-105.690497,40.000869],[-105.69117,39.999521],[-105.691194,39.997313],[-105.6909,39.996673],[-105.69059,39.996281],[-105.690185,39.995934],[-105.689036,39.995374],[-105.687929,39.995062],[-105.685013,39.994517],[-105.684689,39.994491],[-105.68321,39.99465],[-105.683164,39.992881],[-105.683383,39.992295],[-105.683906,39.991632],[-105.685482,39.990274],[-105.685968,39.989743],[-105.686204,39.98904],[-105.686048,39.987477],[-105.68748,39.985418],[-105.68742,39.98517],[-105.686651,39.984621],[-105.684972,39.982867],[-105.684968,39.982633],[-105.685462,39.981387],[-105.685489,39.980626],[-105.685388,39.980203],[-105.685001,39.979768],[-105.684901,39.979447],[-105.684938,39.97933],[-105.686253,39.978369],[-105.686377,39.977724],[-105.687145,39.976972],[-105.687833,39.975958],[-105.688414,39.975426],[-105.688851,39.974151],[-105.689678,39.971001],[-105.690345,39.969855],[-105.690304,39.969708],[-105.689763,39.969187],[-105.688827,39.967762],[-105.688569,39.967092],[-105.688654,39.966433],[-105.689255,39.96473],[-105.689283,39.964144],[-105.689066,39.963619],[-105.688755,39.963213],[-105.688331,39.96288],[-105.688476,39.962396],[-105.688235,39.961623],[-105.688317,39.960759],[-105.688244,39.959765],[-105.688185,39.959663],[-105.686466,39.959226],[-105.685108,39.958741],[-105.688383,39.95653],[-105.688638,39.955869],[-105.688508,39.954831],[-105.6888,39.954053],[-105.689137,39.953699],[-105.6894,39.953506],[-105.690783,39.953171],[-105.691199,39.952991],[-105.693662,39.951154],[-105.694351,39.950153],[-105.694362,39.949684],[-105.693756,39.948681],[-105.693543,39.948464],[-105.692815,39.948163],[-105.692283,39.946997],[-105.691839,39.946592],[-105.691761,39.946417],[-105.691796,39.946241],[-105.692562,39.945371],[-105.693453,39.944017],[-105.693694,39.942405],[-105.693452,39.941529],[-105.6932,39.941239],[-105.691359,39.940291],[-105.6903,39.939525],[-105.689946,39.938812],[-105.689627,39.938634],[-105.687077,39.937728],[-105.686616,39.937469],[-105.68453,39.935499],[-105.683421,39.934121],[-105.682943,39.933789],[-105.681709,39.93341],[-105.68065,39.93335],[-105.678941,39.93286],[-105.677846,39.932902],[-105.675133,39.933324],[-105.675075,39.933253],[-105.675798,39.932445],[-105.660954,39.93234],[-105.656439,39.932386],[-105.653087,39.932285],[-105.646183,39.932285],[-105.62877,39.932086],[-105.625668,39.932386],[-105.559055,39.932287],[-105.541754,39.932387],[-105.520353,39.932387],[-105.519053,39.932287],[-105.518249,39.932387],[-105.512353,39.932387],[-105.510981,39.932294],[-105.510653,39.932387],[-105.500866,39.932388],[-105.467713,39.932286],[-105.457351,39.932186],[-105.455651,39.932286],[-105.455391,39.932373],[-105.454853,39.933153],[-105.453868,39.934026],[-105.453447,39.934191],[-105.451487,39.934526],[-105.449483,39.935206],[-105.449285,39.935426],[-105.448739,39.935652],[-105.448254,39.936312],[-105.447069,39.93691],[-105.446327,39.937119],[-105.444943,39.937152],[-105.443752,39.937806],[-105.443167,39.938015],[-105.442303,39.938108],[-105.441875,39.938284],[-105.440998,39.938251],[-105.440034,39.938388],[-105.438472,39.937531],[-105.438386,39.937136],[-105.438129,39.93673],[-105.437294,39.936092],[-105.43611,39.935746],[-105.435568,39.935016],[-105.43464,39.934708],[-105.43255,39.933406],[-105.432243,39.932896],[-105.430702,39.931693],[-105.429939,39.931506],[-105.429325,39.931209],[-105.42755,39.931048],[-105.426475,39.931143],[-105.425886,39.931078],[-105.425231,39.93133],[-105.423875,39.931582],[-105.422063,39.931626],[-105.420814,39.930901],[-105.420229,39.929972],[-105.419438,39.929236],[-105.419024,39.928736],[-105.418839,39.92867],[-105.418617,39.928753],[-105.418303,39.929467],[-105.417968,39.929659],[-105.417326,39.930669],[-105.416362,39.931004],[-105.415949,39.931361],[-105.415506,39.93157],[-105.415371,39.931713],[-105.415056,39.932174],[-105.415027,39.933245],[-105.414599,39.933662],[-105.414321,39.934151],[-105.413971,39.934409],[-105.413721,39.934486],[-105.413172,39.934497],[-105.413022,39.934404],[-105.412844,39.934156],[-105.412809,39.933805],[-105.412595,39.933525],[-105.412181,39.933272],[-105.411739,39.932827],[-105.411339,39.932613],[-105.410162,39.932244],[-105.409099,39.932233],[-105.407986,39.931854],[-105.407259,39.931832],[-105.406417,39.9317],[-105.406039,39.931743],[-105.405261,39.93221],[-105.404661,39.932424],[-105.401992,39.934417],[-105.400843,39.935032],[-105.400165,39.935109],[-105.399224,39.934817],[-105.397971,39.934867],[-105.397955,39.932985],[-105.398167,39.929543],[-105.398079,39.927164],[-105.39815,39.926059],[-105.397956,39.919413],[-105.398053,39.919165],[-105.398048,39.917987],[-105.397859,39.916972],[-105.397849,39.908486],[-105.397751,39.907985],[-105.397826,39.899727],[-105.397949,39.897286],[-105.397848,39.895341],[-105.397649,39.883187],[-105.397949,39.881087],[-105.398043,39.872186],[-105.397877,39.866849],[-105.39758,39.866356],[-105.397568,39.866061],[-105.397952,39.861587],[-105.397949,39.860387],[-105.39745,39.853697],[-105.397948,39.84094],[-105.398049,39.816087],[-105.397949,39.814886],[-105.397949,39.745487],[-105.398149,39.733282],[-105.398248,39.717487],[-105.398349,39.71733],[-105.398349,39.710887],[-105.398545,39.701019],[-105.39855,39.685989],[-105.398449,39.683288],[-105.39844,39.677566],[-105.39834,39.676184],[-105.398349,39.665288],[-105.39824,39.65838],[-105.39825,39.636588],[-105.39835,39.636288],[-105.398351,39.635188],[-105.398452,39.634687],[-105.39845,39.628694],[-105.398951,39.604786],[-105.39895,39.585088],[-105.39915,39.581588],[-105.39915,39.576854],[-105.398986,39.573074],[-105.399042,39.570884],[-105.398949,39.566056],[-105.401051,39.565988],[-105.427251,39.565988],[-105.428096,39.565928],[-105.444922,39.565988],[-105.459209,39.565942],[-105.466814,39.566018],[-105.467953,39.566088],[-105.485117,39.566188],[-105.500292,39.566135],[-105.514529,39.566407],[-105.587986,39.568197],[-105.625558,39.566963],[-105.635875,39.566707],[-105.695149,39.565644],[-105.721601,39.565269],[-105.724054,39.565375],[-105.750561,39.564897],[-105.829662,39.564865],[-105.829426,39.564381],[-105.828521,39.563453],[-105.828496,39.563066],[-105.828932,39.562007],[-105.828906,39.561547],[-105.827707,39.559493],[-105.826061,39.557442],[-105.825815,39.556847],[-105.825771,39.555678],[-105.824742,39.55492],[-105.823827,39.554097],[-105.822337,39.553012],[-105.82125,39.552634],[-105.818724,39.552074],[-105.81635,39.552165],[-105.815923,39.552096],[-105.815807,39.551976],[-105.815899,39.550862],[-105.816163,39.550223],[-105.816197,39.54953],[-105.816087,39.54891],[-105.816308,39.54815],[-105.816878,39.547928],[-105.817814,39.54684],[-105.818383,39.546448],[-105.818928,39.545815],[-105.819066,39.544064],[-105.818898,39.542945],[-105.818605,39.54181],[-105.81806,39.540524],[-105.817976,39.539461],[-105.817631,39.53831],[-105.817909,39.53805],[-105.818574,39.537892],[-105.819268,39.537572],[-105.819963,39.53634],[-105.820214,39.53546],[-105.82032,39.534685],[-105.82074,39.53398],[-105.821234,39.532468],[-105.822809,39.530802],[-105.822925,39.529931],[-105.82308,39.529865],[-105.823931,39.53056],[-105.827136,39.531381],[-105.828026,39.531857],[-105.829173,39.532042],[-105.830016,39.532043],[-105.831416,39.53154],[-105.832555,39.53091],[-105.834699,39.529893],[-105.836057,39.529285],[-105.836949,39.528971],[-105.838571,39.527821],[-105.839752,39.527271],[-105.840831,39.526932],[-105.842972,39.526568],[-105.844329,39.525992],[-105.844657,39.525538],[-105.845274,39.52384],[-105.845377,39.52375],[-105.847211,39.52484],[-105.848423,39.525322],[-105.851285,39.526121],[-105.852759,39.526737],[-105.854562,39.527868],[-105.855208,39.52883],[-105.857128,39.531088],[-105.857732,39.532058],[-105.858065,39.532064],[-105.859114,39.531813],[-105.859507,39.531536],[-105.859928,39.531016],[-105.860506,39.530487],[-105.860966,39.529701],[-105.861126,39.52916],[-105.861898,39.528379],[-105.862616,39.527414],[-105.862896,39.527307],[-105.863228,39.52628],[-105.863365,39.525505],[-105.863402,39.525101],[-105.863292,39.52457],[-105.863525,39.523955],[-105.864701,39.522115],[-105.866002,39.521112],[-105.868049,39.519862],[-105.868065,39.51949],[-105.867934,39.518951],[-105.867024,39.517645],[-105.867103,39.517265],[-105.866889,39.516702],[-105.864978,39.515251],[-105.863479,39.514312],[-105.86181,39.51306],[-105.859947,39.512148],[-105.859724,39.511755],[-105.859903,39.510971],[-105.859947,39.510229],[-105.859785,39.509738],[-105.859457,39.509225],[-105.85886,39.508875],[-105.858321,39.508186],[-105.857017,39.50706],[-105.85569,39.506587],[-105.855222,39.506591],[-105.854772,39.506401],[-105.854613,39.506129],[-105.854672,39.505773],[-105.854551,39.505266],[-105.853858,39.504635],[-105.853887,39.504506],[-105.856392,39.50513],[-105.857352,39.505267],[-105.858184,39.50518],[-105.858867,39.504836],[-105.859448,39.504734],[-105.860395,39.50471],[-105.863584,39.502305],[-105.864128,39.501623],[-105.864412,39.500967],[-105.864499,39.50037],[-105.864214,39.499986],[-105.865046,39.498963],[-105.865931,39.498082],[-105.866565,39.496663],[-105.866751,39.495349],[-105.866584,39.494351],[-105.866969,39.494173],[-105.867521,39.494147],[-105.868625,39.494369],[-105.869905,39.494953],[-105.871113,39.495006],[-105.872414,39.494808],[-105.873746,39.494176],[-105.874714,39.493521],[-105.876061,39.491839],[-105.876725,39.490851],[-105.876966,39.490602],[-105.878348,39.489618],[-105.878485,39.489369],[-105.879173,39.486824],[-105.87878,39.484402],[-105.878782,39.484096],[-105.879087,39.483767],[-105.884677,39.484138],[-105.886208,39.483752],[-105.889185,39.48335],[-105.890421,39.483478],[-105.891043,39.483675],[-105.891974,39.484173],[-105.892225,39.484029],[-105.892362,39.483876],[-105.89225,39.483561],[-105.892199,39.481044],[-105.892666,39.479998],[-105.894007,39.478715],[-105.894725,39.477517],[-105.895267,39.47727],[-105.896234,39.477219],[-105.896753,39.477368],[-105.897096,39.477329],[-105.897327,39.477137],[-105.897277,39.476822],[-105.896726,39.475657],[-105.896886,39.475206],[-105.898481,39.473409],[-105.898788,39.472821],[-105.89909,39.4715],[-105.900488,39.470887],[-105.901106,39.470423],[-105.901473,39.469997],[-105.901612,39.469619],[-105.901258,39.467213],[-105.901835,39.464248],[-105.902173,39.463661],[-105.90391,39.46221],[-105.904543,39.461214],[-105.905959,39.459657],[-105.906481,39.459361],[-105.906928,39.459307],[-105.908351,39.459428],[-105.908632,39.459349],[-105.910511,39.458376],[-105.910919,39.458023],[-105.911203,39.457686],[-105.911396,39.457001],[-105.911637,39.456736],[-105.912207,39.456909],[-105.914316,39.458203],[-105.914845,39.458376],[-105.915188,39.458378],[-105.917072,39.457969],[-105.917309,39.45813],[-105.919481,39.458215],[-105.921952,39.458455],[-105.926674,39.459417],[-105.927536,39.459446],[-105.929823,39.459338],[-105.933741,39.4581],[-105.934657,39.457888],[-105.936939,39.458448],[-105.937915,39.458567],[-105.938663,39.458498],[-105.939562,39.457914],[-105.939712,39.45731],[-105.939943,39.457013],[-105.940612,39.456524],[-105.940917,39.456058],[-105.94217,39.452773],[-105.9425,39.450484],[-105.941853,39.448246],[-105.942054,39.447771],[-105.943173,39.446842],[-105.943698,39.446183],[-105.944018,39.445096],[-105.944027,39.442716],[-105.944155,39.44091],[-105.944812,39.440695],[-105.946651,39.440624],[-105.947317,39.440523],[-105.95066,39.43946],[-105.953014,39.438867],[-105.953619,39.43854],[-105.954545,39.438359],[-105.955917,39.438285],[-105.956436,39.438401],[-105.957489,39.439262],[-105.958192,39.439677],[-105.958751,39.439857],[-105.95954,39.43999],[-105.961752,39.440091],[-105.962657,39.439982],[-105.964395,39.439532],[-105.965333,39.439181],[-105.966043,39.438782],[-105.966607,39.438301],[-105.966786,39.438035],[-105.966023,39.435869],[-105.965013,39.433436],[-105.964499,39.432812],[-105.962766,39.43123],[-105.960726,39.429018],[-105.959857,39.428602],[-105.95718,39.428192],[-105.956631,39.428028],[-105.95631,39.427841],[-105.955838,39.427129],[-105.954837,39.42622],[-105.954858,39.424954],[-105.955394,39.422851],[-105.955328,39.421987],[-105.955092,39.421551],[-105.953875,39.420479],[-105.953834,39.419027],[-105.953652,39.418381],[-105.951942,39.415282],[-105.951863,39.414854],[-105.951698,39.414619],[-105.951867,39.414338],[-105.952325,39.414106],[-105.957236,39.413043],[-105.959244,39.412473],[-105.960181,39.4123],[-105.961542,39.412194],[-105.96281,39.411991],[-105.967492,39.410894],[-105.96872,39.410678],[-105.969449,39.410235],[-105.973206,39.409189],[-105.976867,39.40857],[-105.977452,39.408178],[-105.977967,39.407269],[-105.978218,39.407101],[-105.980651,39.406686],[-105.981464,39.406302],[-105.981923,39.405974],[-105.983025,39.404431],[-105.983621,39.402441],[-105.983945,39.402121],[-105.985018,39.401667],[-105.98693,39.401507],[-105.988362,39.401659],[-105.990154,39.4022],[-105.992513,39.402002],[-105.992856,39.401859],[-105.993025,39.401561],[-105.993133,39.400981],[-105.993224,39.399868],[-105.994132,39.397824],[-105.994889,39.396513],[-105.995928,39.395001],[-105.996648,39.394424],[-105.997471,39.394081],[-105.999529,39.393825],[-106.000008,39.393609],[-106.000572,39.393225],[-106.001623,39.392747],[-106.001876,39.392451],[-106.003339,39.391766],[-106.004107,39.390957],[-106.004532,39.39021],[-106.004537,39.38979],[-106.005,39.389293],[-106.005397,39.389159],[-106.00574,39.389161],[-106.008401,39.387356],[-106.008923,39.387141],[-106.00936,39.387071],[-106.010542,39.387289],[-106.011916,39.387088],[-106.012698,39.386899],[-106.013237,39.386959],[-106.013851,39.386898],[-106.015542,39.385393],[-106.016364,39.38439],[-106.016778,39.383659],[-106.016994,39.382911],[-106.017321,39.382493],[-106.01774,39.38223],[-106.01814,39.381805],[-106.018383,39.381403],[-106.018381,39.380726],[-106.018099,39.379958],[-106.017926,39.379651],[-106.017453,39.379204],[-106.017425,39.377994],[-106.016957,39.377161],[-106.016794,39.374988],[-106.017473,39.373383],[-106.017389,39.371744],[-106.017484,39.369467],[-106.017645,39.368369],[-106.017411,39.367521],[-106.017418,39.36614],[-106.017619,39.365503],[-106.019773,39.363459],[-106.021966,39.361713],[-106.02433,39.361147],[-106.02553,39.361175],[-106.02672,39.361333],[-106.027685,39.361012],[-106.028641,39.360224],[-106.032199,39.358942],[-106.034717,39.358376],[-106.036022,39.35834],[-106.03747,39.358465],[-106.04003,39.357964],[-106.043926,39.357378],[-106.046317,39.357434],[-106.050922,39.358061],[-106.054431,39.358184],[-106.056096,39.358431],[-106.057336,39.359024],[-106.058335,39.360052],[-106.062559,39.361786],[-106.064048,39.362758],[-106.067355,39.363803],[-106.068471,39.364429],[-106.070397,39.365982],[-106.071757,39.366969],[-106.072857,39.367917],[-106.074192,39.36863],[-106.078324,39.36951],[-106.07976,39.370085],[-106.080241,39.370435],[-106.080766,39.370228],[-106.080973,39.36942],[-106.081207,39.369199],[-106.082594,39.369333],[-106.084446,39.369283],[-106.085632,39.369723],[-106.087324,39.370827],[-106.088428,39.372001],[-106.089193,39.37263],[-106.094312,39.376511],[-106.094746,39.376747],[-106.095254,39.376847],[-106.096028,39.377287],[-106.096791,39.377896],[-106.097206,39.377987],[-106.097966,39.377822],[-106.099401,39.377733],[-106.101943,39.378054],[-106.103961,39.377847],[-106.105249,39.37783],[-106.106038,39.377931],[-106.10729,39.377454],[-106.11198,39.377053],[-106.113148,39.376761],[-106.114813,39.376496],[-106.115975,39.376591],[-106.118459,39.376516],[-106.119321,39.376633],[-106.120308,39.37659],[-106.122027,39.377132],[-106.123961,39.378021],[-106.127447,39.378877],[-106.128372,39.378773],[-106.129494,39.378767],[-106.130416,39.378873],[-106.131004,39.379096],[-106.131433,39.379511],[-106.132409,39.379528],[-106.133937,39.379422],[-106.135099,39.379465],[-106.136412,39.379694],[-106.225627,39.37963],[-106.22564,39.378945],[-106.22576,39.378587],[-106.225958,39.378163],[-106.226787,39.377054],[-106.226669,39.375917],[-106.226898,39.374165],[-106.227728,39.374103],[-106.228346,39.373834],[-106.229028,39.373372],[-106.229588,39.373167],[-106.231025,39.373103],[-106.232876,39.373207],[-106.233925,39.372936],[-106.234748,39.371996],[-106.235542,39.371218],[-106.236049,39.370837],[-106.236481,39.370327],[-106.237317,39.368517],[-106.238828,39.36655],[-106.239228,39.365911],[-106.239517,39.365667],[-106.245006,39.364107],[-106.247396,39.362804],[-106.250154,39.360701],[-106.251108,39.358404],[-106.251074,39.357832],[-106.250976,39.357632],[-106.251141,39.357589],[-106.252485,39.359111],[-106.255088,39.360292],[-106.256803,39.36122],[-106.257558,39.361516],[-106.258696,39.361783],[-106.259075,39.362012],[-106.259456,39.361861],[-106.259963,39.360846],[-106.262853,39.359097],[-106.263822,39.358769],[-106.266618,39.358835],[-106.269062,39.358536],[-106.270954,39.358074],[-106.271648,39.357548],[-106.272199,39.356646],[-106.272576,39.356358],[-106.273497,39.3562],[-106.274732,39.355683],[-106.278067,39.353484],[-106.279187,39.352928],[-106.279662,39.352349],[-106.281895,39.351455],[-106.283212,39.350469],[-106.283609,39.349673],[-106.283812,39.349469],[-106.284812,39.351366],[-106.285692,39.352128],[-106.286587,39.35222],[-106.288792,39.351899],[-106.290783,39.351766],[-106.292312,39.351849],[-106.29387,39.352263],[-106.295309,39.352936],[-106.295817,39.353792],[-106.295736,39.355656],[-106.296314,39.357335],[-106.29781,39.357952],[-106.298746,39.358626],[-106.299348,39.359375],[-106.300415,39.360067],[-106.301782,39.360459],[-106.301924,39.360699],[-106.302557,39.361119],[-106.303649,39.361358],[-106.304753,39.361443],[-106.306379,39.361339],[-106.30844,39.361791],[-106.310779,39.362052],[-106.311597,39.36222],[-106.312371,39.362278],[-106.313367,39.36217],[-106.316249,39.361211],[-106.320098,39.359648],[-106.320601,39.359375],[-106.321222,39.35927],[-106.322219,39.359263],[-106.323832,39.358982],[-106.326219,39.359327],[-106.328003,39.359236],[-106.331801,39.358576],[-106.332916,39.35823],[-106.333291,39.358281],[-106.33479,39.358951],[-106.337985,39.359148],[-106.339252,39.359064],[-106.342177,39.358096],[-106.344132,39.357712],[-106.3452,39.356786],[-106.345992,39.356468],[-106.347251,39.356126],[-106.349904,39.354936],[-106.35039,39.354451],[-106.350606,39.353998],[-106.351742,39.353683],[-106.352652,39.354093],[-106.354003,39.354384],[-106.355573,39.354861],[-106.358022,39.35514],[-106.360248,39.356132],[-106.36202,39.356783],[-106.362643,39.357217],[-106.362826,39.357884],[-106.362886,39.358633],[-106.363139,39.359234],[-106.364466,39.359972],[-106.366185,39.3606],[-106.366789,39.360648],[-106.367927,39.360454],[-106.369595,39.360284],[-106.37082,39.360637],[-106.371573,39.361722],[-106.371975,39.363708],[-106.372764,39.364519],[-106.374694,39.3657],[-106.374932,39.366083],[-106.375056,39.366896],[-106.375914,39.367662],[-106.376383,39.368542],[-106.377173,39.368981],[-106.378202,39.369401],[-106.378597,39.370225],[-106.378509,39.370428],[-106.378577,39.37146],[-106.378956,39.372075],[-106.379512,39.373913],[-106.380633,39.37615],[-106.381924,39.376265],[-106.383654,39.376606],[-106.38604,39.376556],[-106.38671,39.376666],[-106.387579,39.377015],[-106.388139,39.377332],[-106.388478,39.377719],[-106.38945,39.377811],[-106.390259,39.378125],[-106.390859,39.378799],[-106.391658,39.379397],[-106.392269,39.379401],[-106.392536,39.379155],[-106.392971,39.379164],[-106.393818,39.379576],[-106.395827,39.379624],[-106.397603,39.379845],[-106.3981,39.380178],[-106.398722,39.38015],[-106.399235,39.380321],[-106.399571,39.38082],[-106.400073,39.381008],[-106.400634,39.380962],[-106.403925,39.379848],[-106.405147,39.378927],[-106.406787,39.376327],[-106.407451,39.375678],[-106.407761,39.374987],[-106.40767,39.374647],[-106.407863,39.374055],[-106.408154,39.373696],[-106.41003,39.372318],[-106.410935,39.371997],[-106.411852,39.371313],[-106.413107,39.370058],[-106.414078,39.368647],[-106.414401,39.3679],[-106.414785,39.36749],[-106.415311,39.36736],[-106.417272,39.367296],[-106.418019,39.366865],[-106.418393,39.366447],[-106.41929,39.365828],[-106.421626,39.363797],[-106.424087,39.363031],[-106.42477,39.362536],[-106.425297,39.362423],[-106.425787,39.3621],[-106.426487,39.361871],[-106.489362,39.361815],[-106.500587,39.362319],[-106.544585,39.362217],[-106.546634,39.362082],[-106.57789,39.362095],[-106.578429,39.436991],[-106.591501,39.442516],[-106.592179,39.44292],[-106.647779,39.443357],[-106.686514,39.443516],[-106.689182,39.443839],[-106.691942,39.443627],[-106.695724,39.443628],[-106.796259,39.44432],[-106.841157,39.444037],[-106.844377,39.444129],[-106.853853,39.444088],[-106.85317,39.472792],[-106.853118,39.485675],[-106.876855,39.485755],[-106.876878,39.484466],[-106.905584,39.484486],[-106.91997,39.483745],[-106.928918,39.484572],[-106.960668,39.484576],[-106.966368,39.484673],[-107.050897,39.484792],[-107.050863,39.48769],[-107.079659,39.487797],[-107.098527,39.487674],[-107.09866,39.490996],[-107.098656,39.496056],[-107.101948,39.495814],[-107.113608,39.495476],[-107.113633,39.499831],[-107.113947,39.508613],[-107.113599,39.591336],[-107.113869,39.625095],[-107.115959,39.624366],[-107.116949,39.624194],[-107.117915,39.624342],[-107.119622,39.62494],[-107.120672,39.62502],[-107.12186,39.62478],[-107.122659,39.624198],[-107.122904,39.623907],[-107.123609,39.622653],[-107.124891,39.621301],[-107.125323,39.620661],[-107.125301,39.621306],[-107.125595,39.620624],[-107.126026,39.619928],[-107.126653,39.619061],[-107.127193,39.618674],[-107.127443,39.618558],[-107.128964,39.618271],[-107.129861,39.617974],[-107.130504,39.617673],[-107.131594,39.616915],[-107.133784,39.616003],[-107.135296,39.615709],[-107.137575,39.615628],[-107.13871,39.615327],[-107.139558,39.614907],[-107.140771,39.614164],[-107.144177,39.611874],[-107.144867,39.611159],[-107.145909,39.610653],[-107.147248,39.610211],[-107.151869,39.609407],[-107.154569,39.608464],[-107.155073,39.60815],[-107.155516,39.60759],[-107.155798,39.606933],[-107.156101,39.605576],[-107.156447,39.604902],[-107.156985,39.604341],[-107.158202,39.603675],[-107.159592,39.603171],[-107.162948,39.602163],[-107.168378,39.601087],[-107.170163,39.600659],[-107.171083,39.600311],[-107.17218,39.599458],[-107.174682,39.597196],[-107.17595,39.5957],[-107.177048,39.594652],[-107.179161,39.592236],[-107.180091,39.591489],[-107.181057,39.590976],[-107.185712,39.589095],[-107.186429,39.588907],[-107.187401,39.588438],[-107.188866,39.587466],[-107.189922,39.586986],[-107.190834,39.586746],[-107.191699,39.58665],[-107.192491,39.586662],[-107.194042,39.586855],[-107.195507,39.586851],[-107.196188,39.586731],[-107.197038,39.586361],[-107.197536,39.586006],[-107.19808,39.585351],[-107.198762,39.583629],[-107.199157,39.583058],[-107.199833,39.582576],[-107.201857,39.581774],[-107.202983,39.581102],[-107.203593,39.580592],[-107.203873,39.580251],[-107.20501,39.578581],[-107.205658,39.578141],[-107.207898,39.576917],[-107.209066,39.576557],[-107.210126,39.576508],[-107.215676,39.576928],[-107.217391,39.577333],[-107.218368,39.577448],[-107.220953,39.577081],[-107.221931,39.576783],[-107.222592,39.576403],[-107.222988,39.576073],[-107.223463,39.575419],[-107.223727,39.57462],[-107.223883,39.572424],[-107.224363,39.571325],[-107.224656,39.57098],[-107.225557,39.570449],[-107.227364,39.569723],[-107.228643,39.569092],[-107.230863,39.567436],[-107.234208,39.566241],[-107.235616,39.565294],[-107.236498,39.564661],[-107.237276,39.563899],[-107.237813,39.563279],[-107.239466,39.560789],[-107.239971,39.560273],[-107.240977,39.559578],[-107.242625,39.558002],[-107.243369,39.557625],[-107.244291,39.557414],[-107.245565,39.557587],[-107.246475,39.557987],[-107.246997,39.558372],[-107.248289,39.559897],[-107.248725,39.560263],[-107.249603,39.560801],[-107.250386,39.56107],[-107.25109,39.561202],[-107.254295,39.561487],[-107.255336,39.561653],[-107.256978,39.56204],[-107.258541,39.562639],[-107.259545,39.562913],[-107.260932,39.563],[-107.263205,39.562949],[-107.264301,39.562998],[-107.265879,39.563191],[-107.266821,39.563473],[-107.267413,39.563847],[-107.268874,39.56575],[-107.26921,39.566037],[-107.269971,39.566528],[-107.271053,39.566849],[-107.271559,39.566911],[-107.272735,39.566849],[-107.273871,39.566478],[-107.275193,39.565881],[-107.275733,39.565544],[-107.276347,39.564903],[-107.277581,39.562847],[-107.279095,39.561176],[-107.279826,39.560686],[-107.280501,39.560416],[-107.281755,39.560219],[-107.282228,39.560225],[-107.283131,39.560385],[-107.286081,39.561406],[-107.287302,39.56166],[-107.288287,39.561626],[-107.288872,39.561513],[-107.290045,39.561133],[-107.290886,39.560976],[-107.291763,39.560958],[-107.292345,39.560999],[-107.296313,39.56172],[-107.299588,39.562206],[-107.300593,39.562239],[-107.302775,39.562152],[-107.306812,39.561591],[-107.306692,39.565647],[-107.310946,39.565647],[-107.311045,39.562464],[-107.315352,39.562563],[-107.315687,39.556136],[-107.318096,39.55614],[-107.318096,39.555789],[-107.318505,39.55579],[-107.318734,39.556141],[-107.324383,39.556136],[-107.324516,39.555917],[-107.32511,39.556136],[-107.327074,39.556136],[-107.327086,39.555166],[-107.329099,39.555188],[-107.329122,39.554574],[-107.330543,39.55817],[-107.331642,39.557907],[-107.331804,39.558206],[-107.332445,39.557999],[-107.332718,39.558506],[-107.333491,39.558256],[-107.333625,39.558622],[-107.333528,39.558978],[-107.328942,39.558928],[-107.328707,39.565647],[-107.33142,39.565696],[-107.33142,39.569355],[-107.34154,39.569309],[-107.341446,39.565653],[-107.341269,39.565654],[-107.341384,39.565308],[-107.341009,39.565186],[-107.340078,39.564577],[-107.339717,39.564602],[-107.340221,39.563639],[-107.341673,39.561364],[-107.341189,39.561178],[-107.341873,39.560389],[-107.342527,39.560559],[-107.344207,39.561394],[-107.344999,39.561684],[-107.344883,39.564182],[-107.344699,39.56566],[-107.344087,39.565661],[-107.343733,39.566496],[-107.344055,39.566797],[-107.344344,39.56686],[-107.344231,39.567063],[-107.344499,39.567063],[-107.344171,39.569279],[-107.359665,39.569239],[-107.359665,39.565615],[-107.359458,39.565559],[-107.359463,39.564384],[-107.360666,39.564395],[-107.360751,39.562218],[-107.361257,39.562235],[-107.361222,39.562932],[-107.361832,39.56294],[-107.36179,39.563942],[-107.36397,39.564021],[-107.364289,39.563796],[-107.366058,39.563853],[-107.36598,39.565568],[-107.368125,39.565586],[-107.368111,39.565083],[-107.369884,39.565078],[-107.369809,39.562143],[-107.369659,39.561906],[-107.370522,39.561779],[-107.374731,39.560699],[-107.375732,39.560603],[-107.376676,39.560661],[-107.379314,39.561036],[-107.381077,39.561171],[-107.383628,39.561229],[-107.385452,39.561089],[-107.387221,39.560776],[-107.389518,39.560171],[-107.390639,39.559779],[-107.393996,39.558383],[-107.396832,39.557623],[-107.39806,39.557526],[-107.398988,39.557674],[-107.399642,39.557895],[-107.404843,39.56041],[-107.40583,39.561091],[-107.407335,39.562513],[-107.408538,39.563476],[-107.409198,39.563844],[-107.410223,39.564279],[-107.412182,39.5648],[-107.415707,39.565522],[-107.418246,39.565847],[-107.421895,39.566055],[-107.423656,39.566467],[-107.424895,39.567051],[-107.425782,39.567682],[-107.42652,39.568453],[-107.427675,39.570025],[-107.428426,39.570626],[-107.429389,39.571114],[-107.434102,39.57327],[-107.434272,39.572853],[-107.434259,39.572655],[-107.43735,39.573948],[-107.438255,39.574069],[-107.440297,39.574184],[-107.441443,39.574206],[-107.442814,39.573843],[-107.444095,39.573636],[-107.446729,39.573776],[-107.447614,39.573717],[-107.448428,39.573323],[-107.449354,39.573037],[-107.451354,39.572064],[-107.451997,39.571725],[-107.45392,39.570454],[-107.457277,39.569732],[-107.458719,39.569538],[-107.460403,39.569799],[-107.461585,39.570383],[-107.462277,39.570963],[-107.462999,39.571414],[-107.464364,39.571949],[-107.465953,39.572401],[-107.465866,39.572656],[-107.466242,39.57332],[-107.466166,39.573809],[-107.46686,39.573916],[-107.470851,39.57418],[-107.472745,39.57403],[-107.477795,39.57304],[-107.480605,39.572365],[-107.48242,39.57175],[-107.484027,39.570928],[-107.48526,39.570157],[-107.489636,39.571803],[-107.49004,39.571898],[-107.502654,39.571648],[-107.502652,39.571524],[-107.504645,39.570893],[-107.50798,39.570012],[-107.510121,39.568812],[-107.51042,39.570824],[-107.511033,39.570813],[-107.51113,39.571528],[-107.507431,39.571528],[-107.506707,39.572775],[-107.508985,39.572503],[-107.50898,39.573277],[-107.513856,39.577336],[-107.514107,39.578581],[-107.514074,39.578751],[-107.51262,39.581553],[-107.514556,39.583594],[-107.514597,39.586148],[-107.515948,39.588177],[-107.516474,39.590042],[-107.518325,39.590018],[-107.520532,39.592512],[-107.520611,39.595272],[-107.521845,39.59585],[-107.52186,39.596384],[-107.526687,39.596314],[-107.526386,39.593096],[-107.52617,39.585912],[-107.530819,39.585903],[-107.530864,39.587702],[-107.535505,39.587684],[-107.53547,39.586054],[-107.536768,39.586025],[-107.536763,39.585927],[-107.540199,39.585893],[-107.540173,39.58223],[-107.544838,39.582207],[-107.544838,39.582105],[-107.54814,39.578518],[-107.546864,39.578524],[-107.546385,39.578236],[-107.54558,39.578403],[-107.54482,39.57832],[-107.544819,39.578065],[-107.544444,39.578068],[-107.544112,39.577449],[-107.543629,39.577036],[-107.54348,39.576224],[-107.543324,39.576005],[-107.542384,39.57547],[-107.541687,39.575227],[-107.541484,39.57504],[-107.544806,39.575021],[-107.544763,39.568927],[-107.548425,39.567454],[-107.551644,39.565566],[-107.55249,39.56482],[-107.553576,39.562985],[-107.554255,39.562165],[-107.554683,39.561795],[-107.558647,39.55904],[-107.559702,39.558419],[-107.560561,39.558082],[-107.578587,39.554833],[-107.585456,39.553638],[-107.592297,39.552542],[-107.592667,39.552417],[-107.601855,39.55073],[-107.626748,39.546269],[-107.627903,39.546205],[-107.631381,39.546369],[-107.631343,39.547396],[-107.631526,39.547683],[-107.63149,39.548776],[-107.639313,39.548762],[-107.639309,39.549263],[-107.640878,39.549366],[-107.641243,39.549911],[-107.641855,39.550102],[-107.642278,39.550552],[-107.642275,39.55099],[-107.643697,39.551167],[-107.643706,39.552299],[-107.639427,39.552353],[-107.63952,39.559715],[-107.644242,39.559679],[-107.644227,39.558549],[-107.643757,39.558253],[-107.643884,39.557254],[-107.643842,39.556991],[-107.643933,39.556773],[-107.644715,39.556717],[-107.644677,39.556224],[-107.64481,39.555599],[-107.645033,39.555541],[-107.645204,39.55537],[-107.645213,39.555104],[-107.645728,39.55468],[-107.646542,39.554358],[-107.64749,39.554738],[-107.646592,39.556012],[-107.646591,39.556864],[-107.648902,39.556884],[-107.649005,39.55959],[-107.651303,39.559557],[-107.651256,39.558199],[-107.654355,39.558165],[-107.655259,39.556964],[-107.655515,39.556285],[-107.655279,39.555558],[-107.656165,39.55432],[-107.656467,39.553686],[-107.656382,39.553303],[-107.655759,39.552418],[-107.655871,39.552362],[-107.656316,39.552368],[-107.656407,39.552569],[-107.656906,39.552845],[-107.657264,39.552844],[-107.657345,39.552362],[-107.65773,39.552333],[-107.657919,39.552226],[-107.662767,39.5522],[-107.662746,39.553062],[-107.66216,39.554581],[-107.662521,39.556337],[-107.662418,39.556797],[-107.662093,39.557462],[-107.662147,39.558039],[-107.662521,39.558997],[-107.662855,39.559527],[-107.662927,39.559525],[-107.662934,39.56047],[-107.664463,39.560449],[-107.664436,39.558411],[-107.667565,39.558387],[-107.667446,39.549158],[-107.669607,39.549239],[-107.669559,39.54707],[-107.684081,39.547911],[-107.691016,39.548391],[-107.692458,39.548373],[-107.704879,39.547682],[-107.707601,39.547332],[-107.731768,39.5429],[-107.733599,39.542282],[-107.761912,39.53112],[-107.761935,39.533442],[-107.766528,39.533409],[-107.766683,39.537037],[-107.76372,39.537053],[-107.763708,39.535977],[-107.762935,39.535988],[-107.762947,39.537051],[-107.762012,39.537069],[-107.761426,39.537303],[-107.761435,39.538133],[-107.761857,39.538145],[-107.761868,39.538735],[-107.762221,39.539146],[-107.762696,39.540038],[-107.762702,39.540692],[-107.764756,39.540679],[-107.764767,39.541252],[-107.764028,39.541256],[-107.764074,39.544277],[-107.762818,39.544279],[-107.762829,39.544914],[-107.762104,39.544932],[-107.762082,39.544286],[-107.757587,39.54429],[-107.757361,39.544164],[-107.757388,39.544477],[-107.757615,39.544474],[-107.757708,39.548413],[-107.757476,39.548935],[-107.757509,39.55075],[-107.757354,39.551528],[-107.766787,39.551496],[-107.766639,39.552175],[-107.766851,39.552994],[-107.767913,39.553013],[-107.767923,39.555152],[-107.766865,39.555154],[-107.766908,39.559089],[-107.771092,39.559084],[-107.77201,39.559467],[-107.773666,39.557612],[-107.775094,39.556431],[-107.775249,39.556453],[-107.772013,39.56387],[-107.771734,39.564893],[-107.771698,39.567193],[-107.771699,39.567675],[-107.774925,39.567674],[-107.77506,39.571023],[-107.772956,39.571032],[-107.77283,39.572757],[-107.771639,39.572579],[-107.771445,39.573848],[-107.771564,39.576822],[-107.771383,39.578266],[-107.774859,39.578277],[-107.774841,39.574644],[-107.78888,39.574563],[-107.788942,39.578185],[-107.793457,39.578079],[-107.79322,39.570902],[-107.7795,39.570983],[-107.779473,39.567359],[-107.784131,39.567341],[-107.784052,39.563727],[-107.785606,39.563726],[-107.78566,39.558705],[-107.788574,39.558696],[-107.788591,39.556913],[-107.785584,39.556929],[-107.785597,39.5551],[-107.790412,39.555086],[-107.7904,39.554265],[-107.790961,39.554381],[-107.791479,39.554319],[-107.791702,39.554487],[-107.792135,39.554292],[-107.792458,39.553699],[-107.792684,39.553568],[-107.792361,39.553184],[-107.792345,39.552848],[-107.791759,39.552664],[-107.791493,39.552046],[-107.79149,39.551675],[-107.791387,39.551433],[-107.794895,39.551414],[-107.794974,39.547389],[-107.794947,39.544078],[-107.794857,39.544002],[-107.795169,39.543739],[-107.794678,39.543314],[-107.794815,39.543109],[-107.794962,39.542488],[-107.794895,39.538987],[-107.794962,39.535467],[-107.79568,39.535414],[-107.797005,39.53504],[-107.799558,39.534985],[-107.799522,39.532079],[-107.796565,39.532073],[-107.796555,39.530807],[-107.798835,39.530799],[-107.79881,39.529878],[-107.800708,39.52984],[-107.800694,39.5296],[-107.802241,39.529499],[-107.806337,39.529892],[-107.807349,39.529783],[-107.808778,39.529467],[-107.808878,39.533202],[-107.813467,39.533165],[-107.813432,39.530706],[-107.812433,39.52955],[-107.812427,39.529114],[-107.812626,39.528988],[-107.813754,39.529333],[-107.814607,39.529421],[-107.822692,39.529576],[-107.822678,39.527921],[-107.826035,39.527763],[-107.827189,39.52759],[-107.828141,39.527326],[-107.846246,39.520937],[-107.847828,39.520779],[-107.852582,39.519057],[-107.852406,39.518794],[-107.869993,39.512547],[-107.881008,39.508524],[-107.885241,39.507137],[-107.890504,39.505932],[-107.896932,39.504755],[-107.899625,39.504165],[-107.91221,39.50063],[-107.917765,39.499323],[-107.919822,39.499239],[-107.920984,39.499298],[-107.922629,39.499504],[-107.927946,39.500786],[-107.929442,39.501112],[-107.930725,39.501297],[-107.933002,39.501353],[-107.934071,39.501251],[-107.935604,39.500991],[-107.937758,39.500291],[-107.939642,39.499423],[-107.950325,39.492287],[-107.955734,39.489113],[-107.968011,39.482372],[-107.972998,39.479734],[-107.974376,39.479176],[-107.976475,39.478618],[-107.978473,39.478301],[-108.016096,39.475079],[-108.018962,39.474523],[-108.020847,39.473838],[-108.037871,39.46549],[-108.038103,39.465891],[-108.039906,39.464939],[-108.040266,39.46491],[-108.044406,39.462966],[-108.044917,39.462616],[-108.045424,39.462086],[-108.045707,39.461606],[-108.045871,39.461094],[-108.046708,39.45966],[-108.047699,39.458316],[-108.04827,39.457888],[-108.049112,39.457471],[-108.0498,39.45736],[-108.0504,39.457499],[-108.050424,39.459731],[-108.051324,39.45972],[-108.051339,39.460706],[-108.05856,39.460959],[-108.058342,39.463159],[-108.06302,39.463038],[-108.063184,39.461696],[-108.065699,39.463312],[-108.068214,39.463311],[-108.068203,39.462745],[-108.067872,39.462343],[-108.067813,39.462011],[-108.065072,39.460128],[-108.066132,39.459005],[-108.065848,39.458874],[-108.066125,39.45865],[-108.066288,39.457886],[-108.066226,39.457673],[-108.065888,39.457449],[-108.065262,39.457519],[-108.065141,39.457473],[-108.064954,39.457214],[-108.064513,39.457074],[-108.064631,39.456629],[-108.064563,39.455983],[-108.064757,39.455356],[-108.064604,39.455257],[-108.064356,39.455264],[-108.063439,39.454811],[-108.06338,39.452189],[-108.063249,39.452192],[-108.063234,39.448886],[-108.063462,39.447722],[-108.063419,39.444964],[-108.062793,39.444794],[-108.062148,39.444871],[-108.059966,39.444878],[-108.060038,39.444805],[-108.059106,39.444642],[-108.068442,39.43598],[-108.072982,39.430923],[-108.074771,39.429106],[-108.075574,39.428358],[-108.078699,39.42589],[-108.084926,39.42184],[-108.087391,39.42015],[-108.088791,39.419085],[-108.090585,39.417395],[-108.091569,39.416296],[-108.095022,39.411736],[-108.095884,39.410944],[-108.096724,39.410357],[-108.115248,39.400173],[-108.117377,39.399108],[-108.121951,39.397179],[-108.1234,39.396476],[-108.125365,39.395126],[-108.128903,39.391904],[-108.129742,39.391275],[-108.130535,39.390851],[-108.132339,39.390137],[-108.148208,39.384751],[-108.149679,39.384134],[-108.150888,39.383452],[-108.152797,39.382041],[-108.161734,39.375003],[-108.163738,39.373666],[-108.166654,39.372017],[-108.16781,39.37118],[-108.168726,39.370178],[-108.169416,39.369015],[-108.169807,39.367622],[-108.169865,39.366259],[-108.212232,39.366172],[-108.240878,39.366571],[-108.248746,39.366614],[-108.250637,39.366361],[-108.25836,39.366207],[-108.266299,39.366329],[-108.36774,39.366122],[-108.375643,39.366635],[-108.378852,39.366574],[-108.382802,39.366396],[-108.385129,39.366509],[-108.385961,39.366446],[-108.392005,39.366543],[-108.402353,39.366358],[-108.408243,39.366454],[-108.409607,39.365983],[-108.428538,39.366053],[-108.466016,39.365951],[-108.48543,39.365985],[-108.491785,39.366109],[-108.496991,39.3661],[-108.500647,39.366016],[-108.570171,39.366488],[-108.736757,39.366467],[-108.738134,39.366592],[-108.747389,39.366608],[-108.750655,39.366486],[-108.865853,39.366248],[-108.875035,39.366273],[-108.875659,39.366531],[-108.905275,39.366524],[-108.908064,39.366711],[-108.925279,39.36651],[-108.973735,39.366599],[-108.977183,39.366392],[-108.981103,39.366322],[-109.000663,39.366377],[-109.050765,39.366677],[-109.050864,39.374976],[-109.051172,39.450467],[-109.051178,39.485711],[-109.051432,39.524689]]]}},{"type":"Feature","properties":{"d":9,"label":[-104.84619,38.99047],"area":196.8},"geometry":{"type":"Polygon","coordinates":[[[-105.033473,39.129783],[-105.000551,39.13004],[-104.903002,39.129934],[-104.903088,39.129808],[-104.902945,39.129935],[-104.896079,39.12998],[-104.877773,39.129963],[-104.868471,39.129835],[-104.849109,39.13001],[-104.825257,39.129715],[-104.816778,39.129764],[-104.802314,39.129676],[-104.766571,39.129674],[-104.766511,39.122348],[-104.766657,39.121451],[-104.76733,39.120005],[-104.770797,39.113744],[-104.771106,39.112571],[-104.771068,39.103013],[-104.770628,39.099156],[-104.770901,39.09363],[-104.770868,39.091779],[-104.770425,39.087765],[-104.770138,39.087111],[-104.76973,39.08649],[-104.768311,39.084636],[-104.767801,39.083597],[-104.767573,39.082443],[-104.767441,39.080342],[-104.767197,39.079276],[-104.766971,39.078742],[-104.766614,39.078058],[-104.765964,39.077244],[-104.762523,39.073748],[-104.761901,39.072718],[-104.761647,39.071408],[-104.761559,39.070005],[-104.761359,39.065197],[-104.761416,39.064186],[-104.762018,39.060348],[-104.763632,39.057054],[-104.763878,39.056326],[-104.763941,39.055363],[-104.763786,39.049221],[-104.763927,39.048361],[-104.76445,39.047672],[-104.765341,39.046975],[-104.765767,39.046532],[-104.767788,39.043666],[-104.769219,39.042002],[-104.770093,39.041119],[-104.770496,39.040814],[-104.770999,39.040583],[-104.772607,39.040164],[-104.773318,39.039892],[-104.774928,39.038584],[-104.775382,39.037922],[-104.77553,39.037031],[-104.775515,39.035347],[-104.775612,39.035264],[-104.775889,39.034255],[-104.779526,39.024823],[-104.779856,39.023908],[-104.780063,39.02283],[-104.780638,39.018553],[-104.780803,39.016482],[-104.780748,39.015571],[-104.779805,39.011133],[-104.779301,39.010318],[-104.778374,39.009168],[-104.777081,39.010034],[-104.775556,39.010622],[-104.769453,39.012302],[-104.768007,39.012618],[-104.767322,39.012689],[-104.76152,39.012756],[-104.756692,39.012716],[-104.756665,39.005497],[-104.765937,39.005531],[-104.765982,38.99818],[-104.756667,38.99826],[-104.756617,38.983735],[-104.739131,38.983815],[-104.739131,38.983711],[-104.737994,38.983715],[-104.737995,38.983823],[-104.736406,38.983837],[-104.732796,38.983784],[-104.700382,38.983854],[-104.700594,38.971553],[-104.700718,38.954861],[-104.688379,38.954911],[-104.691699,38.951725],[-104.691765,38.948174],[-104.682622,38.948209],[-104.682563,38.951832],[-104.673178,38.951863],[-104.673345,38.940842],[-104.678154,38.940889],[-104.683318,38.941328],[-104.692802,38.941364],[-104.698915,38.941096],[-104.7026,38.941054],[-104.706337,38.940849],[-104.711174,38.940721],[-104.714603,38.940487],[-104.720043,38.94031],[-104.720066,38.940121],[-104.729374,38.940098],[-104.729367,38.940263],[-104.739581,38.940229],[-104.739671,38.940081],[-104.748152,38.940075],[-104.748169,38.940191],[-104.750005,38.93982],[-104.750746,38.939561],[-104.752519,38.938749],[-104.753925,38.938252],[-104.755365,38.938045],[-104.756821,38.938031],[-104.756813,38.937882],[-104.75865,38.937838],[-104.760676,38.937429],[-104.760922,38.937441],[-104.761833,38.937109],[-104.764459,38.935719],[-104.764877,38.935607],[-104.770009,38.933357],[-104.770471,38.933189],[-104.771071,38.933089],[-104.785864,38.93306],[-104.788798,38.932448],[-104.796344,38.932562],[-104.796465,38.932707],[-104.799675,38.933178],[-104.802593,38.93318],[-104.805534,38.933009],[-104.809162,38.93298],[-104.810444,38.932906],[-104.812851,38.932955],[-104.813846,38.926882],[-104.814182,38.924039],[-104.814734,38.920515],[-104.815199,38.918793],[-104.815613,38.917752],[-104.816614,38.91623],[-104.817418,38.91544],[-104.818301,38.914667],[-104.821471,38.912243],[-104.822557,38.911429],[-104.822885,38.911273],[-104.824227,38.910039],[-104.825175,38.908833],[-104.826158,38.907127],[-104.831235,38.894609],[-104.8323,38.892323],[-104.835219,38.886604],[-104.835494,38.885826],[-104.835948,38.883854],[-104.836089,38.882441],[-104.835997,38.880285],[-104.835161,38.876346],[-104.840063,38.876372],[-104.842899,38.876282],[-104.846694,38.876117],[-104.850272,38.875851],[-104.851524,38.875397],[-104.85415,38.873993],[-104.855427,38.872929],[-104.858817,38.869776],[-104.859678,38.868686],[-104.860472,38.868225],[-104.862542,38.867739],[-104.863028,38.867442],[-104.863347,38.867105],[-104.863604,38.866454],[-104.863645,38.865732],[-104.863666,38.864317],[-104.863459,38.861786],[-104.863522,38.861489],[-104.863862,38.861109],[-104.864268,38.860924],[-104.865518,38.860857],[-104.864714,38.859168],[-104.864583,38.858705],[-104.864574,38.857968],[-104.864868,38.85716],[-104.865311,38.8565],[-104.867357,38.854531],[-104.86937,38.85577],[-104.87193,38.853168],[-104.872649,38.851196],[-104.874526,38.852851],[-104.875439,38.853393],[-104.876316,38.853736],[-104.877567,38.854069],[-104.88214,38.854879],[-104.882107,38.854973],[-104.886887,38.855816],[-104.886903,38.864287],[-104.896014,38.864245],[-104.896036,38.862619],[-104.896679,38.862085],[-104.896881,38.86104],[-104.896062,38.860766],[-104.897658,38.860751],[-104.897412,38.859583],[-104.898008,38.859506],[-104.898878,38.860213],[-104.899281,38.860736],[-104.900592,38.860723],[-104.900508,38.864094],[-104.904985,38.863946],[-104.909413,38.863935],[-104.909217,38.86765],[-104.909376,38.871307],[-104.913809,38.871278],[-104.914426,38.88225],[-104.917028,38.884405],[-104.917077,38.885867],[-104.914551,38.885932],[-104.914792,38.893171],[-104.905489,38.893379],[-104.898533,38.8933],[-104.898597,38.895124],[-104.896279,38.895095],[-104.896344,38.896917],[-104.88708,38.896792],[-104.886843,38.911133],[-104.890565,38.911127],[-104.890997,38.911191],[-104.891253,38.911127],[-104.895887,38.911156],[-104.924849,38.910979],[-104.935353,38.911002],[-104.935352,38.915933],[-104.936318,38.916012],[-104.936437,38.916073],[-104.936452,38.916228],[-104.935554,38.916172],[-104.934909,38.916864],[-104.93413,38.917173],[-104.934073,38.91735],[-104.934152,38.917493],[-104.934502,38.917525],[-104.935389,38.916972],[-104.935792,39.01227],[-104.953949,39.012178],[-104.972985,39.014016],[-104.98108,39.013491],[-104.99168,39.013578],[-104.991686,39.021009],[-105.010704,39.021012],[-105.010729,39.013524],[-105.012205,39.013597],[-105.012068,39.014051],[-105.012086,39.014615],[-105.012657,39.016913],[-105.012777,39.018207],[-105.012585,39.019241],[-105.01188,39.02136],[-105.011869,39.021652],[-105.012073,39.022105],[-105.01208,39.022445],[-105.011957,39.022805],[-105.011619,39.023219],[-105.011565,39.023471],[-105.012215,39.02487],[-105.012298,39.025367],[-105.0131,39.024798],[-105.013201,39.024605],[-105.013138,39.024508],[-105.012735,39.024416],[-105.012718,39.024028],[-105.013006,39.022636],[-105.013012,39.022113],[-105.013287,39.021492],[-105.013356,39.020999],[-105.013662,39.020642],[-105.014686,39.020471],[-105.01511,39.020495],[-105.016544,39.020901],[-105.017423,39.021018],[-105.018138,39.021232],[-105.019142,39.021313],[-105.021369,39.022188],[-105.021751,39.022236],[-105.022098,39.022114],[-105.022994,39.021507],[-105.023449,39.021458],[-105.025629,39.020754],[-105.02623,39.020453],[-105.027088,39.0198],[-105.027514,39.019571],[-105.027139,39.028954],[-105.033473,39.129783]]]}},{"type":"Feature","properties":{"d":10,"label":[-104.73228,38.90046],"area":49.5},"geometry":{"type":"Polygon","coordinates":[[[-104.836089,38.882441],[-104.835948,38.883854],[-104.835494,38.885826],[-104.835219,38.886604],[-104.8323,38.892323],[-104.831235,38.894609],[-104.827124,38.904813],[-104.826158,38.907127],[-104.825625,38.908076],[-104.824713,38.909493],[-104.824227,38.910039],[-104.822885,38.911273],[-104.822523,38.911454],[-104.817894,38.915004],[-104.816614,38.91623],[-104.815613,38.917752],[-104.815199,38.918793],[-104.814734,38.920515],[-104.814182,38.924039],[-104.813846,38.926882],[-104.812851,38.932955],[-104.810444,38.932906],[-104.809162,38.93298],[-104.805534,38.933009],[-104.802593,38.93318],[-104.799675,38.933178],[-104.796465,38.932707],[-104.796344,38.932562],[-104.788798,38.932448],[-104.785864,38.93306],[-104.771071,38.933089],[-104.770471,38.933189],[-104.770009,38.933357],[-104.764877,38.935607],[-104.764459,38.935719],[-104.761833,38.937109],[-104.760922,38.937441],[-104.760676,38.937429],[-104.75865,38.937838],[-104.756813,38.937882],[-104.756821,38.938031],[-104.755365,38.938045],[-104.753925,38.938252],[-104.752519,38.938749],[-104.750746,38.939561],[-104.750005,38.93982],[-104.748169,38.940191],[-104.748152,38.940075],[-104.739671,38.940081],[-104.739581,38.940229],[-104.729367,38.940263],[-104.729374,38.940098],[-104.720066,38.940121],[-104.720043,38.94031],[-104.714603,38.940487],[-104.711174,38.940721],[-104.706337,38.940849],[-104.7026,38.941054],[-104.698915,38.941096],[-104.694069,38.941351],[-104.685979,38.941374],[-104.683318,38.941328],[-104.677625,38.940864],[-104.673345,38.940842],[-104.673348,38.94058],[-104.670892,38.940513],[-104.667919,38.940272],[-104.664558,38.940123],[-104.664253,38.939792],[-104.664136,38.93979],[-104.664109,38.937359],[-104.659355,38.937368],[-104.659353,38.937317],[-104.659001,38.937317],[-104.658996,38.936276],[-104.645097,38.936303],[-104.631449,38.93614],[-104.631441,38.938934],[-104.627542,38.938899],[-104.627548,38.926396],[-104.620929,38.926331],[-104.620538,38.926395],[-104.615278,38.929902],[-104.613762,38.929889],[-104.611072,38.931625],[-104.609211,38.92989],[-104.608218,38.930528],[-104.607703,38.926196],[-104.611025,38.926164],[-104.616218,38.926224],[-104.61775,38.926305],[-104.626363,38.913959],[-104.626443,38.913504],[-104.626593,38.913254],[-104.62645,38.912853],[-104.626438,38.911573],[-104.627277,38.911613],[-104.627841,38.91185],[-104.634396,38.901948],[-104.645556,38.885895],[-104.658806,38.868133],[-104.660121,38.866636],[-104.661012,38.865764],[-104.661866,38.864988],[-104.663338,38.863869],[-104.663522,38.864039],[-104.663701,38.863916],[-104.665902,38.866262],[-104.666985,38.867041],[-104.667835,38.867441],[-104.668606,38.867724],[-104.669915,38.867976],[-104.67338,38.867998],[-104.673461,38.868226],[-104.673488,38.876752],[-104.680061,38.876725],[-104.680057,38.871562],[-104.676615,38.871575],[-104.6766,38.870892],[-104.675748,38.870903],[-104.675746,38.867993],[-104.682723,38.867955],[-104.682725,38.868064],[-104.689208,38.868089],[-104.691644,38.868222],[-104.695054,38.868223],[-104.6984,38.868028],[-104.703078,38.867983],[-104.70829,38.868056],[-104.708851,38.868142],[-104.709863,38.868498],[-104.715713,38.871189],[-104.715862,38.871247],[-104.71591,38.871175],[-104.717635,38.871933],[-104.718485,38.872079],[-104.720696,38.872095],[-104.721631,38.871943],[-104.722592,38.871534],[-104.725174,38.869117],[-104.725908,38.86862],[-104.727074,38.868129],[-104.728292,38.867923],[-104.737534,38.86791],[-104.738598,38.867782],[-104.739143,38.867415],[-104.741708,38.865069],[-104.747368,38.861919],[-104.748011,38.86168],[-104.749854,38.861528],[-104.751411,38.861158],[-104.752989,38.861035],[-104.754577,38.860702],[-104.757086,38.859775],[-104.757068,38.859236],[-104.772429,38.859093],[-104.775737,38.858958],[-104.783982,38.859044],[-104.787037,38.859152],[-104.788775,38.859688],[-104.794172,38.861788],[-104.794139,38.869918],[-104.794067,38.869926],[-104.79407,38.870309],[-104.794249,38.871092],[-104.794724,38.87225],[-104.794864,38.87356],[-104.799275,38.873438],[-104.800239,38.873541],[-104.80208,38.873912],[-104.803523,38.873881],[-104.822422,38.87446],[-104.826694,38.87488],[-104.827453,38.875089],[-104.829111,38.875883],[-104.829627,38.876008],[-104.833077,38.876326],[-104.835161,38.876346],[-104.835997,38.880285],[-104.836089,38.882441]]]}},{"type":"Feature","properties":{"d":11,"label":[-104.71998,38.81272],"area":87.5},"geometry":{"type":"Polygon","coordinates":[[[-104.836294,38.822963],[-104.835049,38.828024],[-104.834917,38.827972],[-104.83488,38.828123],[-104.835012,38.828174],[-104.834129,38.831488],[-104.833489,38.832416],[-104.832064,38.833661],[-104.831583,38.834147],[-104.831008,38.834909],[-104.830639,38.835687],[-104.830382,38.836938],[-104.827363,38.83693],[-104.825084,38.83675],[-104.825004,38.838148],[-104.824838,38.838151],[-104.814692,38.837829],[-104.807403,38.837696],[-104.803817,38.837572],[-104.803595,38.837557],[-104.803595,38.837496],[-104.794459,38.837181],[-104.794285,38.840949],[-104.794172,38.861788],[-104.788775,38.859688],[-104.787037,38.859152],[-104.783982,38.859044],[-104.775737,38.858958],[-104.772429,38.859093],[-104.757068,38.859236],[-104.757086,38.859775],[-104.754577,38.860702],[-104.752989,38.861035],[-104.751411,38.861158],[-104.749854,38.861528],[-104.748011,38.86168],[-104.747368,38.861919],[-104.741708,38.865069],[-104.739143,38.867415],[-104.738598,38.867782],[-104.737534,38.86791],[-104.728292,38.867923],[-104.727074,38.868129],[-104.725908,38.86862],[-104.725174,38.869117],[-104.722592,38.871534],[-104.721631,38.871943],[-104.720696,38.872095],[-104.718485,38.872079],[-104.717635,38.871933],[-104.71591,38.871175],[-104.715862,38.871247],[-104.715713,38.871189],[-104.709863,38.868498],[-104.708851,38.868142],[-104.70829,38.868056],[-104.703078,38.867983],[-104.6984,38.868028],[-104.695054,38.868223],[-104.691644,38.868222],[-104.689208,38.868089],[-104.682725,38.868064],[-104.682723,38.867955],[-104.675746,38.867993],[-104.675748,38.870903],[-104.6766,38.870892],[-104.676615,38.871575],[-104.680057,38.871562],[-104.680061,38.876725],[-104.673488,38.876752],[-104.673461,38.868226],[-104.67338,38.867998],[-104.669915,38.867976],[-104.668606,38.867724],[-104.667835,38.867441],[-104.666985,38.867041],[-104.665902,38.866262],[-104.663701,38.863916],[-104.663522,38.864039],[-104.663338,38.863869],[-104.661866,38.864988],[-104.661012,38.865764],[-104.660121,38.866636],[-104.658806,38.868133],[-104.645556,38.885895],[-104.634396,38.901948],[-104.627841,38.91185],[-104.627277,38.911613],[-104.62651,38.911576],[-104.626392,38.897798],[-104.626453,38.893474],[-104.621725,38.893486],[-104.621761,38.889866],[-104.617127,38.889874],[-104.617182,38.882616],[-104.621826,38.882627],[-104.621791,38.886245],[-104.626429,38.886247],[-104.626613,38.869947],[-104.635999,38.869966],[-104.636027,38.868162],[-104.61728,38.868116],[-104.617279,38.864388],[-104.612616,38.864398],[-104.612605,38.868108],[-104.607929,38.868099],[-104.607954,38.864409],[-104.598685,38.86421],[-104.598724,38.85688],[-104.603364,38.856954],[-104.603354,38.853287],[-104.598684,38.853237],[-104.598751,38.848939],[-104.607952,38.849025],[-104.607946,38.849715],[-104.61266,38.849738],[-104.612684,38.846115],[-104.618754,38.846143],[-104.618734,38.842529],[-104.617337,38.842498],[-104.617359,38.839016],[-104.621608,38.83906],[-104.624043,38.839319],[-104.625966,38.839424],[-104.626492,38.839372],[-104.627245,38.839626],[-104.627244,38.839276],[-104.627875,38.839276],[-104.628529,38.839084],[-104.631323,38.838931],[-104.631303,38.835358],[-104.626598,38.835363],[-104.626563,38.831808],[-104.62199,38.831763],[-104.621998,38.835337],[-104.617416,38.835306],[-104.617545,38.810058],[-104.608302,38.80996],[-104.608398,38.795643],[-104.608226,38.795631],[-104.608368,38.795458],[-104.608398,38.793211],[-104.608517,38.767356],[-104.608303,38.751924],[-104.608266,38.741846],[-104.608383,38.741479],[-104.608696,38.728337],[-104.608911,38.728378],[-104.608789,38.721138],[-104.608855,38.712133],[-104.627402,38.712137],[-104.627383,38.71941],[-104.628301,38.71941],[-104.628275,38.723082],[-104.628874,38.723086],[-104.628874,38.723003],[-104.629835,38.723005],[-104.629834,38.723093],[-104.629997,38.723094],[-104.636641,38.723089],[-104.63665,38.723016],[-104.641459,38.722999],[-104.641491,38.726196],[-104.64141,38.726966],[-104.641174,38.727331],[-104.640822,38.727574],[-104.639057,38.728392],[-104.638539,38.728457],[-104.63854,38.730258],[-104.643996,38.730267],[-104.64293,38.730721],[-104.646111,38.730583],[-104.645302,38.732015],[-104.644494,38.734317],[-104.644382,38.735226],[-104.644325,38.73738],[-104.649831,38.737427],[-104.6502,38.737505],[-104.673623,38.737462],[-104.673621,38.737369],[-104.673721,38.737369],[-104.673721,38.737464],[-104.673872,38.737466],[-104.682702,38.737466],[-104.682642,38.760538],[-104.682835,38.761893],[-104.683352,38.763101],[-104.683705,38.763627],[-104.684983,38.764741],[-104.686375,38.76551],[-104.687498,38.765903],[-104.688872,38.766156],[-104.690159,38.76621],[-104.714202,38.766149],[-104.715917,38.766438],[-104.717179,38.7669],[-104.718399,38.767634],[-104.719078,38.768221],[-104.719809,38.769123],[-104.720375,38.770317],[-104.720526,38.771264],[-104.720599,38.780879],[-104.73072,38.78136],[-104.732477,38.781101],[-104.738694,38.779827],[-104.738697,38.777347],[-104.739047,38.777347],[-104.739141,38.78025],[-104.739243,38.780398],[-104.741982,38.780433],[-104.743003,38.780517],[-104.753701,38.780511],[-104.75489,38.780108],[-104.75578,38.779557],[-104.756472,38.778854],[-104.756732,38.778436],[-104.756896,38.777965],[-104.756831,38.777345],[-104.757525,38.777343],[-104.757312,38.771733],[-104.757553,38.770848],[-104.757951,38.770237],[-104.75888,38.769238],[-104.763805,38.76588],[-104.764868,38.7654],[-104.766742,38.76484],[-104.766677,38.763584],[-104.766302,38.763197],[-104.765659,38.762727],[-104.763855,38.761714],[-104.763108,38.761379],[-104.761039,38.760618],[-104.76028,38.760445],[-104.759464,38.759957],[-104.759224,38.759695],[-104.759076,38.759244],[-104.759055,38.758442],[-104.759658,38.757209],[-104.75973,38.756209],[-104.75949,38.755893],[-104.758425,38.755106],[-104.759297,38.754865],[-104.759806,38.754181],[-104.75983,38.754001],[-104.760418,38.75366],[-104.760626,38.753319],[-104.770658,38.761114],[-104.77666,38.766575],[-104.778689,38.769234],[-104.779596,38.768805],[-104.780496,38.770197],[-104.781638,38.772264],[-104.783241,38.77599],[-104.783942,38.776339],[-104.784936,38.776278],[-104.78511,38.774921],[-104.785445,38.774187],[-104.785627,38.773492],[-104.785806,38.771492],[-104.78492,38.769533],[-104.784957,38.768714],[-104.785429,38.768683],[-104.785659,38.768593],[-104.786849,38.767926],[-104.78662,38.767704],[-104.786782,38.767556],[-104.786505,38.767356],[-104.786576,38.767278],[-104.785848,38.766566],[-104.783556,38.766569],[-104.783552,38.767245],[-104.78362,38.767288],[-104.783242,38.767649],[-104.782781,38.767353],[-104.78287,38.767268],[-104.782653,38.767129],[-104.782787,38.767002],[-104.782114,38.76657],[-104.778016,38.766574],[-104.776971,38.76537],[-104.776395,38.764846],[-104.787934,38.765626],[-104.790719,38.765716],[-104.798537,38.765707],[-104.798537,38.76651],[-104.798869,38.766562],[-104.812419,38.766596],[-104.812771,38.771316],[-104.813173,38.772852],[-104.814119,38.774484],[-104.821015,38.784518],[-104.821483,38.785424],[-104.821868,38.786718],[-104.821968,38.787582],[-104.822069,38.793985],[-104.822094,38.802708],[-104.822269,38.802707],[-104.822382,38.806684],[-104.822421,38.814893],[-104.825332,38.815028],[-104.826857,38.815213],[-104.82876,38.815731],[-104.830525,38.816519],[-104.831182,38.816903],[-104.832649,38.817979],[-104.834717,38.819628],[-104.835302,38.820195],[-104.835759,38.820773],[-104.836175,38.821616],[-104.836286,38.822169],[-104.836294,38.822963]]]}},{"type":"Feature","properties":{"d":12,"label":[-104.87616,38.77199],"area":396.8},"geometry":{"type":"Polygon","coordinates":[[[-105.072529,38.8084],[-105.072371,38.811087],[-105.071637,38.81944],[-105.06766,38.858991],[-105.067909,38.859384],[-105.067951,38.859881],[-105.067409,38.862153],[-105.067559,38.86267],[-105.067423,38.863998],[-105.066441,38.869177],[-105.055027,38.869094],[-105.047369,38.868855],[-105.028633,38.86873],[-105.028314,38.883243],[-105.027719,38.897722],[-105.027881,38.912214],[-105.027393,38.926696],[-105.027342,38.930811],[-105.027926,38.930806],[-105.027947,38.930032],[-105.031398,38.930252],[-105.039832,38.930575],[-105.041068,38.930551],[-105.041206,38.934321],[-105.04119,38.937811],[-105.03434,38.937903],[-105.034369,38.936083],[-105.031941,38.936102],[-105.031896,38.937933],[-105.027255,38.93808],[-105.027041,38.956567],[-105.02733,38.966471],[-105.0273,38.985375],[-105.029945,38.999632],[-105.027691,39.01485],[-105.027514,39.019571],[-105.027088,39.0198],[-105.02623,39.020453],[-105.025629,39.020754],[-105.023449,39.021458],[-105.022994,39.021507],[-105.022098,39.022114],[-105.021751,39.022236],[-105.021369,39.022188],[-105.019142,39.021313],[-105.018138,39.021232],[-105.017423,39.021018],[-105.016544,39.020901],[-105.01511,39.020495],[-105.014686,39.020471],[-105.013662,39.020642],[-105.013356,39.020999],[-105.013287,39.021492],[-105.013012,39.022113],[-105.013006,39.022636],[-105.012718,39.024028],[-105.012735,39.024416],[-105.013138,39.024508],[-105.013201,39.024605],[-105.0131,39.024798],[-105.012298,39.025367],[-105.012215,39.02487],[-105.011565,39.023471],[-105.011619,39.023219],[-105.011957,39.022805],[-105.01208,39.022445],[-105.012073,39.022105],[-105.011869,39.021652],[-105.01188,39.02136],[-105.012585,39.019241],[-105.012777,39.018207],[-105.012657,39.016913],[-105.012086,39.014615],[-105.012068,39.014051],[-105.012205,39.013597],[-105.010729,39.013524],[-105.010704,39.021012],[-104.991686,39.021009],[-104.99168,39.013578],[-104.98108,39.013491],[-104.972985,39.014016],[-104.953949,39.012178],[-104.935792,39.01227],[-104.935389,38.916972],[-104.934502,38.917525],[-104.934152,38.917493],[-104.934073,38.91735],[-104.93413,38.917173],[-104.934909,38.916864],[-104.935554,38.916172],[-104.936452,38.916228],[-104.936437,38.916073],[-104.936318,38.916012],[-104.935352,38.915933],[-104.935353,38.911002],[-104.924849,38.910979],[-104.895887,38.911156],[-104.891253,38.911127],[-104.890997,38.911191],[-104.890565,38.911127],[-104.886843,38.911133],[-104.88708,38.896792],[-104.896344,38.896917],[-104.896279,38.895095],[-104.898597,38.895124],[-104.898533,38.8933],[-104.905489,38.893379],[-104.914792,38.893171],[-104.914551,38.885932],[-104.917077,38.885867],[-104.917028,38.884405],[-104.914426,38.88225],[-104.913809,38.871278],[-104.909376,38.871307],[-104.909217,38.86765],[-104.909413,38.863935],[-104.904985,38.863946],[-104.900508,38.864094],[-104.900592,38.860723],[-104.899281,38.860736],[-104.898878,38.860213],[-104.898008,38.859506],[-104.897412,38.859583],[-104.897658,38.860751],[-104.896062,38.860766],[-104.896881,38.86104],[-104.896679,38.862085],[-104.896036,38.862619],[-104.896014,38.864245],[-104.886903,38.864287],[-104.886887,38.855816],[-104.882107,38.854973],[-104.88214,38.854879],[-104.877567,38.854069],[-104.876316,38.853736],[-104.875439,38.853393],[-104.874526,38.852851],[-104.872649,38.851196],[-104.87193,38.853168],[-104.86937,38.85577],[-104.867357,38.854531],[-104.865311,38.8565],[-104.864868,38.85716],[-104.864574,38.857968],[-104.864583,38.858705],[-104.864714,38.859168],[-104.865518,38.860857],[-104.864268,38.860924],[-104.863862,38.861109],[-104.863522,38.861489],[-104.863459,38.861786],[-104.863666,38.864317],[-104.863645,38.865732],[-104.863604,38.866454],[-104.863347,38.867105],[-104.863028,38.867442],[-104.862542,38.867739],[-104.860472,38.868225],[-104.85992,38.868507],[-104.859678,38.868686],[-104.858817,38.869776],[-104.855427,38.872929],[-104.85415,38.873993],[-104.851524,38.875397],[-104.850272,38.875851],[-104.846694,38.876117],[-104.840063,38.876372],[-104.833077,38.876326],[-104.829627,38.876008],[-104.829111,38.875883],[-104.827453,38.875089],[-104.826384,38.874818],[-104.824699,38.874719],[-104.822648,38.874476],[-104.803523,38.873881],[-104.80208,38.873912],[-104.800239,38.873541],[-104.799275,38.873438],[-104.794864,38.87356],[-104.794724,38.87225],[-104.794249,38.871092],[-104.79407,38.870309],[-104.794144,38.869286],[-104.794285,38.840949],[-104.794459,38.837181],[-104.803595,38.837496],[-104.803595,38.837557],[-104.803817,38.837572],[-104.807403,38.837696],[-104.814692,38.837829],[-104.824838,38.838151],[-104.825004,38.838148],[-104.825084,38.83675],[-104.827363,38.83693],[-104.830382,38.836938],[-104.830639,38.835687],[-104.831008,38.834909],[-104.831583,38.834147],[-104.832064,38.833661],[-104.833489,38.832416],[-104.834129,38.831488],[-104.835012,38.828174],[-104.83488,38.828123],[-104.834917,38.827972],[-104.835049,38.828024],[-104.836292,38.82303],[-104.836286,38.822169],[-104.836175,38.821616],[-104.835759,38.820773],[-104.835302,38.820195],[-104.833988,38.819043],[-104.831182,38.816903],[-104.82953,38.816027],[-104.827508,38.815358],[-104.826857,38.815213],[-104.825332,38.815028],[-104.822421,38.814893],[-104.822382,38.806684],[-104.822269,38.802707],[-104.822094,38.802708],[-104.822069,38.793985],[-104.821968,38.787582],[-104.821868,38.786718],[-104.821483,38.785424],[-104.821015,38.784518],[-104.814119,38.774484],[-104.813173,38.772852],[-104.812771,38.771316],[-104.812419,38.766596],[-104.798869,38.766562],[-104.798537,38.76651],[-104.798537,38.765707],[-104.790719,38.765716],[-104.787934,38.765626],[-104.776395,38.764846],[-104.776971,38.76537],[-104.778016,38.766574],[-104.782114,38.76657],[-104.782787,38.767002],[-104.782653,38.767129],[-104.78287,38.767268],[-104.782781,38.767353],[-104.783242,38.767649],[-104.78362,38.767288],[-104.783552,38.767245],[-104.783556,38.766569],[-104.785848,38.766566],[-104.786576,38.767278],[-104.786505,38.767356],[-104.786782,38.767556],[-104.78662,38.767704],[-104.786849,38.767926],[-104.785659,38.768593],[-104.785429,38.768683],[-104.784957,38.768714],[-104.78492,38.769533],[-104.785806,38.771492],[-104.785627,38.773492],[-104.785445,38.774187],[-104.78511,38.774921],[-104.784936,38.776278],[-104.783942,38.776339],[-104.783241,38.77599],[-104.781638,38.772264],[-104.780496,38.770197],[-104.779596,38.768805],[-104.778689,38.769234],[-104.77666,38.766575],[-104.770658,38.761114],[-104.760626,38.753319],[-104.760418,38.75366],[-104.75983,38.754001],[-104.759806,38.754181],[-104.759297,38.754865],[-104.758425,38.755106],[-104.75949,38.755893],[-104.75973,38.756209],[-104.759658,38.757209],[-104.759055,38.758442],[-104.759076,38.759244],[-104.759224,38.759695],[-104.759464,38.759957],[-104.76028,38.760445],[-104.761039,38.760618],[-104.763108,38.761379],[-104.763855,38.761714],[-104.765659,38.762727],[-104.766302,38.763197],[-104.766677,38.763584],[-104.766742,38.76484],[-104.764868,38.7654],[-104.763805,38.76588],[-104.75888,38.769238],[-104.757951,38.770237],[-104.757553,38.770848],[-104.757312,38.771733],[-104.757525,38.777343],[-104.756831,38.777345],[-104.756896,38.777965],[-104.756732,38.778436],[-104.756472,38.778854],[-104.75578,38.779557],[-104.75489,38.780108],[-104.753701,38.780511],[-104.743003,38.780517],[-104.741982,38.780433],[-104.739243,38.780398],[-104.739141,38.78025],[-104.739047,38.777347],[-104.738697,38.777347],[-104.738694,38.779827],[-104.732477,38.781101],[-104.73072,38.78136],[-104.720599,38.780879],[-104.720526,38.771264],[-104.720375,38.770317],[-104.719809,38.769123],[-104.719078,38.768221],[-104.718399,38.767634],[-104.717179,38.7669],[-104.715917,38.766438],[-104.714202,38.766149],[-104.690159,38.76621],[-104.688872,38.766156],[-104.687498,38.765903],[-104.686375,38.76551],[-104.684983,38.764741],[-104.683705,38.763627],[-104.683352,38.763101],[-104.682835,38.761893],[-104.682642,38.760538],[-104.682702,38.737466],[-104.673872,38.737466],[-104.673721,38.737464],[-104.673721,38.737369],[-104.673621,38.737369],[-104.673623,38.737462],[-104.6502,38.737505],[-104.649831,38.737427],[-104.644325,38.73738],[-104.644382,38.735226],[-104.644494,38.734317],[-104.645302,38.732015],[-104.646111,38.730583],[-104.64293,38.730721],[-104.643996,38.730267],[-104.63854,38.730258],[-104.638539,38.728457],[-104.639057,38.728392],[-104.640822,38.727574],[-104.641174,38.727331],[-104.64141,38.726966],[-104.641491,38.726196],[-104.641459,38.722999],[-104.63665,38.723016],[-104.636641,38.723089],[-104.629997,38.723094],[-104.629834,38.723093],[-104.629835,38.723005],[-104.628874,38.723003],[-104.628874,38.723086],[-104.628275,38.723082],[-104.628301,38.71941],[-104.627383,38.71941],[-104.627402,38.712137],[-104.658514,38.71212],[-104.660228,38.713381],[-104.659484,38.714001],[-104.658138,38.715568],[-104.659492,38.716285],[-104.660213,38.715457],[-104.661598,38.71418],[-104.66526,38.711118],[-104.668208,38.7089],[-104.668954,38.708624],[-104.669922,38.70848],[-104.67361,38.708448],[-104.67358,38.694975],[-104.671433,38.694974],[-104.671432,38.694076],[-104.667973,38.693974],[-104.599151,38.694022],[-104.599182,38.690289],[-104.605395,38.6903],[-104.605426,38.686607],[-104.609046,38.686618],[-104.609158,38.679274],[-104.623033,38.679303],[-104.623048,38.680951],[-104.627054,38.680913],[-104.627102,38.682631],[-104.633429,38.68258],[-104.63336,38.679269],[-104.636613,38.679265],[-104.636684,38.668353],[-104.636485,38.668366],[-104.636443,38.664816],[-104.663953,38.664577],[-104.663975,38.657383],[-104.673289,38.657357],[-104.673289,38.65725],[-104.681925,38.657213],[-104.682435,38.657246],[-104.682524,38.663535],[-104.68538,38.663512],[-104.685323,38.663305],[-104.68557,38.663255],[-104.687072,38.662314],[-104.687305,38.662463],[-104.68774,38.662582],[-104.691679,38.662539],[-104.691848,38.663269],[-104.694931,38.663195],[-104.694874,38.662033],[-104.696753,38.661859],[-104.697036,38.657951],[-104.698701,38.657984],[-104.701043,38.663913],[-104.701272,38.664285],[-104.70154,38.665338],[-104.701719,38.66654],[-104.702033,38.666534],[-104.701854,38.665333],[-104.701552,38.664158],[-104.701688,38.664145],[-104.702179,38.665286],[-104.702897,38.664925],[-104.702116,38.6638],[-104.701415,38.662569],[-104.6943,38.64461],[-104.688791,38.619374],[-104.688223,38.617565],[-104.687642,38.616266],[-104.686566,38.614571],[-104.68124,38.607448],[-104.678556,38.603364],[-104.677625,38.601848],[-104.669285,38.58649],[-104.66852,38.586775],[-104.668068,38.586216],[-104.667574,38.585929],[-104.666435,38.58575],[-104.665982,38.58594],[-104.647269,38.563281],[-104.651552,38.563248],[-104.645962,38.552085],[-104.645568,38.551077],[-104.644294,38.548415],[-104.642855,38.544572],[-104.642108,38.542868],[-104.638703,38.536172],[-104.638168,38.535437],[-104.638347,38.535215],[-104.638225,38.534934],[-104.632055,38.522814],[-104.63216,38.522752],[-104.630682,38.519917],[-104.660376,38.519754],[-104.684322,38.51944],[-104.74135,38.519652],[-104.75053,38.519871],[-104.770579,38.519839],[-104.787217,38.520119],[-104.796104,38.520165],[-104.798122,38.519984],[-104.815976,38.520029],[-104.819968,38.519937],[-104.823165,38.519779],[-104.826057,38.519775],[-104.836167,38.51998],[-104.86615,38.519857],[-104.866674,38.520017],[-104.881971,38.520088],[-104.888343,38.519909],[-104.895683,38.5203],[-104.932949,38.520286],[-104.941582,38.519566],[-104.941824,38.535601],[-104.94213,38.567541],[-104.942528,38.624993],[-104.942203,38.649892],[-104.942323,38.664447],[-104.942195,38.671749],[-104.942229,38.696268],[-104.939715,38.696319],[-104.939528,38.703482],[-104.938961,38.710524],[-104.939376,38.749988],[-104.939492,38.782382],[-104.939869,38.796543],[-104.948775,38.798559],[-104.958047,38.798365],[-104.975082,38.798275],[-104.994688,38.79855],[-105.01555,38.797821],[-105.029011,38.798053],[-105.054363,38.799475],[-105.072184,38.799382],[-105.072457,38.805007],[-105.072529,38.8084]]]}},{"type":"Feature","properties":{"d":13,"label":[-104.81975,40.18057],"area":192.9},"geometry":{"type":"Polygon","coordinates":[[[-104.922153,40.00033],[-104.867116,40.00037],[-104.867258,40.018233],[-104.867234,40.042896],[-104.867341,40.058275],[-104.886314,40.058263],[-104.886294,40.061861],[-104.876225,40.061865],[-104.876247,40.065386],[-104.869165,40.065417],[-104.868811,40.065504],[-104.868336,40.06595],[-104.867731,40.066779],[-104.867484,40.066941],[-104.867589,40.079732],[-104.867768,40.07987],[-104.867767,40.080039],[-104.886303,40.080027],[-104.886306,40.080129],[-104.886426,40.08013],[-104.886491,40.094767],[-104.877082,40.094777],[-104.877086,40.089574],[-104.877679,40.089278],[-104.878711,40.088968],[-104.879083,40.088371],[-104.878903,40.087918],[-104.878888,40.087597],[-104.869026,40.087566],[-104.867768,40.087568],[-104.867879,40.094756],[-104.867799,40.0981],[-104.867513,40.098101],[-104.866995,40.097742],[-104.864409,40.097276],[-104.864665,40.095141],[-104.865662,40.09541],[-104.866242,40.095451],[-104.867558,40.095761],[-104.867536,40.094719],[-104.848828,40.094776],[-104.848838,40.102719],[-104.848704,40.113713],[-104.847321,40.113605],[-104.846051,40.113848],[-104.845793,40.114009],[-104.845348,40.114491],[-104.845079,40.114834],[-104.844948,40.115193],[-104.845806,40.117971],[-104.846078,40.118258],[-104.848317,40.119715],[-104.848554,40.119981],[-104.848658,40.120345],[-104.848576,40.1343],[-104.848682,40.134307],[-104.848678,40.13874],[-104.84855,40.159644],[-104.875496,40.159798],[-104.875493,40.158588],[-104.876458,40.158586],[-104.876455,40.159175],[-104.877446,40.159174],[-104.877443,40.159805],[-104.881627,40.159809],[-104.88159,40.158752],[-104.882833,40.158809],[-104.882831,40.159386],[-104.882647,40.159391],[-104.882645,40.159813],[-104.88576,40.159814],[-104.885756,40.159985],[-104.848446,40.159816],[-104.848345,40.166718],[-104.848475,40.166927],[-104.848805,40.167003],[-104.857307,40.167041],[-104.857601,40.16712],[-104.857744,40.167338],[-104.857773,40.174389],[-104.885604,40.174843],[-104.885602,40.174924],[-104.88571,40.174927],[-104.885901,40.203827],[-104.886246,40.203747],[-104.895184,40.203743],[-104.895183,40.20388],[-104.900677,40.203911],[-104.90074,40.203829],[-104.900948,40.203828],[-104.903682,40.203898],[-104.904719,40.203544],[-104.905753,40.203573],[-104.906531,40.203827],[-104.90652,40.204554],[-104.906303,40.204553],[-104.906305,40.204443],[-104.900368,40.204184],[-104.900429,40.204106],[-104.889058,40.204049],[-104.888748,40.204187],[-104.886241,40.204241],[-104.879767,40.203958],[-104.86739,40.20378],[-104.867556,40.225436],[-104.867434,40.225431],[-104.867472,40.232671],[-104.852526,40.232435],[-104.852434,40.230862],[-104.85153,40.229639],[-104.851053,40.228599],[-104.850825,40.228305],[-104.849653,40.22781],[-104.849296,40.227365],[-104.849033,40.225838],[-104.849005,40.225026],[-104.829967,40.224524],[-104.829837,40.24622],[-104.848977,40.246806],[-104.848635,40.261593],[-104.848703,40.269289],[-104.848431,40.270487],[-104.848743,40.271732],[-104.848707,40.280844],[-104.848566,40.28101],[-104.847821,40.281136],[-104.843201,40.282994],[-104.829999,40.282704],[-104.8298,40.282524],[-104.829791,40.275346],[-104.820506,40.275366],[-104.820483,40.289937],[-104.810996,40.289905],[-104.811055,40.301114],[-104.810952,40.316855],[-104.811178,40.319708],[-104.808831,40.320082],[-104.805829,40.321982],[-104.804129,40.323782],[-104.801328,40.328782],[-104.799928,40.330381],[-104.794027,40.331681],[-104.788686,40.330301],[-104.787118,40.330301],[-104.786126,40.330581],[-104.784725,40.333381],[-104.784663,40.333569],[-104.785759,40.333581],[-104.785682,40.333933],[-104.785235,40.33445],[-104.784939,40.335688],[-104.784253,40.337027],[-104.78362,40.340013],[-104.783675,40.341597],[-104.783977,40.341596],[-104.783837,40.342187],[-104.783783,40.344547],[-104.783949,40.349088],[-104.784558,40.349081],[-104.784605,40.352503],[-104.784967,40.352498],[-104.78485,40.356188],[-104.784815,40.363342],[-104.784624,40.363342],[-104.784539,40.370518],[-104.794036,40.370557],[-104.803523,40.37049],[-104.803422,40.377678],[-104.803314,40.377679],[-104.803313,40.377757],[-104.793959,40.377755],[-104.79396,40.377851],[-104.784613,40.37784],[-104.784677,40.380176],[-104.784341,40.380175],[-104.784379,40.385037],[-104.775785,40.385023],[-104.775027,40.38465],[-104.77503,40.38507],[-104.756172,40.385182],[-104.756265,40.386647],[-104.75619,40.391565],[-104.756301,40.406869],[-104.735051,40.406486],[-104.735193,40.422871],[-104.734994,40.434419],[-104.736961,40.434652],[-104.738517,40.435458],[-104.740745,40.435998],[-104.741777,40.435957],[-104.742911,40.435791],[-104.74363,40.435792],[-104.744708,40.436073],[-104.744578,40.440971],[-104.74468,40.44097],[-104.74468,40.441045],[-104.734893,40.441096],[-104.734765,40.454396],[-104.729824,40.453447],[-104.72743,40.452805],[-104.726961,40.452743],[-104.716311,40.451969],[-104.71623,40.451966],[-104.716224,40.452084],[-104.710483,40.45203],[-104.710468,40.454556],[-104.70614,40.454538],[-104.706215,40.459277],[-104.701512,40.459241],[-104.701422,40.452061],[-104.696716,40.452039],[-104.696752,40.458651],[-104.695783,40.458624],[-104.695254,40.45579],[-104.695279,40.451948],[-104.694774,40.451916],[-104.694789,40.451833],[-104.693653,40.451776],[-104.692431,40.445281],[-104.69087,40.445232],[-104.691059,40.446077],[-104.690251,40.446037],[-104.690231,40.445967],[-104.689905,40.444168],[-104.68916,40.435053],[-104.687105,40.435079],[-104.687083,40.43583],[-104.686285,40.435327],[-104.685771,40.434657],[-104.685832,40.433281],[-104.685963,40.432673],[-104.685867,40.432342],[-104.685629,40.432014],[-104.684299,40.431189],[-104.682879,40.43125],[-104.682239,40.431139],[-104.68191,40.43086],[-104.681822,40.430585],[-104.681885,40.430222],[-104.68249,40.429226],[-104.682688,40.428643],[-104.681282,40.428672],[-104.679413,40.428874],[-104.679356,40.428734],[-104.678497,40.428817],[-104.678394,40.428462],[-104.677901,40.428753],[-104.677459,40.428693],[-104.677189,40.428529],[-104.676999,40.428158],[-104.677025,40.42744],[-104.677216,40.42699],[-104.67766,40.426483],[-104.673236,40.426494],[-104.67324,40.428446],[-104.670863,40.428446],[-104.670875,40.42677],[-104.671231,40.426776],[-104.671234,40.426499],[-104.672478,40.426495],[-104.672415,40.42546],[-104.669611,40.425679],[-104.669579,40.426497],[-104.66847,40.426505],[-104.668464,40.428439],[-104.662732,40.428405],[-104.662786,40.425256],[-104.651671,40.423618],[-104.649393,40.42345],[-104.649336,40.427627],[-104.64978,40.427935],[-104.651107,40.428481],[-104.651153,40.428659],[-104.652082,40.429142],[-104.652069,40.42957],[-104.652383,40.4297],[-104.653324,40.429735],[-104.653831,40.429615],[-104.654147,40.429724],[-104.656333,40.429739],[-104.656229,40.435412],[-104.642106,40.435246],[-104.642109,40.435138],[-104.641762,40.435134],[-104.641787,40.432613],[-104.633625,40.430901],[-104.634386,40.445972],[-104.635007,40.44597],[-104.635037,40.449647],[-104.634577,40.449667],[-104.635064,40.459407],[-104.629714,40.459576],[-104.629094,40.446073],[-104.625576,40.446075],[-104.625547,40.438801],[-104.621232,40.438773],[-104.621178,40.435134],[-104.621266,40.42838],[-104.619411,40.428004],[-104.620665,40.424693],[-104.620877,40.424699],[-104.620871,40.425156],[-104.625748,40.423088],[-104.625827,40.421004],[-104.635225,40.421164],[-104.635866,40.421452],[-104.636837,40.421698],[-104.638069,40.421918],[-104.638597,40.42193],[-104.639097,40.421746],[-104.639794,40.421306],[-104.640055,40.421317],[-104.640031,40.422342],[-104.640241,40.422433],[-104.640348,40.422602],[-104.640994,40.422623],[-104.641072,40.422228],[-104.641262,40.422041],[-104.64144,40.421502],[-104.64114,40.421202],[-104.642496,40.421146],[-104.642485,40.421368],[-104.643569,40.421562],[-104.644044,40.421415],[-104.644811,40.421385],[-104.644884,40.420991],[-104.646316,40.421127],[-104.647332,40.421409],[-104.648184,40.421529],[-104.649199,40.421586],[-104.649517,40.421571],[-104.649548,40.421024],[-104.664019,40.421046],[-104.665176,40.422342],[-104.665639,40.4227],[-104.665986,40.422844],[-104.666722,40.42294],[-104.669843,40.422455],[-104.670075,40.4225],[-104.67007,40.42294],[-104.670856,40.422943],[-104.67086,40.421844],[-104.670508,40.421849],[-104.670878,40.420203],[-104.670815,40.415522],[-104.672043,40.415513],[-104.672036,40.41372],[-104.673269,40.41372],[-104.673384,40.413636],[-104.673373,40.411908],[-104.673251,40.411916],[-104.673228,40.410129],[-104.674886,40.410147],[-104.674887,40.410076],[-104.673158,40.410082],[-104.673207,40.408272],[-104.668619,40.408277],[-104.66863,40.406462],[-104.663681,40.406458],[-104.663649,40.402817],[-104.66613,40.402816],[-104.665862,40.402241],[-104.664399,40.401046],[-104.662635,40.399298],[-104.661178,40.399246],[-104.660106,40.39933],[-104.658978,40.399677],[-104.658972,40.400288],[-104.658892,40.400288],[-104.658905,40.399405],[-104.658801,40.399255],[-104.658558,40.3992],[-104.649439,40.399255],[-104.649428,40.395581],[-104.649675,40.395581],[-104.6519,40.394136],[-104.663702,40.393809],[-104.663713,40.394555],[-104.662184,40.39451],[-104.662055,40.394389],[-104.661677,40.394594],[-104.661727,40.39469],[-104.660504,40.395327],[-104.661041,40.395407],[-104.661961,40.395405],[-104.661958,40.395504],[-104.662682,40.395534],[-104.668313,40.395524],[-104.668359,40.39415],[-104.668802,40.393899],[-104.669626,40.393699],[-104.673115,40.393918],[-104.673114,40.393973],[-104.67313,40.393902],[-104.67404,40.393964],[-104.67404,40.391954],[-104.670523,40.391945],[-104.668939,40.391576],[-104.668339,40.390164],[-104.668356,40.38466],[-104.677705,40.384609],[-104.677682,40.377356],[-104.677794,40.377354],[-104.677799,40.373802],[-104.679298,40.372878],[-104.680878,40.371653],[-104.682468,40.370211],[-104.683507,40.369493],[-104.686002,40.368482],[-104.68726,40.367878],[-104.689436,40.366151],[-104.690136,40.365889],[-104.69156,40.365678],[-104.692665,40.365769],[-104.693307,40.365909],[-104.695158,40.36591],[-104.695765,40.366078],[-104.696419,40.366027],[-104.696684,40.359857],[-104.696854,40.359813],[-104.697046,40.3589],[-104.697542,40.357653],[-104.698156,40.356627],[-104.698281,40.356558],[-104.697906,40.356554],[-104.697309,40.357274],[-104.696846,40.35727],[-104.696843,40.353005],[-104.694494,40.353017],[-104.694462,40.348471],[-104.694713,40.348472],[-104.694697,40.345146],[-104.696035,40.345149],[-104.696039,40.344813],[-104.696524,40.344818],[-104.696498,40.338205],[-104.696627,40.337972],[-104.696553,40.337651],[-104.696319,40.3051],[-104.697309,40.305057],[-104.713665,40.305309],[-104.722601,40.305325],[-104.726376,40.304981],[-104.734714,40.304684],[-104.751202,40.304639],[-104.75397,40.302262],[-104.753833,40.268553],[-104.753874,40.236535],[-104.753804,40.224247],[-104.753873,40.217883],[-104.75385,40.211061],[-104.753761,40.210217],[-104.753652,40.200086],[-104.753773,40.198079],[-104.753715,40.19623],[-104.753838,40.19217],[-104.753754,40.176184],[-104.753866,40.174456],[-104.753838,40.159748],[-104.754083,40.116464],[-104.734812,40.116493],[-104.734848,40.099801],[-104.74133,40.099789],[-104.741333,40.101925],[-104.748394,40.101917],[-104.748386,40.100022],[-104.74928,40.10002],[-104.749287,40.101915],[-104.763237,40.101855],[-104.76323,40.094626],[-104.758475,40.094634],[-104.758468,40.087378],[-104.744261,40.087354],[-104.744247,40.080466],[-104.752954,40.080465],[-104.752954,40.08033],[-104.782103,40.080254],[-104.782083,40.073692],[-104.782227,40.073692],[-104.782253,40.072954],[-104.782192,40.066414],[-104.782437,40.066226],[-104.782754,40.06574],[-104.791607,40.065687],[-104.791592,40.062695],[-104.795901,40.062704],[-104.795899,40.062106],[-104.796327,40.062062],[-104.801051,40.062071],[-104.80103,40.058548],[-104.796301,40.058527],[-104.796254,40.044046],[-104.791502,40.044055],[-104.791499,40.044135],[-104.791078,40.044136],[-104.791082,40.044842],[-104.790146,40.045],[-104.788974,40.044718],[-104.789493,40.04398],[-104.791503,40.043986],[-104.791388,40.022051],[-104.772729,40.02211],[-104.772711,40.015046],[-104.75855,40.015085],[-104.75852,40.018617],[-104.753894,40.018619],[-104.75392,40.015107],[-104.753784,40.015103],[-104.753728,40.000471],[-104.697142,40.00051],[-104.697381,39.972514],[-104.70474,39.972569],[-104.714537,39.972397],[-104.73336,39.972292],[-104.746882,39.972374],[-104.746942,39.972231],[-104.752222,39.968872],[-104.753765,39.969528],[-104.767362,39.956918],[-104.770982,39.95336],[-104.781718,39.945277],[-104.784074,39.943329],[-104.789128,39.936936],[-104.791008,39.935274],[-104.790753,39.934794],[-104.791899,39.933733],[-104.791714,39.933743],[-104.792328,39.933225],[-104.792375,39.932428],[-104.792943,39.931939],[-104.793309,39.930665],[-104.793705,39.9299],[-104.793337,39.928925],[-104.793342,39.928838],[-104.793461,39.928837],[-104.793234,39.928013],[-104.79853,39.928027],[-104.806686,39.921074],[-104.805427,39.920187],[-104.806015,39.919947],[-104.807257,39.919824],[-104.8075,39.919742],[-104.807623,39.919416],[-104.808391,39.918905],[-104.808925,39.91834],[-104.80891,39.914401],[-104.818931,39.914411],[-104.818973,39.914197],[-104.818754,39.914128],[-104.818732,39.912617],[-104.822451,39.910115],[-104.82472,39.908805],[-104.837232,39.902063],[-104.837248,39.902611],[-104.841918,39.90006],[-104.841928,39.900207],[-104.842907,39.899686],[-104.84265,39.899685],[-104.846351,39.897654],[-104.846538,39.899015],[-104.846518,39.899634],[-104.846604,39.899646],[-104.846607,39.899778],[-104.84673,39.899777],[-104.846738,39.902595],[-104.846627,39.902596],[-104.846612,39.903581],[-104.846745,39.903584],[-104.84677,39.91002],[-104.846664,39.91002],[-104.846667,39.910597],[-104.846768,39.910596],[-104.846786,39.914465],[-104.852736,39.914409],[-104.852735,39.914524],[-104.853706,39.914521],[-104.853702,39.914404],[-104.855345,39.914389],[-104.855373,39.914339],[-104.858169,39.914354],[-104.858249,39.914372],[-104.858262,39.914498],[-104.86097,39.914484],[-104.861245,39.914395],[-104.867924,39.91438],[-104.869331,39.91431],[-104.869413,39.914433],[-104.870489,39.914427],[-104.870592,39.914302],[-104.870777,39.914302],[-104.866022,39.920263],[-104.858333,39.930542],[-104.857546,39.931682],[-104.855508,39.935155],[-104.854104,39.937882],[-104.852092,39.941257],[-104.853809,39.943302],[-104.855496,39.943291],[-104.85783,39.945525],[-104.859644,39.94687],[-104.859154,39.947091],[-104.859352,39.947318],[-104.863005,39.949621],[-104.865851,39.951267],[-104.86554,39.951847],[-104.865369,39.952408],[-104.865426,39.953171],[-104.865263,39.953808],[-104.864799,39.95455],[-104.864072,39.955067],[-104.863181,39.956764],[-104.862789,39.958077],[-104.86224,39.959137],[-104.861584,39.959813],[-104.860222,39.960703],[-104.859231,39.962461],[-104.857854,39.963956],[-104.85779,39.964126],[-104.857882,39.964302],[-104.856697,39.96484],[-104.856369,39.965123],[-104.855592,39.966999],[-104.85511,39.969377],[-104.854903,39.969831],[-104.85288,39.972047],[-104.852259,39.973167],[-104.850115,39.975913],[-104.848529,39.978993],[-104.847842,39.979814],[-104.846638,39.980601],[-104.846075,39.981226],[-104.845875,39.981899],[-104.845895,39.984814],[-104.84484,39.987229],[-104.853016,39.986851],[-104.865505,39.986689],[-104.884397,39.986683],[-104.897818,39.986525],[-104.903329,39.986279],[-104.903331,39.986532],[-104.907168,39.986397],[-104.915536,39.986382],[-104.915674,39.986389],[-104.91567,39.98648],[-104.921877,39.986477],[-104.921936,39.993486],[-104.922093,39.993485],[-104.922153,40.00033]],[[-104.756172,40.385182],[-104.756175,40.385044],[-104.756091,40.385044],[-104.756093,40.385179],[-104.756172,40.385182]]]}},{"type":"Feature","properties":{"d":14,"label":[-105.08,40.58163],"area":78.7},"geometry":{"type":"Polygon","coordinates":[[[-105.162103,40.587023],[-105.161989,40.587353],[-105.161513,40.588082],[-105.161917,40.589365],[-105.160098,40.589853],[-105.159041,40.589795],[-105.159248,40.590085],[-105.158886,40.590282],[-105.157599,40.590303],[-105.157505,40.591767],[-105.157516,40.594989],[-105.150837,40.59506],[-105.150087,40.592372],[-105.150646,40.592282],[-105.150515,40.591812],[-105.149723,40.591942],[-105.14572,40.589252],[-105.134064,40.589583],[-105.133851,40.589698],[-105.133714,40.589657],[-105.133624,40.599453],[-105.133906,40.600046],[-105.134572,40.600651],[-105.134775,40.601175],[-105.134613,40.601639],[-105.133876,40.602449],[-105.133627,40.603162],[-105.133531,40.604721],[-105.133503,40.611066],[-105.134764,40.611171],[-105.138237,40.611194],[-105.138299,40.612132],[-105.138235,40.61297],[-105.139932,40.613793],[-105.140282,40.614555],[-105.140314,40.614851],[-105.139791,40.618463],[-105.139552,40.621017],[-105.138413,40.620687],[-105.137159,40.620633],[-105.136353,40.62045],[-105.135135,40.620482],[-105.134202,40.620198],[-105.132043,40.619331],[-105.131235,40.619182],[-105.128848,40.619457],[-105.12832,40.619365],[-105.127999,40.619208],[-105.127571,40.618767],[-105.127179,40.617786],[-105.127015,40.617551],[-105.126333,40.61701],[-105.125735,40.616082],[-105.125535,40.615982],[-105.124776,40.615855],[-105.123185,40.615255],[-105.12182,40.614889],[-105.120793,40.614459],[-105.120458,40.614129],[-105.120531,40.613174],[-105.120434,40.612852],[-105.120179,40.612729],[-105.119676,40.612661],[-105.119142,40.612744],[-105.118164,40.613729],[-105.117167,40.614128],[-105.116272,40.614194],[-105.115402,40.614019],[-105.114975,40.613713],[-105.114654,40.613318],[-105.11444,40.612594],[-105.114214,40.612226],[-105.113906,40.613143],[-105.114291,40.615302],[-105.11418,40.625486],[-105.10736,40.625424],[-105.107599,40.626356],[-105.106395,40.626925],[-105.107868,40.628181],[-105.111894,40.631179],[-105.114052,40.63319],[-105.113291,40.669875],[-105.113099,40.681924],[-105.113126,40.690697],[-105.107757,40.690596],[-105.105752,40.690376],[-105.104449,40.689966],[-105.104092,40.689783],[-105.103956,40.689427],[-105.104926,40.686717],[-105.104861,40.686552],[-105.10444,40.686465],[-105.100209,40.686126],[-105.099796,40.68592],[-105.099019,40.685153],[-105.098686,40.684953],[-105.095012,40.6839],[-105.09422,40.683469],[-105.093797,40.683335],[-105.075,40.682826],[-105.067979,40.682802],[-105.070067,40.671757],[-105.070232,40.669829],[-105.070304,40.66726],[-105.070217,40.66691],[-105.069951,40.666761],[-105.069332,40.667479],[-105.068416,40.668077],[-105.06735,40.66845],[-105.066266,40.668573],[-105.027663,40.668158],[-105.023271,40.667858],[-105.022059,40.667992],[-105.021076,40.668333],[-105.020725,40.668128],[-105.019398,40.668097],[-105.000733,40.667925],[-105.000529,40.639532],[-105.001059,40.625875],[-105.000802,40.625883],[-105.000811,40.625028],[-105.00059,40.624756],[-104.998069,40.624619],[-104.99807,40.624524],[-105.001112,40.624546],[-105.001092,40.610201],[-105.001204,40.602575],[-105.001089,40.581016],[-105.015039,40.581076],[-105.026378,40.581229],[-105.029621,40.581131],[-105.032751,40.580928],[-105.032771,40.580092],[-105.03296,40.579562],[-105.03323,40.579144],[-105.033825,40.578625],[-105.034982,40.578134],[-105.034871,40.577914],[-105.035049,40.577041],[-105.034947,40.576206],[-105.034424,40.575706],[-105.033673,40.575494],[-105.033368,40.57533],[-105.032806,40.574554],[-105.032053,40.573874],[-105.031832,40.573449],[-105.03168,40.572255],[-105.031395,40.571857],[-105.030013,40.570726],[-105.029254,40.570442],[-105.028114,40.570224],[-105.027704,40.569988],[-105.027245,40.569455],[-105.027019,40.568879],[-105.026985,40.568492],[-105.027142,40.567359],[-105.027236,40.567039],[-105.027342,40.56704],[-105.027235,40.566114],[-105.026335,40.565428],[-105.025673,40.564626],[-105.024989,40.564043],[-105.024104,40.562571],[-105.023226,40.561516],[-105.02237,40.560912],[-105.022197,40.560116],[-105.021924,40.560006],[-105.021225,40.559923],[-105.019892,40.55913],[-105.019968,40.552116],[-105.020588,40.552543],[-105.020667,40.552311],[-105.020199,40.552021],[-105.020219,40.545607],[-105.020455,40.545599],[-105.02023,40.542122],[-105.020244,40.537821],[-105.039284,40.538007],[-105.039357,40.523414],[-105.039308,40.494757],[-105.039519,40.494756],[-105.039546,40.491851],[-105.039325,40.49185],[-105.039334,40.490429],[-105.042328,40.490629],[-105.04259,40.490721],[-105.043373,40.490777],[-105.045257,40.491636],[-105.046108,40.491718],[-105.046226,40.494695],[-105.051215,40.4946],[-105.051148,40.494007],[-105.050854,40.493501],[-105.050595,40.493364],[-105.049782,40.493375],[-105.050285,40.492958],[-105.050285,40.49276],[-105.050508,40.492595],[-105.050559,40.492419],[-105.050357,40.492035],[-105.051019,40.490684],[-105.050674,40.490267],[-105.050797,40.489728],[-105.05094,40.489426],[-105.051336,40.489317],[-105.051473,40.489163],[-105.051452,40.486818],[-105.051775,40.48639],[-105.051775,40.486197],[-105.052185,40.485747],[-105.052545,40.485017],[-105.052718,40.484951],[-105.053207,40.484973],[-105.053437,40.484863],[-105.054228,40.484133],[-105.055041,40.483193],[-105.055653,40.482699],[-105.055746,40.482556],[-105.05571,40.482326],[-105.055588,40.482216],[-105.055221,40.482112],[-105.055164,40.481963],[-105.055329,40.481842],[-105.055588,40.481381],[-105.05602,40.481315],[-105.056372,40.481156],[-105.056624,40.480673],[-105.057091,40.480332],[-105.057153,40.480033],[-105.067844,40.480093],[-105.067842,40.484237],[-105.070045,40.484095],[-105.071405,40.484486],[-105.072336,40.48487],[-105.074292,40.484868],[-105.07722,40.485463],[-105.077397,40.485461],[-105.077415,40.480171],[-105.096443,40.479978],[-105.096346,40.487228],[-105.101177,40.487214],[-105.101271,40.480026],[-105.106029,40.480065],[-105.114168,40.479994],[-105.1246,40.480135],[-105.124615,40.472795],[-105.13494,40.47281],[-105.13463,40.480017],[-105.137596,40.479949],[-105.140513,40.483958],[-105.14132,40.485359],[-105.14154,40.486677],[-105.14352,40.489965],[-105.144086,40.491524],[-105.144042,40.493414],[-105.143753,40.494315],[-105.139369,40.494338],[-105.139313,40.486723],[-105.134613,40.48675],[-105.134624,40.48907],[-105.13073,40.489059],[-105.132045,40.494283],[-105.131679,40.494282],[-105.130119,40.488199],[-105.125172,40.488194],[-105.125166,40.494413],[-105.116165,40.494406],[-105.115997,40.501734],[-105.115435,40.501738],[-105.115262,40.508915],[-105.115355,40.508912],[-105.115348,40.509024],[-105.115471,40.509024],[-105.115467,40.509846],[-105.117861,40.509836],[-105.11787,40.509011],[-105.124766,40.508978],[-105.124801,40.523581],[-105.129216,40.523586],[-105.129229,40.527199],[-105.127095,40.527205],[-105.127119,40.530624],[-105.126006,40.530718],[-105.126012,40.529421],[-105.124722,40.529425],[-105.124706,40.530694],[-105.12193,40.530706],[-105.124684,40.530666],[-105.124768,40.523611],[-105.115124,40.523571],[-105.115147,40.530452],[-105.115805,40.53045],[-105.115807,40.530893],[-105.105631,40.530883],[-105.105633,40.538188],[-105.115131,40.538224],[-105.124605,40.538135],[-105.124654,40.534495],[-105.134065,40.53443],[-105.134061,40.531153],[-105.134598,40.53105],[-105.134818,40.530846],[-105.135337,40.530656],[-105.135908,40.530748],[-105.1361,40.530903],[-105.13647,40.53084],[-105.136547,40.530758],[-105.137437,40.53094],[-105.138054,40.53096],[-105.139045,40.530716],[-105.141213,40.530005],[-105.141327,40.53116],[-105.141189,40.531663],[-105.141225,40.531971],[-105.144857,40.538039],[-105.145537,40.53933],[-105.146358,40.541449],[-105.146733,40.542018],[-105.146902,40.542747],[-105.146804,40.543585],[-105.146583,40.544231],[-105.146567,40.544667],[-105.147298,40.546408],[-105.147863,40.54959],[-105.147767,40.549864],[-105.14743,40.550157],[-105.146944,40.549319],[-105.146715,40.549103],[-105.146394,40.548956],[-105.14601,40.548892],[-105.145606,40.548926],[-105.144835,40.54908],[-105.144456,40.549279],[-105.144234,40.549752],[-105.14462,40.552351],[-105.143806,40.552364],[-105.143679,40.552109],[-105.143389,40.551893],[-105.142659,40.551508],[-105.141899,40.551254],[-105.141774,40.550996],[-105.141852,40.550456],[-105.141233,40.549803],[-105.140727,40.549413],[-105.140649,40.548027],[-105.140997,40.547239],[-105.141039,40.546391],[-105.140932,40.546153],[-105.1402,40.545442],[-105.14004,40.545154],[-105.139357,40.544686],[-105.138983,40.544223],[-105.138733,40.543709],[-105.137976,40.543133],[-105.137636,40.543222],[-105.138295,40.544836],[-105.138706,40.54752],[-105.139,40.548842],[-105.139179,40.549151],[-105.140197,40.552418],[-105.140089,40.553173],[-105.140434,40.55368],[-105.141335,40.554128],[-105.141323,40.555821],[-105.143556,40.555435],[-105.143528,40.55793],[-105.145418,40.557872],[-105.145338,40.557543],[-105.145737,40.557529],[-105.145753,40.557858],[-105.147174,40.557812],[-105.14717,40.559644],[-105.151308,40.55948],[-105.152539,40.5614],[-105.153221,40.562655],[-105.154959,40.567175],[-105.155145,40.568077],[-105.155552,40.57179],[-105.157117,40.575845],[-105.157154,40.576435],[-105.156944,40.577453],[-105.157474,40.579275],[-105.157725,40.579621],[-105.158518,40.580146],[-105.158868,40.580615],[-105.158987,40.581112],[-105.158909,40.5821],[-105.159049,40.582501],[-105.161149,40.584298],[-105.162052,40.586658],[-105.162103,40.587023]]]}},{"type":"Feature","properties":{"d":15,"label":[-105.39439,40.4554],"area":3041.2},"geometry":{"type":"Polygon","coordinates":[[[-106.195438,40.988195],[-106.195372,40.989938],[-106.194871,40.991132],[-106.193634,40.992599],[-106.192357,40.993688],[-106.191952,40.994446],[-106.191727,40.995212],[-106.191758,40.995874],[-106.191556,40.996285],[-106.19097,40.996696],[-106.190725,40.997018],[-106.190554,40.997578],[-106.160929,40.997522],[-106.150074,40.997364],[-106.125547,40.99734],[-106.120679,40.997236],[-106.088733,40.997212],[-106.061181,40.996999],[-106.000562,40.997251],[-105.871854,40.997041],[-105.741364,40.996907],[-105.729406,40.996822],[-105.728553,40.996905],[-105.727048,40.996833],[-105.725235,40.99692],[-105.628938,40.997113],[-105.36355,40.997874],[-105.279398,40.998196],[-105.275603,40.998178],[-105.275285,40.998066],[-105.26971,40.998195],[-105.256527,40.998191],[-105.250537,40.998257],[-105.250537,40.998395],[-105.248822,40.99844],[-105.158852,40.998316],[-105.155054,40.998247],[-105.084176,40.998334],[-104.96263,40.998203],[-104.957689,40.99822],[-104.957182,40.998336],[-104.956744,40.998221],[-104.943371,40.998213],[-104.943052,40.910914],[-104.94313,40.902948],[-104.943091,40.884895],[-104.943211,40.882264],[-104.943242,40.863086],[-104.943497,40.841339],[-104.943541,40.826876],[-104.943372,40.804449],[-104.943337,40.776758],[-104.943342,40.769253],[-104.943464,40.764939],[-104.943463,40.754965],[-104.943348,40.746707],[-104.943543,40.696509],[-104.94311,40.696495],[-104.943244,40.682254],[-105.000336,40.682466],[-105.000292,40.685823],[-105.000467,40.685778],[-105.000733,40.667925],[-105.019398,40.668097],[-105.020725,40.668128],[-105.021076,40.668333],[-105.022059,40.667992],[-105.023271,40.667858],[-105.027663,40.668158],[-105.066266,40.668573],[-105.06735,40.66845],[-105.068416,40.668077],[-105.069332,40.667479],[-105.069951,40.666761],[-105.070217,40.66691],[-105.070304,40.66726],[-105.070232,40.669829],[-105.070067,40.671757],[-105.067979,40.682802],[-105.075,40.682826],[-105.093797,40.683335],[-105.09422,40.683469],[-105.095012,40.6839],[-105.098686,40.684953],[-105.099019,40.685153],[-105.099796,40.68592],[-105.100209,40.686126],[-105.10444,40.686465],[-105.104861,40.686552],[-105.104926,40.686717],[-105.103956,40.689427],[-105.104092,40.689783],[-105.104449,40.689966],[-105.105752,40.690376],[-105.107757,40.690596],[-105.113126,40.690697],[-105.113099,40.681924],[-105.113291,40.669875],[-105.114052,40.63319],[-105.111894,40.631179],[-105.107868,40.628181],[-105.106395,40.626925],[-105.107599,40.626356],[-105.10736,40.625424],[-105.11418,40.625486],[-105.114291,40.615302],[-105.113906,40.613143],[-105.114214,40.612226],[-105.11444,40.612594],[-105.114654,40.613318],[-105.114975,40.613713],[-105.115402,40.614019],[-105.116272,40.614194],[-105.117167,40.614128],[-105.118164,40.613729],[-105.119142,40.612744],[-105.119676,40.612661],[-105.120179,40.612729],[-105.120434,40.612852],[-105.120531,40.613174],[-105.120458,40.614129],[-105.120793,40.614459],[-105.12182,40.614889],[-105.123185,40.615255],[-105.124776,40.615855],[-105.125535,40.615982],[-105.125735,40.616082],[-105.126333,40.61701],[-105.127015,40.617551],[-105.127179,40.617786],[-105.127571,40.618767],[-105.127999,40.619208],[-105.12832,40.619365],[-105.128848,40.619457],[-105.131235,40.619182],[-105.132043,40.619331],[-105.134202,40.620198],[-105.135135,40.620482],[-105.136353,40.62045],[-105.137159,40.620633],[-105.138413,40.620687],[-105.139552,40.621017],[-105.139791,40.618463],[-105.140314,40.614851],[-105.140282,40.614555],[-105.139932,40.613793],[-105.138235,40.61297],[-105.138299,40.612132],[-105.138237,40.611194],[-105.134764,40.611171],[-105.133503,40.611066],[-105.133531,40.604721],[-105.133627,40.603162],[-105.133876,40.602449],[-105.134613,40.601639],[-105.134775,40.601175],[-105.134572,40.600651],[-105.133906,40.600046],[-105.133624,40.599453],[-105.133714,40.589657],[-105.133851,40.589698],[-105.134064,40.589583],[-105.14572,40.589252],[-105.149723,40.591942],[-105.150515,40.591812],[-105.150646,40.592282],[-105.150087,40.592372],[-105.150837,40.59506],[-105.157516,40.594989],[-105.157505,40.591767],[-105.157599,40.590303],[-105.158886,40.590282],[-105.159248,40.590085],[-105.159041,40.589795],[-105.160098,40.589853],[-105.161917,40.589365],[-105.161513,40.588082],[-105.162047,40.587243],[-105.162104,40.586905],[-105.161149,40.584298],[-105.159049,40.582501],[-105.158909,40.5821],[-105.158987,40.581112],[-105.158868,40.580615],[-105.158518,40.580146],[-105.157725,40.579621],[-105.157474,40.579275],[-105.156944,40.577453],[-105.157154,40.576435],[-105.157117,40.575845],[-105.155552,40.57179],[-105.155145,40.568077],[-105.154959,40.567175],[-105.153221,40.562655],[-105.152539,40.5614],[-105.151308,40.55948],[-105.14717,40.559644],[-105.147174,40.557812],[-105.145753,40.557858],[-105.145737,40.557529],[-105.145338,40.557543],[-105.145418,40.557872],[-105.143528,40.55793],[-105.143556,40.555435],[-105.141323,40.555821],[-105.141335,40.554128],[-105.140434,40.55368],[-105.140089,40.553173],[-105.140197,40.552418],[-105.139179,40.549151],[-105.139,40.548842],[-105.138706,40.54752],[-105.138295,40.544836],[-105.137636,40.543222],[-105.137976,40.543133],[-105.138733,40.543709],[-105.138983,40.544223],[-105.139357,40.544686],[-105.14004,40.545154],[-105.1402,40.545442],[-105.140932,40.546153],[-105.141039,40.546391],[-105.140997,40.547239],[-105.140649,40.548027],[-105.140727,40.549413],[-105.141233,40.549803],[-105.141852,40.550456],[-105.141774,40.550996],[-105.141899,40.551254],[-105.142659,40.551508],[-105.143389,40.551893],[-105.143679,40.552109],[-105.143806,40.552364],[-105.14462,40.552351],[-105.144234,40.549752],[-105.144456,40.549279],[-105.144835,40.54908],[-105.145606,40.548926],[-105.14601,40.548892],[-105.146394,40.548956],[-105.146715,40.549103],[-105.146944,40.549319],[-105.14743,40.550157],[-105.147767,40.549864],[-105.147863,40.54959],[-105.147298,40.546408],[-105.146567,40.544667],[-105.146583,40.544231],[-105.146804,40.543585],[-105.146902,40.542747],[-105.146733,40.542018],[-105.146358,40.541449],[-105.145537,40.53933],[-105.144857,40.538039],[-105.141225,40.531971],[-105.141189,40.531663],[-105.141327,40.53116],[-105.141213,40.530005],[-105.139045,40.530716],[-105.138054,40.53096],[-105.137437,40.53094],[-105.136547,40.530758],[-105.13647,40.53084],[-105.1361,40.530903],[-105.135908,40.530748],[-105.135337,40.530656],[-105.134818,40.530846],[-105.134598,40.53105],[-105.134061,40.531153],[-105.134065,40.53443],[-105.124654,40.534495],[-105.124605,40.538135],[-105.115131,40.538224],[-105.105633,40.538188],[-105.105631,40.530883],[-105.115807,40.530893],[-105.115805,40.53045],[-105.115147,40.530452],[-105.115124,40.523571],[-105.124768,40.523611],[-105.124684,40.530666],[-105.12193,40.530706],[-105.124706,40.530694],[-105.124722,40.529425],[-105.126012,40.529421],[-105.126006,40.530718],[-105.127119,40.530624],[-105.127095,40.527205],[-105.129229,40.527199],[-105.129216,40.523586],[-105.124801,40.523581],[-105.124766,40.508978],[-105.11787,40.509011],[-105.117861,40.509836],[-105.115467,40.509846],[-105.115471,40.509024],[-105.115348,40.509024],[-105.115355,40.508912],[-105.115262,40.508915],[-105.115435,40.501738],[-105.115997,40.501734],[-105.116165,40.494406],[-105.125166,40.494413],[-105.125172,40.488194],[-105.130119,40.488199],[-105.131679,40.494282],[-105.132045,40.494283],[-105.13073,40.489059],[-105.134624,40.48907],[-105.134613,40.48675],[-105.139313,40.486723],[-105.139369,40.494338],[-105.143753,40.494315],[-105.144042,40.493414],[-105.144086,40.491524],[-105.14352,40.489965],[-105.14154,40.486677],[-105.14132,40.485359],[-105.140513,40.483958],[-105.137596,40.479949],[-105.13463,40.480017],[-105.13494,40.47281],[-105.124615,40.472795],[-105.1246,40.480135],[-105.114168,40.479994],[-105.106029,40.480065],[-105.101271,40.480026],[-105.101177,40.487214],[-105.096346,40.487228],[-105.096443,40.479978],[-105.077415,40.480171],[-105.077397,40.485461],[-105.07722,40.485463],[-105.074292,40.484868],[-105.072336,40.48487],[-105.071405,40.484486],[-105.070045,40.484095],[-105.067842,40.484237],[-105.067844,40.480093],[-105.058294,40.480021],[-105.049091,40.48009],[-105.038606,40.480208],[-105.034228,40.480376],[-105.033386,40.480568],[-105.032459,40.48111],[-105.031352,40.482637],[-105.03079,40.48311],[-105.030055,40.483444],[-105.028987,40.483588],[-105.028128,40.483468],[-105.027657,40.48327],[-105.024738,40.481397],[-105.023068,40.48016],[-105.02014,40.480256],[-105.001113,40.479402],[-105.001157,40.475758],[-104.992374,40.475779],[-104.992349,40.472146],[-104.992068,40.472142],[-104.992112,40.464725],[-104.982222,40.464798],[-104.982507,40.435915],[-104.976848,40.435963],[-104.976785,40.440041],[-104.971678,40.440074],[-104.971735,40.435994],[-104.963519,40.436063],[-104.944222,40.435894],[-104.944427,40.414196],[-104.955024,40.414337],[-104.954887,40.421536],[-104.963927,40.421715],[-104.963966,40.41851],[-104.962076,40.418488],[-104.962076,40.417536],[-104.963984,40.417601],[-104.96418,40.407195],[-104.966747,40.40724],[-104.973755,40.407014],[-104.983004,40.406955],[-104.983446,40.406959],[-104.983449,40.407116],[-104.988722,40.407061],[-104.98903,40.406922],[-104.989029,40.406776],[-104.99009,40.406584],[-104.990923,40.406267],[-104.99196,40.405487],[-104.992429,40.404931],[-104.992632,40.404359],[-104.992703,40.403574],[-104.992742,40.392571],[-104.993906,40.392569],[-104.993959,40.389088],[-104.993861,40.388563],[-104.993881,40.385358],[-105.00246,40.385344],[-105.002528,40.379803],[-105.001231,40.379821],[-105.001247,40.378127],[-105.00095,40.378127],[-105.000953,40.378008],[-104.995169,40.378013],[-104.994988,40.377927],[-104.993493,40.376289],[-104.992606,40.374868],[-104.99163,40.373559],[-104.988896,40.368853],[-104.987575,40.366157],[-104.986732,40.363669],[-104.98701,40.363672],[-104.984487,40.359856],[-104.983562,40.358243],[-104.983468,40.357626],[-104.982928,40.356383],[-104.982417,40.354582],[-104.981677,40.349165],[-105.069954,40.349315],[-105.070549,40.349134],[-105.073408,40.349138],[-105.073632,40.34897],[-105.074672,40.34901],[-105.074887,40.349258],[-105.074874,40.349359],[-105.075217,40.349376],[-105.097342,40.34948],[-105.097212,40.348731],[-105.09697,40.348419],[-105.099669,40.348379],[-105.099734,40.349475],[-105.105201,40.349463],[-105.105156,40.343103],[-105.10508,40.342912],[-105.105324,40.341747],[-105.107126,40.341747],[-105.107634,40.341748],[-105.107586,40.349455],[-105.115561,40.349427],[-105.150247,40.349546],[-105.150403,40.334547],[-105.150249,40.306533],[-105.150229,40.305873],[-105.150095,40.30544],[-105.149709,40.304944],[-105.149072,40.304685],[-105.14839,40.304605],[-105.132873,40.304981],[-105.112303,40.304972],[-105.107587,40.305105],[-105.107512,40.294091],[-105.103009,40.294085],[-105.102966,40.291268],[-105.103164,40.290544],[-105.102531,40.290581],[-105.102451,40.261367],[-105.100337,40.261384],[-105.099831,40.261485],[-105.087127,40.261592],[-105.083037,40.261535],[-105.082624,40.261586],[-105.055089,40.261793],[-105.055105,40.249011],[-105.054923,40.239713],[-105.055194,40.223148],[-105.055201,40.191146],[-105.057661,40.191045],[-105.059928,40.191534],[-105.059935,40.193098],[-105.059327,40.193092],[-105.059335,40.194871],[-105.059943,40.194869],[-105.05996,40.202159],[-105.060194,40.202156],[-105.060427,40.202613],[-105.060459,40.203589],[-105.074161,40.203296],[-105.093061,40.203167],[-105.093038,40.2064],[-105.093194,40.2064],[-105.093192,40.206779],[-105.097814,40.206798],[-105.097796,40.210383],[-105.102368,40.210403],[-105.10251,40.204217],[-105.101886,40.204206],[-105.101887,40.203275],[-105.105432,40.203293],[-105.107742,40.203185],[-105.115598,40.203183],[-105.115509,40.210412],[-105.121374,40.210419],[-105.12155,40.203195],[-105.126321,40.203212],[-105.126315,40.206824],[-105.131103,40.206855],[-105.131104,40.203252],[-105.14997,40.203301],[-105.149971,40.197841],[-105.148969,40.197111],[-105.148303,40.197085],[-105.14794,40.19688],[-105.147095,40.196888],[-105.146142,40.196698],[-105.145211,40.196373],[-105.14438,40.195922],[-105.143953,40.19559],[-105.142755,40.194167],[-105.143003,40.19345],[-105.140448,40.193102],[-105.13966,40.19287],[-105.139036,40.192817],[-105.138824,40.192343],[-105.139563,40.191599],[-105.141731,40.19152],[-105.144675,40.191857],[-105.145475,40.191658],[-105.145546,40.191096],[-105.146955,40.190634],[-105.148423,40.190294],[-105.149647,40.190284],[-105.152029,40.190484],[-105.152618,40.190208],[-105.152773,40.189961],[-105.154607,40.189884],[-105.155533,40.190207],[-105.155521,40.188659],[-105.154837,40.188654],[-105.154841,40.187706],[-105.158463,40.187546],[-105.158462,40.185243],[-105.158141,40.185033],[-105.15618,40.184199],[-105.154865,40.184202],[-105.154591,40.16706],[-105.159349,40.167056],[-105.159811,40.167165],[-105.163717,40.169854],[-105.166797,40.170928],[-105.16873,40.168541],[-105.173533,40.170906],[-105.173567,40.166936],[-105.178254,40.166947],[-105.178418,40.131053],[-105.178564,40.130792],[-105.17838,40.130678],[-105.168938,40.130657],[-105.168982,40.12714],[-105.168785,40.126998],[-105.166698,40.126987],[-105.166565,40.126852],[-105.166584,40.126327],[-105.164795,40.126807],[-105.162921,40.12746],[-105.162699,40.127642],[-105.160473,40.128778],[-105.159922,40.128943],[-105.159557,40.128915],[-105.159428,40.128789],[-105.159314,40.128333],[-105.1594,40.128014],[-105.159285,40.127733],[-105.158717,40.127753],[-105.157883,40.127646],[-105.156794,40.127755],[-105.156504,40.127708],[-105.15577,40.127395],[-105.155536,40.126953],[-105.1552,40.12692],[-105.150109,40.126972],[-105.149069,40.127687],[-105.148618,40.127769],[-105.147895,40.127758],[-105.147437,40.127851],[-105.146958,40.128159],[-105.146499,40.128626],[-105.145617,40.128848],[-105.145633,40.12596],[-105.141452,40.129943],[-105.140286,40.131419],[-105.138713,40.134055],[-105.130957,40.134073],[-105.131048,40.127121],[-105.131008,40.116421],[-105.131184,40.116316],[-105.131478,40.115471],[-105.131664,40.115344],[-105.131714,40.115185],[-105.13228,40.115109],[-105.132322,40.115482],[-105.132437,40.115553],[-105.132616,40.115526],[-105.133109,40.115208],[-105.133131,40.114878],[-105.133403,40.114554],[-105.13384,40.114604],[-105.134426,40.114934],[-105.134612,40.114764],[-105.134712,40.114396],[-105.13507,40.11394],[-105.135278,40.114],[-105.135478,40.11433],[-105.1357,40.114363],[-105.135786,40.11427],[-105.135736,40.113968],[-105.135829,40.113809],[-105.135979,40.113743],[-105.136637,40.113721],[-105.136881,40.113479],[-105.13696,40.112991],[-105.136667,40.112408],[-105.136696,40.112287],[-105.136839,40.112194],[-105.137304,40.112398],[-105.137447,40.112376],[-105.137575,40.112184],[-105.137519,40.11187],[-105.137912,40.111706],[-105.138492,40.111311],[-105.138878,40.110811],[-105.140173,40.110542],[-105.140595,40.11035],[-105.140738,40.110658],[-105.140931,40.110751],[-105.141304,40.110499],[-105.141468,40.110147],[-105.141769,40.110175],[-105.141891,40.109813],[-105.141984,40.109791],[-105.142069,40.109884],[-105.142162,40.110131],[-105.143063,40.110181],[-105.1433,40.109824],[-105.143343,40.109626],[-105.143214,40.109297],[-105.143329,40.109099],[-105.143508,40.109083],[-105.143715,40.109193],[-105.144187,40.109083],[-105.144344,40.109281],[-105.145439,40.109309],[-105.146118,40.109177],[-105.146254,40.109084],[-105.147213,40.109117],[-105.147463,40.109238],[-105.1486,40.109321],[-105.148922,40.109508],[-105.148986,40.109667],[-105.149208,40.109837],[-105.149795,40.109876],[-105.15016,40.109618],[-105.150174,40.109398],[-105.149931,40.109107],[-105.150289,40.108761],[-105.150725,40.108651],[-105.15094,40.108673],[-105.151433,40.109151],[-105.151626,40.109152],[-105.152048,40.108987],[-105.152234,40.108828],[-105.152242,40.108718],[-105.151791,40.108542],[-105.152106,40.10785],[-105.152686,40.10774],[-105.153158,40.107521],[-105.153187,40.107301],[-105.152779,40.107158],[-105.152736,40.107081],[-105.152815,40.106812],[-105.153394,40.106829],[-105.153838,40.106637],[-105.154653,40.10667],[-105.154975,40.106577],[-105.155362,40.106302],[-105.156406,40.106127],[-105.157229,40.105704],[-105.157114,40.105457],[-105.157222,40.105292],[-105.158488,40.104765],[-105.15871,40.104754],[-105.158889,40.104578],[-105.158831,40.10426],[-105.159068,40.103996],[-105.159246,40.103974],[-105.159433,40.103985],[-105.159466,40.1161],[-105.159715,40.11645],[-105.160874,40.11559],[-105.161451,40.115957],[-105.169388,40.108804],[-105.174279,40.104658],[-105.17746,40.102186],[-105.180215,40.098985],[-105.185173,40.094356],[-105.206898,40.094401],[-105.206902,40.088899],[-105.21635,40.088915],[-105.216359,40.087139],[-105.218243,40.087143],[-105.218233,40.086407],[-105.221116,40.086387],[-105.221106,40.086268],[-105.223036,40.086026],[-105.224675,40.085534],[-105.224661,40.086107],[-105.225832,40.086117],[-105.225856,40.088462],[-105.22591,40.088138],[-105.226305,40.08761],[-105.226669,40.087357],[-105.227406,40.087135],[-105.231981,40.087557],[-105.232703,40.087482],[-105.233428,40.087293],[-105.2342,40.086885],[-105.234605,40.08652],[-105.234917,40.086079],[-105.235128,40.085505],[-105.234993,40.080154],[-105.229895,40.080074],[-105.233433,40.078985],[-105.237803,40.078328],[-105.263465,40.078243],[-105.263492,40.080201],[-105.273837,40.079967],[-105.277439,40.079988],[-105.277404,40.076473],[-105.277751,40.076194],[-105.27801,40.075784],[-105.278364,40.075785],[-105.278362,40.076531],[-105.278243,40.076656],[-105.282101,40.076661],[-105.2822,40.080015],[-105.298358,40.079946],[-105.298501,40.072195],[-105.298736,40.067884],[-105.298198,40.065345],[-105.29733,40.063628],[-105.296534,40.063526],[-105.296525,40.062901],[-105.297087,40.062823],[-105.297293,40.062925],[-105.297717,40.062858],[-105.298194,40.062371],[-105.298524,40.061681],[-105.298819,40.061365],[-105.299227,40.06112],[-105.299721,40.060251],[-105.299968,40.059665],[-105.299616,40.059664],[-105.300092,40.058107],[-105.300411,40.057749],[-105.301152,40.057744],[-105.301168,40.055169],[-105.300962,40.055268],[-105.300475,40.054605],[-105.300467,40.054347],[-105.300481,40.053839],[-105.301158,40.05383],[-105.301124,40.047282],[-105.295546,40.047285],[-105.295614,40.046983],[-105.294934,40.047144],[-105.29442,40.047164],[-105.294429,40.046785],[-105.294211,40.046573],[-105.29411,40.046313],[-105.294197,40.045878],[-105.294104,40.044857],[-105.293658,40.043652],[-105.294024,40.043221],[-105.293981,40.043132],[-105.294734,40.04273],[-105.295302,40.042733],[-105.294968,40.042324],[-105.295044,40.041686],[-105.2953,40.041631],[-105.294804,40.041175],[-105.293628,40.040876],[-105.293626,40.040108],[-105.293462,40.040101],[-105.293469,40.039198],[-105.292345,40.039183],[-105.292379,40.039016],[-105.292716,40.038613],[-105.292947,40.037927],[-105.292914,40.037845],[-105.292156,40.037841],[-105.292156,40.037651],[-105.292914,40.037652],[-105.292769,40.037307],[-105.293253,40.037303],[-105.293248,40.036874],[-105.291615,40.036874],[-105.291614,40.036332],[-105.29304,40.036345],[-105.292648,40.035759],[-105.29257,40.035427],[-105.29268,40.035248],[-105.292643,40.035109],[-105.292745,40.034988],[-105.293454,40.035062],[-105.293655,40.034714],[-105.293374,40.034125],[-105.293061,40.034131],[-105.292881,40.034035],[-105.292832,40.033919],[-105.293001,40.033615],[-105.293727,40.033615],[-105.29373,40.032944],[-105.292699,40.032942],[-105.292702,40.032781],[-105.293671,40.032782],[-105.293662,40.03195],[-105.293302,40.03195],[-105.293302,40.031673],[-105.293664,40.031672],[-105.293663,40.031544],[-105.293206,40.031543],[-105.293218,40.031034],[-105.293659,40.031034],[-105.293654,40.030478],[-105.29268,40.030485],[-105.292685,40.030201],[-105.293251,40.030203],[-105.293213,40.029702],[-105.293647,40.029654],[-105.293644,40.029317],[-105.29277,40.029319],[-105.292769,40.029252],[-105.292671,40.029249],[-105.292681,40.028907],[-105.293242,40.028905],[-105.29325,40.027969],[-105.292655,40.027976],[-105.292668,40.027359],[-105.293624,40.027362],[-105.293625,40.027162],[-105.293198,40.027162],[-105.293198,40.026958],[-105.293625,40.026948],[-105.293623,40.025413],[-105.296238,40.025351],[-105.296238,40.022148],[-105.296479,40.022121],[-105.296545,40.021705],[-105.300141,40.021623],[-105.300948,40.022482],[-105.301008,40.013771],[-105.30125,40.013628],[-105.30145,40.012805],[-105.301195,40.013021],[-105.301019,40.012889],[-105.300893,40.012635],[-105.299359,40.012524],[-105.29949,40.011687],[-105.2987,40.011603],[-105.29858,40.011832],[-105.297529,40.011702],[-105.297414,40.01219],[-105.29691,40.012108],[-105.296912,40.012635],[-105.296173,40.012522],[-105.295799,40.012564],[-105.295772,40.012177],[-105.294797,40.012135],[-105.294804,40.012664],[-105.293541,40.01285],[-105.292684,40.012846],[-105.292692,40.012332],[-105.293095,40.012333],[-105.293097,40.01167],[-105.292221,40.011617],[-105.292182,40.010818],[-105.291509,40.010818],[-105.291507,40.011035],[-105.290145,40.010386],[-105.290144,40.010339],[-105.290681,40.010341],[-105.290683,40.009208],[-105.29006,40.009207],[-105.290061,40.008931],[-105.291419,40.008932],[-105.291431,40.005861],[-105.289296,40.005855],[-105.289297,40.005732],[-105.289176,40.005732],[-105.28927,40.005443],[-105.289181,40.004463],[-105.290198,40.004465],[-105.2902,40.004107],[-105.289173,40.004102],[-105.289131,40.00366],[-105.290852,40.003654],[-105.290862,40.002662],[-105.29134,40.002663],[-105.291336,40.002],[-105.291129,40.001496],[-105.290553,40.001001],[-105.290439,40.000803],[-105.290419,40.000533],[-105.290586,40.000061],[-105.286756,40.000061],[-105.286755,39.999961],[-105.283239,39.999962],[-105.282602,39.992733],[-105.27749,39.992885],[-105.277067,39.985696],[-105.285611,39.985768],[-105.285679,39.985524],[-105.286238,39.985251],[-105.286117,39.97132],[-105.285724,39.971316],[-105.281683,39.970022],[-105.281641,39.967651],[-105.276898,39.967697],[-105.276776,39.960524],[-105.274154,39.96057],[-105.274092,39.956915],[-105.260088,39.95726],[-105.260082,39.964362],[-105.248875,39.964325],[-105.246283,39.97058],[-105.237296,39.970559],[-105.237388,39.970921],[-105.237676,39.971111],[-105.237853,39.971487],[-105.236552,39.971471],[-105.236527,39.978683],[-105.235735,39.978681],[-105.2358,39.982901],[-105.235093,39.983031],[-105.234473,39.98359],[-105.235052,39.984171],[-105.235387,39.984744],[-105.235671,39.985484],[-105.235669,39.985802],[-105.233672,39.985785],[-105.231931,39.984978],[-105.231791,39.985185],[-105.221214,39.9803],[-105.221155,39.980408],[-105.208703,39.974671],[-105.182316,39.964378],[-105.183133,39.963903],[-105.184671,39.963585],[-105.184673,39.963459],[-105.186746,39.963026],[-105.189263,39.962664],[-105.189271,39.961474],[-105.188897,39.961742],[-105.187245,39.962272],[-105.186272,39.962443],[-105.185268,39.962453],[-105.185159,39.962558],[-105.184678,39.962558],[-105.184674,39.963288],[-105.183548,39.963547],[-105.182484,39.963587],[-105.181468,39.963399],[-105.180894,39.963173],[-105.180379,39.962869],[-105.180013,39.962826],[-105.1791,39.962482],[-105.179023,39.962595],[-105.178026,39.962208],[-105.178056,39.960634],[-105.175256,39.960673],[-105.175263,39.959405],[-105.177029,39.95944],[-105.177035,39.958194],[-105.175371,39.958164],[-105.175369,39.95758],[-105.178981,39.957654],[-105.17758,39.954993],[-105.177277,39.954091],[-105.177242,39.953654],[-105.177448,39.952367],[-105.177645,39.952213],[-105.177693,39.952031],[-105.177699,39.950482],[-105.176532,39.950487],[-105.176534,39.950289],[-105.17378,39.950272],[-105.173259,39.950488],[-105.171711,39.950487],[-105.171711,39.950259],[-105.171342,39.950257],[-105.170863,39.948992],[-105.170665,39.948828],[-105.170244,39.948745],[-105.17035,39.948722],[-105.169959,39.947654],[-105.165728,39.948575],[-105.165765,39.943198],[-105.168292,39.943205],[-105.169294,39.941267],[-105.169306,39.939234],[-105.167686,39.939236],[-105.166427,39.93963],[-105.165752,39.940096],[-105.165731,39.937264],[-105.165945,39.936824],[-105.166061,39.934656],[-105.16601,39.928718],[-105.184189,39.92873],[-105.184661,39.928644],[-105.185349,39.928708],[-105.185574,39.928633],[-105.186068,39.928708],[-105.195263,39.928655],[-105.195617,39.920459],[-105.195692,39.920158],[-105.197787,39.917999],[-105.204608,39.914933],[-105.206213,39.914278],[-105.206273,39.914086],[-105.212475,39.914236],[-105.231343,39.914085],[-105.238544,39.914386],[-105.245382,39.914083],[-105.263945,39.913986],[-105.264945,39.914186],[-105.269445,39.913986],[-105.282656,39.913687],[-105.306845,39.913986],[-105.314431,39.913884],[-105.339547,39.913786],[-105.368239,39.913293],[-105.372692,39.913293],[-105.373943,39.913181],[-105.397849,39.912886],[-105.397859,39.916972],[-105.398048,39.917987],[-105.398053,39.919165],[-105.397956,39.919413],[-105.39815,39.926059],[-105.398079,39.927164],[-105.398167,39.929543],[-105.397955,39.932985],[-105.397971,39.934867],[-105.399224,39.934817],[-105.400165,39.935109],[-105.400843,39.935032],[-105.401542,39.934692],[-105.404661,39.932424],[-105.405261,39.93221],[-105.406039,39.931743],[-105.406417,39.9317],[-105.407259,39.931832],[-105.407986,39.931854],[-105.409099,39.932233],[-105.409905,39.932211],[-105.41089,39.932448],[-105.411525,39.93269],[-105.412181,39.933272],[-105.412595,39.933525],[-105.412809,39.933805],[-105.412844,39.934156],[-105.413022,39.934404],[-105.413172,39.934497],[-105.413465,39.93453],[-105.413971,39.934409],[-105.414321,39.934151],[-105.414599,39.933662],[-105.415027,39.933245],[-105.415056,39.932174],[-105.415371,39.931713],[-105.415506,39.93157],[-105.415949,39.931361],[-105.416362,39.931004],[-105.417326,39.930669],[-105.417968,39.929659],[-105.418303,39.929467],[-105.418617,39.928753],[-105.418839,39.92867],[-105.419024,39.928736],[-105.419438,39.929236],[-105.420229,39.929972],[-105.420814,39.930901],[-105.422063,39.931626],[-105.423875,39.931582],[-105.425231,39.93133],[-105.425886,39.931078],[-105.426475,39.931143],[-105.42755,39.931048],[-105.429325,39.931209],[-105.429939,39.931506],[-105.430702,39.931693],[-105.432243,39.932896],[-105.43255,39.933406],[-105.43464,39.934708],[-105.435568,39.935016],[-105.43611,39.935746],[-105.437294,39.936092],[-105.438129,39.93673],[-105.438386,39.937136],[-105.438472,39.937531],[-105.440034,39.938388],[-105.440998,39.938251],[-105.441875,39.938284],[-105.442303,39.938108],[-105.443167,39.938015],[-105.443752,39.937806],[-105.444943,39.937152],[-105.446327,39.937119],[-105.447069,39.93691],[-105.448254,39.936312],[-105.448739,39.935652],[-105.449285,39.935426],[-105.449483,39.935206],[-105.451487,39.934526],[-105.453447,39.934191],[-105.453868,39.934026],[-105.454853,39.933153],[-105.455391,39.932373],[-105.455651,39.932286],[-105.457351,39.932186],[-105.467713,39.932286],[-105.500866,39.932388],[-105.510653,39.932387],[-105.510981,39.932294],[-105.512353,39.932387],[-105.518249,39.932387],[-105.519053,39.932287],[-105.520353,39.932387],[-105.541754,39.932387],[-105.559055,39.932287],[-105.625668,39.932386],[-105.62877,39.932086],[-105.646183,39.932285],[-105.653087,39.932285],[-105.656439,39.932386],[-105.660954,39.93234],[-105.675798,39.932445],[-105.675075,39.933253],[-105.675133,39.933324],[-105.677846,39.932902],[-105.678941,39.93286],[-105.68065,39.93335],[-105.681709,39.93341],[-105.682943,39.933789],[-105.683421,39.934121],[-105.68453,39.935499],[-105.686616,39.937469],[-105.687077,39.937728],[-105.689627,39.938634],[-105.689946,39.938812],[-105.6903,39.939525],[-105.691359,39.940291],[-105.6932,39.941239],[-105.693452,39.941529],[-105.693694,39.942405],[-105.693453,39.944017],[-105.692562,39.945371],[-105.691796,39.946241],[-105.691761,39.946417],[-105.691839,39.946592],[-105.692283,39.946997],[-105.692815,39.948163],[-105.693543,39.948464],[-105.693756,39.948681],[-105.694362,39.949684],[-105.694351,39.950153],[-105.693662,39.951154],[-105.691199,39.952991],[-105.690783,39.953171],[-105.6894,39.953506],[-105.689137,39.953699],[-105.6888,39.954053],[-105.688508,39.954831],[-105.688638,39.955869],[-105.688383,39.95653],[-105.685108,39.958741],[-105.686466,39.959226],[-105.688185,39.959663],[-105.688244,39.959765],[-105.688317,39.960759],[-105.688235,39.961623],[-105.688476,39.962396],[-105.688331,39.96288],[-105.688755,39.963213],[-105.689066,39.963619],[-105.689283,39.964144],[-105.689255,39.96473],[-105.688654,39.966433],[-105.688569,39.967092],[-105.688827,39.967762],[-105.689763,39.969187],[-105.690304,39.969708],[-105.690345,39.969855],[-105.689678,39.971001],[-105.688851,39.974151],[-105.688414,39.975426],[-105.687833,39.975958],[-105.687145,39.976972],[-105.686377,39.977724],[-105.686253,39.978369],[-105.684938,39.97933],[-105.684901,39.979447],[-105.685001,39.979768],[-105.685388,39.980203],[-105.685489,39.980626],[-105.685462,39.981387],[-105.684968,39.982633],[-105.684972,39.982867],[-105.686651,39.984621],[-105.68742,39.98517],[-105.68748,39.985418],[-105.686048,39.987477],[-105.686204,39.98904],[-105.685968,39.989743],[-105.685482,39.990274],[-105.683906,39.991632],[-105.683383,39.992295],[-105.683164,39.992881],[-105.68321,39.99465],[-105.684689,39.994491],[-105.685013,39.994517],[-105.687929,39.995062],[-105.689036,39.995374],[-105.690185,39.995934],[-105.69059,39.996281],[-105.6909,39.996673],[-105.691194,39.997313],[-105.69117,39.999521],[-105.690497,40.000869],[-105.690438,40.00138],[-105.690583,40.002594],[-105.691036,40.003194],[-105.69111,40.003545],[-105.691052,40.003764],[-105.690517,40.004363],[-105.690035,40.005531],[-105.689767,40.005955],[-105.688946,40.006698],[-105.688469,40.006946],[-105.689792,40.00844],[-105.690016,40.009113],[-105.690015,40.009317],[-105.689341,40.011026],[-105.689378,40.011173],[-105.689813,40.011495],[-105.68985,40.011656],[-105.689694,40.012474],[-105.689629,40.013878],[-105.689874,40.014508],[-105.689818,40.015108],[-105.689666,40.015541],[-105.688889,40.015976],[-105.688452,40.016049],[-105.687826,40.015979],[-105.686347,40.015095],[-105.684912,40.014614],[-105.684114,40.014524],[-105.683052,40.014142],[-105.68157,40.014183],[-105.680716,40.014006],[-105.677977,40.014541],[-105.675309,40.015983],[-105.67451,40.016186],[-105.670136,40.016879],[-105.669832,40.016878],[-105.668826,40.016525],[-105.66801,40.016363],[-105.667098,40.016317],[-105.664646,40.016487],[-105.661854,40.016409],[-105.661606,40.016466],[-105.660689,40.017386],[-105.660344,40.017897],[-105.66019,40.018349],[-105.658799,40.019107],[-105.657408,40.019528],[-105.655488,40.019846],[-105.653071,40.020425],[-105.65191,40.020905],[-105.652873,40.021945],[-105.652793,40.023772],[-105.649574,40.027742],[-105.643938,40.033301],[-105.641197,40.034172],[-105.640642,40.035019],[-105.640656,40.035867],[-105.640193,40.037255],[-105.639619,40.03797],[-105.638797,40.038787],[-105.63866,40.039605],[-105.639037,40.040118],[-105.639149,40.040469],[-105.638861,40.041038],[-105.638838,40.041813],[-105.638454,40.042485],[-105.638376,40.042909],[-105.638601,40.043552],[-105.63858,40.043801],[-105.638292,40.044326],[-105.637567,40.044924],[-105.637413,40.045231],[-105.637486,40.045845],[-105.637864,40.046285],[-105.638507,40.046739],[-105.64012,40.047196],[-105.640709,40.047138],[-105.641257,40.047724],[-105.642338,40.048121],[-105.643622,40.049659],[-105.64402,40.049893],[-105.644457,40.04985],[-105.644664,40.050202],[-105.645099,40.05067],[-105.645246,40.051489],[-105.645472,40.051899],[-105.645582,40.05266],[-105.646452,40.053465],[-105.647837,40.053863],[-105.648425,40.053937],[-105.648765,40.054289],[-105.648819,40.054903],[-105.650743,40.057553],[-105.651061,40.058445],[-105.649419,40.059992],[-105.647533,40.064286],[-105.647,40.064533],[-105.646692,40.06522],[-105.64513,40.066064],[-105.643491,40.066836],[-105.643073,40.066835],[-105.641814,40.06787],[-105.641433,40.067884],[-105.638873,40.067031],[-105.64087,40.070178],[-105.640963,40.070544],[-105.640995,40.07167],[-105.640914,40.072605],[-105.641121,40.073],[-105.640911,40.073117],[-105.640379,40.073086],[-105.639809,40.073173],[-105.63939,40.073377],[-105.638838,40.073405],[-105.638,40.073842],[-105.637313,40.074454],[-105.637027,40.074585],[-105.636647,40.074614],[-105.635429,40.074947],[-105.635027,40.075531],[-105.634677,40.077036],[-105.634836,40.079215],[-105.634758,40.079551],[-105.634566,40.079975],[-105.633973,40.080617],[-105.633229,40.081185],[-105.63262,40.081447],[-105.633988,40.08145],[-105.634253,40.081509],[-105.634914,40.0823],[-105.635633,40.082871],[-105.636004,40.084553],[-105.635908,40.084685],[-105.635147,40.084976],[-105.634974,40.085224],[-105.635011,40.085545],[-105.635369,40.086116],[-105.635442,40.08654],[-105.635211,40.087183],[-105.634734,40.087489],[-105.63376,40.088379],[-105.633683,40.088583],[-105.633755,40.089315],[-105.634302,40.090164],[-105.634539,40.091904],[-105.634384,40.092605],[-105.634719,40.093848],[-105.634601,40.094521],[-105.634693,40.09512],[-105.634539,40.095485],[-105.634329,40.095602],[-105.634044,40.095587],[-105.63376,40.095425],[-105.633266,40.095454],[-105.632426,40.096168],[-105.632081,40.096738],[-105.632022,40.097191],[-105.632077,40.09741],[-105.632248,40.097571],[-105.633725,40.098524],[-105.633911,40.099227],[-105.635386,40.100443],[-105.636047,40.101351],[-105.636007,40.101541],[-105.63661,40.102536],[-105.636169,40.103208],[-105.636104,40.104741],[-105.636681,40.106994],[-105.63645,40.107651],[-105.636296,40.107856],[-105.635705,40.108308],[-105.635704,40.108498],[-105.636025,40.108893],[-105.636042,40.109288],[-105.63566,40.109682],[-105.635423,40.111172],[-105.635095,40.112224],[-105.634652,40.113232],[-105.634309,40.113436],[-105.633586,40.113581],[-105.63163,40.113489],[-105.630507,40.113867],[-105.629973,40.114158],[-105.629781,40.114582],[-105.62989,40.115518],[-105.629121,40.117036],[-105.627689,40.118437],[-105.627213,40.118655],[-105.626566,40.118654],[-105.62821,40.120353],[-105.628246,40.120806],[-105.627957,40.121449],[-105.627595,40.121711],[-105.627574,40.122062],[-105.628782,40.123512],[-105.628185,40.124987],[-105.627593,40.125597],[-105.627341,40.12602],[-105.626706,40.126749],[-105.626226,40.127069],[-105.62609,40.127346],[-105.626659,40.127963],[-105.627212,40.128097],[-105.628107,40.128452],[-105.628715,40.128805],[-105.629133,40.129158],[-105.629359,40.129612],[-105.629983,40.130434],[-105.630148,40.131415],[-105.630142,40.13219],[-105.629867,40.133227],[-105.630073,40.133842],[-105.630048,40.134588],[-105.629388,40.136151],[-105.629326,40.13678],[-105.629454,40.137468],[-105.6297,40.13782],[-105.630156,40.138099],[-105.632541,40.138431],[-105.633626,40.138874],[-105.634178,40.139125],[-105.634653,40.139507],[-105.635166,40.139948],[-105.635468,40.140417],[-105.635297,40.14283],[-105.635097,40.14419],[-105.635186,40.145009],[-105.635354,40.145566],[-105.635656,40.146006],[-105.636551,40.146375],[-105.638173,40.146689],[-105.639735,40.147222],[-105.641089,40.147549],[-105.642673,40.147716],[-105.643206,40.14785],[-105.643815,40.148145],[-105.644809,40.148076],[-105.646275,40.148623],[-105.647037,40.148977],[-105.647341,40.149213],[-105.647506,40.150047],[-105.64729,40.150968],[-105.647423,40.150983],[-105.647692,40.150823],[-105.648744,40.150505],[-105.650539,40.150571],[-105.654203,40.150996],[-105.655996,40.151281],[-105.656148,40.15134],[-105.656337,40.151589],[-105.656655,40.152585],[-105.656862,40.152937],[-105.657128,40.153187],[-105.658191,40.153996],[-105.658914,40.154335],[-105.660248,40.154735],[-105.66059,40.154971],[-105.660891,40.155601],[-105.66085,40.155996],[-105.660982,40.156289],[-105.661343,40.156524],[-105.663559,40.156592],[-105.664684,40.156743],[-105.666399,40.157335],[-105.666606,40.157672],[-105.667005,40.157952],[-105.667729,40.158276],[-105.667971,40.159111],[-105.668004,40.159886],[-105.6675,40.160791],[-105.667536,40.161186],[-105.66803,40.161554],[-105.66898,40.161941],[-105.669718,40.162426],[-105.669868,40.162489],[-105.670266,40.162474],[-105.67058,40.162691],[-105.671051,40.163643],[-105.6711,40.164711],[-105.671473,40.165422],[-105.671548,40.166249],[-105.671336,40.166497],[-105.669591,40.167485],[-105.669475,40.167689],[-105.669506,40.168625],[-105.669198,40.169019],[-105.668334,40.169615],[-105.666919,40.169887],[-105.668115,40.170858],[-105.66836,40.171785],[-105.668257,40.172379],[-105.668366,40.17314],[-105.668573,40.17358],[-105.669733,40.174258],[-105.669088,40.176259],[-105.668281,40.176914],[-105.668299,40.177031],[-105.669764,40.177783],[-105.670771,40.178489],[-105.671791,40.180029],[-105.671729,40.180687],[-105.671953,40.181376],[-105.671875,40.181697],[-105.671682,40.182004],[-105.670644,40.182892],[-105.670315,40.183417],[-105.670407,40.183929],[-105.670364,40.184617],[-105.670626,40.185393],[-105.670872,40.185628],[-105.671292,40.185703],[-105.672457,40.18562],[-105.673793,40.185742],[-105.674632,40.185994],[-105.675469,40.186392],[-105.676096,40.186834],[-105.676722,40.187363],[-105.677554,40.188507],[-105.677627,40.18902],[-105.677543,40.190145],[-105.677692,40.190673],[-105.67769,40.190951],[-105.677283,40.19171],[-105.677751,40.192984],[-105.677495,40.196757],[-105.677644,40.197211],[-105.676929,40.19832],[-105.676405,40.199503],[-105.677688,40.201673],[-105.677645,40.202331],[-105.676917,40.20262],[-105.676418,40.20294],[-105.675903,40.202923],[-105.675252,40.203213],[-105.674157,40.203999],[-105.673832,40.2041],[-105.673696,40.204421],[-105.673041,40.205238],[-105.672483,40.205733],[-105.672346,40.206186],[-105.670906,40.207291],[-105.670559,40.207802],[-105.670686,40.208651],[-105.671194,40.209692],[-105.670845,40.210378],[-105.670843,40.210773],[-105.671119,40.212163],[-105.670886,40.212645],[-105.670347,40.213257],[-105.670192,40.213608],[-105.670305,40.213813],[-105.67059,40.214034],[-105.670946,40.214602],[-105.671134,40.215338],[-105.671091,40.215952],[-105.671255,40.217079],[-105.670303,40.219357],[-105.669995,40.219721],[-105.669458,40.220041],[-105.668577,40.220301],[-105.66766,40.22037],[-105.665866,40.220187],[-105.664532,40.219816],[-105.663462,40.219929],[-105.663156,40.22003],[-105.663212,40.220147],[-105.665095,40.221164],[-105.667243,40.222577],[-105.668594,40.223285],[-105.668915,40.223725],[-105.669046,40.224179],[-105.668868,40.224968],[-105.668538,40.225742],[-105.667767,40.226719],[-105.667764,40.227128],[-105.667971,40.227539],[-105.668444,40.22814],[-105.668247,40.228915],[-105.667267,40.229818],[-105.667226,40.230257],[-105.667354,40.230959],[-105.667161,40.231222],[-105.66609,40.231466],[-105.66511,40.232236],[-105.664378,40.233213],[-105.66426,40.233637],[-105.664293,40.234325],[-105.664479,40.235101],[-105.665235,40.236084],[-105.665385,40.236553],[-105.665437,40.23727],[-105.66495,40.238555],[-105.662095,40.242522],[-105.662188,40.242888],[-105.662128,40.243224],[-105.661435,40.243938],[-105.660745,40.244374],[-105.660283,40.24484],[-105.660204,40.245177],[-105.660266,40.247195],[-105.660162,40.248351],[-105.660006,40.248833],[-105.659621,40.249168],[-105.659276,40.249342],[-105.658932,40.249413],[-105.653738,40.249334],[-105.650396,40.249379],[-105.649213,40.249169],[-105.648068,40.249077],[-105.647074,40.249132],[-105.645314,40.249475],[-105.644262,40.249793],[-105.64402,40.249939],[-105.647429,40.251369],[-105.649789,40.252877],[-105.650825,40.253688],[-105.651199,40.254247],[-105.651267,40.256323],[-105.651197,40.257257],[-105.651358,40.258062],[-105.651656,40.258517],[-105.652392,40.259064],[-105.653086,40.259814],[-105.653344,40.260518],[-105.65417,40.261342],[-105.655677,40.261743],[-105.657235,40.262886],[-105.658124,40.263317],[-105.659906,40.263857],[-105.66072,40.264228],[-105.661329,40.264262],[-105.662378,40.264124],[-105.663832,40.265071],[-105.664414,40.265631],[-105.664711,40.266247],[-105.665236,40.266894],[-105.667909,40.267718],[-105.669187,40.267568],[-105.66989,40.267705],[-105.670343,40.268],[-105.672055,40.268101],[-105.67496,40.267321],[-105.67559,40.267267],[-105.678187,40.26812],[-105.678318,40.268267],[-105.678331,40.268691],[-105.678496,40.269204],[-105.678903,40.269869],[-105.679415,40.270278],[-105.680429,40.271338],[-105.681508,40.271684],[-105.682428,40.2728],[-105.682233,40.273164],[-105.68171,40.273788],[-105.680694,40.274291],[-105.680347,40.274668],[-105.680627,40.276541],[-105.681242,40.277495],[-105.68144,40.278403],[-105.681469,40.279046],[-105.681259,40.279103],[-105.680428,40.278585],[-105.680143,40.27851],[-105.679591,40.278549],[-105.679342,40.278664],[-105.679262,40.278912],[-105.679782,40.279909],[-105.68042,40.282048],[-105.68068,40.282576],[-105.680732,40.282927],[-105.68049,40.283962],[-105.680579,40.28446],[-105.680861,40.28471],[-105.681239,40.284889],[-105.681829,40.284952],[-105.683022,40.285443],[-105.685046,40.286409],[-105.685565,40.286743],[-105.686346,40.287486],[-105.686488,40.28829],[-105.686403,40.288918],[-105.685398,40.290079],[-105.68365,40.29119],[-105.68277,40.291549],[-105.681165,40.291945],[-105.681848,40.292155],[-105.683028,40.292179],[-105.684758,40.292383],[-105.686578,40.292981],[-105.686948,40.293224],[-105.687368,40.293733],[-105.687513,40.29426],[-105.687751,40.296366],[-105.688272,40.297334],[-105.688248,40.297714],[-105.688031,40.298253],[-105.68733,40.299402],[-105.686924,40.29991],[-105.686689,40.30039],[-105.685772,40.302554],[-105.685761,40.302925],[-105.686177,40.303075],[-105.688099,40.303207],[-105.688859,40.303329],[-105.689295,40.303479],[-105.690495,40.304421],[-105.690989,40.304939],[-105.691175,40.305348],[-105.691278,40.306164],[-105.690897,40.307154],[-105.690135,40.308104],[-105.690001,40.308387],[-105.69014,40.308648],[-105.690763,40.309028],[-105.691863,40.309373],[-105.693978,40.309243],[-105.694834,40.309323],[-105.695758,40.310002],[-105.69617,40.310517],[-105.69706,40.310933],[-105.697764,40.310939],[-105.69935,40.310483],[-105.700398,40.310462],[-105.700909,40.310715],[-105.70181,40.311657],[-105.702109,40.312083],[-105.702235,40.31261],[-105.701865,40.313294],[-105.701507,40.314445],[-105.700889,40.315098],[-105.700167,40.316364],[-105.699782,40.316711],[-105.698284,40.317679],[-105.697648,40.318273],[-105.697678,40.318872],[-105.698157,40.320045],[-105.698719,40.32078],[-105.699514,40.321136],[-105.700618,40.321174],[-105.70202,40.321711],[-105.70235,40.322649],[-105.70168,40.324309],[-105.703275,40.324673],[-105.704948,40.324861],[-105.706773,40.325051],[-105.707878,40.325001],[-105.711189,40.325261],[-105.713127,40.325568],[-105.714259,40.326351],[-105.715464,40.327369],[-105.717255,40.328698],[-105.720551,40.331427],[-105.721438,40.332018],[-105.722329,40.332347],[-105.723603,40.332444],[-105.724533,40.3327],[-105.726503,40.333504],[-105.727372,40.333979],[-105.729088,40.335278],[-105.729231,40.335922],[-105.729065,40.336944],[-105.728786,40.337935],[-105.72965,40.338804],[-105.729944,40.339624],[-105.730189,40.339772],[-105.731706,40.340252],[-105.732122,40.340489],[-105.733108,40.340774],[-105.734315,40.341675],[-105.735441,40.342984],[-105.736444,40.344906],[-105.736491,40.345666],[-105.73627,40.346497],[-105.736345,40.346615],[-105.737753,40.34667],[-105.738132,40.346833],[-105.738475,40.346836],[-105.739613,40.347108],[-105.740787,40.347658],[-105.741561,40.348161],[-105.742049,40.348647],[-105.742139,40.349086],[-105.742269,40.349277],[-105.742441,40.349263],[-105.743878,40.348588],[-105.745007,40.348158],[-105.747757,40.347508],[-105.748269,40.347731],[-105.748645,40.348085],[-105.752383,40.349093],[-105.752873,40.350846],[-105.753299,40.351421],[-105.753782,40.35152],[-105.755163,40.351253],[-105.756225,40.351355],[-105.757117,40.35165],[-105.757566,40.352032],[-105.757816,40.35238],[-105.758289,40.352399],[-105.758896,40.352878],[-105.759271,40.353307],[-105.759435,40.353752],[-105.759765,40.355779],[-105.760225,40.356176],[-105.762399,40.356792],[-105.762712,40.357076],[-105.763028,40.357118],[-105.764017,40.358382],[-105.764252,40.359133],[-105.764441,40.359263],[-105.765,40.359153],[-105.765663,40.359156],[-105.766335,40.359273],[-105.767699,40.359764],[-105.768012,40.360104],[-105.768335,40.360469],[-105.768322,40.362082],[-105.768901,40.363295],[-105.768978,40.364111],[-105.769133,40.364474],[-105.769469,40.364597],[-105.76988,40.364438],[-105.770407,40.36436],[-105.77168,40.364447],[-105.772596,40.364411],[-105.773519,40.364779],[-105.774105,40.365233],[-105.774258,40.365791],[-105.774219,40.366759],[-105.774791,40.367552],[-105.77593,40.368494],[-105.776437,40.369545],[-105.776699,40.369724],[-105.776972,40.369757],[-105.777349,40.370001],[-105.777526,40.370325],[-105.778256,40.371087],[-105.780142,40.372104],[-105.781491,40.373241],[-105.78195,40.373759],[-105.782217,40.374511],[-105.782215,40.374737],[-105.782003,40.374984],[-105.782129,40.375188],[-105.781928,40.375374],[-105.781464,40.375551],[-105.78182,40.37699],[-105.784997,40.379715],[-105.78566,40.37995],[-105.78725,40.380872],[-105.787511,40.382019],[-105.788037,40.382626],[-105.788257,40.383078],[-105.788561,40.384282],[-105.789045,40.384848],[-105.790729,40.386263],[-105.791232,40.387863],[-105.790545,40.38964],[-105.790838,40.390876],[-105.791035,40.392783],[-105.79155,40.393656],[-105.791664,40.394335],[-105.791588,40.396177],[-105.791069,40.39759],[-105.790951,40.39864],[-105.791709,40.399723],[-105.793815,40.4008],[-105.794182,40.401882],[-105.796329,40.403806],[-105.797328,40.405042],[-105.798265,40.405835],[-105.800423,40.407218],[-105.80117,40.408422],[-105.801294,40.410175],[-105.802009,40.410911],[-105.803621,40.411728],[-105.806485,40.413612],[-105.808265,40.414954],[-105.80878,40.415625],[-105.811126,40.419399],[-105.8118,40.41982],[-105.813317,40.420273],[-105.81534,40.421486],[-105.815792,40.422076],[-105.816128,40.423538],[-105.816423,40.423991],[-105.816992,40.424129],[-105.817266,40.424323],[-105.817231,40.426488],[-105.816588,40.426859],[-105.816155,40.426972],[-105.816007,40.427521],[-105.815248,40.427804],[-105.814456,40.428522],[-105.814307,40.429459],[-105.814696,40.430712],[-105.814337,40.431334],[-105.814557,40.432085],[-105.81543,40.433968],[-105.816366,40.435519],[-105.816049,40.436529],[-105.815974,40.437208],[-105.815784,40.437434],[-105.814339,40.438128],[-105.813019,40.439161],[-105.812406,40.440631],[-105.812056,40.442328],[-105.811728,40.442853],[-105.810399,40.443231],[-105.809354,40.44412],[-105.807813,40.44504],[-105.806557,40.446202],[-105.805775,40.447333],[-105.80569,40.447882],[-105.806467,40.449781],[-105.807226,40.450662],[-105.807488,40.451357],[-105.807614,40.452262],[-105.805762,40.45689],[-105.805929,40.457876],[-105.805136,40.459233],[-105.804859,40.461454],[-105.804449,40.462965],[-105.804479,40.464224],[-105.805691,40.4665],[-105.80818,40.468868],[-105.810837,40.470531],[-105.811049,40.470942],[-105.810669,40.471087],[-105.808865,40.471078],[-105.808316,40.471442],[-105.807861,40.472241],[-105.807133,40.47241],[-105.80671,40.473081],[-105.806793,40.473913],[-105.807341,40.474527],[-105.808543,40.475061],[-105.811053,40.475773],[-105.812793,40.475855],[-105.813996,40.475686],[-105.81542,40.475339],[-105.820114,40.475972],[-105.824729,40.477641],[-105.827956,40.478289],[-105.830608,40.479568],[-105.832962,40.479989],[-105.834605,40.479869],[-105.835479,40.480544],[-105.837094,40.482421],[-105.837823,40.483033],[-105.839416,40.483008],[-105.841082,40.483618],[-105.843064,40.482994],[-105.845662,40.482651],[-105.846967,40.482791],[-105.847308,40.483931],[-105.854926,40.486252],[-105.855822,40.487738],[-105.856001,40.488837],[-105.856105,40.490412],[-105.855787,40.492682],[-105.855206,40.494363],[-105.854773,40.495106],[-105.853464,40.495946],[-105.852681,40.496697],[-105.852026,40.497569],[-105.851793,40.498474],[-105.85193,40.499476],[-105.851755,40.500475],[-105.852297,40.503534],[-105.852303,40.506553],[-105.852618,40.506997],[-105.854732,40.507789],[-105.855817,40.507854],[-105.856543,40.507791],[-105.857058,40.507856],[-105.857416,40.508275],[-105.857646,40.508871],[-105.858203,40.509629],[-105.860621,40.511549],[-105.860798,40.512547],[-105.8619,40.514449],[-105.863109,40.515521],[-105.86374,40.515707],[-105.864266,40.515974],[-105.864781,40.516506],[-105.866369,40.517257],[-105.866809,40.518755],[-105.867513,40.519714],[-105.869091,40.520738],[-105.871805,40.521748],[-105.872594,40.521854],[-105.874584,40.521864],[-105.874962,40.521929],[-105.875567,40.522218],[-105.876707,40.522411],[-105.878048,40.522465],[-105.879041,40.523174],[-105.880086,40.523269],[-105.881954,40.522853],[-105.882882,40.522052],[-105.883852,40.521751],[-105.887748,40.521243],[-105.891104,40.521003],[-105.894576,40.520196],[-105.899111,40.518225],[-105.90417,40.514443],[-105.904507,40.514119],[-105.907857,40.515493],[-105.908322,40.516074],[-105.908725,40.516945],[-105.91078,40.520179],[-105.911269,40.521438],[-105.911175,40.522181],[-105.909764,40.523452],[-105.908784,40.524989],[-105.907868,40.52621],[-105.907091,40.527843],[-105.905914,40.530519],[-105.905655,40.532829],[-105.90509,40.535285],[-105.905165,40.535987],[-105.905537,40.53702],[-105.906438,40.538739],[-105.90715,40.540578],[-105.907049,40.542888],[-105.907843,40.54371],[-105.908784,40.544484],[-105.909577,40.544982],[-105.90923,40.545459],[-105.909232,40.546202],[-105.90955,40.546758],[-105.90951,40.54793],[-105.910613,40.549962],[-105.911833,40.552688],[-105.911877,40.553585],[-105.911257,40.554579],[-105.910818,40.556712],[-105.909914,40.558806],[-105.910076,40.560607],[-105.909784,40.562134],[-105.910094,40.563838],[-105.910645,40.564733],[-105.910892,40.56642],[-105.911454,40.567226],[-105.912417,40.568072],[-105.91321,40.568313],[-105.913941,40.569345],[-105.914694,40.570636],[-105.915032,40.570724],[-105.91574,40.570601],[-105.916817,40.570583],[-105.918444,40.5707],[-105.919809,40.571416],[-105.921248,40.572559],[-105.922266,40.574237],[-105.922384,40.574778],[-105.922248,40.575303],[-105.922746,40.576142],[-105.923425,40.577037],[-105.923861,40.578182],[-105.924096,40.579296],[-105.924977,40.580934],[-105.924693,40.581782],[-105.924388,40.582146],[-105.924496,40.583253],[-105.925315,40.585326],[-105.925753,40.587231],[-105.925775,40.587707],[-105.926624,40.589175],[-105.926543,40.590589],[-105.927697,40.591709],[-105.928049,40.593024],[-105.927966,40.593501],[-105.928116,40.594163],[-105.927705,40.594923],[-105.927643,40.595533],[-105.927826,40.596861],[-105.927986,40.597151],[-105.928221,40.598305],[-105.92813,40.600058],[-105.928576,40.600896],[-105.929,40.601202],[-105.929054,40.601767],[-105.928823,40.602292],[-105.928953,40.603794],[-105.929579,40.604713],[-105.929888,40.605754],[-105.930207,40.60619],[-105.931147,40.606075],[-105.932976,40.606377],[-105.934711,40.60643],[-105.935378,40.606783],[-105.937019,40.607942],[-105.938681,40.608811],[-105.939199,40.608826],[-105.940002,40.608711],[-105.942064,40.609077],[-105.942626,40.609609],[-105.944047,40.611277],[-105.944535,40.612092],[-105.944739,40.613197],[-105.944742,40.614231],[-105.945748,40.615125],[-105.946586,40.616028],[-105.947021,40.616689],[-105.947002,40.617367],[-105.946676,40.618119],[-105.946034,40.61909],[-105.945425,40.620375],[-105.94511,40.621191],[-105.945016,40.621854],[-105.945495,40.622741],[-105.946415,40.623159],[-105.947199,40.623746],[-105.948187,40.62562],[-105.949261,40.62732],[-105.949358,40.628086],[-105.948667,40.630185],[-105.948573,40.633678],[-105.948449,40.634388],[-105.948144,40.635034],[-105.948062,40.635986],[-105.948325,40.641745],[-105.948485,40.642318],[-105.949153,40.642776],[-105.950816,40.643289],[-105.951102,40.64349],[-105.951009,40.644015],[-105.950556,40.644637],[-105.950622,40.645346],[-105.951079,40.645878],[-105.953844,40.646977],[-105.954427,40.647444],[-105.95462,40.648072],[-105.954647,40.649734],[-105.954765,40.65021],[-105.95599,40.652595],[-105.956513,40.653892],[-105.956686,40.654964],[-105.95649,40.656666],[-105.955821,40.658854],[-105.956044,40.659152],[-105.956882,40.659828],[-105.957838,40.660874],[-105.958639,40.66301],[-105.959541,40.663549],[-105.960528,40.664523],[-105.962292,40.666584],[-105.964625,40.667732],[-105.965039,40.668207],[-105.965217,40.670514],[-105.96507,40.670958],[-105.965114,40.671418],[-105.96589,40.672279],[-105.966455,40.673455],[-105.966664,40.675681],[-105.967133,40.676471],[-105.967749,40.67705],[-105.968565,40.677258],[-105.969392,40.67774],[-105.970638,40.679891],[-105.971393,40.680769],[-105.971873,40.681856],[-105.971824,40.682792],[-105.97153,40.683463],[-105.971109,40.684036],[-105.970127,40.684716],[-105.969928,40.685394],[-105.970026,40.686265],[-105.970409,40.686764],[-105.971937,40.687664],[-105.972957,40.688598],[-105.973584,40.689274],[-105.973958,40.690144],[-105.97376,40.691129],[-105.972782,40.69276],[-105.972341,40.693786],[-105.972196,40.694811],[-105.972591,40.695624],[-105.973473,40.696574],[-105.974891,40.699023],[-105.975604,40.70003],[-105.976212,40.701166],[-105.976533,40.702093],[-105.977085,40.702648],[-105.979417,40.70328],[-105.980521,40.703842],[-105.981361,40.704832],[-105.981577,40.705896],[-105.982448,40.706692],[-105.983445,40.707069],[-105.984472,40.70705],[-105.986021,40.707627],[-105.987592,40.708623],[-105.988739,40.709605],[-105.989081,40.71033],[-105.989032,40.711209],[-105.989763,40.713982],[-105.989576,40.714975],[-105.989581,40.716145],[-105.990077,40.718313],[-105.989772,40.719016],[-105.988391,40.720705],[-105.988076,40.721198],[-105.988079,40.721368],[-105.988501,40.721736],[-105.988592,40.722605],[-105.988833,40.723063],[-105.989284,40.72352],[-105.990518,40.724275],[-105.990939,40.724801],[-105.99097,40.726036],[-105.99055,40.726677],[-105.99058,40.72718],[-105.990881,40.727546],[-105.991363,40.727889],[-105.991513,40.728324],[-105.991965,40.728919],[-105.993289,40.729902],[-105.994433,40.731114],[-105.994494,40.731755],[-105.994825,40.732143],[-105.995427,40.732463],[-105.99627,40.733126],[-105.997624,40.733835],[-105.998677,40.734223],[-106.000569,40.734337],[-106.004026,40.736794],[-106.00431,40.736889],[-106.004941,40.737281],[-106.006008,40.737619],[-106.006379,40.738291],[-106.006459,40.73863],[-106.006627,40.738737],[-106.007358,40.738871],[-106.008526,40.740178],[-106.009535,40.740162],[-106.009796,40.740422],[-106.010208,40.740562],[-106.010544,40.740798],[-106.0107,40.741041],[-106.010674,40.741299],[-106.01051,40.741636],[-106.01036,40.742401],[-106.010516,40.742595],[-106.010844,40.742687],[-106.011747,40.743338],[-106.012213,40.743406],[-106.012146,40.743607],[-106.012215,40.743946],[-106.01269,40.74549],[-106.012816,40.745612],[-106.013408,40.745737],[-106.013978,40.746644],[-106.014369,40.748106],[-106.014351,40.748606],[-106.014638,40.749358],[-106.015426,40.750312],[-106.015447,40.750603],[-106.015086,40.750958],[-106.014831,40.751378],[-106.015266,40.752816],[-106.015957,40.753123],[-106.017231,40.753349],[-106.018325,40.753704],[-106.018888,40.754003],[-106.019631,40.754084],[-106.022255,40.754689],[-106.02234,40.755173],[-106.021915,40.756062],[-106.020651,40.757201],[-106.020673,40.758429],[-106.021225,40.75855],[-106.021798,40.759075],[-106.023254,40.760844],[-106.02388,40.761328],[-106.023966,40.761781],[-106.023668,40.761878],[-106.02335,40.763534],[-106.023499,40.764349],[-106.024423,40.765504],[-106.024221,40.765989],[-106.024338,40.766296],[-106.02523,40.766797],[-106.025921,40.767516],[-106.026388,40.767669],[-106.026622,40.767952],[-106.026643,40.768315],[-106.025762,40.769252],[-106.025433,40.769939],[-106.024488,40.771264],[-106.024721,40.771538],[-106.025316,40.771902],[-106.026325,40.772168],[-106.026835,40.772507],[-106.028673,40.772919],[-106.029247,40.773436],[-106.029502,40.774098],[-106.029566,40.775068],[-106.029365,40.77573],[-106.028855,40.776578],[-106.028908,40.777515],[-106.029567,40.777903],[-106.030778,40.777612],[-106.031033,40.77787],[-106.030375,40.779106],[-106.030258,40.780173],[-106.029982,40.780722],[-106.029525,40.781174],[-106.029685,40.781562],[-106.030556,40.781893],[-106.031236,40.782281],[-106.031332,40.783072],[-106.03197,40.783767],[-106.034063,40.784913],[-106.034573,40.785285],[-106.035211,40.785551],[-106.036794,40.785389],[-106.037485,40.785664],[-106.038876,40.785785],[-106.039652,40.78576],[-106.040067,40.786237],[-106.041258,40.788434],[-106.042235,40.789168],[-106.04281,40.79013],[-106.043001,40.790283],[-106.043586,40.790485],[-106.044308,40.790581],[-106.045371,40.791857],[-106.045393,40.792843],[-106.045648,40.793602],[-106.04601,40.794289],[-106.046053,40.795541],[-106.045979,40.796373],[-106.045778,40.796809],[-106.044896,40.797682],[-106.045024,40.798263],[-106.046694,40.800791],[-106.046853,40.801582],[-106.046609,40.801986],[-106.046471,40.802447],[-106.046737,40.80302],[-106.047971,40.804643],[-106.048651,40.805079],[-106.049587,40.805507],[-106.051659,40.805434],[-106.05235,40.805862],[-106.052308,40.806257],[-106.051671,40.80713],[-106.051395,40.808269],[-106.051502,40.809141],[-106.052076,40.809812],[-106.052746,40.81024],[-106.053288,40.810417],[-106.053384,40.810724],[-106.053289,40.811023],[-106.053342,40.811403],[-106.053661,40.811685],[-106.05363,40.812315],[-106.053779,40.812662],[-106.05414,40.812888],[-106.054566,40.813325],[-106.055097,40.813631],[-106.056362,40.81351],[-106.056798,40.8138],[-106.056947,40.814131],[-106.057798,40.814438],[-106.057936,40.814809],[-106.057672,40.8167],[-106.057715,40.81712],[-106.059778,40.818024],[-106.060661,40.818597],[-106.061076,40.819105],[-106.062533,40.819509],[-106.063767,40.820421],[-106.064256,40.82122],[-106.064831,40.821567],[-106.065692,40.821518],[-106.066532,40.821736],[-106.067404,40.821792],[-106.068435,40.822196],[-106.069668,40.822106],[-106.071316,40.822331],[-106.072902,40.824083],[-106.073125,40.824633],[-106.075306,40.825609],[-106.075742,40.826142],[-106.076158,40.827111],[-106.076392,40.827925],[-106.076871,40.82841],[-106.077509,40.828409],[-106.077828,40.828498],[-106.078467,40.829314],[-106.079584,40.830242],[-106.080861,40.830903],[-106.081892,40.831169],[-106.082467,40.831242],[-106.083221,40.831177],[-106.083977,40.831483],[-106.084913,40.832169],[-106.086285,40.83262],[-106.087914,40.833403],[-106.088447,40.83455],[-106.08833,40.835785],[-106.088596,40.836133],[-106.090502,40.837181],[-106.091077,40.837884],[-106.091461,40.838707],[-106.092494,40.839781],[-106.092377,40.840322],[-106.092452,40.840702],[-106.092686,40.840839],[-106.093984,40.841032],[-106.095537,40.841645],[-106.096122,40.841588],[-106.09878,40.841699],[-106.099696,40.842094],[-106.100132,40.842796],[-106.101261,40.843563],[-106.100847,40.844048],[-106.10056,40.844742],[-106.100138,40.84698],[-106.098991,40.848047],[-106.098545,40.848847],[-106.098515,40.849736],[-106.099259,40.850083],[-106.10026,40.851092],[-106.100824,40.851333],[-106.102442,40.852334],[-106.103261,40.852228],[-106.104229,40.851985],[-106.107494,40.852079],[-106.108132,40.852232],[-106.108069,40.852507],[-106.10774,40.853024],[-106.106284,40.854075],[-106.105637,40.85536],[-106.104897,40.857946],[-106.104281,40.859263],[-106.104357,40.859788],[-106.104698,40.860329],[-106.105092,40.860514],[-106.1064,40.86078],[-106.107763,40.861368],[-106.107902,40.86203],[-106.107753,40.862305],[-106.107967,40.862911],[-106.108404,40.863258],[-106.109893,40.863491],[-106.113192,40.864279],[-106.114118,40.864933],[-106.11464,40.865013],[-106.115087,40.865295],[-106.115386,40.865812],[-106.115759,40.866135],[-106.11628,40.866263],[-106.116536,40.866441],[-106.117855,40.866359],[-106.118971,40.865776],[-106.119397,40.866067],[-106.120015,40.867124],[-106.120803,40.867632],[-106.122549,40.867364],[-106.123176,40.867501],[-106.124263,40.868251],[-106.124647,40.868808],[-106.125573,40.869047],[-106.125988,40.869281],[-106.126893,40.869556],[-106.127329,40.870364],[-106.12735,40.871179],[-106.127691,40.871785],[-106.130671,40.873868],[-106.130915,40.874748],[-106.131325,40.874976],[-106.131694,40.875697],[-106.13216,40.876093],[-106.132425,40.876553],[-106.132222,40.876803],[-106.131872,40.876948],[-106.131245,40.877367],[-106.130713,40.877576],[-106.12998,40.878213],[-106.129606,40.879164],[-106.129223,40.879567],[-106.128967,40.880011],[-106.128251,40.882002],[-106.12778,40.883753],[-106.127618,40.88489],[-106.128164,40.887021],[-106.128694,40.887441],[-106.129043,40.887942],[-106.12919,40.888498],[-106.128987,40.889281],[-106.130109,40.890629],[-106.130224,40.891073],[-106.130563,40.891509],[-106.130573,40.891889],[-106.13143,40.892865],[-106.131216,40.893655],[-106.130918,40.894212],[-106.130734,40.895494],[-106.131251,40.896608],[-106.131622,40.896972],[-106.132672,40.897562],[-106.133191,40.898168],[-106.134102,40.898709],[-106.135344,40.898953],[-106.136225,40.899228],[-106.136701,40.899584],[-106.136913,40.900011],[-106.137018,40.90052],[-106.136569,40.90156],[-106.136622,40.901859],[-106.136908,40.902028],[-106.137481,40.902215],[-106.139286,40.902402],[-106.140336,40.902831],[-106.141777,40.903962],[-106.144069,40.9049],[-106.147053,40.904524],[-106.147881,40.904638],[-106.148294,40.904873],[-106.148761,40.905277],[-106.149068,40.905729],[-106.149513,40.906116],[-106.150096,40.906432],[-106.15069,40.906715],[-106.151412,40.906804],[-106.152198,40.906789],[-106.152484,40.907007],[-106.153353,40.907984],[-106.154116,40.909106],[-106.154593,40.909421],[-106.155931,40.909673],[-106.157235,40.910263],[-106.157989,40.910417],[-106.158551,40.910619],[-106.15942,40.911919],[-106.159577,40.912766],[-106.159332,40.913355],[-106.158949,40.913839],[-106.158905,40.914266],[-106.159202,40.914726],[-106.16004,40.914945],[-106.161166,40.915107],[-106.161844,40.915632],[-106.162119,40.916117],[-106.163044,40.916727],[-106.166356,40.917683],[-106.16817,40.918398],[-106.169051,40.919207],[-106.169487,40.920047],[-106.169485,40.920315],[-106.169001,40.92173],[-106.16899,40.922158],[-106.169084,40.922868],[-106.169433,40.923513],[-106.170028,40.923804],[-106.171737,40.92412],[-106.173435,40.924783],[-106.174601,40.926245],[-106.175893,40.928254],[-106.177234,40.929481],[-106.178728,40.930257],[-106.178913,40.930431],[-106.178989,40.930765],[-106.179945,40.931521],[-106.180732,40.931679],[-106.181624,40.932018],[-106.184022,40.933472],[-106.185307,40.933973],[-106.185833,40.934814],[-106.18617,40.936727],[-106.186668,40.93681],[-106.187599,40.937745],[-106.187157,40.93934],[-106.187241,40.940139],[-106.187166,40.940825],[-106.187557,40.941793],[-106.188077,40.942519],[-106.188309,40.943326],[-106.188382,40.944061],[-106.189124,40.945223],[-106.189293,40.945893],[-106.189047,40.94707],[-106.188386,40.948433],[-106.18797,40.949651],[-106.187651,40.950166],[-106.18665,40.951013],[-106.185629,40.952248],[-106.184978,40.953167],[-106.184562,40.953941],[-106.184359,40.954603],[-106.184226,40.955207],[-106.18449,40.955621],[-106.184884,40.956116],[-106.186023,40.956756],[-106.186829,40.957425],[-106.187266,40.958105],[-106.187391,40.95872],[-106.187169,40.959388],[-106.186838,40.959888],[-106.186359,40.960242],[-106.185763,40.960476],[-106.185253,40.961032],[-106.18529,40.961454],[-106.185527,40.961936],[-106.185421,40.962315],[-106.184898,40.963315],[-106.184844,40.963831],[-106.185673,40.964187],[-106.186884,40.964277],[-106.187447,40.964551],[-106.187701,40.964906],[-106.186751,40.968052],[-106.186824,40.968827],[-106.186664,40.969158],[-106.186737,40.970214],[-106.187097,40.971167],[-106.18785,40.971708],[-106.189136,40.972265],[-106.189422,40.972516],[-106.18973,40.973089],[-106.190206,40.974541],[-106.190405,40.976098],[-106.190041,40.977905],[-106.19004,40.97864],[-106.190464,40.979898],[-106.191025,40.981077],[-106.191534,40.981964],[-106.192065,40.982255],[-106.192267,40.982562],[-106.192139,40.982836],[-106.190777,40.983634],[-106.190628,40.983908],[-106.190553,40.984255],[-106.191124,40.98603],[-106.191496,40.986337],[-106.191974,40.986507],[-106.193409,40.986758],[-106.194366,40.986783],[-106.19494,40.986936],[-106.195333,40.987558],[-106.195438,40.988195]]]}},{"type":"Feature","properties":{"d":16,"label":[-105.02876,39.58722],"area":47.6},"geometry":{"type":"Polygon","coordinates":[[[-105.157331,39.598047],[-105.156097,39.599733],[-105.156317,39.600319],[-105.155929,39.600512],[-105.155212,39.60117],[-105.154992,39.60128],[-105.154495,39.601291],[-105.153117,39.601675],[-105.152939,39.601692],[-105.152755,39.601587],[-105.152457,39.601565],[-105.152152,39.601131],[-105.151704,39.601027],[-105.151449,39.600807],[-105.151506,39.600181],[-105.150874,39.599532],[-105.150612,39.598868],[-105.150626,39.598708],[-105.15091,39.598659],[-105.150904,39.59817],[-105.150755,39.598016],[-105.150421,39.597972],[-105.14996,39.597406],[-105.149705,39.596582],[-105.149264,39.596264],[-105.149236,39.595918],[-105.148811,39.594857],[-105.148612,39.594588],[-105.148165,39.594297],[-105.148066,39.593736],[-105.147789,39.593473],[-105.147825,39.592896],[-105.146648,39.591011],[-105.146563,39.590698],[-105.145874,39.590055],[-105.145953,39.589753],[-105.145243,39.589775],[-105.144263,39.589385],[-105.143284,39.589544],[-105.142524,39.589516],[-105.1418,39.589642],[-105.141296,39.589351],[-105.140927,39.589334],[-105.140103,39.589691],[-105.139741,39.589987],[-105.138889,39.589921],[-105.137776,39.589545],[-105.137385,39.589084],[-105.137211,39.589141],[-105.135588,39.589156],[-105.134516,39.589436],[-105.133344,39.589891],[-105.132975,39.589869],[-105.132698,39.58999],[-105.131974,39.590017],[-105.131456,39.590258],[-105.130689,39.590307],[-105.129396,39.590762],[-105.129027,39.59063],[-105.128402,39.590855],[-105.127647,39.590743],[-105.126784,39.590991],[-105.126178,39.591404],[-105.126073,39.591645],[-105.125768,39.591815],[-105.125725,39.59204],[-105.12559,39.59215],[-105.125254,39.592189],[-105.12475,39.592376],[-105.124132,39.592277],[-105.123152,39.592245],[-105.122684,39.592322],[-105.121123,39.593151],[-105.120342,39.593394],[-105.11976,39.593779],[-105.119164,39.593878],[-105.118816,39.593867],[-105.118603,39.593746],[-105.116998,39.593599],[-105.116402,39.593709],[-105.116168,39.593863],[-105.115727,39.593896],[-105.115117,39.593633],[-105.114889,39.593633],[-105.114406,39.593353],[-105.114059,39.593369],[-105.113555,39.593545],[-105.112589,39.59337],[-105.11217,39.593425],[-105.111765,39.593294],[-105.11129,39.593266],[-105.110821,39.593124],[-105.110601,39.593168],[-105.110172,39.593044],[-105.109975,39.609734],[-105.098645,39.609777],[-105.091426,39.609694],[-105.091401,39.614332],[-105.058125,39.614409],[-105.058193,39.617366],[-105.05712,39.619368],[-105.056489,39.619918],[-105.057386,39.620492],[-105.05724,39.620914],[-105.056273,39.621104],[-105.055349,39.621054],[-105.054338,39.620824],[-105.053516,39.620864],[-105.053483,39.624253],[-105.055809,39.624244],[-105.05578,39.625998],[-105.05344,39.627714],[-105.053457,39.629526],[-105.055505,39.630699],[-105.057009,39.631679],[-105.059297,39.634333],[-105.059457,39.634662],[-105.059541,39.635375],[-105.058996,39.638177],[-105.059138,39.638243],[-105.059045,39.63876],[-105.053342,39.63877],[-105.05338,39.635341],[-105.053294,39.634902],[-105.05341,39.631504],[-105.044139,39.631456],[-105.044161,39.628039],[-105.043524,39.627885],[-105.042807,39.627579],[-105.042301,39.628036],[-105.041744,39.627672],[-105.041356,39.628026],[-105.040936,39.627749],[-105.040654,39.628009],[-105.040279,39.627758],[-105.040062,39.628061],[-105.039559,39.627851],[-105.038005,39.626836],[-105.036802,39.628129],[-105.035962,39.627851],[-105.034822,39.627809],[-105.034955,39.624161],[-105.023112,39.624127],[-105.02311,39.627736],[-105.016065,39.627734],[-105.016096,39.625755],[-105.014053,39.625739],[-105.014037,39.629072],[-105.013821,39.629394],[-105.009437,39.629082],[-105.006685,39.629067],[-105.006761,39.620517],[-104.999761,39.62049],[-104.999826,39.621642],[-105.000779,39.622945],[-105.000912,39.62336],[-105.000965,39.624106],[-104.994987,39.624038],[-104.995003,39.622235],[-104.993833,39.62223],[-104.993628,39.621918],[-104.992642,39.621724],[-104.992643,39.621155],[-104.992535,39.620951],[-104.992071,39.620789],[-104.991403,39.620752],[-104.990051,39.620427],[-104.990049,39.619848],[-104.988019,39.619847],[-104.988028,39.616835],[-104.978655,39.616839],[-104.978697,39.613196],[-104.980426,39.613192],[-104.978849,39.611578],[-104.978718,39.611576],[-104.97872,39.611418],[-104.979879,39.611415],[-104.97986,39.609604],[-104.964667,39.60969],[-104.964694,39.607403],[-104.963655,39.607361],[-104.96265,39.606886],[-104.962365,39.606603],[-104.962363,39.606084],[-104.960037,39.606109],[-104.960029,39.607188],[-104.958235,39.607167],[-104.957716,39.607271],[-104.95736,39.607426],[-104.956659,39.608035],[-104.956347,39.608473],[-104.956191,39.608958],[-104.956178,39.609697],[-104.92285,39.609582],[-104.922853,39.607118],[-104.919722,39.607122],[-104.9194,39.609572],[-104.904105,39.60956],[-104.904223,39.576898],[-104.904318,39.57328],[-104.904263,39.569664],[-104.904399,39.566038],[-104.904415,39.565982],[-104.922744,39.566066],[-104.941705,39.566025],[-104.960972,39.566155],[-104.971802,39.566064],[-105.035561,39.566193],[-105.040285,39.56619],[-105.040988,39.56609],[-105.04874,39.566088],[-105.051366,39.563257],[-105.054272,39.562997],[-105.057252,39.562306],[-105.058257,39.560379],[-105.060714,39.559941],[-105.06064,39.557888],[-105.06113,39.556906],[-105.063798,39.555239],[-105.06427,39.55531],[-105.064312,39.555254],[-105.063884,39.554743],[-105.06424,39.554188],[-105.065672,39.553346],[-105.066735,39.550499],[-105.070308,39.547896],[-105.071385,39.546429],[-105.073045,39.545265],[-105.079364,39.545979],[-105.08125,39.545845],[-105.082548,39.545922],[-105.083307,39.545818],[-105.083812,39.545671],[-105.085559,39.54575],[-105.086226,39.545629],[-105.087674,39.546101],[-105.088398,39.546216],[-105.088696,39.546333],[-105.093461,39.536298],[-105.094295,39.536455],[-105.094393,39.53627],[-105.11101,39.536173],[-105.111007,39.547146],[-105.10689,39.547159],[-105.107796,39.547825],[-105.109414,39.548484],[-105.110323,39.549016],[-105.11094,39.549263],[-105.111302,39.549559],[-105.111785,39.549806],[-105.112381,39.550427],[-105.113801,39.551388],[-105.115909,39.552518],[-105.116612,39.552705],[-105.117464,39.553138],[-105.118443,39.553033],[-105.12033,39.553395],[-105.120713,39.553362],[-105.121763,39.552828],[-105.122288,39.553021],[-105.122672,39.552998],[-105.122728,39.55285],[-105.122586,39.552614],[-105.122685,39.552504],[-105.12309,39.552575],[-105.12353,39.55252],[-105.123764,39.552624],[-105.124112,39.552498],[-105.124098,39.552658],[-105.124684,39.55235],[-105.125166,39.552205],[-105.126945,39.552073],[-105.12872,39.551755],[-105.129576,39.551432],[-105.130698,39.550753],[-105.133792,39.552663],[-105.141107,39.563067],[-105.141862,39.564312],[-105.143909,39.567049],[-105.145037,39.570156],[-105.14527,39.575931],[-105.146863,39.579214],[-105.148099,39.580189],[-105.152463,39.58566],[-105.152531,39.586533],[-105.155686,39.591065],[-105.156424,39.593583],[-105.156156,39.594254],[-105.155753,39.594757],[-105.156424,39.59704],[-105.157331,39.598047]]]}},{"type":"Feature","properties":{"d":17,"label":[-105.05601,40.06773],"area":107.4},"geometry":{"type":"Polygon","coordinates":[[[-105.178564,40.130792],[-105.178418,40.131053],[-105.178254,40.166947],[-105.173567,40.166936],[-105.173533,40.170906],[-105.16873,40.168541],[-105.166797,40.170928],[-105.163717,40.169854],[-105.159811,40.167165],[-105.159349,40.167056],[-105.154591,40.16706],[-105.154865,40.184202],[-105.15618,40.184199],[-105.158141,40.185033],[-105.158462,40.185243],[-105.158463,40.187546],[-105.154841,40.187706],[-105.154837,40.188654],[-105.155521,40.188659],[-105.155533,40.190207],[-105.154607,40.189884],[-105.152773,40.189961],[-105.152618,40.190208],[-105.152029,40.190484],[-105.149647,40.190284],[-105.148423,40.190294],[-105.146955,40.190634],[-105.145546,40.191096],[-105.145475,40.191658],[-105.144675,40.191857],[-105.141731,40.19152],[-105.139563,40.191599],[-105.138824,40.192343],[-105.139036,40.192817],[-105.13966,40.19287],[-105.140448,40.193102],[-105.143003,40.19345],[-105.142755,40.194167],[-105.143953,40.19559],[-105.14438,40.195922],[-105.145211,40.196373],[-105.146142,40.196698],[-105.147095,40.196888],[-105.14794,40.19688],[-105.148303,40.197085],[-105.148969,40.197111],[-105.149971,40.197841],[-105.14997,40.203301],[-105.131104,40.203252],[-105.131103,40.206855],[-105.126315,40.206824],[-105.126321,40.203212],[-105.12155,40.203195],[-105.121374,40.210419],[-105.115509,40.210412],[-105.115598,40.203183],[-105.107742,40.203185],[-105.105432,40.203293],[-105.101887,40.203275],[-105.101886,40.204206],[-105.10251,40.204217],[-105.102368,40.210403],[-105.097796,40.210383],[-105.097814,40.206798],[-105.093192,40.206779],[-105.093194,40.2064],[-105.093038,40.2064],[-105.093061,40.203167],[-105.074161,40.203296],[-105.060459,40.203589],[-105.060427,40.202613],[-105.060194,40.202156],[-105.05996,40.202159],[-105.059943,40.194869],[-105.059335,40.194871],[-105.059327,40.193092],[-105.059935,40.193098],[-105.059928,40.191534],[-105.057661,40.191045],[-105.055201,40.191146],[-105.055214,40.189149],[-105.04813,40.189197],[-105.048954,40.189592],[-105.0504,40.190559],[-105.052036,40.191025],[-105.052148,40.1911],[-105.052396,40.191604],[-105.052041,40.191955],[-105.051321,40.193724],[-105.050126,40.194017],[-105.049958,40.194617],[-105.050629,40.195505],[-105.050907,40.195783],[-105.051177,40.195886],[-105.05147,40.19613],[-105.051642,40.196431],[-105.03658,40.196558],[-105.036564,40.190157],[-105.036375,40.190119],[-105.036354,40.189597],[-105.03623,40.189409],[-105.035973,40.189307],[-105.035665,40.189289],[-105.027948,40.189344],[-105.02686,40.189353],[-105.026861,40.196672],[-105.017503,40.196692],[-105.017473,40.183631],[-105.017662,40.182614],[-105.017606,40.176474],[-105.017947,40.175375],[-105.018288,40.17483],[-105.026916,40.1748],[-105.026917,40.174705],[-105.027035,40.174705],[-105.027037,40.174423],[-105.027452,40.174181],[-105.028364,40.174009],[-105.028847,40.174017],[-105.029205,40.174153],[-105.029351,40.174392],[-105.029233,40.174713],[-105.030346,40.174705],[-105.032183,40.171833],[-105.036452,40.170573],[-105.036736,40.160304],[-105.023405,40.160718],[-105.021648,40.16067],[-105.018183,40.160322],[-105.015228,40.160184],[-105.008044,40.160318],[-105.008097,40.156966],[-104.99869,40.157071],[-104.998721,40.154311],[-105.000307,40.154256],[-105.000308,40.153482],[-105.017585,40.153435],[-105.017625,40.14594],[-105.022305,40.145877],[-105.022316,40.146875],[-105.031888,40.146884],[-105.031902,40.145316],[-105.036516,40.145364],[-105.031901,40.142541],[-105.031901,40.142716],[-105.031182,40.142277],[-105.029502,40.142268],[-105.029516,40.138697],[-105.040041,40.138648],[-105.040031,40.139155],[-105.040566,40.139397],[-105.041361,40.139353],[-105.041365,40.138626],[-105.046098,40.138518],[-105.046092,40.139612],[-105.047376,40.139586],[-105.047336,40.13849],[-105.055393,40.138263],[-105.055363,40.124941],[-105.055482,40.10229],[-105.055432,40.087832],[-105.055411,40.087697],[-105.046384,40.087794],[-105.046322,40.094976],[-105.050878,40.094871],[-105.049032,40.098054],[-105.048739,40.098019],[-105.048451,40.098078],[-105.04822,40.098221],[-105.048077,40.098453],[-105.048113,40.098773],[-105.048366,40.099017],[-105.048991,40.099043],[-105.047582,40.101473],[-105.048288,40.101457],[-105.047964,40.102009],[-105.047973,40.102146],[-105.041571,40.102295],[-105.04162,40.095084],[-105.044964,40.095007],[-105.04502,40.087812],[-105.040307,40.087822],[-105.036665,40.087977],[-105.032555,40.087859],[-105.032371,40.087994],[-105.032265,40.08799],[-105.032273,40.087697],[-105.026597,40.087534],[-105.026528,40.087392],[-105.025007,40.087302],[-105.024741,40.087073],[-105.024585,40.086752],[-105.024613,40.08652],[-105.025171,40.086024],[-105.025308,40.086014],[-105.025474,40.08565],[-105.025501,40.085229],[-105.025248,40.084825],[-105.024858,40.084521],[-105.024258,40.084283],[-105.022482,40.083928],[-105.021437,40.083845],[-105.021002,40.083926],[-105.020832,40.084033],[-105.018494,40.08709],[-105.018381,40.087088],[-105.018222,40.087292],[-105.017724,40.087282],[-105.017738,40.087674],[-105.017665,40.087674],[-105.017669,40.08746],[-105.016511,40.087444],[-104.999642,40.087622],[-104.998917,40.087695],[-104.998915,40.087852],[-104.998824,40.087854],[-104.998619,40.087701],[-104.994665,40.087742],[-104.994693,40.084069],[-104.998811,40.084057],[-104.998848,40.073106],[-104.994174,40.073104],[-104.994161,40.080342],[-104.980837,40.080317],[-104.980817,40.058342],[-104.999104,40.058335],[-104.999084,40.044001],[-104.980289,40.044029],[-104.98029,40.043908],[-104.979318,40.043901],[-104.979358,40.044029],[-104.978523,40.044026],[-104.978526,40.043888],[-104.979242,40.043758],[-104.979905,40.042111],[-104.979927,40.040313],[-104.980041,40.040316],[-104.980063,40.029325],[-104.9865,40.029309],[-104.986543,40.025799],[-104.999007,40.025776],[-104.999005,40.023509],[-104.996742,40.023509],[-104.996784,40.02082],[-104.99803,40.020813],[-104.998592,40.020938],[-104.999015,40.020938],[-104.999013,40.020627],[-104.996038,40.020556],[-104.995792,40.020361],[-104.996313,40.019196],[-104.996905,40.018492],[-104.99751,40.018096],[-104.998111,40.016984],[-104.99907,40.016131],[-104.999065,40.014887],[-104.989614,40.01489],[-104.989647,40.007679],[-105.007995,40.007581],[-105.007906,40.000483],[-105.046232,40.000466],[-105.046237,40.000265],[-105.052823,40.00026],[-105.052797,39.977674],[-105.058553,39.97526],[-105.058473,39.974345],[-105.057709,39.974669],[-105.057747,39.968636],[-105.054202,39.96587],[-105.052828,39.965892],[-105.052889,39.957826],[-105.058207,39.957894],[-105.058195,39.958716],[-105.059328,39.958708],[-105.059332,39.957763],[-105.071663,39.957786],[-105.07168,39.957936],[-105.071937,39.957938],[-105.071916,39.957785],[-105.072007,39.957785],[-105.071899,39.950198],[-105.074604,39.95052],[-105.076568,39.950538],[-105.076637,39.943329],[-105.091072,39.943281],[-105.091098,39.941424],[-105.090938,39.941421],[-105.090976,39.939248],[-105.090813,39.939249],[-105.090853,39.936051],[-105.100014,39.936047],[-105.109236,39.936135],[-105.109235,39.935408],[-105.112296,39.933447],[-105.112856,39.932965],[-105.113296,39.932278],[-105.11345,39.931514],[-105.113288,39.930738],[-105.111873,39.92805],[-105.11106,39.927191],[-105.109404,39.926195],[-105.109414,39.925475],[-105.11184,39.927081],[-105.113762,39.928615],[-105.114484,39.930126],[-105.118657,39.932965],[-105.118774,39.933796],[-105.118713,39.934159],[-105.118257,39.935007],[-105.118619,39.935681],[-105.118562,39.943323],[-105.109353,39.943336],[-105.109333,39.95064],[-105.114428,39.95053],[-105.120514,39.950527],[-105.120837,39.951293],[-105.121017,39.951193],[-105.121437,39.952305],[-105.121258,39.952389],[-105.121943,39.95416],[-105.128002,39.954173],[-105.128016,39.951678],[-105.12804,39.951778],[-105.128053,39.957811],[-105.115275,39.957842],[-105.115264,39.960323],[-105.114559,39.960327],[-105.114586,39.957847],[-105.108149,39.957902],[-105.108138,39.958466],[-105.107874,39.958467],[-105.107892,39.959308],[-105.109372,39.959283],[-105.109358,39.970823],[-105.109232,39.973353],[-105.109239,39.976097],[-105.113379,39.976082],[-105.113253,39.975701],[-105.113561,39.975535],[-105.114348,39.975446],[-105.117188,39.974198],[-105.118606,39.973678],[-105.118608,39.972871],[-105.121395,39.972841],[-105.122891,39.9727],[-105.124181,39.972733],[-105.124843,39.972844],[-105.125789,39.97318],[-105.126583,39.973695],[-105.127141,39.974308],[-105.127475,39.974988],[-105.127663,39.97603],[-105.127645,39.977081],[-105.127446,39.977279],[-105.121335,39.978371],[-105.120653,39.978378],[-105.119976,39.978169],[-105.12022,39.981076],[-105.121898,39.98099],[-105.122529,39.980733],[-105.123232,39.980325],[-105.123579,39.980661],[-105.125567,39.979467],[-105.125344,39.979248],[-105.127098,39.978155],[-105.12766,39.97808],[-105.127693,39.980755],[-105.12688,39.980644],[-105.125957,39.980747],[-105.125079,39.980641],[-105.123934,39.980632],[-105.123938,39.980984],[-105.123703,39.981265],[-105.123576,39.981605],[-105.123568,39.982634],[-105.123846,39.982958],[-105.124215,39.983148],[-105.126834,39.98313],[-105.12685,39.983645],[-105.127831,39.983645],[-105.127839,39.986692],[-105.118575,39.986778],[-105.118597,39.983296],[-105.117412,39.983313],[-105.117379,39.987008],[-105.118639,39.987005],[-105.118657,39.990119],[-105.118562,39.990574],[-105.118546,39.992391],[-105.12234,39.992366],[-105.122322,39.993786],[-105.122613,39.993868],[-105.122813,39.994145],[-105.137353,39.994162],[-105.140531,39.998129],[-105.141297,39.997737],[-105.142262,39.996514],[-105.14426,39.99492],[-105.144304,39.994783],[-105.145431,39.99479],[-105.145959,39.994557],[-105.14644,39.99416],[-105.14678,39.994163],[-105.146779,39.994001],[-105.152729,39.993971],[-105.152733,39.996186],[-105.157268,39.996172],[-105.156837,40.00013],[-105.153568,40.000124],[-105.15302,40.000557],[-105.152682,40.000624],[-105.152192,40.000565],[-105.151773,40.000412],[-105.151703,40.0002],[-105.140593,40.000225],[-105.140603,40.000815],[-105.140752,40.001129],[-105.141792,40.001983],[-105.141501,40.002385],[-105.141511,40.003777],[-105.140488,40.003772],[-105.140527,40.007408],[-105.131223,40.007401],[-105.131234,40.012073],[-105.135804,40.012037],[-105.135826,40.018331],[-105.131057,40.018328],[-105.130994,40.030373],[-105.131159,40.040132],[-105.131238,40.071569],[-105.131562,40.092671],[-105.131369,40.106639],[-105.131188,40.113109],[-105.131009,40.116218],[-105.131048,40.127121],[-105.130957,40.134073],[-105.138713,40.134055],[-105.140286,40.131419],[-105.141452,40.129943],[-105.145633,40.12596],[-105.145617,40.128848],[-105.146499,40.128626],[-105.146958,40.128159],[-105.147437,40.127851],[-105.147895,40.127758],[-105.148618,40.127769],[-105.149069,40.127687],[-105.150109,40.126972],[-105.1552,40.12692],[-105.155536,40.126953],[-105.15577,40.127395],[-105.156504,40.127708],[-105.156794,40.127755],[-105.157883,40.127646],[-105.158717,40.127753],[-105.159285,40.127733],[-105.1594,40.128014],[-105.159314,40.128333],[-105.159428,40.128789],[-105.159557,40.128915],[-105.159922,40.128943],[-105.160473,40.128778],[-105.162699,40.127642],[-105.162921,40.12746],[-105.164795,40.126807],[-105.166584,40.126327],[-105.166565,40.126852],[-105.166698,40.126987],[-105.168785,40.126998],[-105.168982,40.12714],[-105.168938,40.130657],[-105.17838,40.130678],[-105.178564,40.130792]]]}},{"type":"Feature","properties":{"d":18,"label":[-105.21841,40.01538],"area":82.3},"geometry":{"type":"Polygon","coordinates":[[[-105.30145,40.012805],[-105.30125,40.013628],[-105.301008,40.013771],[-105.300948,40.022482],[-105.300141,40.021623],[-105.296545,40.021705],[-105.296479,40.022121],[-105.296238,40.022148],[-105.296238,40.025351],[-105.293623,40.025413],[-105.293625,40.026948],[-105.293198,40.026958],[-105.293198,40.027162],[-105.293625,40.027162],[-105.293624,40.027362],[-105.292668,40.027359],[-105.292655,40.027976],[-105.29325,40.027969],[-105.293242,40.028905],[-105.292681,40.028907],[-105.292671,40.029249],[-105.292769,40.029252],[-105.29277,40.029319],[-105.293644,40.029317],[-105.293647,40.029654],[-105.293213,40.029702],[-105.293251,40.030203],[-105.292685,40.030201],[-105.29268,40.030485],[-105.293654,40.030478],[-105.293659,40.031034],[-105.293218,40.031034],[-105.293206,40.031543],[-105.293663,40.031544],[-105.293664,40.031672],[-105.293302,40.031673],[-105.293302,40.03195],[-105.293662,40.03195],[-105.293671,40.032782],[-105.292702,40.032781],[-105.292699,40.032942],[-105.29373,40.032944],[-105.293727,40.033615],[-105.293001,40.033615],[-105.292832,40.033919],[-105.292881,40.034035],[-105.293061,40.034131],[-105.293374,40.034125],[-105.293655,40.034714],[-105.293454,40.035062],[-105.292745,40.034988],[-105.292643,40.035109],[-105.29268,40.035248],[-105.29257,40.035427],[-105.292648,40.035759],[-105.29304,40.036345],[-105.291614,40.036332],[-105.291615,40.036874],[-105.293248,40.036874],[-105.293253,40.037303],[-105.292769,40.037307],[-105.292914,40.037652],[-105.292156,40.037651],[-105.292156,40.037841],[-105.292914,40.037845],[-105.292947,40.037927],[-105.292716,40.038613],[-105.292379,40.039016],[-105.292345,40.039183],[-105.293469,40.039198],[-105.293462,40.040101],[-105.293626,40.040108],[-105.293628,40.040876],[-105.294804,40.041175],[-105.2953,40.041631],[-105.295044,40.041686],[-105.294968,40.042324],[-105.295302,40.042733],[-105.294734,40.04273],[-105.293981,40.043132],[-105.294024,40.043221],[-105.293658,40.043652],[-105.294104,40.044857],[-105.294197,40.045878],[-105.29411,40.046313],[-105.294211,40.046573],[-105.294429,40.046785],[-105.29442,40.047164],[-105.294934,40.047144],[-105.295614,40.046983],[-105.295546,40.047285],[-105.301124,40.047282],[-105.301158,40.05383],[-105.300481,40.053839],[-105.300467,40.054347],[-105.300475,40.054605],[-105.300962,40.055268],[-105.301168,40.055169],[-105.301152,40.057744],[-105.300411,40.057749],[-105.300092,40.058107],[-105.299616,40.059664],[-105.299968,40.059665],[-105.299721,40.060251],[-105.299227,40.06112],[-105.298819,40.061365],[-105.298524,40.061681],[-105.298194,40.062371],[-105.297717,40.062858],[-105.297293,40.062925],[-105.297087,40.062823],[-105.296525,40.062901],[-105.296534,40.063526],[-105.29733,40.063628],[-105.298198,40.065345],[-105.298736,40.067884],[-105.298501,40.072195],[-105.298358,40.079946],[-105.2822,40.080015],[-105.282101,40.076661],[-105.278243,40.076656],[-105.278362,40.076531],[-105.278364,40.075785],[-105.27801,40.075784],[-105.277751,40.076194],[-105.277404,40.076473],[-105.277439,40.079988],[-105.273837,40.079967],[-105.263492,40.080201],[-105.263465,40.078243],[-105.237803,40.078328],[-105.233433,40.078985],[-105.229895,40.080074],[-105.234993,40.080154],[-105.235128,40.085505],[-105.234917,40.086079],[-105.234605,40.08652],[-105.2342,40.086885],[-105.233428,40.087293],[-105.232703,40.087482],[-105.231981,40.087557],[-105.227406,40.087135],[-105.226669,40.087357],[-105.226305,40.08761],[-105.22591,40.088138],[-105.225856,40.088462],[-105.225832,40.086117],[-105.224661,40.086107],[-105.224675,40.085534],[-105.223036,40.086026],[-105.221106,40.086268],[-105.221116,40.086387],[-105.218233,40.086407],[-105.218243,40.087143],[-105.216359,40.087139],[-105.21635,40.088915],[-105.206902,40.088899],[-105.206898,40.094401],[-105.185173,40.094356],[-105.180215,40.098985],[-105.17746,40.102186],[-105.174279,40.104658],[-105.169388,40.108804],[-105.161451,40.115957],[-105.160874,40.11559],[-105.159715,40.11645],[-105.159466,40.1161],[-105.159433,40.103985],[-105.159246,40.103974],[-105.159068,40.103996],[-105.158831,40.10426],[-105.158889,40.104578],[-105.15871,40.104754],[-105.158488,40.104765],[-105.157222,40.105292],[-105.157114,40.105457],[-105.157229,40.105704],[-105.156406,40.106127],[-105.155362,40.106302],[-105.154975,40.106577],[-105.154653,40.10667],[-105.153838,40.106637],[-105.153394,40.106829],[-105.152815,40.106812],[-105.152779,40.107158],[-105.153187,40.107301],[-105.153194,40.107416],[-105.153,40.107636],[-105.152106,40.10785],[-105.151791,40.108542],[-105.152206,40.108668],[-105.152234,40.108828],[-105.152048,40.108987],[-105.151626,40.109152],[-105.151433,40.109151],[-105.15094,40.108673],[-105.150725,40.108651],[-105.150289,40.108761],[-105.149931,40.109107],[-105.150174,40.109398],[-105.15016,40.109618],[-105.149795,40.109876],[-105.149208,40.109837],[-105.148986,40.109667],[-105.148922,40.109508],[-105.1486,40.109321],[-105.147463,40.109238],[-105.147213,40.109117],[-105.146254,40.109084],[-105.146118,40.109177],[-105.145439,40.109309],[-105.144344,40.109281],[-105.144187,40.109083],[-105.143715,40.109193],[-105.143508,40.109083],[-105.143329,40.109099],[-105.143236,40.109187],[-105.143343,40.109626],[-105.143063,40.110181],[-105.142162,40.110131],[-105.141984,40.109791],[-105.141819,40.109879],[-105.141769,40.110175],[-105.141468,40.110147],[-105.141304,40.110499],[-105.140931,40.110751],[-105.140738,40.110658],[-105.140595,40.11035],[-105.140173,40.110542],[-105.138878,40.110811],[-105.138492,40.111311],[-105.137912,40.111706],[-105.137519,40.11187],[-105.137575,40.112184],[-105.137447,40.112376],[-105.137304,40.112398],[-105.136839,40.112194],[-105.136696,40.112287],[-105.136667,40.112408],[-105.13696,40.112991],[-105.13678,40.113633],[-105.136451,40.113759],[-105.135979,40.113743],[-105.135829,40.113809],[-105.135736,40.113968],[-105.135786,40.11427],[-105.1356,40.114391],[-105.135478,40.11433],[-105.135278,40.114],[-105.13507,40.11394],[-105.134712,40.114396],[-105.134612,40.114764],[-105.134426,40.114934],[-105.13384,40.114604],[-105.133403,40.114554],[-105.133131,40.114878],[-105.133109,40.115208],[-105.132616,40.115526],[-105.132437,40.115553],[-105.132322,40.115482],[-105.13228,40.115109],[-105.131714,40.115185],[-105.131664,40.115344],[-105.131478,40.115471],[-105.131184,40.116316],[-105.131008,40.116421],[-105.131369,40.106639],[-105.131562,40.092671],[-105.131238,40.071569],[-105.131159,40.040132],[-105.130994,40.030373],[-105.131057,40.018328],[-105.135826,40.018331],[-105.135833,40.014754],[-105.135804,40.012037],[-105.131234,40.012073],[-105.131223,40.007401],[-105.140527,40.007408],[-105.140488,40.003772],[-105.141511,40.003777],[-105.141501,40.002385],[-105.141792,40.001983],[-105.140752,40.001129],[-105.140603,40.000815],[-105.140593,40.000225],[-105.151703,40.0002],[-105.151773,40.000412],[-105.152192,40.000565],[-105.152682,40.000624],[-105.15302,40.000557],[-105.153568,40.000124],[-105.156837,40.00013],[-105.157268,39.996172],[-105.152733,39.996186],[-105.152729,39.993971],[-105.146779,39.994001],[-105.14678,39.994163],[-105.14644,39.99416],[-105.145959,39.994557],[-105.145431,39.99479],[-105.144304,39.994783],[-105.14426,39.99492],[-105.142262,39.996514],[-105.141297,39.997737],[-105.140531,39.998129],[-105.137353,39.994162],[-105.122813,39.994145],[-105.122613,39.993868],[-105.122322,39.993786],[-105.12234,39.992366],[-105.118546,39.992391],[-105.118562,39.990574],[-105.118657,39.990119],[-105.118639,39.987005],[-105.117379,39.987008],[-105.117412,39.983313],[-105.118597,39.983296],[-105.118575,39.986778],[-105.127839,39.986692],[-105.127831,39.983645],[-105.12685,39.983645],[-105.126834,39.98313],[-105.124215,39.983148],[-105.123846,39.982958],[-105.123568,39.982634],[-105.123576,39.981605],[-105.123703,39.981265],[-105.123938,39.980984],[-105.123934,39.980632],[-105.125079,39.980641],[-105.125957,39.980747],[-105.12688,39.980644],[-105.127693,39.980755],[-105.12766,39.97808],[-105.127098,39.978155],[-105.125344,39.979248],[-105.125567,39.979467],[-105.123579,39.980661],[-105.123232,39.980325],[-105.122529,39.980733],[-105.121898,39.98099],[-105.12022,39.981076],[-105.119976,39.978169],[-105.120653,39.978378],[-105.121335,39.978371],[-105.127446,39.977279],[-105.127645,39.977081],[-105.127663,39.97603],[-105.127475,39.974988],[-105.127141,39.974308],[-105.126583,39.973695],[-105.125789,39.97318],[-105.124843,39.972844],[-105.124181,39.972733],[-105.122891,39.9727],[-105.121395,39.972841],[-105.118608,39.972871],[-105.118606,39.973678],[-105.117188,39.974198],[-105.114348,39.975446],[-105.113561,39.975535],[-105.113253,39.975701],[-105.113379,39.976082],[-105.109239,39.976097],[-105.109232,39.973353],[-105.109358,39.970823],[-105.109372,39.959283],[-105.107892,39.959308],[-105.107874,39.958467],[-105.108138,39.958466],[-105.108149,39.957902],[-105.114586,39.957847],[-105.114559,39.960327],[-105.115264,39.960323],[-105.115275,39.957842],[-105.128053,39.957811],[-105.128052,39.943276],[-105.128141,39.943276],[-105.128165,39.939618],[-105.137578,39.939712],[-105.137604,39.928931],[-105.147041,39.928938],[-105.146987,39.927473],[-105.147143,39.913889],[-105.148491,39.913885],[-105.148472,39.914049],[-105.159672,39.914053],[-105.165349,39.914133],[-105.16615,39.914047],[-105.166565,39.913893],[-105.190929,39.914082],[-105.196647,39.914186],[-105.200241,39.913986],[-105.206273,39.914086],[-105.206213,39.914278],[-105.204608,39.914933],[-105.197787,39.917999],[-105.195692,39.920158],[-105.195617,39.920459],[-105.195263,39.928655],[-105.186068,39.928708],[-105.185574,39.928633],[-105.185349,39.928708],[-105.184661,39.928644],[-105.184189,39.92873],[-105.16601,39.928718],[-105.166061,39.934656],[-105.165945,39.936824],[-105.165731,39.937264],[-105.165752,39.940096],[-105.166427,39.93963],[-105.167686,39.939236],[-105.169306,39.939234],[-105.169294,39.941267],[-105.168292,39.943205],[-105.165765,39.943198],[-105.165728,39.948575],[-105.169959,39.947654],[-105.17035,39.948722],[-105.170244,39.948745],[-105.170665,39.948828],[-105.170863,39.948992],[-105.171342,39.950257],[-105.171711,39.950259],[-105.171711,39.950487],[-105.173259,39.950488],[-105.17378,39.950272],[-105.176534,39.950289],[-105.176532,39.950487],[-105.177699,39.950482],[-105.177693,39.952031],[-105.177645,39.952213],[-105.177448,39.952367],[-105.177242,39.953654],[-105.177277,39.954091],[-105.17758,39.954993],[-105.178981,39.957654],[-105.175369,39.95758],[-105.175371,39.958164],[-105.177035,39.958194],[-105.177029,39.95944],[-105.175263,39.959405],[-105.175256,39.960673],[-105.178056,39.960634],[-105.178026,39.962208],[-105.179023,39.962595],[-105.1791,39.962482],[-105.180013,39.962826],[-105.180379,39.962869],[-105.180894,39.963173],[-105.181468,39.963399],[-105.182484,39.963587],[-105.183548,39.963547],[-105.184674,39.963288],[-105.184678,39.962558],[-105.185159,39.962558],[-105.185268,39.962453],[-105.186272,39.962443],[-105.187245,39.962272],[-105.188897,39.961742],[-105.189271,39.961474],[-105.189263,39.962664],[-105.186746,39.963026],[-105.184673,39.963459],[-105.184671,39.963585],[-105.183133,39.963903],[-105.182316,39.964378],[-105.208703,39.974671],[-105.221155,39.980408],[-105.221214,39.9803],[-105.231791,39.985185],[-105.231931,39.984978],[-105.233672,39.985785],[-105.235669,39.985802],[-105.235671,39.985484],[-105.235387,39.984744],[-105.235052,39.984171],[-105.234473,39.98359],[-105.235093,39.983031],[-105.2358,39.982901],[-105.235735,39.978681],[-105.236527,39.978683],[-105.236552,39.971471],[-105.237853,39.971487],[-105.237676,39.971111],[-105.237388,39.970921],[-105.237296,39.970559],[-105.246283,39.97058],[-105.248875,39.964325],[-105.260082,39.964362],[-105.260088,39.95726],[-105.274092,39.956915],[-105.274154,39.96057],[-105.276776,39.960524],[-105.276898,39.967697],[-105.281641,39.967651],[-105.281683,39.970022],[-105.285724,39.971316],[-105.286117,39.97132],[-105.286238,39.985251],[-105.285679,39.985524],[-105.285611,39.985768],[-105.277067,39.985696],[-105.27749,39.992885],[-105.282602,39.992733],[-105.283239,39.999962],[-105.286755,39.999961],[-105.286756,40.000061],[-105.290586,40.000061],[-105.290419,40.000533],[-105.290439,40.000803],[-105.290553,40.001001],[-105.291129,40.001496],[-105.291336,40.002],[-105.29134,40.002663],[-105.290862,40.002662],[-105.290852,40.003654],[-105.289131,40.00366],[-105.289173,40.004102],[-105.2902,40.004107],[-105.290198,40.004465],[-105.289181,40.004463],[-105.28927,40.005443],[-105.289176,40.005732],[-105.289297,40.005732],[-105.289296,40.005855],[-105.291431,40.005861],[-105.291419,40.008932],[-105.290061,40.008931],[-105.29006,40.009207],[-105.290683,40.009208],[-105.290681,40.010341],[-105.290144,40.010339],[-105.290145,40.010386],[-105.291507,40.011035],[-105.291509,40.010818],[-105.292182,40.010818],[-105.292221,40.011617],[-105.293097,40.01167],[-105.293095,40.012333],[-105.292692,40.012332],[-105.292684,40.012846],[-105.293541,40.01285],[-105.294804,40.012664],[-105.294797,40.012135],[-105.295772,40.012177],[-105.295799,40.012564],[-105.296173,40.012522],[-105.296912,40.012635],[-105.29691,40.012108],[-105.297414,40.01219],[-105.297529,40.011702],[-105.29858,40.011832],[-105.2987,40.011603],[-105.29949,40.011687],[-105.299359,40.012524],[-105.300893,40.012635],[-105.301019,40.012889],[-105.301195,40.013021],[-105.30145,40.012805]]]}},{"type":"Feature","properties":{"d":19,"label":[-105.10921,39.84934],"area":51.2},"geometry":{"type":"Polygon","coordinates":[[[-105.221659,39.809117],[-105.221655,39.810768],[-105.221407,39.810971],[-105.221152,39.811415],[-105.22106,39.811824],[-105.2213,39.812814],[-105.221338,39.814929],[-105.221167,39.816302],[-105.221425,39.818149],[-105.218572,39.818108],[-105.217562,39.817703],[-105.217073,39.817335],[-105.217137,39.81725],[-105.216044,39.81653],[-105.2152,39.81629],[-105.203732,39.816217],[-105.203247,39.816163],[-105.202345,39.815737],[-105.199758,39.813177],[-105.19869,39.812759],[-105.198186,39.812718],[-105.198116,39.814257],[-105.198179,39.814647],[-105.198182,39.822821],[-105.197814,39.823828],[-105.197547,39.824123],[-105.197262,39.824299],[-105.195223,39.824881],[-105.194044,39.825433],[-105.192944,39.826538],[-105.192467,39.826782],[-105.190953,39.826951],[-105.189282,39.826954],[-105.189304,39.827055],[-105.193428,39.827012],[-105.193512,39.833883],[-105.187276,39.833947],[-105.187279,39.834321],[-105.18503,39.834301],[-105.185034,39.834451],[-105.187249,39.834479],[-105.187238,39.836579],[-105.187146,39.83661],[-105.187211,39.836736],[-105.187041,39.836791],[-105.187266,39.837458],[-105.184793,39.838486],[-105.184545,39.838509],[-105.184077,39.838281],[-105.183945,39.838538],[-105.184111,39.838698],[-105.184526,39.838734],[-105.187789,39.837433],[-105.188329,39.838243],[-105.18813,39.838323],[-105.18867,39.839571],[-105.188383,39.839573],[-105.188387,39.840122],[-105.188192,39.840122],[-105.188202,39.841593],[-105.184143,39.841643],[-105.184114,39.842572],[-105.185357,39.842577],[-105.185364,39.843987],[-105.187711,39.843991],[-105.187686,39.845349],[-105.186956,39.845247],[-105.186954,39.845423],[-105.186465,39.845188],[-105.185842,39.845034],[-105.184034,39.844715],[-105.177017,39.84382],[-105.174781,39.84377],[-105.172313,39.844009],[-105.169454,39.843921],[-105.169334,39.843927],[-105.168943,39.845556],[-105.16818,39.846289],[-105.16692,39.845673],[-105.166224,39.845947],[-105.16538,39.846114],[-105.16538,39.846941],[-105.165256,39.846915],[-105.165204,39.850624],[-105.165325,39.863398],[-105.165463,39.863402],[-105.165488,39.87058],[-105.165414,39.870596],[-105.165571,39.892495],[-105.165173,39.892499],[-105.165167,39.891486],[-105.14744,39.88945],[-105.14744,39.889297],[-105.146989,39.889297],[-105.146989,39.889212],[-105.138325,39.889228],[-105.134852,39.889292],[-105.135521,39.889673],[-105.137138,39.890831],[-105.136677,39.890834],[-105.136392,39.891016],[-105.136308,39.89202],[-105.133105,39.892012],[-105.132179,39.892487],[-105.131492,39.892597],[-105.131514,39.892668],[-105.130885,39.892697],[-105.130271,39.890643],[-105.129825,39.890378],[-105.128895,39.890353],[-105.128941,39.894598],[-105.128723,39.894599],[-105.128678,39.899985],[-105.128918,39.899985],[-105.128918,39.900255],[-105.131429,39.900099],[-105.147396,39.900094],[-105.147319,39.907096],[-105.147117,39.914002],[-105.127911,39.914015],[-105.108609,39.914137],[-105.107654,39.913416],[-105.108178,39.91281],[-105.107676,39.912549],[-105.107553,39.91239],[-105.107285,39.912249],[-105.106577,39.913053],[-105.106033,39.912768],[-105.106951,39.911729],[-105.102404,39.90937],[-105.100641,39.908638],[-105.100102,39.902206],[-105.096681,39.900787],[-105.096692,39.899788],[-105.090626,39.899677],[-105.090624,39.898903],[-105.084285,39.898957],[-105.08423,39.899837],[-105.074379,39.89978],[-105.071688,39.899832],[-105.071775,39.907018],[-105.062392,39.907025],[-105.062384,39.913987],[-105.060042,39.913977],[-105.060042,39.912453],[-105.058861,39.912438],[-105.058864,39.913687],[-105.057676,39.913702],[-105.057676,39.912429],[-105.055294,39.912426],[-105.055319,39.913725],[-105.052979,39.913722],[-105.052971,39.914224],[-105.052892,39.914224],[-105.053236,39.869149],[-105.0532,39.862204],[-105.053298,39.858875],[-105.053166,39.858335],[-105.053158,39.857515],[-105.053338,39.856485],[-105.053339,39.855978],[-105.053249,39.854194],[-105.053013,39.853775],[-105.052847,39.853229],[-105.052835,39.852545],[-105.053188,39.849649],[-105.05327,39.820028],[-105.051386,39.820046],[-105.051385,39.819609],[-105.05055,39.819076],[-105.049848,39.81908],[-105.049608,39.81921],[-105.049251,39.81921],[-105.04888,39.81898],[-105.048873,39.818351],[-105.048733,39.818237],[-105.047203,39.817773],[-105.046076,39.817671],[-105.04579,39.817479],[-105.04512,39.81732],[-105.044872,39.817315],[-105.044408,39.817493],[-105.044028,39.817485],[-105.044099,39.81282],[-105.044008,39.804262],[-105.043039,39.804435],[-105.04199,39.804526],[-105.040513,39.80446],[-105.040499,39.802874],[-105.043947,39.802883],[-105.043936,39.801931],[-105.04926,39.801929],[-105.049254,39.800878],[-105.052886,39.800863],[-105.053162,39.799239],[-105.053246,39.791063],[-105.06148,39.791075],[-105.061786,39.7905],[-105.062364,39.7905],[-105.062646,39.790501],[-105.062642,39.791086],[-105.064405,39.79108],[-105.064404,39.79032],[-105.065005,39.790321],[-105.064992,39.788359],[-105.068687,39.78839],[-105.068721,39.787478],[-105.07201,39.787517],[-105.072596,39.787472],[-105.073424,39.787207],[-105.072066,39.78608],[-105.072065,39.784622],[-105.072875,39.784981],[-105.073122,39.784981],[-105.073558,39.785134],[-105.07356,39.784981],[-105.076746,39.784981],[-105.076745,39.784573],[-105.077919,39.784457],[-105.077919,39.784313],[-105.078657,39.784423],[-105.078657,39.784571],[-105.079102,39.784571],[-105.079102,39.784653],[-105.079351,39.784653],[-105.08106,39.784158],[-105.081598,39.784586],[-105.082886,39.784336],[-105.083769,39.784992],[-105.084245,39.785012],[-105.086115,39.784566],[-105.086115,39.785469],[-105.086613,39.785472],[-105.08661,39.785094],[-105.089909,39.784318],[-105.092891,39.784038],[-105.093936,39.784035],[-105.093947,39.784538],[-105.09239,39.784539],[-105.09237,39.78684],[-105.090796,39.786841],[-105.090808,39.786569],[-105.088469,39.786572],[-105.088469,39.786735],[-105.086122,39.786727],[-105.0861,39.789086],[-105.094579,39.789042],[-105.094578,39.788772],[-105.094761,39.788772],[-105.094759,39.788548],[-105.095512,39.788549],[-105.095507,39.789045],[-105.096648,39.789048],[-105.096648,39.788479],[-105.095517,39.788445],[-105.095517,39.787946],[-105.096846,39.787944],[-105.096947,39.787865],[-105.097803,39.787745],[-105.097686,39.787121],[-105.100195,39.787117],[-105.100177,39.788986],[-105.101757,39.788903],[-105.104893,39.788267],[-105.104911,39.790334],[-105.109696,39.7902],[-105.109793,39.787448],[-105.114338,39.786426],[-105.114359,39.78749],[-105.113848,39.789146],[-105.114046,39.790349],[-105.114365,39.790971],[-105.114309,39.794658],[-105.119076,39.794639],[-105.119072,39.791186],[-105.119905,39.791018],[-105.122121,39.791014],[-105.122123,39.794625],[-105.123793,39.794622],[-105.123799,39.787387],[-105.128524,39.78737],[-105.128547,39.793807],[-105.13009,39.793791],[-105.130087,39.791003],[-105.131076,39.790997],[-105.131081,39.793664],[-105.132201,39.793292],[-105.133163,39.793324],[-105.134744,39.792726],[-105.134731,39.793762],[-105.135471,39.793758],[-105.135479,39.792381],[-105.13591,39.792155],[-105.136294,39.791589],[-105.136287,39.790953],[-105.137308,39.790942],[-105.137305,39.791823],[-105.138011,39.791821],[-105.138001,39.793584],[-105.139599,39.793565],[-105.139592,39.792147],[-105.14039,39.792158],[-105.140379,39.790942],[-105.142645,39.790908],[-105.142645,39.794886],[-105.139082,39.797337],[-105.137982,39.797349],[-105.137982,39.798087],[-105.1382,39.798089],[-105.138187,39.801262],[-105.138725,39.801261],[-105.138856,39.801324],[-105.140418,39.801278],[-105.140426,39.801769],[-105.143263,39.801756],[-105.143251,39.80365],[-105.142661,39.803653],[-105.142662,39.80348],[-105.140395,39.803142],[-105.140391,39.805743],[-105.140863,39.805747],[-105.14086,39.804339],[-105.141809,39.804326],[-105.141806,39.805759],[-105.142628,39.805791],[-105.142613,39.805418],[-105.143918,39.805423],[-105.143975,39.801754],[-105.144995,39.801738],[-105.144989,39.803635],[-105.14598,39.803634],[-105.14623,39.803626],[-105.146219,39.801719],[-105.147413,39.801717],[-105.147381,39.805415],[-105.150905,39.805372],[-105.150915,39.802491],[-105.151528,39.802485],[-105.151525,39.803053],[-105.15209,39.803047],[-105.152096,39.80172],[-105.155599,39.801684],[-105.155598,39.802965],[-105.156178,39.803416],[-105.156876,39.803417],[-105.156844,39.811694],[-105.158006,39.811697],[-105.15801,39.812546],[-105.159189,39.81252],[-105.159185,39.811671],[-105.160051,39.811659],[-105.161011,39.811491],[-105.16149,39.811328],[-105.161505,39.810975],[-105.16066,39.810634],[-105.159804,39.810455],[-105.158197,39.807966],[-105.1637,39.808058],[-105.163672,39.807059],[-105.163948,39.806779],[-105.164246,39.806745],[-105.164971,39.806934],[-105.165369,39.80696],[-105.165752,39.806868],[-105.166526,39.806389],[-105.168611,39.806375],[-105.169523,39.805975],[-105.169941,39.805612],[-105.169936,39.806466],[-105.174626,39.806518],[-105.174598,39.806993],[-105.174757,39.807672],[-105.174722,39.809492],[-105.179056,39.809542],[-105.179037,39.809052],[-105.183908,39.809134],[-105.183889,39.807231],[-105.185227,39.806321],[-105.18574,39.805699],[-105.186,39.805501],[-105.187079,39.805488],[-105.197977,39.805457],[-105.198088,39.805552],[-105.202518,39.805565],[-105.202783,39.80553],[-105.202779,39.805439],[-105.212226,39.805457],[-105.212217,39.809133],[-105.221659,39.809117]]]}},{"type":"Feature","properties":{"d":20,"label":[-105.31449,39.74961],"area":274.7},"geometry":{"type":"Polygon","coordinates":[[[-105.398875,39.60641],[-105.39845,39.628694],[-105.398452,39.634687],[-105.398351,39.635188],[-105.39835,39.636288],[-105.39825,39.636588],[-105.39824,39.65838],[-105.398349,39.665288],[-105.39834,39.676184],[-105.39844,39.677566],[-105.398449,39.683288],[-105.39855,39.685989],[-105.398545,39.701019],[-105.398349,39.710887],[-105.398349,39.71733],[-105.398248,39.717487],[-105.398149,39.733282],[-105.397949,39.745487],[-105.397949,39.814886],[-105.398049,39.816087],[-105.397948,39.84094],[-105.39745,39.853697],[-105.397949,39.860387],[-105.397952,39.861587],[-105.397568,39.866061],[-105.39758,39.866356],[-105.397877,39.866849],[-105.398043,39.872186],[-105.397949,39.881087],[-105.397649,39.883187],[-105.397848,39.895341],[-105.397949,39.897286],[-105.397849,39.898486],[-105.397749,39.904086],[-105.397849,39.912886],[-105.373943,39.913181],[-105.372692,39.913293],[-105.368239,39.913293],[-105.339547,39.913786],[-105.314431,39.913884],[-105.306845,39.913986],[-105.282656,39.913687],[-105.269445,39.913986],[-105.264945,39.914186],[-105.263945,39.913986],[-105.245382,39.914083],[-105.238544,39.914386],[-105.231343,39.914085],[-105.212475,39.914236],[-105.200241,39.913986],[-105.196647,39.914186],[-105.190929,39.914082],[-105.166565,39.913893],[-105.16615,39.914047],[-105.165349,39.914133],[-105.159672,39.914053],[-105.148472,39.914049],[-105.148491,39.913885],[-105.147143,39.913889],[-105.148198,39.913714],[-105.148399,39.91375],[-105.150446,39.91324],[-105.153313,39.913039],[-105.158458,39.911596],[-105.159009,39.911496],[-105.162057,39.911434],[-105.162846,39.91131],[-105.16569,39.910515],[-105.165625,39.901774],[-105.166056,39.901768],[-105.166055,39.901494],[-105.165622,39.901499],[-105.165414,39.870596],[-105.165488,39.87058],[-105.165463,39.863402],[-105.165325,39.863398],[-105.165204,39.850624],[-105.165256,39.846915],[-105.16538,39.846941],[-105.16538,39.846114],[-105.166224,39.845947],[-105.16692,39.845673],[-105.16818,39.846289],[-105.168943,39.845556],[-105.169334,39.843927],[-105.169454,39.843921],[-105.172313,39.844009],[-105.174781,39.84377],[-105.177017,39.84382],[-105.184034,39.844715],[-105.185842,39.845034],[-105.186465,39.845188],[-105.186954,39.845423],[-105.186956,39.845247],[-105.187686,39.845349],[-105.187711,39.843991],[-105.185364,39.843987],[-105.185357,39.842577],[-105.184114,39.842572],[-105.184143,39.841643],[-105.188202,39.841593],[-105.188192,39.840122],[-105.188387,39.840122],[-105.188383,39.839573],[-105.18867,39.839571],[-105.18813,39.838323],[-105.188329,39.838243],[-105.187789,39.837433],[-105.184526,39.838734],[-105.184111,39.838698],[-105.183945,39.838538],[-105.184077,39.838281],[-105.184545,39.838509],[-105.184793,39.838486],[-105.187266,39.837458],[-105.187041,39.836791],[-105.187211,39.836736],[-105.187146,39.83661],[-105.187238,39.836579],[-105.187249,39.834479],[-105.185034,39.834451],[-105.18503,39.834301],[-105.187279,39.834321],[-105.187276,39.833947],[-105.193512,39.833883],[-105.193428,39.827012],[-105.189304,39.827055],[-105.189282,39.826954],[-105.190953,39.826951],[-105.192467,39.826782],[-105.192944,39.826538],[-105.194044,39.825433],[-105.195223,39.824881],[-105.197262,39.824299],[-105.197547,39.824123],[-105.197814,39.823828],[-105.198182,39.822821],[-105.198179,39.814647],[-105.198116,39.814257],[-105.198186,39.812718],[-105.19869,39.812759],[-105.199758,39.813177],[-105.202345,39.815737],[-105.203247,39.816163],[-105.203732,39.816217],[-105.2152,39.81629],[-105.216044,39.81653],[-105.217137,39.81725],[-105.217073,39.817335],[-105.217562,39.817703],[-105.218572,39.818108],[-105.221425,39.818149],[-105.221167,39.816302],[-105.221338,39.814929],[-105.2213,39.812814],[-105.22106,39.811824],[-105.221152,39.811415],[-105.221407,39.810971],[-105.221655,39.810768],[-105.221659,39.809117],[-105.212217,39.809133],[-105.212226,39.805457],[-105.202779,39.805439],[-105.202783,39.80553],[-105.202518,39.805565],[-105.198088,39.805552],[-105.197977,39.805457],[-105.187079,39.805488],[-105.186,39.805501],[-105.18574,39.805699],[-105.185227,39.806321],[-105.183889,39.807231],[-105.183908,39.809134],[-105.179037,39.809052],[-105.179056,39.809542],[-105.174722,39.809492],[-105.174757,39.807672],[-105.174598,39.806993],[-105.174626,39.806518],[-105.169936,39.806466],[-105.169941,39.805612],[-105.169523,39.805975],[-105.168611,39.806375],[-105.166526,39.806389],[-105.165752,39.806868],[-105.165369,39.80696],[-105.164971,39.806934],[-105.164246,39.806745],[-105.163948,39.806779],[-105.163672,39.807059],[-105.1637,39.808058],[-105.158197,39.807966],[-105.159804,39.810455],[-105.16066,39.810634],[-105.161505,39.810975],[-105.16149,39.811328],[-105.161011,39.811491],[-105.160051,39.811659],[-105.159185,39.811671],[-105.159189,39.81252],[-105.15801,39.812546],[-105.158006,39.811697],[-105.156844,39.811694],[-105.156876,39.803417],[-105.156178,39.803416],[-105.155598,39.802965],[-105.155599,39.801684],[-105.152096,39.80172],[-105.15209,39.803047],[-105.151525,39.803053],[-105.151528,39.802485],[-105.150915,39.802491],[-105.150905,39.805372],[-105.147381,39.805415],[-105.147413,39.801717],[-105.146219,39.801719],[-105.14623,39.803626],[-105.14598,39.803634],[-105.144989,39.803635],[-105.144995,39.801738],[-105.143975,39.801754],[-105.143918,39.805423],[-105.142613,39.805418],[-105.142628,39.805791],[-105.141806,39.805759],[-105.141809,39.804326],[-105.14086,39.804339],[-105.140863,39.805747],[-105.140391,39.805743],[-105.140395,39.803142],[-105.142662,39.80348],[-105.142661,39.803653],[-105.143251,39.80365],[-105.143263,39.801756],[-105.140426,39.801769],[-105.140418,39.801278],[-105.138856,39.801324],[-105.138725,39.801261],[-105.138187,39.801262],[-105.1382,39.798089],[-105.137982,39.798087],[-105.137982,39.797349],[-105.139082,39.797337],[-105.142645,39.794886],[-105.142645,39.790908],[-105.140379,39.790942],[-105.14039,39.792158],[-105.139592,39.792147],[-105.139599,39.793565],[-105.138001,39.793584],[-105.138011,39.791821],[-105.137305,39.791823],[-105.137308,39.790942],[-105.137976,39.790939],[-105.13796,39.78612],[-105.138041,39.785387],[-105.141238,39.785377],[-105.141359,39.780813],[-105.140203,39.781062],[-105.140183,39.779335],[-105.14085,39.779092],[-105.140821,39.778756],[-105.141441,39.778361],[-105.145312,39.778243],[-105.15671,39.776254],[-105.163906,39.776176],[-105.163902,39.776058],[-105.162868,39.776062],[-105.162868,39.775546],[-105.163014,39.775106],[-105.16397,39.774659],[-105.165386,39.774405],[-105.165386,39.773682],[-105.164444,39.773782],[-105.164442,39.772791],[-105.159978,39.77282],[-105.15673,39.773107],[-105.156738,39.772612],[-105.155542,39.772612],[-105.15525,39.772551],[-105.155255,39.772491],[-105.155889,39.772521],[-105.157119,39.772431],[-105.157759,39.772508],[-105.158899,39.772341],[-105.159685,39.77234],[-105.161908,39.772121],[-105.163115,39.772197],[-105.163944,39.772084],[-105.166051,39.772054],[-105.166607,39.772106],[-105.167658,39.771851],[-105.169761,39.771824],[-105.171961,39.771564],[-105.174759,39.771455],[-105.174646,39.775246],[-105.174691,39.777645],[-105.174716,39.778041],[-105.174923,39.777983],[-105.175002,39.778179],[-105.174935,39.786608],[-105.177411,39.786648],[-105.177439,39.786015],[-105.178202,39.786019],[-105.178195,39.786679],[-105.179048,39.786815],[-105.180252,39.787161],[-105.181886,39.787219],[-105.182,39.786466],[-105.181771,39.785767],[-105.184154,39.785789],[-105.184132,39.787111],[-105.185984,39.787131],[-105.186013,39.785431],[-105.18416,39.785444],[-105.184192,39.783552],[-105.189274,39.783546],[-105.189291,39.783465],[-105.188275,39.783458],[-105.188633,39.781412],[-105.189786,39.781404],[-105.19076,39.777517],[-105.191228,39.776257],[-105.190328,39.776269],[-105.190316,39.775835],[-105.190147,39.775452],[-105.188981,39.775419],[-105.188976,39.775488],[-105.188868,39.775492],[-105.188952,39.77331],[-105.189087,39.772359],[-105.189234,39.772358],[-105.189785,39.771808],[-105.190035,39.771672],[-105.190013,39.771611],[-105.19019,39.771572],[-105.190231,39.771642],[-105.194159,39.770751],[-105.197551,39.770097],[-105.198187,39.769946],[-105.199865,39.769369],[-105.20137,39.769547],[-105.200449,39.769818],[-105.200614,39.76998],[-105.201233,39.769707],[-105.202805,39.769567],[-105.204531,39.76917],[-105.205526,39.768761],[-105.208757,39.767197],[-105.211694,39.765688],[-105.213918,39.769028],[-105.221725,39.769046],[-105.221745,39.772574],[-105.223034,39.772568],[-105.224106,39.773175],[-105.22446,39.773582],[-105.22479,39.774145],[-105.224836,39.775063],[-105.224332,39.776151],[-105.224183,39.776818],[-105.224219,39.777501],[-105.224511,39.778256],[-105.225563,39.779216],[-105.225898,39.779414],[-105.226603,39.779601],[-105.231577,39.779603],[-105.231443,39.780335],[-105.231458,39.781467],[-105.231663,39.781466],[-105.231719,39.783234],[-105.240443,39.78321],[-105.240345,39.780121],[-105.240427,39.779061],[-105.240421,39.773909],[-105.238087,39.773961],[-105.238096,39.772384],[-105.236272,39.772397],[-105.236498,39.771451],[-105.2365,39.770712],[-105.236263,39.769678],[-105.235906,39.768837],[-105.240415,39.768752],[-105.240474,39.760509],[-105.238685,39.760502],[-105.238668,39.759273],[-105.240482,39.759289],[-105.24049,39.753635],[-105.240207,39.753618],[-105.240193,39.753269],[-105.238454,39.752773],[-105.238471,39.752554],[-105.237937,39.752531],[-105.237938,39.752406],[-105.238481,39.752412],[-105.238546,39.751576],[-105.237277,39.751394],[-105.235794,39.751737],[-105.235793,39.751896],[-105.235611,39.751887],[-105.233935,39.750706],[-105.232998,39.750316],[-105.23216,39.750071],[-105.231036,39.749928],[-105.231113,39.74722],[-105.234036,39.747178],[-105.234027,39.745969],[-105.233738,39.745135],[-105.236334,39.744535],[-105.236202,39.744439],[-105.235109,39.744574],[-105.234735,39.74447],[-105.234498,39.744165],[-105.234599,39.743583],[-105.235736,39.744018],[-105.236298,39.742831],[-105.235343,39.742214],[-105.234842,39.742815],[-105.234627,39.742765],[-105.23396,39.742937],[-105.233666,39.742937],[-105.233463,39.742845],[-105.232982,39.742393],[-105.232951,39.739967],[-105.221943,39.739973],[-105.221847,39.732725],[-105.223991,39.732686],[-105.223796,39.729453],[-105.221641,39.729484],[-105.221619,39.729138],[-105.220872,39.72913],[-105.220827,39.728562],[-105.221583,39.728568],[-105.221392,39.72556],[-105.229787,39.725497],[-105.22983,39.718296],[-105.232136,39.718263],[-105.231789,39.718171],[-105.231161,39.718142],[-105.231163,39.715132],[-105.232587,39.715196],[-105.232739,39.715472],[-105.234718,39.715483],[-105.236742,39.718248],[-105.238522,39.718238],[-105.238576,39.717184],[-105.238291,39.717179],[-105.238243,39.716836],[-105.238596,39.716844],[-105.238893,39.710946],[-105.221125,39.711047],[-105.221017,39.701489],[-105.215494,39.700602],[-105.208396,39.703657],[-105.206639,39.703646],[-105.206472,39.701149],[-105.205949,39.701566],[-105.205433,39.701667],[-105.204396,39.701374],[-105.204916,39.700348],[-105.204966,39.700187],[-105.204862,39.699944],[-105.203152,39.701137],[-105.202362,39.701898],[-105.201952,39.702427],[-105.199673,39.701254],[-105.199833,39.701715],[-105.199231,39.701921],[-105.199342,39.702498],[-105.199165,39.702675],[-105.199235,39.703045],[-105.198918,39.703595],[-105.19272,39.7036],[-105.192567,39.704412],[-105.191218,39.705469],[-105.191263,39.709609],[-105.190734,39.709995],[-105.190824,39.711171],[-105.188831,39.711231],[-105.18888,39.717669],[-105.188305,39.718365],[-105.187632,39.718959],[-105.185999,39.720191],[-105.184235,39.720213],[-105.184211,39.718263],[-105.174848,39.718254],[-105.174864,39.723725],[-105.178405,39.723746],[-105.178418,39.724674],[-105.177264,39.724918],[-105.175812,39.724999],[-105.172201,39.724989],[-105.169353,39.724767],[-105.168936,39.724573],[-105.168229,39.723859],[-105.167654,39.723547],[-105.165612,39.723482],[-105.165574,39.721812],[-105.165432,39.721807],[-105.163065,39.721848],[-105.163119,39.721939],[-105.16274,39.722126],[-105.162485,39.722442],[-105.161848,39.723957],[-105.161863,39.724277],[-105.160896,39.724275],[-105.159745,39.72472],[-105.154036,39.72471],[-105.154075,39.720019],[-105.154262,39.712547],[-105.154394,39.710333],[-105.154128,39.710492],[-105.152378,39.710778],[-105.147964,39.710865],[-105.145522,39.712134],[-105.144821,39.712241],[-105.135758,39.712174],[-105.134294,39.711716],[-105.133156,39.711743],[-105.133069,39.710122],[-105.13291,39.709621],[-105.131288,39.710378],[-105.130473,39.710628],[-105.129464,39.710828],[-105.128462,39.710906],[-105.12144,39.710955],[-105.121445,39.71072],[-105.112082,39.710726],[-105.110936,39.710749],[-105.110927,39.711013],[-105.109522,39.711015],[-105.109548,39.7009],[-105.109687,39.700144],[-105.110053,39.699217],[-105.1105,39.69846],[-105.11185,39.69685],[-105.112012,39.69656],[-105.086221,39.696549],[-105.081505,39.696624],[-105.081603,39.694793],[-105.081451,39.688751],[-105.081456,39.67772],[-105.081328,39.671465],[-105.081457,39.668577],[-105.081453,39.662056],[-105.079163,39.662041],[-105.078895,39.661587],[-105.078158,39.660759],[-105.076677,39.659887],[-105.076676,39.659312],[-105.071973,39.660024],[-105.071971,39.659604],[-105.070016,39.659071],[-105.070144,39.656874],[-105.067288,39.656879],[-105.067278,39.653319],[-105.067477,39.653321],[-105.06749,39.652491],[-105.068053,39.65249],[-105.068057,39.652188],[-105.068206,39.652188],[-105.069121,39.651301],[-105.069917,39.649991],[-105.07083,39.649999],[-105.070833,39.649579],[-105.063924,39.649566],[-105.0639,39.650295],[-105.062626,39.650267],[-105.062598,39.651513],[-105.061999,39.651515],[-105.062002,39.65124],[-105.058059,39.651251],[-105.058031,39.652959],[-105.05715,39.652946],[-105.057165,39.651986],[-105.055026,39.651992],[-105.054513,39.65176],[-105.053754,39.651727],[-105.053738,39.6514],[-105.053581,39.65116],[-105.057073,39.651248],[-105.057091,39.649701],[-105.063197,39.649626],[-105.063223,39.645992],[-105.072045,39.645984],[-105.072093,39.645647],[-105.072326,39.64535],[-105.073816,39.644628],[-105.074454,39.644104],[-105.07576,39.64205],[-105.075897,39.64118],[-105.076773,39.639353],[-105.076803,39.638735],[-105.073271,39.63874],[-105.073307,39.636563],[-105.074176,39.636752],[-105.074783,39.636618],[-105.074799,39.636682],[-105.075222,39.636515],[-105.077147,39.636413],[-105.079007,39.636717],[-105.07945,39.636727],[-105.07995,39.636643],[-105.080299,39.636209],[-105.080855,39.636145],[-105.081565,39.636166],[-105.081541,39.636721],[-105.081716,39.636867],[-105.081578,39.638667],[-105.081676,39.638759],[-105.084414,39.638693],[-105.0911,39.638719],[-105.091103,39.635083],[-105.109875,39.635072],[-105.109924,39.627085],[-105.107496,39.627093],[-105.107503,39.624218],[-105.091256,39.624198],[-105.091164,39.627081],[-105.087384,39.62709],[-105.087391,39.626046],[-105.085626,39.626107],[-105.08558,39.628527],[-105.083789,39.628527],[-105.083813,39.627318],[-105.08173,39.627313],[-105.081693,39.630149],[-105.083735,39.630155],[-105.083712,39.631327],[-105.080952,39.631327],[-105.080232,39.629461],[-105.076273,39.625095],[-105.074517,39.624227],[-105.076116,39.624225],[-105.073665,39.623285],[-105.065662,39.6206],[-105.065091,39.620045],[-105.065141,39.618582],[-105.073364,39.618569],[-105.074796,39.618511],[-105.075972,39.618601],[-105.084297,39.618584],[-105.087252,39.618317],[-105.097029,39.618362],[-105.09701,39.614311],[-105.091401,39.614332],[-105.091426,39.609694],[-105.098645,39.609777],[-105.109975,39.609734],[-105.110172,39.593044],[-105.110601,39.593168],[-105.110821,39.593124],[-105.11129,39.593266],[-105.111765,39.593294],[-105.11217,39.593425],[-105.112589,39.59337],[-105.113555,39.593545],[-105.114059,39.593369],[-105.114406,39.593353],[-105.114889,39.593633],[-105.115117,39.593633],[-105.115727,39.593896],[-105.116168,39.593863],[-105.116402,39.593709],[-105.116998,39.593599],[-105.118603,39.593746],[-105.118816,39.593867],[-105.119164,39.593878],[-105.11976,39.593779],[-105.120342,39.593394],[-105.121123,39.593151],[-105.122684,39.592322],[-105.123152,39.592245],[-105.124132,39.592277],[-105.12475,39.592376],[-105.125254,39.592189],[-105.12559,39.59215],[-105.125725,39.59204],[-105.125768,39.591815],[-105.126073,39.591645],[-105.126178,39.591404],[-105.126784,39.590991],[-105.127647,39.590743],[-105.128402,39.590855],[-105.129027,39.59063],[-105.129396,39.590762],[-105.130689,39.590307],[-105.131456,39.590258],[-105.131974,39.590017],[-105.132698,39.58999],[-105.132975,39.589869],[-105.133344,39.589891],[-105.134516,39.589436],[-105.135588,39.589156],[-105.137211,39.589141],[-105.137385,39.589084],[-105.137776,39.589545],[-105.138889,39.589921],[-105.139741,39.589987],[-105.140103,39.589691],[-105.140927,39.589334],[-105.141296,39.589351],[-105.1418,39.589642],[-105.142524,39.589516],[-105.143284,39.589544],[-105.144263,39.589385],[-105.145243,39.589775],[-105.145953,39.589753],[-105.145874,39.590055],[-105.146563,39.590698],[-105.146648,39.591011],[-105.147825,39.592896],[-105.147789,39.593473],[-105.148066,39.593736],[-105.148165,39.594297],[-105.148612,39.594588],[-105.148811,39.594857],[-105.149236,39.595918],[-105.149264,39.596264],[-105.149705,39.596582],[-105.14996,39.597406],[-105.150421,39.597972],[-105.150755,39.598016],[-105.150904,39.59817],[-105.15091,39.598659],[-105.150626,39.598708],[-105.150612,39.598868],[-105.150874,39.599532],[-105.151506,39.600181],[-105.151449,39.600807],[-105.151548,39.600933],[-105.152152,39.601131],[-105.152457,39.601565],[-105.152755,39.601587],[-105.152939,39.601692],[-105.153117,39.601675],[-105.154495,39.601291],[-105.154992,39.60128],[-105.155212,39.60117],[-105.155929,39.600512],[-105.156317,39.600319],[-105.156654,39.601526],[-105.158465,39.60211],[-105.158915,39.602642],[-105.160756,39.605751],[-105.160919,39.606835],[-105.160204,39.607244],[-105.160101,39.60753],[-105.160204,39.608],[-105.160735,39.608348],[-105.160653,39.608962],[-105.16008,39.609654],[-105.160449,39.612214],[-105.1605,39.615797],[-105.160909,39.616862],[-105.163651,39.622297],[-105.164005,39.623487],[-105.165518,39.626099],[-105.167248,39.628068],[-105.166937,39.627885],[-105.167842,39.628685],[-105.172199,39.633167],[-105.178563,39.628624],[-105.178656,39.628716],[-105.179656,39.628006],[-105.180193,39.62773],[-105.181672,39.627179],[-105.187938,39.625838],[-105.189888,39.625386],[-105.190498,39.625176],[-105.192081,39.624475],[-105.193271,39.623679],[-105.19334,39.622674],[-105.194033,39.622402],[-105.194918,39.621747],[-105.195595,39.621465],[-105.196195,39.621068],[-105.196978,39.620798],[-105.197162,39.620664],[-105.197198,39.620431],[-105.197901,39.620466],[-105.197982,39.620566],[-105.198142,39.620568],[-105.198099,39.620962],[-105.200054,39.621051],[-105.200694,39.620938],[-105.201151,39.620784],[-105.202715,39.61964],[-105.202976,39.619391],[-105.202988,39.618862],[-105.204039,39.618586],[-105.204706,39.618306],[-105.205146,39.618234],[-105.206034,39.618273],[-105.207583,39.618613],[-105.207923,39.618629],[-105.208527,39.618591],[-105.209621,39.618382],[-105.212092,39.618837],[-105.212774,39.618843],[-105.213051,39.618733],[-105.213676,39.617997],[-105.214294,39.617606],[-105.214755,39.617436],[-105.216027,39.617194],[-105.216964,39.617249],[-105.218139,39.61755],[-105.218129,39.618771],[-105.218872,39.618776],[-105.218866,39.619467],[-105.219294,39.61947],[-105.219279,39.620839],[-105.221043,39.620846],[-105.221041,39.620725],[-105.221414,39.620726],[-105.221411,39.620512],[-105.222105,39.620513],[-105.222702,39.619439],[-105.223934,39.618027],[-105.224716,39.618198],[-105.226,39.619304],[-105.22655,39.619631],[-105.226928,39.619737],[-105.227542,39.619747],[-105.22793,39.619669],[-105.22845,39.61943],[-105.228849,39.618922],[-105.229053,39.617929],[-105.229183,39.617646],[-105.22952,39.617258],[-105.229781,39.61702],[-105.230249,39.616761],[-105.231508,39.616341],[-105.232437,39.615933],[-105.232287,39.615799],[-105.232757,39.61529],[-105.232872,39.614872],[-105.232818,39.614325],[-105.232471,39.613778],[-105.231483,39.612736],[-105.231144,39.611855],[-105.231229,39.61092],[-105.231737,39.609812],[-105.231817,39.609145],[-105.231456,39.608424],[-105.229921,39.606795],[-105.229374,39.605941],[-105.229213,39.60534],[-105.228953,39.602596],[-105.228726,39.601822],[-105.228486,39.601408],[-105.225802,39.59823],[-105.222905,39.595119],[-105.222558,39.594252],[-105.222307,39.592475],[-105.221821,39.591445],[-105.222372,39.591596],[-105.22301,39.592191],[-105.223993,39.592379],[-105.224413,39.592529],[-105.224712,39.592764],[-105.224943,39.593141],[-105.225344,39.592998],[-105.226318,39.59205],[-105.227775,39.591883],[-105.228752,39.592138],[-105.23012,39.59182],[-105.23082,39.5914],[-105.231366,39.590596],[-105.232475,39.590095],[-105.232944,39.590094],[-105.233156,39.590193],[-105.23337,39.590468],[-105.233364,39.591172],[-105.233529,39.591283],[-105.233729,39.591298],[-105.235128,39.591199],[-105.236278,39.591309],[-105.237108,39.591264],[-105.238314,39.590917],[-105.239553,39.590879],[-105.240471,39.590761],[-105.241255,39.590361],[-105.242469,39.590111],[-105.243755,39.590416],[-105.244557,39.590304],[-105.245188,39.590122],[-105.24535,39.589924],[-105.24542,39.589489],[-105.24521,39.588408],[-105.245265,39.587732],[-105.245469,39.587204],[-105.245922,39.587049],[-105.246541,39.587169],[-105.246855,39.587641],[-105.247274,39.587925],[-105.24807,39.588089],[-105.249157,39.588147],[-105.249597,39.588245],[-105.249868,39.588513],[-105.249777,39.588936],[-105.249934,39.589079],[-105.250481,39.589133],[-105.250906,39.588939],[-105.251124,39.588203],[-105.251301,39.588093],[-105.251996,39.587998],[-105.252194,39.587838],[-105.25242,39.587447],[-105.253029,39.58716],[-105.253228,39.586968],[-105.253389,39.586517],[-105.253074,39.585721],[-105.253143,39.585227],[-105.25327,39.585078],[-105.253547,39.584957],[-105.254377,39.584719],[-105.255037,39.584772],[-105.255813,39.585397],[-105.25622,39.585939],[-105.256492,39.586647],[-105.256642,39.586828],[-105.257032,39.586828],[-105.258346,39.586239],[-105.258809,39.586144],[-105.259087,39.58619],[-105.259866,39.586746],[-105.260268,39.586944],[-105.26152,39.587323],[-105.262905,39.587424],[-105.264018,39.58766],[-105.264935,39.587937],[-105.266064,39.588587],[-105.268089,39.588894],[-105.268258,39.589418],[-105.268507,39.589809],[-105.268713,39.590719],[-105.268592,39.591049],[-105.268699,39.591214],[-105.268741,39.591834],[-105.269195,39.592444],[-105.26923,39.592818],[-105.269457,39.593219],[-105.270379,39.594548],[-105.270669,39.595751],[-105.271443,39.597021],[-105.271882,39.59751],[-105.272093,39.598656],[-105.272363,39.599445],[-105.273488,39.60151],[-105.273745,39.60167],[-105.273824,39.601823],[-105.273855,39.602668],[-105.273558,39.603285],[-105.273625,39.604009],[-105.273904,39.604582],[-105.273897,39.605109],[-105.27537,39.607116],[-105.275624,39.607393],[-105.27768,39.608853],[-105.278274,39.609732],[-105.278669,39.610124],[-105.279124,39.609791],[-105.279705,39.609841],[-105.279751,39.609997],[-105.279485,39.610486],[-105.279572,39.610523],[-105.279139,39.611708],[-105.279125,39.611854],[-105.279269,39.612067],[-105.280618,39.612407],[-105.283734,39.613881],[-105.284858,39.614741],[-105.285376,39.615426],[-105.285406,39.615801],[-105.287005,39.616273],[-105.287419,39.616505],[-105.287731,39.616914],[-105.287773,39.617111],[-105.287753,39.617347],[-105.287404,39.617924],[-105.287563,39.618093],[-105.287966,39.618206],[-105.288216,39.618197],[-105.288857,39.617991],[-105.290492,39.617932],[-105.292969,39.619147],[-105.294439,39.619695],[-105.294674,39.619738],[-105.29478,39.619659],[-105.294848,39.619209],[-105.295508,39.619535],[-105.295664,39.624839],[-105.295894,39.624434],[-105.29668,39.62393],[-105.2972,39.623968],[-105.2975,39.624133],[-105.297655,39.624225],[-105.297676,39.624503],[-105.297862,39.62462],[-105.297647,39.623388],[-105.311647,39.623588],[-105.312958,39.623859],[-105.314579,39.623444],[-105.324196,39.623607],[-105.323355,39.622069],[-105.323311,39.621848],[-105.323395,39.621561],[-105.324118,39.620307],[-105.323959,39.619888],[-105.323395,39.619536],[-105.323635,39.618913],[-105.324228,39.618344],[-105.325026,39.617962],[-105.326318,39.617502],[-105.327623,39.617392],[-105.32843,39.617036],[-105.328596,39.616763],[-105.328722,39.61624],[-105.329384,39.615376],[-105.329788,39.61416],[-105.33021,39.61385],[-105.331099,39.613608],[-105.331631,39.613212],[-105.331735,39.61309],[-105.331898,39.612317],[-105.33248,39.611567],[-105.332676,39.610908],[-105.332946,39.610587],[-105.333184,39.610498],[-105.333512,39.610497],[-105.334452,39.610836],[-105.334809,39.610891],[-105.335171,39.610849],[-105.3376,39.609226],[-105.33818,39.608948],[-105.338392,39.608605],[-105.338499,39.608133],[-105.338442,39.607065],[-105.338987,39.60664],[-105.339747,39.606288],[-105.340515,39.605583],[-105.340794,39.605166],[-105.341065,39.604163],[-105.341371,39.603478],[-105.341844,39.602787],[-105.3421,39.602128],[-105.342093,39.601199],[-105.342324,39.600448],[-105.342243,39.599779],[-105.342704,39.598733],[-105.342995,39.597266],[-105.342947,39.59654],[-105.342677,39.595784],[-105.342744,39.595312],[-105.343874,39.594204],[-105.344214,39.593615],[-105.344652,39.592385],[-105.345329,39.591626],[-105.346234,39.591203],[-105.347269,39.590883],[-105.347504,39.590714],[-105.348008,39.590083],[-105.348279,39.589944],[-105.349185,39.58977],[-105.35016,39.589116],[-105.350635,39.588905],[-105.352218,39.588852],[-105.352219,39.58952],[-105.352655,39.590634],[-105.352597,39.591425],[-105.352668,39.592162],[-105.352322,39.593446],[-105.35187,39.593546],[-105.351547,39.593912],[-105.350973,39.594296],[-105.350959,39.594665],[-105.351299,39.594749],[-105.352406,39.594715],[-105.354394,39.594983],[-105.356924,39.595913],[-105.35761,39.595981],[-105.358797,39.595848],[-105.359401,39.595573],[-105.360434,39.595248],[-105.361184,39.595231],[-105.362038,39.595076],[-105.362211,39.59517],[-105.362264,39.595564],[-105.362515,39.59595],[-105.363431,39.596347],[-105.36456,39.596601],[-105.365175,39.597298],[-105.365709,39.598219],[-105.365749,39.598475],[-105.365578,39.60049],[-105.36572,39.601039],[-105.366123,39.601472],[-105.367155,39.601978],[-105.367238,39.602086],[-105.367262,39.602639],[-105.368706,39.604469],[-105.369317,39.604965],[-105.369858,39.605288],[-105.371824,39.605848],[-105.372785,39.605927],[-105.37344,39.606077],[-105.374825,39.606614],[-105.376374,39.608597],[-105.376638,39.609449],[-105.378148,39.609245],[-105.378436,39.609325],[-105.37886,39.60961],[-105.37913,39.609623],[-105.380448,39.609235],[-105.383746,39.608651],[-105.385585,39.608668],[-105.387475,39.608839],[-105.389794,39.608518],[-105.391274,39.608738],[-105.393062,39.608684],[-105.393821,39.608754],[-105.394938,39.608498],[-105.395462,39.60807],[-105.396506,39.607646],[-105.397365,39.607533],[-105.397776,39.607401],[-105.398875,39.60641]]]}},{"type":"Feature","properties":{"d":21,"label":[-104.09785,39.78344],"area":1390.3},"geometry":{"type":"Polygon","coordinates":[[[-105.05327,39.820028],[-105.053236,39.841807],[-105.044225,39.841807],[-105.044354,39.842258],[-105.042231,39.842579],[-105.043073,39.843458],[-105.043187,39.843766],[-105.043073,39.845045],[-105.04289,39.845271],[-105.04493,39.847274],[-105.044723,39.847444],[-105.044117,39.847703],[-105.043809,39.847397],[-105.043215,39.847725],[-105.041694,39.847902],[-105.041069,39.848085],[-105.040575,39.848333],[-105.039973,39.848822],[-105.039307,39.849699],[-105.039116,39.850346],[-105.039147,39.850922],[-105.038127,39.850853],[-105.03432,39.850859],[-105.034369,39.856263],[-105.022622,39.856237],[-105.02015,39.856323],[-105.017117,39.856224],[-105.015568,39.856066],[-105.015387,39.850888],[-105.013031,39.850862],[-105.013002,39.849566],[-105.012144,39.849576],[-105.012152,39.849045],[-104.99654,39.849063],[-104.996556,39.848087],[-104.996715,39.847094],[-104.994414,39.846757],[-104.994062,39.848241],[-104.993995,39.848939],[-104.989684,39.848935],[-104.989681,39.847807],[-104.988651,39.847799],[-104.988655,39.847009],[-104.987897,39.847036],[-104.987752,39.847165],[-104.987717,39.84752],[-104.987271,39.847521],[-104.987277,39.845384],[-104.984459,39.845405],[-104.984525,39.845711],[-104.984374,39.846308],[-104.983248,39.846006],[-104.982577,39.845443],[-104.981186,39.846325],[-104.980222,39.846734],[-104.980024,39.846353],[-104.979087,39.846519],[-104.97788,39.846525],[-104.977817,39.851002],[-104.977133,39.851001],[-104.977137,39.854195],[-104.975103,39.854171],[-104.974435,39.854051],[-104.974208,39.855015],[-104.974367,39.856197],[-104.949802,39.856012],[-104.949774,39.855705],[-104.949652,39.855696],[-104.949559,39.852459],[-104.941817,39.852385],[-104.941817,39.852084],[-104.942947,39.8487],[-104.94542,39.848695],[-104.945447,39.848503],[-104.946055,39.848423],[-104.946509,39.848424],[-104.946586,39.848692],[-104.946664,39.848692],[-104.946663,39.847982],[-104.949623,39.847994],[-104.949639,39.847089],[-104.946717,39.84707],[-104.946748,39.844635],[-104.94707,39.844636],[-104.947459,39.842886],[-104.947533,39.842806],[-104.948038,39.842805],[-104.948067,39.842467],[-104.948247,39.842468],[-104.948328,39.841761],[-104.948835,39.841486],[-104.94893,39.841736],[-104.949375,39.841736],[-104.949727,39.842314],[-104.949983,39.84214],[-104.945594,39.833672],[-104.945221,39.832799],[-104.944611,39.83088],[-104.942606,39.830873],[-104.942454,39.831196],[-104.939419,39.833206],[-104.936123,39.835835],[-104.936118,39.83597],[-104.936249,39.83593],[-104.936236,39.838156],[-104.937838,39.838161],[-104.937832,39.83915],[-104.934468,39.839138],[-104.933412,39.840062],[-104.933394,39.841972],[-104.932868,39.841888],[-104.932867,39.842825],[-104.93149,39.842823],[-104.931512,39.845789],[-104.931386,39.845881],[-104.93019,39.845656],[-104.930296,39.845463],[-104.930219,39.845463],[-104.929523,39.846725],[-104.928747,39.846988],[-104.927973,39.847933],[-104.927982,39.849388],[-104.926805,39.849388],[-104.926806,39.849594],[-104.925008,39.850987],[-104.925014,39.852652],[-104.924455,39.852652],[-104.923744,39.853211],[-104.923047,39.854773],[-104.922261,39.854549],[-104.92209,39.854819],[-104.922094,39.856011],[-104.922487,39.856055],[-104.922486,39.856108],[-104.931657,39.856181],[-104.931658,39.85642],[-104.935998,39.856304],[-104.935164,39.857395],[-104.931568,39.856928],[-104.931532,39.858021],[-104.929143,39.858028],[-104.929203,39.856342],[-104.924984,39.856342],[-104.924982,39.857034],[-104.924448,39.857036],[-104.924443,39.85804],[-104.919683,39.858054],[-104.919539,39.860024],[-104.919767,39.861211],[-104.920053,39.861459],[-104.920127,39.861676],[-104.920009,39.861688],[-104.919664,39.862582],[-104.91891,39.863488],[-104.917234,39.864403],[-104.914856,39.864415],[-104.914852,39.865163],[-104.913457,39.866361],[-104.913585,39.866416],[-104.913372,39.866679],[-104.913143,39.866608],[-104.912616,39.867261],[-104.91243,39.867882],[-104.912351,39.870376],[-104.912287,39.870474],[-104.911433,39.8709],[-104.91135,39.870764],[-104.901656,39.870762],[-104.899565,39.873061],[-104.8982,39.874415],[-104.898645,39.874406],[-104.89572,39.87713],[-104.89488,39.878076],[-104.895015,39.87808],[-104.892112,39.881494],[-104.889368,39.886241],[-104.885562,39.892475],[-104.898335,39.892478],[-104.898387,39.900579],[-104.897913,39.901116],[-104.897094,39.901829],[-104.897012,39.902358],[-104.89739,39.903366],[-104.893561,39.903356],[-104.893554,39.906877],[-104.890899,39.907034],[-104.877824,39.906954],[-104.878201,39.906471],[-104.876516,39.906464],[-104.873973,39.910503],[-104.871183,39.913995],[-104.871389,39.914092],[-104.87129,39.914216],[-104.871058,39.914217],[-104.870991,39.914301],[-104.870592,39.914302],[-104.870489,39.914427],[-104.869413,39.914433],[-104.869331,39.91431],[-104.867924,39.91438],[-104.861245,39.914395],[-104.86097,39.914484],[-104.858262,39.914498],[-104.858249,39.914372],[-104.858169,39.914354],[-104.855373,39.914339],[-104.855345,39.914389],[-104.853702,39.914404],[-104.853706,39.914521],[-104.852735,39.914524],[-104.852736,39.914409],[-104.846786,39.914465],[-104.846768,39.910596],[-104.846667,39.910597],[-104.846664,39.91002],[-104.84677,39.91002],[-104.846745,39.903584],[-104.846612,39.903581],[-104.846627,39.902596],[-104.846738,39.902595],[-104.84673,39.899777],[-104.846607,39.899778],[-104.846604,39.899646],[-104.846518,39.899634],[-104.846538,39.899015],[-104.846351,39.897654],[-104.84265,39.899685],[-104.842907,39.899686],[-104.841928,39.900207],[-104.841918,39.90006],[-104.837248,39.902611],[-104.837232,39.902063],[-104.82472,39.908805],[-104.822451,39.910115],[-104.818732,39.912617],[-104.818754,39.914128],[-104.818973,39.914197],[-104.818931,39.914411],[-104.80891,39.914401],[-104.808925,39.91834],[-104.808391,39.918905],[-104.807623,39.919416],[-104.8075,39.919742],[-104.807257,39.919824],[-104.806015,39.919947],[-104.805427,39.920187],[-104.806686,39.921074],[-104.79853,39.928027],[-104.793234,39.928013],[-104.793461,39.928837],[-104.793342,39.928838],[-104.793337,39.928925],[-104.793705,39.9299],[-104.793309,39.930665],[-104.792943,39.931939],[-104.792375,39.932428],[-104.792328,39.933225],[-104.791714,39.933743],[-104.791899,39.933733],[-104.790753,39.934794],[-104.791008,39.935274],[-104.789128,39.936936],[-104.784074,39.943329],[-104.781718,39.945277],[-104.770982,39.95336],[-104.767362,39.956918],[-104.753765,39.969528],[-104.752222,39.968872],[-104.746942,39.972231],[-104.746882,39.972374],[-104.73336,39.972292],[-104.714537,39.972397],[-104.70474,39.972569],[-104.697381,39.972514],[-104.697142,40.00051],[-104.605149,40.000588],[-104.60186,40.000529],[-104.592348,40.000593],[-104.484812,40.000589],[-104.40366,40.000742],[-104.395378,40.000822],[-104.38138,40.00069],[-104.321059,40.00074],[-104.267386,40.000921],[-104.169334,40.000781],[-104.147412,40.000902],[-104.140768,40.000836],[-104.077024,40.000975],[-104.063944,40.001077],[-104.038027,40.001049],[-104.037676,40.0011],[-104.0375,40.001238],[-104.03715,40.001125],[-104.002979,40.001057],[-104.000505,40.001059],[-104.000505,40.001167],[-103.954601,40.001132],[-103.867743,40.001199],[-103.866083,40.001234],[-103.863842,40.001478],[-103.861467,40.001215],[-103.740621,40.001354],[-103.7336,40.001336],[-103.729803,40.001212],[-103.716797,40.001407],[-103.705701,40.001366],[-103.705826,39.999984],[-103.705714,39.997215],[-103.705695,39.985114],[-103.70602,39.973375],[-103.706244,39.95888],[-103.706171,39.953973],[-103.7061,39.906686],[-103.706295,39.888999],[-103.706246,39.830452],[-103.706367,39.798005],[-103.706519,39.783491],[-103.706547,39.739894],[-103.706657,39.734604],[-103.706674,39.725441],[-103.706613,39.624985],[-103.706964,39.587574],[-103.707072,39.566295],[-103.751925,39.566561],[-103.839225,39.56657],[-103.875512,39.566623],[-103.913036,39.566343],[-103.950756,39.56623],[-103.978639,39.56636],[-103.981891,39.566267],[-103.985114,39.566312],[-103.986976,39.566151],[-104.014352,39.565999],[-104.05657,39.565954],[-104.067321,39.56582],[-104.072132,39.565869],[-104.081331,39.565743],[-104.102381,39.565699],[-104.125515,39.565474],[-104.156314,39.565327],[-104.181209,39.565313],[-104.244157,39.565025],[-104.254205,39.564943],[-104.264823,39.564718],[-104.287608,39.564717],[-104.32345,39.564386],[-104.34753,39.564414],[-104.363794,39.564291],[-104.37598,39.563949],[-104.381131,39.564097],[-104.418039,39.563752],[-104.417425,39.578349],[-104.416169,39.643847],[-104.415499,39.694618],[-104.415661,39.694617],[-104.415437,39.709065],[-104.41516,39.723641],[-104.414727,39.736747],[-104.4151,39.737383],[-104.415289,39.738074],[-104.432411,39.738116],[-104.432671,39.737428],[-104.433232,39.73648],[-104.433336,39.735383],[-104.433475,39.730574],[-104.43362,39.730575],[-104.433871,39.723282],[-104.44321,39.723275],[-104.452536,39.723353],[-104.452332,39.736799],[-104.45215,39.737586],[-104.452224,39.738156],[-104.507378,39.73825],[-104.506984,39.7385],[-104.508042,39.738502],[-104.508086,39.757502],[-104.489074,39.757155],[-104.489297,39.795959],[-104.489294,39.825005],[-104.488981,39.866669],[-104.489043,39.888561],[-104.489312,39.912374],[-104.508035,39.912351],[-104.536013,39.912926],[-104.555916,39.913099],[-104.564248,39.913093],[-104.58339,39.913342],[-104.58345,39.898926],[-104.604097,39.899076],[-104.620759,39.899328],[-104.630945,39.899291],[-104.630939,39.906645],[-104.659163,39.906787],[-104.679664,39.907008],[-104.679582,39.914016],[-104.692054,39.914178],[-104.692139,39.906851],[-104.703185,39.906926],[-104.703311,39.895949],[-104.73039,39.896131],[-104.730953,39.845195],[-104.762279,39.84539],[-104.762317,39.841788],[-104.790859,39.841802],[-104.790708,39.827214],[-104.790922,39.819682],[-104.791054,39.810462],[-104.790895,39.798251],[-104.813987,39.7983],[-104.827716,39.798213],[-104.829286,39.798054],[-104.845527,39.798192],[-104.849342,39.798347],[-104.866041,39.798386],[-104.866074,39.812847],[-104.884405,39.812815],[-104.884372,39.80292],[-104.884474,39.798322],[-104.899069,39.798374],[-104.899069,39.800202],[-104.901416,39.800202],[-104.901405,39.798383],[-104.903561,39.798391],[-104.903438,39.783808],[-104.927002,39.783778],[-104.927034,39.791054],[-104.940487,39.791002],[-104.940476,39.794601],[-104.955445,39.794625],[-104.96019,39.791025],[-104.968861,39.791041],[-104.968863,39.791317],[-104.968316,39.791832],[-104.967936,39.791831],[-104.967779,39.79267],[-104.967523,39.793269],[-104.968773,39.793215],[-104.968716,39.798396],[-104.971644,39.798291],[-104.971656,39.796148],[-104.971157,39.796144],[-104.97116,39.795567],[-104.974667,39.795608],[-104.974676,39.794125],[-104.973057,39.794114],[-104.973065,39.792418],[-104.975951,39.792422],[-104.97595,39.791038],[-104.977724,39.791042],[-104.977722,39.791876],[-104.978271,39.791874],[-104.978274,39.791043],[-104.982669,39.791086],[-104.982874,39.791032],[-104.985185,39.791038],[-104.985181,39.791667],[-104.985782,39.791665],[-104.985781,39.79187],[-104.986358,39.791871],[-104.986386,39.791037],[-104.990263,39.791031],[-104.990263,39.791518],[-104.990629,39.792047],[-104.99324,39.792042],[-104.993242,39.791026],[-105.020542,39.791087],[-105.020554,39.792941],[-105.020617,39.793011],[-105.021569,39.793214],[-105.021106,39.79428],[-105.021843,39.794461],[-105.02197,39.794065],[-105.022191,39.793797],[-105.022614,39.793495],[-105.022945,39.793403],[-105.023448,39.793454],[-105.02404,39.793892],[-105.024381,39.794034],[-105.02483,39.794053],[-105.025303,39.793963],[-105.025262,39.791106],[-105.029944,39.791125],[-105.029953,39.792032],[-105.034645,39.792051],[-105.034618,39.791142],[-105.053246,39.791063],[-105.053162,39.799239],[-105.052886,39.800863],[-105.049254,39.800878],[-105.04926,39.801929],[-105.043936,39.801931],[-105.043947,39.802883],[-105.040499,39.802874],[-105.040513,39.80446],[-105.04199,39.804526],[-105.043039,39.804435],[-105.044008,39.804262],[-105.044099,39.81282],[-105.044028,39.817485],[-105.044408,39.817493],[-105.044872,39.817315],[-105.04512,39.81732],[-105.04579,39.817479],[-105.046076,39.817671],[-105.047203,39.817773],[-105.048733,39.818237],[-105.048873,39.818351],[-105.04888,39.81898],[-105.049251,39.81921],[-105.049608,39.81921],[-105.049848,39.81908],[-105.05055,39.819076],[-105.051385,39.819609],[-105.051386,39.820046],[-105.05327,39.820028]]]}},{"type":"Feature","properties":{"d":22,"label":[-105.13858,39.73146],"area":52.0},"geometry":{"type":"Polygon","coordinates":[[[-105.24049,39.753635],[-105.240482,39.759289],[-105.238668,39.759273],[-105.238685,39.760502],[-105.240474,39.760509],[-105.240415,39.768752],[-105.235906,39.768837],[-105.236263,39.769678],[-105.2365,39.770712],[-105.236498,39.771451],[-105.236272,39.772397],[-105.238096,39.772384],[-105.238087,39.773961],[-105.240421,39.773909],[-105.240427,39.779061],[-105.240345,39.780121],[-105.240443,39.78321],[-105.231719,39.783234],[-105.231663,39.781466],[-105.231458,39.781467],[-105.231443,39.780335],[-105.231577,39.779603],[-105.226603,39.779601],[-105.225898,39.779414],[-105.225563,39.779216],[-105.224511,39.778256],[-105.224219,39.777501],[-105.224183,39.776818],[-105.224332,39.776151],[-105.224836,39.775063],[-105.22479,39.774145],[-105.22446,39.773582],[-105.224106,39.773175],[-105.223034,39.772568],[-105.221745,39.772574],[-105.221725,39.769046],[-105.213918,39.769028],[-105.211694,39.765688],[-105.208757,39.767197],[-105.205526,39.768761],[-105.204531,39.76917],[-105.202805,39.769567],[-105.201233,39.769707],[-105.200614,39.76998],[-105.200449,39.769818],[-105.20137,39.769547],[-105.199865,39.769369],[-105.198187,39.769946],[-105.197551,39.770097],[-105.194159,39.770751],[-105.190231,39.771642],[-105.19019,39.771572],[-105.190013,39.771611],[-105.190035,39.771672],[-105.189785,39.771808],[-105.189234,39.772358],[-105.189087,39.772359],[-105.188952,39.77331],[-105.188868,39.775492],[-105.188976,39.775488],[-105.188981,39.775419],[-105.190147,39.775452],[-105.190316,39.775835],[-105.190328,39.776269],[-105.191228,39.776257],[-105.19076,39.777517],[-105.189786,39.781404],[-105.188633,39.781412],[-105.188275,39.783458],[-105.189291,39.783465],[-105.189274,39.783546],[-105.184192,39.783552],[-105.18416,39.785444],[-105.186013,39.785431],[-105.185984,39.787131],[-105.184132,39.787111],[-105.184154,39.785789],[-105.181771,39.785767],[-105.182,39.786466],[-105.181886,39.787219],[-105.180252,39.787161],[-105.179048,39.786815],[-105.178195,39.786679],[-105.178202,39.786019],[-105.177439,39.786015],[-105.177411,39.786648],[-105.174935,39.786608],[-105.175002,39.778179],[-105.174923,39.777983],[-105.174716,39.778041],[-105.174691,39.777645],[-105.174646,39.775246],[-105.174759,39.771455],[-105.174228,39.771451],[-105.171961,39.771564],[-105.169761,39.771824],[-105.167658,39.771851],[-105.166607,39.772106],[-105.166051,39.772054],[-105.163944,39.772084],[-105.163115,39.772197],[-105.161908,39.772121],[-105.159685,39.77234],[-105.158899,39.772341],[-105.157759,39.772508],[-105.157119,39.772431],[-105.155889,39.772521],[-105.155255,39.772491],[-105.15525,39.772551],[-105.155542,39.772612],[-105.156738,39.772612],[-105.15673,39.773107],[-105.159978,39.77282],[-105.164442,39.772791],[-105.164444,39.773782],[-105.165386,39.773682],[-105.165386,39.774405],[-105.16397,39.774659],[-105.163014,39.775106],[-105.162868,39.775546],[-105.162868,39.776062],[-105.163902,39.776058],[-105.163906,39.776176],[-105.15671,39.776254],[-105.145312,39.778243],[-105.141441,39.778361],[-105.140821,39.778756],[-105.14085,39.779092],[-105.140183,39.779335],[-105.140203,39.781062],[-105.141359,39.780813],[-105.141238,39.785377],[-105.138041,39.785387],[-105.13796,39.78612],[-105.137976,39.790939],[-105.136287,39.790953],[-105.136294,39.791589],[-105.13591,39.792155],[-105.135479,39.792381],[-105.135471,39.793758],[-105.134731,39.793762],[-105.134744,39.792726],[-105.133163,39.793324],[-105.132201,39.793292],[-105.131081,39.793664],[-105.131076,39.790997],[-105.130617,39.790997],[-105.130087,39.791003],[-105.13009,39.793791],[-105.128547,39.793807],[-105.128524,39.78737],[-105.123799,39.787387],[-105.123793,39.794622],[-105.122123,39.794625],[-105.122121,39.791014],[-105.119905,39.791018],[-105.119072,39.791186],[-105.119076,39.794639],[-105.114309,39.794658],[-105.114365,39.790971],[-105.114046,39.790349],[-105.113848,39.789146],[-105.114359,39.78749],[-105.114338,39.786426],[-105.109793,39.787448],[-105.109696,39.7902],[-105.104911,39.790334],[-105.104893,39.788267],[-105.101757,39.788903],[-105.100177,39.788986],[-105.100195,39.787117],[-105.097686,39.787121],[-105.097803,39.787745],[-105.096947,39.787865],[-105.096846,39.787944],[-105.095517,39.787946],[-105.095517,39.788445],[-105.096648,39.788479],[-105.096648,39.789048],[-105.095507,39.789045],[-105.095512,39.788549],[-105.094759,39.788548],[-105.094761,39.788772],[-105.094578,39.788772],[-105.094579,39.789042],[-105.0861,39.789086],[-105.086122,39.786727],[-105.088469,39.786735],[-105.088469,39.786572],[-105.090808,39.786569],[-105.090796,39.786841],[-105.09237,39.78684],[-105.09239,39.784539],[-105.093947,39.784538],[-105.093936,39.784035],[-105.092891,39.784038],[-105.089909,39.784318],[-105.08661,39.785094],[-105.086613,39.785472],[-105.086115,39.785469],[-105.086115,39.784566],[-105.084245,39.785012],[-105.083769,39.784992],[-105.082886,39.784336],[-105.081598,39.784586],[-105.08106,39.784158],[-105.079351,39.784653],[-105.079102,39.784653],[-105.079102,39.784571],[-105.078657,39.784571],[-105.078657,39.784423],[-105.077919,39.784313],[-105.077919,39.784457],[-105.076745,39.784573],[-105.076746,39.784981],[-105.07356,39.784981],[-105.073558,39.785134],[-105.073122,39.784981],[-105.072875,39.784981],[-105.072065,39.784622],[-105.072066,39.78608],[-105.073424,39.787207],[-105.072596,39.787472],[-105.07201,39.787517],[-105.068721,39.787478],[-105.068687,39.78839],[-105.062653,39.78834],[-105.062659,39.783847],[-105.053183,39.783797],[-105.053265,39.771134],[-105.053228,39.734922],[-105.055572,39.734913],[-105.055591,39.734508],[-105.055588,39.733105],[-105.055011,39.7331],[-105.055013,39.733724],[-105.054427,39.73364],[-105.054424,39.733101],[-105.053227,39.73311],[-105.053279,39.718233],[-105.053194,39.691364],[-105.053266,39.689559],[-105.053191,39.682397],[-105.053221,39.682291],[-105.057797,39.682272],[-105.057794,39.678697],[-105.059254,39.678339],[-105.060335,39.677954],[-105.061005,39.678041],[-105.061422,39.678258],[-105.06262,39.67928],[-105.062622,39.675008],[-105.053251,39.675037],[-105.053256,39.667785],[-105.071991,39.667763],[-105.071997,39.669344],[-105.072546,39.669423],[-105.07271,39.669742],[-105.074504,39.67025],[-105.074951,39.670485],[-105.075306,39.670058],[-105.075889,39.669991],[-105.075986,39.669307],[-105.076664,39.669413],[-105.07667,39.669061],[-105.078156,39.66929],[-105.079212,39.669339],[-105.079183,39.669738],[-105.080157,39.669826],[-105.081348,39.670133],[-105.081349,39.674916],[-105.081464,39.678946],[-105.081451,39.688751],[-105.081603,39.694793],[-105.081505,39.696624],[-105.086221,39.696549],[-105.112012,39.69656],[-105.11185,39.69685],[-105.1105,39.69846],[-105.110053,39.699217],[-105.109687,39.700144],[-105.109548,39.7009],[-105.109522,39.711015],[-105.110927,39.711013],[-105.110936,39.710749],[-105.112082,39.710726],[-105.121445,39.71072],[-105.12144,39.710955],[-105.128462,39.710906],[-105.129464,39.710828],[-105.130473,39.710628],[-105.131288,39.710378],[-105.13291,39.709621],[-105.133069,39.710122],[-105.133156,39.711743],[-105.134294,39.711716],[-105.135758,39.712174],[-105.144821,39.712241],[-105.145522,39.712134],[-105.147964,39.710865],[-105.152378,39.710778],[-105.154128,39.710492],[-105.154394,39.710333],[-105.154262,39.712547],[-105.154075,39.720019],[-105.154036,39.72471],[-105.159745,39.72472],[-105.160896,39.724275],[-105.161863,39.724277],[-105.161848,39.723957],[-105.162485,39.722442],[-105.16274,39.722126],[-105.163119,39.721939],[-105.163065,39.721848],[-105.165432,39.721807],[-105.165574,39.721812],[-105.165612,39.723482],[-105.167654,39.723547],[-105.168229,39.723859],[-105.168936,39.724573],[-105.169353,39.724767],[-105.172201,39.724989],[-105.175812,39.724999],[-105.177264,39.724918],[-105.178418,39.724674],[-105.178405,39.723746],[-105.174864,39.723725],[-105.174848,39.718254],[-105.184211,39.718263],[-105.184235,39.720213],[-105.185999,39.720191],[-105.18727,39.719263],[-105.188305,39.718365],[-105.18888,39.717669],[-105.188831,39.711231],[-105.190824,39.711171],[-105.190734,39.709995],[-105.191263,39.709609],[-105.191218,39.705469],[-105.192567,39.704412],[-105.19272,39.7036],[-105.198918,39.703595],[-105.199235,39.703045],[-105.199165,39.702675],[-105.199342,39.702498],[-105.199231,39.701921],[-105.199833,39.701715],[-105.199673,39.701254],[-105.201952,39.702427],[-105.202362,39.701898],[-105.203152,39.701137],[-105.204862,39.699944],[-105.204966,39.700187],[-105.204916,39.700348],[-105.204396,39.701374],[-105.205433,39.701667],[-105.205949,39.701566],[-105.206472,39.701149],[-105.206639,39.703646],[-105.208396,39.703657],[-105.215494,39.700602],[-105.221017,39.701489],[-105.221125,39.711047],[-105.238893,39.710946],[-105.238596,39.716844],[-105.238243,39.716836],[-105.238291,39.717179],[-105.238576,39.717184],[-105.238522,39.718238],[-105.236742,39.718248],[-105.234718,39.715483],[-105.232739,39.715472],[-105.232587,39.715196],[-105.231163,39.715132],[-105.231161,39.718142],[-105.231789,39.718171],[-105.232136,39.718263],[-105.22983,39.718296],[-105.229787,39.725497],[-105.221392,39.72556],[-105.221583,39.728568],[-105.220827,39.728562],[-105.220872,39.72913],[-105.221619,39.729138],[-105.221641,39.729484],[-105.223796,39.729453],[-105.223991,39.732686],[-105.221847,39.732725],[-105.221943,39.739973],[-105.232951,39.739967],[-105.232982,39.742393],[-105.233463,39.742845],[-105.233666,39.742937],[-105.23396,39.742937],[-105.234627,39.742765],[-105.234842,39.742815],[-105.235343,39.742214],[-105.236298,39.742831],[-105.235736,39.744018],[-105.234599,39.743583],[-105.234498,39.744165],[-105.234735,39.74447],[-105.235109,39.744574],[-105.236202,39.744439],[-105.236334,39.744535],[-105.233738,39.745135],[-105.234027,39.745969],[-105.234036,39.747178],[-105.231113,39.74722],[-105.231036,39.749928],[-105.23216,39.750071],[-105.232998,39.750316],[-105.233935,39.750706],[-105.235611,39.751887],[-105.235793,39.751896],[-105.235794,39.751737],[-105.237277,39.751394],[-105.238546,39.751576],[-105.238481,39.752412],[-105.237938,39.752406],[-105.237937,39.752531],[-105.238471,39.752554],[-105.238454,39.752773],[-105.240193,39.753269],[-105.240207,39.753618],[-105.24049,39.753635]]]}},{"type":"Feature","properties":{"d":23,"label":[-104.88386,40.35567],"area":417.2},"geometry":{"type":"Polygon","coordinates":[[[-105.150404,40.33485],[-105.150247,40.349546],[-105.115561,40.349427],[-105.107586,40.349455],[-105.107634,40.341748],[-105.107126,40.341747],[-105.105324,40.341747],[-105.10508,40.342912],[-105.105156,40.343103],[-105.105201,40.349463],[-105.099734,40.349475],[-105.099669,40.348379],[-105.09697,40.348419],[-105.097212,40.348731],[-105.097342,40.34948],[-105.075217,40.349376],[-105.074874,40.349359],[-105.074887,40.349258],[-105.074672,40.34901],[-105.073632,40.34897],[-105.073408,40.349138],[-105.070549,40.349134],[-105.069954,40.349315],[-104.981677,40.349165],[-104.982417,40.354582],[-104.982928,40.356383],[-104.983468,40.357626],[-104.983562,40.358243],[-104.984487,40.359856],[-104.98701,40.363672],[-104.986732,40.363669],[-104.987575,40.366157],[-104.988896,40.368853],[-104.990438,40.371572],[-104.99163,40.373559],[-104.992606,40.374868],[-104.993493,40.376289],[-104.994988,40.377927],[-104.995169,40.378013],[-105.000953,40.378008],[-105.00095,40.378127],[-105.001247,40.378127],[-105.001231,40.379821],[-105.002528,40.379803],[-105.00246,40.385344],[-104.993881,40.385358],[-104.993861,40.388563],[-104.993959,40.389088],[-104.993906,40.392569],[-104.992742,40.392571],[-104.992666,40.404147],[-104.992516,40.404752],[-104.99226,40.405176],[-104.991702,40.405712],[-104.990923,40.406267],[-104.99009,40.406584],[-104.989029,40.406776],[-104.98903,40.406922],[-104.988722,40.407061],[-104.983449,40.407116],[-104.983446,40.406959],[-104.983004,40.406955],[-104.973755,40.407014],[-104.966747,40.40724],[-104.96418,40.407195],[-104.963984,40.417601],[-104.962076,40.417536],[-104.962076,40.418488],[-104.963966,40.41851],[-104.963927,40.421715],[-104.954887,40.421536],[-104.955024,40.414337],[-104.944427,40.414196],[-104.944222,40.435894],[-104.963519,40.436063],[-104.971735,40.435994],[-104.971678,40.440074],[-104.976785,40.440041],[-104.976848,40.435963],[-104.982507,40.435915],[-104.982222,40.464798],[-104.992112,40.464725],[-104.992068,40.472142],[-104.992349,40.472146],[-104.992374,40.475779],[-105.001157,40.475758],[-105.001113,40.479402],[-105.02014,40.480256],[-105.023068,40.48016],[-105.024738,40.481397],[-105.027657,40.48327],[-105.028128,40.483468],[-105.028987,40.483588],[-105.030055,40.483444],[-105.03079,40.48311],[-105.031352,40.482637],[-105.032459,40.48111],[-105.033386,40.480568],[-105.034228,40.480376],[-105.038606,40.480208],[-105.057153,40.480033],[-105.057091,40.480332],[-105.056624,40.480673],[-105.056372,40.481156],[-105.05602,40.481315],[-105.055588,40.481381],[-105.055329,40.481842],[-105.055164,40.481963],[-105.055221,40.482112],[-105.055588,40.482216],[-105.05571,40.482326],[-105.055746,40.482556],[-105.055653,40.482699],[-105.055041,40.483193],[-105.054228,40.484133],[-105.053437,40.484863],[-105.053207,40.484973],[-105.052718,40.484951],[-105.052545,40.485017],[-105.052185,40.485747],[-105.051775,40.486197],[-105.051775,40.48639],[-105.051452,40.486818],[-105.051473,40.489163],[-105.051336,40.489317],[-105.05094,40.489426],[-105.050797,40.489728],[-105.050674,40.490267],[-105.051019,40.490684],[-105.050357,40.492035],[-105.050559,40.492419],[-105.050508,40.492595],[-105.050285,40.49276],[-105.050285,40.492958],[-105.049782,40.493375],[-105.050595,40.493364],[-105.050854,40.493501],[-105.051148,40.494007],[-105.051215,40.4946],[-105.046226,40.494695],[-105.046108,40.491718],[-105.045257,40.491636],[-105.043373,40.490777],[-105.04259,40.490721],[-105.042328,40.490629],[-105.039334,40.490429],[-105.039325,40.49185],[-105.039546,40.491851],[-105.039519,40.494756],[-105.039308,40.494757],[-105.039357,40.523414],[-105.039284,40.538007],[-105.020244,40.537821],[-105.02023,40.542122],[-105.020455,40.545599],[-105.020219,40.545607],[-105.020199,40.552021],[-105.020667,40.552311],[-105.020588,40.552543],[-105.019968,40.552116],[-105.019892,40.55913],[-105.021225,40.559923],[-105.021924,40.560006],[-105.022197,40.560116],[-105.02237,40.560912],[-105.023226,40.561516],[-105.024104,40.562571],[-105.024989,40.564043],[-105.025673,40.564626],[-105.026335,40.565428],[-105.027235,40.566114],[-105.027342,40.56704],[-105.027236,40.567039],[-105.027142,40.567359],[-105.026985,40.568492],[-105.027019,40.568879],[-105.027245,40.569455],[-105.027704,40.569988],[-105.028114,40.570224],[-105.029254,40.570442],[-105.030013,40.570726],[-105.031395,40.571857],[-105.03168,40.572255],[-105.031832,40.573449],[-105.032053,40.573874],[-105.032806,40.574554],[-105.033368,40.57533],[-105.033673,40.575494],[-105.034424,40.575706],[-105.034947,40.576206],[-105.035049,40.577041],[-105.034871,40.577914],[-105.034982,40.578134],[-105.033825,40.578625],[-105.03323,40.579144],[-105.03296,40.579562],[-105.032771,40.580092],[-105.032751,40.580928],[-105.029621,40.581131],[-105.026378,40.581229],[-105.015039,40.581076],[-105.001089,40.581016],[-105.001204,40.602575],[-105.001092,40.610201],[-105.001112,40.624546],[-104.99807,40.624524],[-104.998069,40.624619],[-105.00059,40.624756],[-105.000811,40.625028],[-105.000802,40.625883],[-105.001059,40.625875],[-105.000534,40.638988],[-105.000733,40.667925],[-105.000467,40.685778],[-105.000292,40.685823],[-105.000336,40.682466],[-104.943244,40.682254],[-104.94311,40.696495],[-104.943543,40.696509],[-104.943476,40.711295],[-104.926882,40.711665],[-104.923743,40.71168],[-104.886933,40.71116],[-104.88641,40.696001],[-104.886575,40.671524],[-104.887012,40.654939],[-104.8881,40.639152],[-104.888455,40.625552],[-104.888608,40.625552],[-104.888654,40.615596],[-104.888927,40.615156],[-104.889651,40.614583],[-104.889895,40.614127],[-104.890867,40.610956],[-104.89075,40.610958],[-104.8909,40.60993],[-104.890775,40.609546],[-104.890452,40.609237],[-104.889343,40.608572],[-104.88855,40.608352],[-104.888742,40.588702],[-104.907621,40.588718],[-104.907902,40.570383],[-104.907832,40.552537],[-104.926917,40.552578],[-104.940912,40.55195],[-104.944151,40.551715],[-104.944186,40.542832],[-104.942429,40.542028],[-104.942073,40.542062],[-104.941487,40.541902],[-104.941143,40.54194],[-104.938997,40.542587],[-104.938719,40.542871],[-104.938567,40.543526],[-104.938388,40.543771],[-104.9381,40.543997],[-104.937151,40.544214],[-104.937174,40.544609],[-104.937418,40.544865],[-104.935705,40.545954],[-104.935507,40.546231],[-104.934989,40.546613],[-104.934269,40.547401],[-104.933369,40.547871],[-104.932306,40.547938],[-104.93184,40.547871],[-104.93214,40.547656],[-104.932383,40.547296],[-104.932278,40.547086],[-104.932638,40.546823],[-104.932727,40.546638],[-104.932509,40.54646],[-104.932247,40.546412],[-104.931987,40.546476],[-104.93181,40.546674],[-104.931511,40.546783],[-104.931071,40.546763],[-104.930554,40.547074],[-104.930453,40.547284],[-104.928781,40.54793],[-104.928579,40.547861],[-104.928333,40.547554],[-104.928329,40.547344],[-104.928652,40.547078],[-104.928676,40.546892],[-104.928301,40.546658],[-104.926669,40.546557],[-104.926417,40.546381],[-104.926438,40.545853],[-104.926729,40.545807],[-104.926976,40.545415],[-104.927072,40.538185],[-104.926082,40.538183],[-104.926113,40.538072],[-104.923037,40.538055],[-104.923022,40.53889],[-104.921842,40.538883],[-104.921838,40.538764],[-104.921494,40.538761],[-104.921503,40.53805],[-104.908329,40.537953],[-104.90833,40.537853],[-104.908187,40.537742],[-104.908224,40.523307],[-104.908023,40.523307],[-104.907928,40.51894],[-104.906995,40.51893],[-104.906624,40.519334],[-104.906666,40.52071],[-104.905255,40.52073],[-104.905332,40.521195],[-104.905086,40.521198],[-104.905083,40.523093],[-104.895673,40.523127],[-104.894724,40.522936],[-104.893911,40.522631],[-104.891988,40.52154],[-104.891539,40.521357],[-104.890293,40.521093],[-104.888991,40.521072],[-104.888804,40.509001],[-104.888858,40.503743],[-104.88685,40.503758],[-104.88684,40.503008],[-104.887914,40.502867],[-104.888769,40.502897],[-104.888781,40.50158],[-104.879504,40.501569],[-104.879456,40.508987],[-104.870214,40.508976],[-104.870214,40.507885],[-104.86971,40.507874],[-104.869549,40.5078],[-104.868398,40.507074],[-104.867939,40.506578],[-104.870218,40.506199],[-104.87024,40.495853],[-104.869156,40.494952],[-104.868795,40.494204],[-104.870147,40.494192],[-104.870154,40.492217],[-104.86941,40.492189],[-104.869417,40.491616],[-104.870159,40.491641],[-104.870233,40.486961],[-104.870123,40.486959],[-104.870145,40.483925],[-104.869937,40.483704],[-104.869946,40.481874],[-104.869627,40.480481],[-104.869544,40.480268],[-104.869327,40.480111],[-104.867591,40.480105],[-104.867363,40.480015],[-104.867205,40.479805],[-104.861198,40.479693],[-104.861176,40.481248],[-104.860845,40.481246],[-104.86086,40.479688],[-104.851468,40.47961],[-104.851306,40.490174],[-104.850442,40.490163],[-104.850076,40.489845],[-104.849782,40.489296],[-104.849798,40.488252],[-104.847816,40.487283],[-104.848314,40.487093],[-104.848421,40.486964],[-104.841742,40.487021],[-104.841896,40.490975],[-104.844274,40.490985],[-104.845012,40.491088],[-104.845392,40.489701],[-104.845982,40.489586],[-104.846429,40.489732],[-104.846797,40.490121],[-104.84706,40.490655],[-104.847681,40.492274],[-104.847891,40.493207],[-104.848075,40.493466],[-104.84911,40.494375],[-104.851137,40.494366],[-104.851116,40.501727],[-104.832427,40.501634],[-104.832404,40.507044],[-104.83226,40.507043],[-104.832409,40.479828],[-104.80892,40.480678],[-104.792442,40.480905],[-104.792413,40.451954],[-104.811579,40.451574],[-104.811667,40.452545],[-104.811657,40.456994],[-104.811793,40.457263],[-104.81228,40.457692],[-104.812945,40.458153],[-104.813527,40.458428],[-104.81445,40.458627],[-104.815092,40.458676],[-104.828056,40.458138],[-104.828069,40.461508],[-104.83093,40.462086],[-104.830926,40.458081],[-104.837204,40.458007],[-104.837183,40.461465],[-104.841913,40.461486],[-104.841955,40.450698],[-104.841437,40.443439],[-104.84397,40.443438],[-104.844294,40.443037],[-104.8451,40.442825],[-104.846056,40.442981],[-104.84645,40.442975],[-104.846781,40.443131],[-104.847481,40.443269],[-104.8478,40.443212],[-104.848191,40.442968],[-104.848644,40.442842],[-104.849102,40.442601],[-104.849473,40.442278],[-104.849462,40.441937],[-104.849527,40.441894],[-104.849658,40.442036],[-104.850685,40.441159],[-104.850648,40.441046],[-104.850768,40.440964],[-104.851038,40.44099],[-104.850892,40.440122],[-104.858052,40.440282],[-104.858362,40.439972],[-104.857713,40.437246],[-104.860423,40.421307],[-104.865591,40.421408],[-104.865636,40.421188],[-104.866014,40.421028],[-104.866923,40.421016],[-104.866933,40.420419],[-104.867816,40.421055],[-104.870102,40.421088],[-104.870107,40.414064],[-104.874583,40.414064],[-104.874487,40.421293],[-104.879083,40.421293],[-104.879152,40.417674],[-104.883783,40.417667],[-104.883678,40.421258],[-104.888232,40.421244],[-104.88823,40.421165],[-104.897775,40.421429],[-104.897781,40.421508],[-104.907026,40.42155],[-104.907075,40.40731],[-104.907291,40.407311],[-104.907501,40.392382],[-104.897769,40.392339],[-104.891866,40.392397],[-104.889957,40.392335],[-104.888121,40.392434],[-104.888195,40.385216],[-104.878989,40.385124],[-104.878967,40.392413],[-104.870013,40.392405],[-104.86998,40.377917],[-104.869822,40.377917],[-104.869822,40.37783],[-104.841389,40.377753],[-104.84139,40.377829],[-104.832093,40.377771],[-104.832093,40.377693],[-104.822669,40.377646],[-104.803422,40.377678],[-104.803523,40.37049],[-104.794036,40.370557],[-104.784539,40.370518],[-104.784624,40.363342],[-104.784815,40.363342],[-104.78485,40.356188],[-104.784967,40.352498],[-104.784605,40.352503],[-104.784558,40.349081],[-104.783949,40.349088],[-104.783783,40.344547],[-104.783837,40.342187],[-104.783977,40.341596],[-104.783675,40.341597],[-104.78362,40.340013],[-104.784253,40.337027],[-104.784939,40.335688],[-104.785235,40.33445],[-104.785682,40.333933],[-104.785759,40.333581],[-104.784663,40.333569],[-104.786126,40.330581],[-104.787118,40.330301],[-104.788686,40.330301],[-104.794027,40.331681],[-104.799928,40.330381],[-104.801328,40.328782],[-104.804129,40.323782],[-104.805829,40.321982],[-104.808831,40.320082],[-104.811178,40.319708],[-104.810952,40.316855],[-104.811055,40.301114],[-104.810996,40.289905],[-104.820483,40.289937],[-104.820506,40.275366],[-104.829791,40.275346],[-104.8298,40.282524],[-104.829999,40.282704],[-104.843118,40.283002],[-104.847821,40.281136],[-104.848566,40.28101],[-104.848685,40.280922],[-104.848743,40.271732],[-104.848431,40.270487],[-104.848703,40.269289],[-104.848635,40.261593],[-104.848977,40.246806],[-104.829837,40.24622],[-104.829967,40.224524],[-104.849005,40.225026],[-104.849033,40.225838],[-104.849296,40.227365],[-104.849653,40.22781],[-104.850825,40.228305],[-104.851053,40.228599],[-104.85153,40.229639],[-104.852434,40.230862],[-104.852526,40.232435],[-104.867472,40.232671],[-104.867434,40.225431],[-104.867556,40.225436],[-104.86739,40.20378],[-104.879767,40.203958],[-104.886241,40.204241],[-104.888748,40.204187],[-104.889058,40.204049],[-104.900429,40.204106],[-104.900368,40.204184],[-104.906305,40.204443],[-104.906303,40.204553],[-104.90652,40.204554],[-104.906531,40.203827],[-104.905753,40.203573],[-104.904719,40.203544],[-104.903682,40.203898],[-104.900948,40.203828],[-104.90074,40.203829],[-104.900677,40.203911],[-104.895183,40.20388],[-104.895184,40.203743],[-104.886246,40.203747],[-104.885901,40.203827],[-104.88571,40.174927],[-104.885602,40.174924],[-104.885604,40.174843],[-104.857773,40.174389],[-104.857744,40.167338],[-104.857601,40.16712],[-104.857307,40.167041],[-104.848805,40.167003],[-104.848475,40.166927],[-104.848345,40.166718],[-104.848446,40.159816],[-104.885756,40.159985],[-104.88576,40.159814],[-104.882645,40.159813],[-104.882647,40.159391],[-104.882831,40.159386],[-104.882833,40.158809],[-104.88159,40.158752],[-104.881627,40.159809],[-104.877443,40.159805],[-104.877446,40.159174],[-104.876455,40.159175],[-104.876458,40.158586],[-104.875493,40.158588],[-104.875496,40.159798],[-104.84855,40.159644],[-104.848678,40.13874],[-104.848682,40.134307],[-104.848576,40.1343],[-104.848658,40.120345],[-104.848554,40.119981],[-104.848317,40.119715],[-104.846078,40.118258],[-104.845806,40.117971],[-104.844948,40.115193],[-104.845079,40.114834],[-104.845348,40.114491],[-104.845793,40.114009],[-104.846051,40.113848],[-104.847321,40.113605],[-104.848704,40.113713],[-104.848838,40.102719],[-104.848828,40.094776],[-104.867536,40.094719],[-104.867558,40.095761],[-104.866242,40.095451],[-104.865662,40.09541],[-104.864665,40.095141],[-104.864409,40.097276],[-104.866995,40.097742],[-104.867513,40.098101],[-104.867799,40.0981],[-104.867879,40.094756],[-104.867768,40.087568],[-104.869026,40.087566],[-104.878888,40.087597],[-104.878903,40.087918],[-104.879083,40.088371],[-104.878711,40.088968],[-104.877679,40.089278],[-104.877086,40.089574],[-104.877082,40.094777],[-104.886491,40.094767],[-104.886426,40.08013],[-104.886306,40.080129],[-104.886303,40.080027],[-104.867767,40.080039],[-104.867768,40.07987],[-104.867589,40.079732],[-104.867484,40.066941],[-104.867731,40.066779],[-104.868336,40.06595],[-104.868811,40.065504],[-104.869165,40.065417],[-104.876247,40.065386],[-104.876225,40.061865],[-104.886294,40.061861],[-104.886314,40.058263],[-104.867341,40.058275],[-104.867234,40.042896],[-104.867258,40.018233],[-104.867116,40.00037],[-104.961405,40.000337],[-104.961405,40.000419],[-104.961538,40.000404],[-104.96152,40.011188],[-104.961483,40.014979],[-104.96132,40.014982],[-104.961242,40.032687],[-104.961071,40.044144],[-104.978526,40.043888],[-104.978523,40.044026],[-104.979358,40.044029],[-104.979318,40.043901],[-104.98029,40.043908],[-104.980289,40.044029],[-104.999084,40.044001],[-104.999104,40.058335],[-104.980817,40.058342],[-104.980837,40.080317],[-104.994161,40.080342],[-104.994174,40.073104],[-104.998848,40.073106],[-104.998811,40.084057],[-104.994693,40.084069],[-104.994665,40.087742],[-104.998619,40.087701],[-104.998824,40.087854],[-104.998915,40.087852],[-104.998917,40.087695],[-104.999642,40.087622],[-105.016511,40.087444],[-105.017669,40.08746],[-105.017665,40.087674],[-105.017738,40.087674],[-105.017724,40.087282],[-105.018222,40.087292],[-105.018381,40.087088],[-105.018494,40.08709],[-105.020832,40.084033],[-105.021002,40.083926],[-105.021437,40.083845],[-105.022482,40.083928],[-105.024258,40.084283],[-105.024858,40.084521],[-105.025248,40.084825],[-105.025501,40.085229],[-105.025474,40.08565],[-105.025308,40.086014],[-105.025171,40.086024],[-105.024613,40.08652],[-105.024585,40.086752],[-105.024741,40.087073],[-105.025007,40.087302],[-105.026528,40.087392],[-105.026597,40.087534],[-105.032273,40.087697],[-105.032265,40.08799],[-105.032371,40.087994],[-105.032555,40.087859],[-105.036665,40.087977],[-105.040307,40.087822],[-105.04502,40.087812],[-105.044964,40.095007],[-105.04162,40.095084],[-105.041571,40.102295],[-105.047973,40.102146],[-105.047964,40.102009],[-105.048288,40.101457],[-105.047582,40.101473],[-105.048991,40.099043],[-105.048366,40.099017],[-105.048113,40.098773],[-105.048077,40.098453],[-105.04822,40.098221],[-105.048451,40.098078],[-105.048739,40.098019],[-105.049032,40.098054],[-105.050878,40.094871],[-105.046322,40.094976],[-105.046384,40.087794],[-105.055411,40.087697],[-105.055482,40.10229],[-105.055363,40.124941],[-105.055393,40.138263],[-105.047336,40.13849],[-105.047376,40.139586],[-105.046092,40.139612],[-105.046098,40.138518],[-105.041365,40.138626],[-105.041361,40.139353],[-105.040566,40.139397],[-105.040031,40.139155],[-105.040041,40.138648],[-105.029516,40.138697],[-105.029502,40.142268],[-105.031182,40.142277],[-105.031901,40.142716],[-105.031901,40.142541],[-105.036516,40.145364],[-105.031902,40.145316],[-105.031888,40.146884],[-105.022316,40.146875],[-105.022305,40.145877],[-105.017625,40.14594],[-105.017585,40.153435],[-105.000308,40.153482],[-105.000307,40.154256],[-104.998721,40.154311],[-104.99869,40.157071],[-105.008097,40.156966],[-105.008044,40.160318],[-105.015228,40.160184],[-105.018183,40.160322],[-105.021648,40.16067],[-105.023405,40.160718],[-105.036736,40.160304],[-105.036452,40.170573],[-105.032183,40.171833],[-105.030346,40.174705],[-105.029233,40.174713],[-105.029351,40.174392],[-105.029205,40.174153],[-105.028847,40.174017],[-105.028364,40.174009],[-105.027452,40.174181],[-105.027037,40.174423],[-105.027035,40.174705],[-105.026917,40.174705],[-105.026916,40.1748],[-105.018288,40.17483],[-105.017947,40.175375],[-105.017606,40.176474],[-105.017662,40.182614],[-105.017473,40.183631],[-105.017503,40.196692],[-105.026861,40.196672],[-105.02686,40.189353],[-105.027948,40.189344],[-105.035665,40.189289],[-105.035973,40.189307],[-105.03623,40.189409],[-105.036354,40.189597],[-105.036375,40.190119],[-105.036564,40.190157],[-105.03658,40.196558],[-105.051642,40.196431],[-105.05147,40.19613],[-105.051177,40.195886],[-105.050907,40.195783],[-105.050629,40.195505],[-105.049958,40.194617],[-105.050126,40.194017],[-105.051321,40.193724],[-105.052041,40.191955],[-105.052396,40.191604],[-105.052148,40.1911],[-105.052036,40.191025],[-105.0504,40.190559],[-105.048954,40.189592],[-105.04813,40.189197],[-105.055214,40.189149],[-105.055194,40.223148],[-105.054923,40.239713],[-105.055105,40.249011],[-105.055089,40.261793],[-105.082624,40.261586],[-105.083037,40.261535],[-105.087127,40.261592],[-105.099831,40.261485],[-105.100337,40.261384],[-105.102451,40.261367],[-105.102531,40.290581],[-105.103164,40.290544],[-105.102966,40.291268],[-105.103009,40.294085],[-105.107512,40.294091],[-105.107587,40.305105],[-105.112303,40.304972],[-105.132873,40.304981],[-105.14839,40.304605],[-105.149072,40.304685],[-105.149709,40.304944],[-105.150095,40.30544],[-105.150242,40.306032],[-105.150404,40.33485]]]}},{"type":"Feature","properties":{"d":24,"label":[-104.91439,39.91546],"area":58.8},"geometry":{"type":"Polygon","coordinates":[[[-105.025113,39.872781],[-105.02502,39.885214],[-105.015517,39.885247],[-105.015517,39.885061],[-105.006099,39.885065],[-105.006121,39.87861],[-105.003504,39.878579],[-105.001691,39.878233],[-105.001749,39.874019],[-105.001867,39.873614],[-105.002216,39.87297],[-105.00158,39.872746],[-105.001581,39.872654],[-105.001309,39.872554],[-105.001306,39.87197],[-105.00104,39.871969],[-105.001036,39.872467],[-105.000491,39.87229],[-104.99665,39.872286],[-104.996651,39.872203],[-104.99557,39.872202],[-104.995068,39.871879],[-104.995073,39.871311],[-104.994142,39.871234],[-104.993585,39.871063],[-104.994633,39.86882],[-104.994168,39.86869],[-104.994307,39.868398],[-104.993334,39.86814],[-104.993198,39.868418],[-104.992695,39.868277],[-104.992169,39.869388],[-104.991306,39.869139],[-104.990123,39.869461],[-104.988852,39.869253],[-104.988666,39.86944],[-104.988672,39.870041],[-104.98889,39.870331],[-104.991442,39.87203],[-104.991119,39.872319],[-104.991212,39.872383],[-104.988096,39.874903],[-104.987207,39.8749],[-104.987102,39.883231],[-104.986703,39.884823],[-104.986292,39.885083],[-104.986292,39.885217],[-104.977888,39.885158],[-104.977891,39.88524],[-104.977785,39.88524],[-104.95892,39.885117],[-104.958945,39.891753],[-104.956537,39.891838],[-104.954245,39.890351],[-104.954246,39.890167],[-104.946122,39.885027],[-104.945923,39.885025],[-104.946003,39.885054],[-104.945824,39.8852],[-104.944919,39.885191],[-104.944761,39.885256],[-104.944839,39.885916],[-104.945169,39.886419],[-104.944933,39.886597],[-104.944888,39.892161],[-104.949554,39.892194],[-104.949578,39.899398],[-104.958839,39.899467],[-104.958888,39.907543],[-104.959072,39.913901],[-104.958605,39.913897],[-104.958659,39.915053],[-104.959057,39.916765],[-104.959682,39.91807],[-104.96146,39.921168],[-104.963755,39.921196],[-104.963759,39.920837],[-104.96514,39.921492],[-104.966029,39.921596],[-104.967233,39.921564],[-104.967862,39.921347],[-104.968474,39.921379],[-104.968453,39.91405],[-104.982526,39.914173],[-104.987599,39.914156],[-104.98987,39.914064],[-104.988747,39.916596],[-104.988264,39.918004],[-104.987921,39.919377],[-104.987776,39.920671],[-104.988192,39.975748],[-104.987784,39.975746],[-104.987746,39.986483],[-104.987486,39.987445],[-104.987052,39.988529],[-104.981607,39.998657],[-104.981208,39.999499],[-104.980944,40.000325],[-104.922153,40.00033],[-104.922093,39.993485],[-104.921936,39.993486],[-104.921877,39.986477],[-104.91567,39.98648],[-104.915674,39.986389],[-104.915536,39.986382],[-104.907168,39.986397],[-104.903331,39.986532],[-104.903329,39.986279],[-104.897818,39.986525],[-104.884397,39.986683],[-104.865505,39.986689],[-104.853016,39.986851],[-104.84484,39.987229],[-104.845895,39.984814],[-104.845875,39.981899],[-104.846141,39.981117],[-104.846638,39.980601],[-104.847842,39.979814],[-104.848401,39.979158],[-104.848678,39.978758],[-104.850115,39.975913],[-104.852259,39.973167],[-104.85288,39.972047],[-104.854903,39.969831],[-104.85511,39.969377],[-104.855592,39.966999],[-104.856263,39.965283],[-104.856697,39.96484],[-104.857882,39.964302],[-104.85779,39.964126],[-104.857854,39.963956],[-104.859231,39.962461],[-104.860222,39.960703],[-104.861584,39.959813],[-104.86224,39.959137],[-104.862789,39.958077],[-104.863181,39.956764],[-104.863423,39.956242],[-104.863951,39.955402],[-104.864072,39.955067],[-104.864799,39.95455],[-104.865035,39.954259],[-104.865398,39.953319],[-104.865369,39.952408],[-104.86554,39.951847],[-104.865851,39.951267],[-104.863005,39.949621],[-104.859352,39.947318],[-104.859154,39.947091],[-104.859644,39.94687],[-104.85783,39.945525],[-104.855496,39.943291],[-104.853809,39.943302],[-104.852092,39.941257],[-104.854104,39.937882],[-104.855014,39.936032],[-104.857546,39.931682],[-104.860246,39.927949],[-104.866629,39.919474],[-104.870777,39.914302],[-104.87129,39.914216],[-104.871389,39.914092],[-104.871183,39.913995],[-104.873973,39.910503],[-104.876516,39.906464],[-104.878201,39.906471],[-104.877824,39.906954],[-104.890899,39.907034],[-104.893554,39.906877],[-104.893561,39.903356],[-104.89739,39.903366],[-104.897012,39.902358],[-104.897094,39.901829],[-104.897913,39.901116],[-104.898387,39.900579],[-104.898335,39.892478],[-104.885562,39.892475],[-104.889368,39.886241],[-104.892112,39.881494],[-104.895015,39.87808],[-104.89488,39.878076],[-104.89572,39.87713],[-104.898645,39.874406],[-104.8982,39.874415],[-104.899565,39.873061],[-104.901656,39.870762],[-104.91135,39.870764],[-104.911433,39.8709],[-104.912287,39.870474],[-104.912351,39.870376],[-104.91243,39.867882],[-104.912616,39.867261],[-104.913143,39.866608],[-104.913372,39.866679],[-104.913585,39.866416],[-104.913457,39.866361],[-104.914852,39.865163],[-104.914856,39.864415],[-104.917234,39.864403],[-104.91891,39.863488],[-104.919664,39.862582],[-104.920009,39.861688],[-104.920127,39.861676],[-104.920053,39.861459],[-104.919767,39.861211],[-104.919539,39.860024],[-104.919683,39.858054],[-104.924443,39.85804],[-104.924448,39.857036],[-104.924982,39.857034],[-104.924984,39.856342],[-104.929203,39.856342],[-104.929143,39.858028],[-104.931532,39.858021],[-104.931568,39.856928],[-104.935164,39.857395],[-104.935998,39.856304],[-104.931658,39.85642],[-104.931657,39.856181],[-104.922486,39.856108],[-104.922487,39.856055],[-104.922094,39.856011],[-104.92209,39.854819],[-104.922261,39.854549],[-104.923047,39.854773],[-104.923744,39.853211],[-104.924455,39.852652],[-104.925014,39.852652],[-104.925008,39.850987],[-104.926806,39.849594],[-104.926805,39.849388],[-104.927982,39.849388],[-104.927973,39.847933],[-104.928747,39.846988],[-104.929523,39.846725],[-104.930219,39.845463],[-104.930296,39.845463],[-104.93019,39.845656],[-104.931386,39.845881],[-104.931512,39.845789],[-104.93149,39.842823],[-104.932867,39.842825],[-104.932868,39.841888],[-104.933394,39.841972],[-104.933412,39.840062],[-104.934468,39.839138],[-104.937832,39.83915],[-104.937838,39.838161],[-104.936236,39.838156],[-104.936249,39.83593],[-104.936118,39.83597],[-104.936123,39.835835],[-104.939419,39.833206],[-104.942454,39.831196],[-104.942606,39.830873],[-104.944611,39.83088],[-104.945221,39.832799],[-104.945594,39.833672],[-104.949983,39.84214],[-104.949727,39.842314],[-104.949375,39.841736],[-104.94893,39.841736],[-104.948835,39.841486],[-104.948328,39.841761],[-104.948247,39.842468],[-104.948067,39.842467],[-104.948038,39.842805],[-104.947533,39.842806],[-104.947459,39.842886],[-104.94707,39.844636],[-104.946748,39.844635],[-104.946717,39.84707],[-104.949639,39.847089],[-104.949623,39.847994],[-104.946663,39.847982],[-104.946664,39.848692],[-104.946586,39.848692],[-104.946509,39.848424],[-104.946055,39.848423],[-104.945447,39.848503],[-104.94542,39.848695],[-104.942947,39.8487],[-104.941817,39.852084],[-104.941817,39.852385],[-104.949559,39.852459],[-104.949652,39.855696],[-104.949774,39.855705],[-104.949802,39.856012],[-104.974367,39.856197],[-104.974208,39.855015],[-104.974435,39.854051],[-104.975103,39.854171],[-104.977137,39.854195],[-104.977133,39.851001],[-104.977817,39.851002],[-104.97788,39.846525],[-104.979087,39.846519],[-104.980024,39.846353],[-104.980222,39.846734],[-104.981186,39.846325],[-104.982577,39.845443],[-104.983248,39.846006],[-104.984374,39.846308],[-104.984525,39.845711],[-104.984459,39.845405],[-104.987277,39.845384],[-104.987271,39.847521],[-104.987717,39.84752],[-104.987752,39.847165],[-104.987897,39.847036],[-104.988655,39.847009],[-104.988651,39.847799],[-104.989681,39.847807],[-104.989684,39.848935],[-104.993995,39.848939],[-104.994062,39.848241],[-104.994414,39.846757],[-104.996715,39.847094],[-104.996556,39.848087],[-104.99654,39.849063],[-105.012152,39.849045],[-105.012144,39.849576],[-105.013002,39.849566],[-105.013031,39.850862],[-105.015387,39.850888],[-105.015568,39.856066],[-105.017117,39.856224],[-105.02015,39.856323],[-105.022622,39.856237],[-105.024918,39.856274],[-105.025039,39.865403],[-105.025015,39.870815],[-105.025113,39.872781]]]}},{"type":"Feature","properties":{"d":25,"label":[-105.03823,39.9431],"area":55.1},"geometry":{"type":"Polygon","coordinates":[[[-105.166056,39.901768],[-105.165625,39.901774],[-105.16569,39.910515],[-105.165277,39.910678],[-105.162493,39.911369],[-105.162057,39.911434],[-105.15941,39.911467],[-105.158458,39.911596],[-105.153313,39.913039],[-105.150446,39.91324],[-105.148399,39.91375],[-105.148198,39.913714],[-105.147142,39.913849],[-105.146987,39.927473],[-105.147041,39.928938],[-105.137604,39.928931],[-105.137578,39.939712],[-105.128165,39.939618],[-105.128141,39.943276],[-105.128052,39.943276],[-105.128002,39.954173],[-105.121943,39.95416],[-105.121258,39.952389],[-105.121437,39.952305],[-105.121017,39.951193],[-105.120837,39.951293],[-105.120514,39.950527],[-105.114428,39.95053],[-105.109333,39.95064],[-105.109353,39.943336],[-105.118562,39.943323],[-105.118619,39.935681],[-105.118257,39.935007],[-105.118713,39.934159],[-105.118774,39.933796],[-105.118657,39.932965],[-105.114484,39.930126],[-105.113762,39.928615],[-105.11184,39.927081],[-105.109414,39.925475],[-105.109404,39.926195],[-105.11106,39.927191],[-105.111873,39.92805],[-105.113288,39.930738],[-105.11345,39.931514],[-105.113296,39.932278],[-105.112856,39.932965],[-105.112296,39.933447],[-105.109235,39.935408],[-105.109236,39.936135],[-105.100014,39.936047],[-105.090853,39.936051],[-105.090813,39.939249],[-105.090976,39.939248],[-105.090938,39.941421],[-105.091098,39.941424],[-105.091072,39.943281],[-105.076637,39.943329],[-105.076568,39.950538],[-105.074604,39.95052],[-105.071899,39.950198],[-105.072007,39.957785],[-105.071916,39.957785],[-105.071937,39.957938],[-105.07168,39.957936],[-105.071663,39.957786],[-105.059332,39.957763],[-105.059328,39.958708],[-105.058195,39.958716],[-105.058207,39.957894],[-105.052889,39.957826],[-105.052828,39.965892],[-105.054202,39.96587],[-105.057747,39.968636],[-105.057709,39.974669],[-105.058473,39.974345],[-105.058553,39.97526],[-105.052797,39.977674],[-105.052823,40.00026],[-105.046237,40.000265],[-105.046232,40.000466],[-105.007906,40.000483],[-105.007995,40.007581],[-104.989647,40.007679],[-104.989614,40.01489],[-104.999065,40.014887],[-104.99907,40.016131],[-104.998111,40.016984],[-104.99751,40.018096],[-104.996905,40.018492],[-104.996313,40.019196],[-104.995792,40.020361],[-104.996038,40.020556],[-104.999013,40.020627],[-104.999015,40.020938],[-104.998592,40.020938],[-104.99803,40.020813],[-104.996784,40.02082],[-104.996742,40.023509],[-104.999005,40.023509],[-104.999007,40.025776],[-104.986543,40.025799],[-104.9865,40.029309],[-104.980063,40.029325],[-104.980041,40.040316],[-104.979927,40.040313],[-104.979905,40.042111],[-104.979242,40.043758],[-104.978526,40.043888],[-104.961071,40.044144],[-104.961242,40.032687],[-104.96132,40.014982],[-104.961483,40.014979],[-104.96152,40.011188],[-104.961538,40.000404],[-104.961405,40.000419],[-104.961405,40.000337],[-104.980944,40.000325],[-104.981208,39.999499],[-104.981607,39.998657],[-104.986768,39.989107],[-104.987486,39.987445],[-104.987716,39.986619],[-104.987784,39.975746],[-104.988192,39.975748],[-104.987776,39.920671],[-104.987921,39.919377],[-104.988264,39.918004],[-104.988747,39.916596],[-104.98987,39.914064],[-104.987599,39.914156],[-104.982526,39.914173],[-104.968453,39.91405],[-104.968474,39.921379],[-104.967862,39.921347],[-104.967233,39.921564],[-104.966029,39.921596],[-104.96514,39.921492],[-104.963759,39.920837],[-104.963755,39.921196],[-104.96146,39.921168],[-104.959682,39.91807],[-104.959057,39.916765],[-104.958659,39.915053],[-104.958605,39.913897],[-104.959072,39.913901],[-104.958888,39.907543],[-104.958839,39.899467],[-104.949578,39.899398],[-104.949554,39.892194],[-104.944888,39.892161],[-104.944933,39.886597],[-104.945169,39.886419],[-104.944802,39.885806],[-104.944788,39.885224],[-104.945824,39.8852],[-104.946003,39.885054],[-104.945923,39.885025],[-104.946122,39.885027],[-104.954246,39.890167],[-104.954245,39.890351],[-104.956537,39.891838],[-104.958945,39.891753],[-104.95892,39.885117],[-104.977785,39.88524],[-104.977891,39.88524],[-104.977888,39.885158],[-104.986292,39.885217],[-104.986292,39.885083],[-104.986703,39.884823],[-104.987102,39.883231],[-104.987207,39.8749],[-104.988096,39.874903],[-104.991212,39.872383],[-104.991119,39.872319],[-104.991442,39.87203],[-104.98889,39.870331],[-104.988672,39.870041],[-104.988666,39.86944],[-104.988852,39.869253],[-104.990123,39.869461],[-104.991306,39.869139],[-104.992169,39.869388],[-104.992695,39.868277],[-104.993198,39.868418],[-104.993334,39.86814],[-104.994307,39.868398],[-104.994168,39.86869],[-104.994633,39.86882],[-104.993585,39.871063],[-104.994142,39.871234],[-104.995073,39.871311],[-104.995068,39.871879],[-104.99557,39.872202],[-104.996651,39.872203],[-104.99665,39.872286],[-105.000491,39.87229],[-105.001036,39.872467],[-105.00104,39.871969],[-105.001306,39.87197],[-105.001309,39.872554],[-105.001581,39.872654],[-105.00158,39.872746],[-105.002216,39.87297],[-105.001867,39.873614],[-105.001749,39.874019],[-105.001691,39.878233],[-105.003504,39.878579],[-105.006121,39.87861],[-105.006099,39.885065],[-105.015517,39.885061],[-105.015517,39.885247],[-105.02502,39.885214],[-105.025116,39.872171],[-105.025015,39.870815],[-105.025039,39.865403],[-105.024918,39.856274],[-105.034369,39.856263],[-105.03432,39.850859],[-105.038127,39.850853],[-105.039147,39.850922],[-105.039116,39.850346],[-105.039307,39.849699],[-105.039973,39.848822],[-105.040575,39.848333],[-105.041069,39.848085],[-105.041694,39.847902],[-105.043215,39.847725],[-105.043809,39.847397],[-105.044117,39.847703],[-105.044723,39.847444],[-105.04493,39.847274],[-105.04289,39.845271],[-105.043073,39.845045],[-105.043187,39.843766],[-105.043073,39.843458],[-105.042231,39.842579],[-105.044354,39.842258],[-105.044225,39.841807],[-105.053236,39.841807],[-105.053188,39.849649],[-105.052835,39.852545],[-105.052847,39.853229],[-105.053013,39.853775],[-105.053249,39.854194],[-105.053339,39.855978],[-105.053338,39.856485],[-105.053158,39.857515],[-105.053166,39.858335],[-105.053298,39.858875],[-105.0532,39.862204],[-105.053236,39.869149],[-105.052892,39.914224],[-105.052971,39.914224],[-105.052979,39.913722],[-105.055319,39.913725],[-105.055294,39.912426],[-105.057676,39.912429],[-105.057676,39.913702],[-105.058864,39.913687],[-105.058861,39.912438],[-105.060042,39.912453],[-105.060042,39.913977],[-105.062384,39.913987],[-105.062392,39.907025],[-105.071775,39.907018],[-105.071688,39.899832],[-105.074379,39.89978],[-105.08423,39.899837],[-105.084285,39.898957],[-105.090624,39.898903],[-105.090626,39.899677],[-105.096692,39.899788],[-105.096681,39.900787],[-105.100102,39.902206],[-105.100641,39.908638],[-105.102404,39.90937],[-105.106951,39.911729],[-105.106033,39.912768],[-105.106577,39.913053],[-105.107285,39.912249],[-105.107553,39.91239],[-105.107676,39.912549],[-105.108178,39.91281],[-105.107654,39.913416],[-105.108609,39.914137],[-105.127911,39.914015],[-105.147117,39.914002],[-105.147319,39.907096],[-105.147396,39.900094],[-105.131429,39.900099],[-105.129002,39.900265],[-105.128918,39.900255],[-105.128918,39.899985],[-105.128678,39.899985],[-105.128723,39.894599],[-105.128941,39.894598],[-105.128895,39.890353],[-105.129825,39.890378],[-105.130271,39.890643],[-105.130885,39.892697],[-105.131514,39.892668],[-105.131492,39.892597],[-105.132179,39.892487],[-105.133105,39.892012],[-105.136308,39.89202],[-105.136392,39.891016],[-105.136677,39.890834],[-105.137138,39.890831],[-105.135521,39.889673],[-105.134852,39.889292],[-105.146989,39.889212],[-105.146989,39.889297],[-105.14744,39.889297],[-105.14744,39.88945],[-105.165167,39.891486],[-105.165173,39.892499],[-105.165571,39.892495],[-105.165622,39.901499],[-105.166055,39.901494],[-105.166056,39.901768]]]}},{"type":"Feature","properties":{"d":26,"label":[-104.97621,39.6436],"area":41.2},"geometry":{"type":"Polygon","coordinates":[[[-105.109924,39.627085],[-105.109875,39.635072],[-105.091103,39.635083],[-105.0911,39.638719],[-105.084414,39.638693],[-105.081676,39.638759],[-105.081578,39.638667],[-105.081716,39.636867],[-105.081541,39.636721],[-105.081565,39.636166],[-105.080855,39.636145],[-105.080299,39.636209],[-105.07995,39.636643],[-105.07945,39.636727],[-105.079007,39.636717],[-105.077147,39.636413],[-105.075222,39.636515],[-105.074799,39.636682],[-105.074783,39.636618],[-105.074176,39.636752],[-105.073307,39.636563],[-105.073271,39.63874],[-105.076803,39.638735],[-105.076722,39.639549],[-105.075897,39.64118],[-105.07576,39.64205],[-105.074454,39.644104],[-105.073816,39.644628],[-105.072326,39.64535],[-105.072093,39.645647],[-105.072045,39.645984],[-105.063223,39.645992],[-105.063197,39.649626],[-105.057091,39.649701],[-105.057073,39.651248],[-105.053581,39.65116],[-105.053738,39.6514],[-105.053754,39.651727],[-105.053191,39.651775],[-105.053184,39.651659],[-105.053008,39.651797],[-105.05294,39.650512],[-105.051796,39.650507],[-105.050834,39.650645],[-105.048678,39.650313],[-105.047638,39.649885],[-105.046566,39.649685],[-105.034603,39.649589],[-105.034615,39.653276],[-105.032162,39.653276],[-105.032089,39.655905],[-105.032393,39.656506],[-105.033076,39.656954],[-105.023003,39.656804],[-105.022982,39.660496],[-105.0158,39.660508],[-105.015696,39.678684],[-105.008664,39.678627],[-105.008637,39.67678],[-105.006357,39.676759],[-105.006321,39.6677],[-105.007278,39.665446],[-105.007752,39.664605],[-105.010941,39.660507],[-105.004395,39.660484],[-105.004626,39.660802],[-105.00484,39.661672],[-105.004886,39.663685],[-105.00407,39.665527],[-105.003969,39.666255],[-105.003578,39.666611],[-105.000355,39.667728],[-104.973486,39.667684],[-104.973489,39.665866],[-104.968805,39.665839],[-104.968785,39.660417],[-104.963084,39.660371],[-104.96307,39.661559],[-104.959443,39.661526],[-104.959485,39.656691],[-104.953788,39.656683],[-104.953541,39.655957],[-104.954375,39.655886],[-104.954983,39.652987],[-104.91293,39.653089],[-104.912992,39.653216],[-104.912957,39.667545],[-104.912874,39.667631],[-104.903509,39.667624],[-104.90358,39.676713],[-104.90344,39.678598],[-104.894058,39.678448],[-104.894046,39.682061],[-104.889308,39.682056],[-104.889328,39.685684],[-104.894058,39.685694],[-104.894092,39.692874],[-104.894176,39.69296],[-104.898801,39.692975],[-104.898796,39.691387],[-104.898128,39.690697],[-104.898784,39.690702],[-104.89881,39.689341],[-104.903512,39.689354],[-104.903511,39.69297],[-104.900115,39.692985],[-104.903507,39.696622],[-104.903544,39.698535],[-104.899757,39.69715],[-104.900379,39.69655],[-104.899642,39.69576],[-104.899545,39.695817],[-104.899426,39.695748],[-104.899099,39.695395],[-104.896814,39.696588],[-104.894766,39.696597],[-104.894766,39.69587],[-104.894092,39.695868],[-104.894099,39.696596],[-104.887248,39.696566],[-104.884323,39.696485],[-104.882313,39.696573],[-104.875439,39.696505],[-104.875394,39.678461],[-104.866051,39.670847],[-104.866174,39.667515],[-104.866203,39.661762],[-104.866334,39.660309],[-104.856441,39.66034],[-104.855894,39.660482],[-104.855437,39.660804],[-104.854392,39.6603],[-104.853367,39.65998],[-104.848678,39.659218],[-104.8486,39.657096],[-104.847296,39.657102],[-104.847922,39.656809],[-104.848621,39.656595],[-104.852312,39.655768],[-104.85405,39.65515],[-104.854864,39.654754],[-104.868196,39.647068],[-104.869107,39.646737],[-104.870048,39.646284],[-104.871188,39.646229],[-104.872921,39.645854],[-104.874102,39.645534],[-104.875573,39.64499],[-104.875454,39.651466],[-104.877,39.65305],[-104.88014,39.653057],[-104.880086,39.650773],[-104.880246,39.647751],[-104.880239,39.645993],[-104.880313,39.645902],[-104.876087,39.645894],[-104.876104,39.644373],[-104.877875,39.643503],[-104.877898,39.642516],[-104.875599,39.643651],[-104.875687,39.638636],[-104.874997,39.638639],[-104.876716,39.634444],[-104.876552,39.634331],[-104.877599,39.632175],[-104.878127,39.631622],[-104.878138,39.631387],[-104.875693,39.63137],[-104.875767,39.626857],[-104.871197,39.626861],[-104.871255,39.624257],[-104.852578,39.624199],[-104.852088,39.624087],[-104.847676,39.624087],[-104.847787,39.611979],[-104.847836,39.610127],[-104.847952,39.610128],[-104.847982,39.602337],[-104.862067,39.602306],[-104.862091,39.598425],[-104.864426,39.598713],[-104.865975,39.59871],[-104.866845,39.598844],[-104.867234,39.598365],[-104.867982,39.597814],[-104.868332,39.597133],[-104.86883,39.597199],[-104.872531,39.597175],[-104.873106,39.597247],[-104.87382,39.597544],[-104.874584,39.598213],[-104.874948,39.598421],[-104.875468,39.598594],[-104.876163,39.598686],[-104.876227,39.595026],[-104.874435,39.595025],[-104.874435,39.59151],[-104.873296,39.591506],[-104.873314,39.593217],[-104.871495,39.593223],[-104.871525,39.591423],[-104.873347,39.591428],[-104.873347,39.591327],[-104.874439,39.59133],[-104.874435,39.591434],[-104.878647,39.591423],[-104.878543,39.589528],[-104.878569,39.587763],[-104.880978,39.587763],[-104.882947,39.591167],[-104.88389,39.592587],[-104.885284,39.594415],[-104.885642,39.594634],[-104.886896,39.594631],[-104.890223,39.595039],[-104.897913,39.595032],[-104.897973,39.595466],[-104.898229,39.595753],[-104.89956,39.596243],[-104.899856,39.59642],[-104.900035,39.596674],[-104.900047,39.596896],[-104.89943,39.596891],[-104.89944,39.596339],[-104.898963,39.59617],[-104.898752,39.596334],[-104.898754,39.596886],[-104.897207,39.596882],[-104.897199,39.598663],[-104.894999,39.598673],[-104.894995,39.602298],[-104.904115,39.602294],[-104.904105,39.60956],[-104.9194,39.609572],[-104.919722,39.607122],[-104.922853,39.607118],[-104.92285,39.609582],[-104.956178,39.609697],[-104.956191,39.608958],[-104.956347,39.608473],[-104.956659,39.608035],[-104.95736,39.607426],[-104.957716,39.607271],[-104.958235,39.607167],[-104.960029,39.607188],[-104.960037,39.606109],[-104.962363,39.606084],[-104.962365,39.606603],[-104.96265,39.606886],[-104.963655,39.607361],[-104.964694,39.607403],[-104.964667,39.60969],[-104.97986,39.609604],[-104.979879,39.611415],[-104.97872,39.611418],[-104.978718,39.611576],[-104.978849,39.611578],[-104.980426,39.613192],[-104.978697,39.613196],[-104.978655,39.616839],[-104.988028,39.616835],[-104.988019,39.619847],[-104.990049,39.619848],[-104.990051,39.620427],[-104.991403,39.620752],[-104.992071,39.620789],[-104.992535,39.620951],[-104.992643,39.621155],[-104.992642,39.621724],[-104.993628,39.621918],[-104.993833,39.62223],[-104.995003,39.622235],[-104.994987,39.624038],[-105.000965,39.624106],[-105.000912,39.62336],[-105.000779,39.622945],[-104.999826,39.621642],[-104.999761,39.62049],[-105.006761,39.620517],[-105.006685,39.629067],[-105.009437,39.629082],[-105.013821,39.629394],[-105.014037,39.629072],[-105.014053,39.625739],[-105.016096,39.625755],[-105.016065,39.627734],[-105.02311,39.627736],[-105.023112,39.624127],[-105.034955,39.624161],[-105.034822,39.627809],[-105.035962,39.627851],[-105.036802,39.628129],[-105.038005,39.626836],[-105.039559,39.627851],[-105.040062,39.628061],[-105.040279,39.627758],[-105.040654,39.628009],[-105.040936,39.627749],[-105.041356,39.628026],[-105.041744,39.627672],[-105.042301,39.628036],[-105.042807,39.627579],[-105.043524,39.627885],[-105.044161,39.628039],[-105.044139,39.631456],[-105.05341,39.631504],[-105.053294,39.634902],[-105.05338,39.635341],[-105.053342,39.63877],[-105.059045,39.63876],[-105.059138,39.638243],[-105.058996,39.638177],[-105.059541,39.635375],[-105.059457,39.634662],[-105.059297,39.634333],[-105.057009,39.631679],[-105.055505,39.630699],[-105.053457,39.629526],[-105.05344,39.627714],[-105.05578,39.625998],[-105.055809,39.624244],[-105.053483,39.624253],[-105.053516,39.620864],[-105.054338,39.620824],[-105.055349,39.621054],[-105.056273,39.621104],[-105.05724,39.620914],[-105.057386,39.620492],[-105.056489,39.619918],[-105.05712,39.619368],[-105.058193,39.617366],[-105.058125,39.614409],[-105.09701,39.614311],[-105.097029,39.618362],[-105.087252,39.618317],[-105.084297,39.618584],[-105.075972,39.618601],[-105.074796,39.618511],[-105.073364,39.618569],[-105.065141,39.618582],[-105.065091,39.620045],[-105.065662,39.6206],[-105.073665,39.623285],[-105.076116,39.624225],[-105.074517,39.624227],[-105.076273,39.625095],[-105.080232,39.629461],[-105.080952,39.631327],[-105.083712,39.631327],[-105.083735,39.630155],[-105.081693,39.630149],[-105.08173,39.627313],[-105.083813,39.627318],[-105.083789,39.628527],[-105.08558,39.628527],[-105.085626,39.626107],[-105.087391,39.626046],[-105.087384,39.62709],[-105.091164,39.627081],[-105.091256,39.624198],[-105.107503,39.624218],[-105.107496,39.627093],[-105.109924,39.627085]]]}},{"type":"Feature","properties":{"d":27,"label":[-104.48269,39.64396],"area":174.6},"geometry":{"type":"Polygon","coordinates":[[[-104.904415,39.565982],[-104.904263,39.569664],[-104.904318,39.57328],[-104.904223,39.576898],[-104.904267,39.580525],[-104.904115,39.602294],[-104.894995,39.602298],[-104.894999,39.598673],[-104.897199,39.598663],[-104.897207,39.596882],[-104.898754,39.596886],[-104.898752,39.596334],[-104.898963,39.59617],[-104.89944,39.596339],[-104.89943,39.596891],[-104.900047,39.596896],[-104.900035,39.596674],[-104.899856,39.59642],[-104.89956,39.596243],[-104.898229,39.595753],[-104.897973,39.595466],[-104.897913,39.595032],[-104.890223,39.595039],[-104.886896,39.594631],[-104.885642,39.594634],[-104.885284,39.594415],[-104.88389,39.592587],[-104.882947,39.591167],[-104.880978,39.587763],[-104.878569,39.587763],[-104.878543,39.589528],[-104.878647,39.591423],[-104.874435,39.591434],[-104.874439,39.59133],[-104.873347,39.591327],[-104.873347,39.591428],[-104.871525,39.591423],[-104.871495,39.593223],[-104.873314,39.593217],[-104.873296,39.591506],[-104.874435,39.59151],[-104.874435,39.595025],[-104.876227,39.595026],[-104.876163,39.598686],[-104.875468,39.598594],[-104.874948,39.598421],[-104.874584,39.598213],[-104.87382,39.597544],[-104.873106,39.597247],[-104.872531,39.597175],[-104.86883,39.597199],[-104.868332,39.597133],[-104.867982,39.597814],[-104.867234,39.598365],[-104.866845,39.598844],[-104.865975,39.59871],[-104.864426,39.598713],[-104.862091,39.598425],[-104.862067,39.602306],[-104.847982,39.602337],[-104.847952,39.610128],[-104.847836,39.610127],[-104.847787,39.611979],[-104.847676,39.624087],[-104.852088,39.624087],[-104.852578,39.624199],[-104.871255,39.624257],[-104.871197,39.626861],[-104.875767,39.626857],[-104.875693,39.63137],[-104.878138,39.631387],[-104.878127,39.631622],[-104.877599,39.632175],[-104.876552,39.634331],[-104.876716,39.634444],[-104.874997,39.638639],[-104.875687,39.638636],[-104.875599,39.643651],[-104.877898,39.642516],[-104.877875,39.643503],[-104.876104,39.644373],[-104.876087,39.645894],[-104.880313,39.645902],[-104.880239,39.645993],[-104.880246,39.647751],[-104.880086,39.650773],[-104.88014,39.653057],[-104.877,39.65305],[-104.875454,39.651466],[-104.875573,39.64499],[-104.874102,39.645534],[-104.872921,39.645854],[-104.871188,39.646229],[-104.870048,39.646284],[-104.869107,39.646737],[-104.868196,39.647068],[-104.854864,39.654754],[-104.85405,39.65515],[-104.852312,39.655768],[-104.848621,39.656595],[-104.847922,39.656809],[-104.847296,39.657102],[-104.8486,39.657096],[-104.848678,39.659218],[-104.847576,39.65914],[-104.844478,39.658583],[-104.840074,39.657905],[-104.837855,39.657415],[-104.837182,39.657195],[-104.835696,39.656468],[-104.8342,39.655414],[-104.831439,39.652714],[-104.831188,39.65243],[-104.831267,39.652299],[-104.830726,39.651706],[-104.830301,39.651054],[-104.829438,39.649135],[-104.829086,39.647533],[-104.829239,39.642439],[-104.829155,39.642163],[-104.829215,39.638572],[-104.81027,39.638491],[-104.772515,39.638524],[-104.754191,39.638465],[-104.754189,39.638565],[-104.750751,39.638584],[-104.735061,39.63855],[-104.735058,39.638452],[-104.727831,39.638557],[-104.719428,39.638549],[-104.719445,39.638653],[-104.717949,39.638664],[-104.696924,39.638481],[-104.679012,39.638495],[-104.679025,39.638331],[-104.660306,39.638418],[-104.622313,39.638349],[-104.594192,39.638146],[-104.55226,39.637602],[-104.55239,39.638987],[-104.552573,39.639775],[-104.552555,39.640994],[-104.552293,39.641818],[-104.552155,39.642004],[-104.551204,39.642716],[-104.550438,39.643194],[-104.54938,39.644068],[-104.549211,39.644289],[-104.549195,39.644811],[-104.549301,39.644997],[-104.550874,39.647126],[-104.551269,39.648714],[-104.551298,39.649584],[-104.551435,39.650083],[-104.551386,39.651626],[-104.551461,39.652218],[-104.551459,39.653447],[-104.551272,39.655119],[-104.551009,39.656176],[-104.550655,39.657047],[-104.550225,39.657768],[-104.548983,39.659153],[-104.548995,39.660523],[-104.548673,39.661023],[-104.547446,39.662199],[-104.547246,39.662641],[-104.547106,39.663732],[-104.547104,39.664857],[-104.547421,39.666782],[-104.547801,39.667929],[-104.54783,39.66895],[-104.547675,39.670111],[-104.546875,39.672226],[-104.544956,39.674542],[-104.544771,39.675076],[-104.544969,39.675598],[-104.545795,39.676059],[-104.546467,39.677344],[-104.54628,39.678146],[-104.545221,39.679576],[-104.545098,39.679971],[-104.545234,39.681038],[-104.545584,39.681826],[-104.545935,39.682312],[-104.547494,39.683374],[-104.548182,39.684114],[-104.548515,39.685679],[-104.549968,39.686533],[-104.550502,39.68725],[-104.550409,39.687692],[-104.549305,39.688798],[-104.548814,39.689438],[-104.548691,39.689798],[-104.548169,39.690519],[-104.548106,39.691053],[-104.548195,39.692468],[-104.548881,39.693789],[-104.549033,39.694415],[-104.548495,39.695554],[-104.547989,39.696112],[-104.547804,39.696566],[-104.547588,39.697506],[-104.547602,39.698376],[-104.547738,39.698898],[-104.548394,39.699882],[-104.549648,39.700864],[-104.550198,39.701396],[-104.550181,39.701871],[-104.549705,39.70265],[-104.549625,39.704252],[-104.549912,39.706502],[-104.550336,39.708392],[-104.550642,39.708727],[-104.553153,39.710146],[-104.538828,39.710153],[-104.527492,39.709821],[-104.527282,39.715268],[-104.526958,39.738669],[-104.507378,39.73825],[-104.452224,39.738156],[-104.45215,39.737586],[-104.452332,39.736799],[-104.452536,39.723353],[-104.44321,39.723275],[-104.433871,39.723282],[-104.43362,39.730575],[-104.433475,39.730574],[-104.433336,39.735383],[-104.433232,39.73648],[-104.432671,39.737428],[-104.432411,39.738116],[-104.415289,39.738074],[-104.4151,39.737383],[-104.414727,39.736747],[-104.41516,39.723641],[-104.415437,39.709065],[-104.415661,39.694617],[-104.415499,39.694618],[-104.416169,39.643847],[-104.417425,39.578349],[-104.418039,39.563752],[-104.427452,39.563601],[-104.436068,39.563617],[-104.43954,39.563647],[-104.44273,39.563764],[-104.447704,39.563741],[-104.460266,39.564004],[-104.469223,39.563945],[-104.47301,39.564097],[-104.498314,39.564143],[-104.555054,39.565008],[-104.55995,39.565148],[-104.604444,39.565909],[-104.679509,39.5659],[-104.681544,39.565988],[-104.686759,39.565988],[-104.686785,39.565903],[-104.707024,39.565897],[-104.707023,39.565988],[-104.707362,39.565988],[-104.707338,39.563867],[-104.707313,39.563975],[-104.706954,39.563716],[-104.706958,39.564086],[-104.706665,39.563867],[-104.70545,39.563494],[-104.705062,39.562378],[-104.704358,39.562204],[-104.703946,39.561899],[-104.703884,39.560162],[-104.704408,39.557118],[-104.704475,39.556783],[-104.704928,39.556286],[-104.704564,39.552624],[-104.704904,39.552643],[-104.704993,39.550908],[-104.716199,39.551087],[-104.730059,39.551098],[-104.736728,39.551173],[-104.736628,39.565888],[-104.746045,39.565902],[-104.746164,39.558691],[-104.755608,39.558824],[-104.755593,39.559747],[-104.756516,39.559743],[-104.756531,39.558823],[-104.768173,39.558818],[-104.768399,39.559327],[-104.7687,39.559714],[-104.769081,39.560023],[-104.769522,39.560236],[-104.772216,39.56106],[-104.773382,39.561171],[-104.774429,39.561092],[-104.774389,39.565847],[-104.78454,39.56585],[-104.784585,39.565942],[-104.794116,39.56599],[-104.799778,39.565943],[-104.855333,39.565988],[-104.860665,39.56605],[-104.867124,39.56598],[-104.87657,39.566035],[-104.882385,39.56595],[-104.890221,39.566007],[-104.904415,39.565982]]]}},{"type":"Feature","properties":{"d":28,"label":[-104.61187,39.77644],"area":227.4},"geometry":{"type":"Polygon","coordinates":[[[-104.886613,39.729219],[-104.885248,39.730086],[-104.884933,39.730442],[-104.884711,39.73093],[-104.884664,39.747467],[-104.879971,39.747438],[-104.879901,39.754735],[-104.84694,39.754687],[-104.846916,39.755241],[-104.847716,39.75524],[-104.848002,39.755449],[-104.848208,39.756419],[-104.850786,39.756743],[-104.852036,39.757313],[-104.853489,39.75762],[-104.854351,39.758062],[-104.854862,39.757844],[-104.855016,39.757926],[-104.85552,39.757796],[-104.856338,39.758127],[-104.856394,39.768581],[-104.837614,39.767169],[-104.835253,39.766881],[-104.832972,39.766391],[-104.833009,39.769177],[-104.828173,39.769156],[-104.828185,39.772784],[-104.781577,39.772795],[-104.78156,39.776483],[-104.772157,39.776409],[-104.772166,39.7715],[-104.764559,39.771568],[-104.764574,39.769188],[-104.753442,39.769302],[-104.734601,39.769181],[-104.734399,39.798442],[-104.745423,39.79851],[-104.74781,39.798454],[-104.762606,39.798433],[-104.762841,39.800014],[-104.762646,39.801589],[-104.762652,39.809221],[-104.762554,39.811147],[-104.762592,39.820164],[-104.762462,39.823443],[-104.722675,39.823178],[-104.717096,39.823219],[-104.666062,39.822791],[-104.666182,39.813075],[-104.655445,39.812999],[-104.65539,39.822605],[-104.62499,39.822491],[-104.619799,39.822417],[-104.619152,39.87322],[-104.605261,39.873114],[-104.605154,39.881346],[-104.59981,39.881307],[-104.599581,39.899038],[-104.58345,39.898926],[-104.58339,39.913342],[-104.564248,39.913093],[-104.555916,39.913099],[-104.536013,39.912926],[-104.508035,39.912351],[-104.489312,39.912374],[-104.489043,39.888561],[-104.488981,39.866669],[-104.489294,39.825005],[-104.489297,39.795959],[-104.489074,39.757155],[-104.508086,39.757502],[-104.508042,39.738502],[-104.506984,39.7385],[-104.507186,39.738362],[-104.507422,39.738251],[-104.526958,39.738669],[-104.527282,39.715268],[-104.527492,39.709821],[-104.538828,39.710153],[-104.553153,39.710146],[-104.550642,39.708727],[-104.550336,39.708392],[-104.549912,39.706502],[-104.549625,39.704252],[-104.549705,39.70265],[-104.550181,39.701871],[-104.550198,39.701396],[-104.549648,39.700864],[-104.548394,39.699882],[-104.547738,39.698898],[-104.547602,39.698376],[-104.547588,39.697506],[-104.547804,39.696566],[-104.547989,39.696112],[-104.548495,39.695554],[-104.549033,39.694415],[-104.548881,39.693789],[-104.548195,39.692468],[-104.548106,39.691053],[-104.548169,39.690519],[-104.548691,39.689798],[-104.548814,39.689438],[-104.549305,39.688798],[-104.550409,39.687692],[-104.550502,39.68725],[-104.549968,39.686533],[-104.548515,39.685679],[-104.548182,39.684114],[-104.547494,39.683374],[-104.545935,39.682312],[-104.545584,39.681826],[-104.545234,39.681038],[-104.545098,39.679971],[-104.545221,39.679576],[-104.54628,39.678146],[-104.546467,39.677344],[-104.545795,39.676059],[-104.544969,39.675598],[-104.544771,39.675076],[-104.544956,39.674542],[-104.546875,39.672226],[-104.547675,39.670111],[-104.54783,39.66895],[-104.547801,39.667929],[-104.547421,39.666782],[-104.547104,39.664857],[-104.547106,39.663732],[-104.547246,39.662641],[-104.547446,39.662199],[-104.548673,39.661023],[-104.548995,39.660523],[-104.548983,39.659153],[-104.550225,39.657768],[-104.550655,39.657047],[-104.551009,39.656176],[-104.551272,39.655119],[-104.551459,39.653447],[-104.551461,39.652218],[-104.551386,39.651626],[-104.551435,39.650083],[-104.551298,39.649584],[-104.551269,39.648714],[-104.550874,39.647126],[-104.549301,39.644997],[-104.549195,39.644811],[-104.549211,39.644289],[-104.54938,39.644068],[-104.550438,39.643194],[-104.551204,39.642716],[-104.552155,39.642004],[-104.552293,39.641818],[-104.552555,39.640994],[-104.552573,39.639775],[-104.55239,39.638987],[-104.55226,39.637602],[-104.594192,39.638146],[-104.622313,39.638349],[-104.660306,39.638418],[-104.679025,39.638331],[-104.679012,39.638495],[-104.696924,39.638481],[-104.717949,39.638664],[-104.719445,39.638653],[-104.719428,39.638549],[-104.727831,39.638557],[-104.735058,39.638452],[-104.735061,39.63855],[-104.754189,39.638565],[-104.753833,39.644392],[-104.753697,39.653046],[-104.772456,39.653109],[-104.772369,39.697712],[-104.772609,39.698775],[-104.773265,39.7],[-104.77577,39.703034],[-104.776772,39.703881],[-104.777662,39.7044],[-104.778983,39.704911],[-104.781694,39.705575],[-104.784008,39.705974],[-104.78696,39.706257],[-104.799676,39.706971],[-104.801269,39.707201],[-104.807389,39.708589],[-104.812373,39.708619],[-104.813105,39.708678],[-104.813775,39.708849],[-104.814385,39.709123],[-104.816176,39.710463],[-104.816632,39.710722],[-104.817312,39.710975],[-104.818232,39.711128],[-104.847237,39.711178],[-104.865971,39.711053],[-104.870625,39.710174],[-104.870596,39.718176],[-104.87432,39.718201],[-104.874947,39.71845],[-104.875277,39.718805],[-104.875342,39.718944],[-104.87533,39.725576],[-104.87999,39.725604],[-104.88117,39.725341],[-104.881934,39.72496],[-104.884732,39.727887],[-104.886613,39.729219]]]}},{"type":"Feature","properties":{"d":29,"label":[-104.82228,39.67547],"area":23.4},"geometry":{"type":"Polygon","coordinates":[[[-104.877728,39.698438],[-104.875318,39.698438],[-104.875309,39.696505],[-104.87193,39.69647],[-104.865962,39.696559],[-104.865964,39.699279],[-104.867133,39.69928],[-104.867136,39.700188],[-104.868309,39.700192],[-104.868301,39.698371],[-104.870662,39.698377],[-104.870648,39.700535],[-104.870096,39.700688],[-104.869393,39.701089],[-104.869426,39.701319],[-104.868662,39.703008],[-104.868556,39.703109],[-104.865967,39.703807],[-104.865971,39.711053],[-104.847237,39.711178],[-104.818232,39.711128],[-104.817312,39.710975],[-104.816632,39.710722],[-104.816176,39.710463],[-104.814385,39.709123],[-104.813775,39.708849],[-104.813105,39.708678],[-104.812373,39.708619],[-104.807389,39.708589],[-104.801269,39.707201],[-104.799676,39.706971],[-104.78696,39.706257],[-104.784008,39.705974],[-104.781694,39.705575],[-104.780202,39.70524],[-104.778646,39.704805],[-104.777662,39.7044],[-104.776772,39.703881],[-104.775998,39.70326],[-104.773459,39.70025],[-104.772708,39.699022],[-104.772369,39.697712],[-104.772456,39.653109],[-104.753697,39.653046],[-104.753833,39.644392],[-104.754191,39.638465],[-104.772515,39.638524],[-104.81027,39.638491],[-104.829215,39.638572],[-104.829155,39.642163],[-104.829239,39.642439],[-104.829176,39.64583],[-104.829062,39.647034],[-104.829224,39.648404],[-104.829438,39.649135],[-104.830301,39.651054],[-104.830726,39.651706],[-104.831267,39.652299],[-104.831188,39.65243],[-104.832322,39.653648],[-104.8342,39.655414],[-104.835696,39.656468],[-104.837182,39.657195],[-104.839021,39.657715],[-104.847576,39.65914],[-104.848332,39.659161],[-104.853067,39.659914],[-104.854392,39.6603],[-104.855437,39.660804],[-104.855894,39.660482],[-104.856441,39.66034],[-104.866334,39.660309],[-104.866203,39.661762],[-104.866174,39.667515],[-104.866051,39.670847],[-104.875394,39.678461],[-104.875439,39.696505],[-104.87772,39.696508],[-104.877728,39.698438]]]}},{"type":"Feature","properties":{"d":30,"label":[-104.9042,39.48712],"area":120.7},"geometry":{"type":"Polygon","coordinates":[[[-105.102731,39.478404],[-105.102197,39.479323],[-105.102093,39.479765],[-105.102271,39.481855],[-105.102225,39.482171],[-105.102621,39.482711],[-105.102808,39.483152],[-105.102796,39.48354],[-105.102646,39.483873],[-105.102739,39.484211],[-105.101669,39.484009],[-105.100541,39.484154],[-105.100018,39.484137],[-105.098285,39.483616],[-105.097727,39.483526],[-105.096831,39.483527],[-105.095645,39.48369],[-105.095076,39.48388],[-105.092178,39.485757],[-105.092142,39.486379],[-105.091754,39.486972],[-105.092771,39.487384],[-105.093063,39.487646],[-105.09333,39.488054],[-105.092523,39.488392],[-105.091353,39.48928],[-105.090817,39.489995],[-105.088514,39.492392],[-105.087612,39.492849],[-105.086751,39.493423],[-105.086286,39.493981],[-105.086144,39.494326],[-105.086109,39.494923],[-105.086323,39.495332],[-105.086952,39.495771],[-105.087185,39.496061],[-105.087257,39.496572],[-105.087156,39.497028],[-105.086847,39.497279],[-105.086148,39.497633],[-105.086057,39.497853],[-105.086058,39.498167],[-105.086495,39.499133],[-105.086394,39.499447],[-105.086181,39.499762],[-105.085238,39.500619],[-105.084841,39.50121],[-105.084751,39.502255],[-105.085275,39.503608],[-105.085225,39.503929],[-105.084928,39.504199],[-105.084713,39.504622],[-105.084746,39.504789],[-105.085127,39.505084],[-105.085227,39.50543],[-105.085046,39.505956],[-105.084665,39.506585],[-105.08407,39.507202],[-105.083491,39.507638],[-105.082291,39.508357],[-105.081133,39.509667],[-105.079858,39.510001],[-105.07918,39.510399],[-105.0787,39.510836],[-105.078402,39.51149],[-105.07842,39.512042],[-105.078859,39.51285],[-105.078843,39.513119],[-105.078744,39.513427],[-105.078446,39.513851],[-105.078331,39.514338],[-105.078298,39.514736],[-105.078432,39.515416],[-105.078201,39.516468],[-105.077945,39.517123],[-105.077945,39.517495],[-105.078248,39.517915],[-105.078392,39.518308],[-105.078657,39.518561],[-105.078702,39.51879],[-105.079,39.519142],[-105.079003,39.519486],[-105.079261,39.519929],[-105.079424,39.520462],[-105.079404,39.520816],[-105.079605,39.521315],[-105.079567,39.521631],[-105.079699,39.521772],[-105.080034,39.522613],[-105.080096,39.523156],[-105.079288,39.523893],[-105.079547,39.524689],[-105.079461,39.525888],[-105.076434,39.531624],[-105.076106,39.532691],[-105.076571,39.534968],[-105.07754,39.535884],[-105.077745,39.536706],[-105.077084,39.538136],[-105.076419,39.540055],[-105.074594,39.541652],[-105.074442,39.543344],[-105.074111,39.544268],[-105.073045,39.545265],[-105.071385,39.546429],[-105.070308,39.547896],[-105.066735,39.550499],[-105.065672,39.553346],[-105.06424,39.554188],[-105.063884,39.554743],[-105.064312,39.555254],[-105.06427,39.55531],[-105.063798,39.555239],[-105.06113,39.556906],[-105.06064,39.557888],[-105.060714,39.559941],[-105.058257,39.560379],[-105.057252,39.562306],[-105.054272,39.562997],[-105.051366,39.563257],[-105.04874,39.566088],[-105.040988,39.56609],[-105.040285,39.56619],[-105.035561,39.566193],[-104.971802,39.566064],[-104.960972,39.566155],[-104.945072,39.566035],[-104.922744,39.566066],[-104.908877,39.566038],[-104.908174,39.565985],[-104.890221,39.566007],[-104.882199,39.56595],[-104.87657,39.566035],[-104.867124,39.56598],[-104.860665,39.56605],[-104.855333,39.565988],[-104.839479,39.565988],[-104.839409,39.552382],[-104.83012,39.554922],[-104.830105,39.550903],[-104.830002,39.550906],[-104.830003,39.536387],[-104.820352,39.536404],[-104.811834,39.536547],[-104.812879,39.53436],[-104.81309,39.533583],[-104.813064,39.521011],[-104.81323,39.518251],[-104.812876,39.518018],[-104.812995,39.517495],[-104.813301,39.517505],[-104.813347,39.517035],[-104.813461,39.517039],[-104.813431,39.514766],[-104.813205,39.512816],[-104.813294,39.512],[-104.814419,39.509307],[-104.814679,39.508273],[-104.814915,39.508267],[-104.814958,39.507631],[-104.821567,39.507514],[-104.821566,39.503494],[-104.821763,39.502642],[-104.822029,39.502146],[-104.823097,39.501281],[-104.823373,39.500586],[-104.82325,39.500567],[-104.823306,39.500263],[-104.82222,39.500051],[-104.821503,39.499812],[-104.82061,39.499446],[-104.818969,39.498561],[-104.817904,39.497642],[-104.815713,39.495372],[-104.813167,39.492991],[-104.812261,39.492389],[-104.812297,39.478295],[-104.8215,39.478269],[-104.821713,39.478316],[-104.821751,39.478401],[-104.821702,39.4743],[-104.821778,39.4647],[-104.821842,39.46435],[-104.821787,39.463882],[-104.793586,39.464075],[-104.789068,39.464049],[-104.795412,39.457497],[-104.796062,39.456938],[-104.795935,39.456829],[-104.801775,39.452777],[-104.804932,39.450699],[-104.808964,39.448515],[-104.809628,39.447994],[-104.810028,39.447436],[-104.810744,39.445393],[-104.811139,39.444773],[-104.811655,39.444317],[-104.814301,39.442434],[-104.814855,39.44192],[-104.820184,39.435747],[-104.820677,39.434927],[-104.821571,39.432813],[-104.822504,39.430917],[-104.823604,39.429304],[-104.825449,39.427152],[-104.830269,39.421763],[-104.830474,39.421726],[-104.831385,39.421062],[-104.834942,39.419166],[-104.834945,39.420267],[-104.839625,39.42028],[-104.83961,39.431167],[-104.844287,39.431198],[-104.844278,39.434814],[-104.848955,39.434861],[-104.848848,39.449539],[-104.862412,39.449637],[-104.862426,39.447742],[-104.867717,39.447757],[-104.872344,39.447824],[-104.872388,39.449747],[-104.875759,39.449875],[-104.875731,39.442869],[-104.875885,39.441632],[-104.876452,39.440194],[-104.87832,39.436966],[-104.878785,39.435771],[-104.879028,39.43463],[-104.87942,39.431644],[-104.879315,39.430077],[-104.87912,39.429351],[-104.878548,39.428013],[-104.877959,39.427095],[-104.877702,39.426501],[-104.877778,39.426278],[-104.877805,39.426318],[-104.878894,39.425573],[-104.880103,39.425141],[-104.882291,39.424868],[-104.884276,39.424295],[-104.886422,39.422945],[-104.888189,39.420825],[-104.889611,39.420835],[-104.901237,39.425184],[-104.905273,39.427297],[-104.907327,39.428039],[-104.911449,39.428891],[-104.916665,39.430213],[-104.917826,39.430413],[-104.92343,39.430729],[-104.924792,39.430948],[-104.925849,39.431192],[-104.928359,39.432018],[-104.929512,39.432297],[-104.935002,39.433238],[-104.93797,39.434139],[-104.942283,39.434768],[-104.947681,39.435294],[-104.948598,39.43546],[-104.956706,39.437631],[-104.959742,39.438744],[-104.961551,39.439311],[-104.964726,39.439955],[-104.968622,39.44094],[-104.969713,39.441313],[-104.970504,39.441715],[-104.971808,39.442696],[-104.972324,39.443268],[-104.972744,39.443901],[-104.975861,39.450426],[-104.976244,39.451038],[-104.976922,39.451773],[-104.980806,39.45541],[-104.982563,39.457216],[-104.98386,39.458797],[-104.984339,39.459511],[-104.986002,39.462763],[-104.986817,39.464559],[-104.988775,39.471485],[-104.990997,39.475458],[-104.993502,39.480801],[-104.994564,39.483229],[-104.996315,39.48798],[-104.997197,39.48918],[-104.99987,39.491508],[-105.001129,39.492757],[-105.002871,39.494762],[-105.004181,39.496535],[-105.00447,39.496317],[-105.00461,39.496074],[-105.004598,39.495812],[-105.004261,39.495082],[-105.004307,39.494704],[-105.004482,39.494488],[-105.005075,39.494208],[-105.005505,39.494154],[-105.006401,39.494334],[-105.00704,39.49437],[-105.00875,39.493722],[-105.00904,39.49355],[-105.009366,39.492929],[-105.009785,39.492541],[-105.010889,39.492081],[-105.011319,39.49155],[-105.011866,39.491243],[-105.012808,39.490504],[-105.013389,39.490297],[-105.01368,39.49027],[-105.014738,39.490513],[-105.015529,39.490792],[-105.016227,39.491261],[-105.017623,39.493315],[-105.018251,39.494531],[-105.018833,39.495261],[-105.018857,39.496183],[-105.022435,39.496128],[-105.023011,39.49591],[-105.023543,39.495843],[-105.02485,39.49591],[-105.025626,39.496079],[-105.026667,39.496142],[-105.026551,39.475081],[-105.023049,39.473014],[-105.023594,39.472481],[-105.02385,39.471796],[-105.024128,39.471598],[-105.024593,39.470733],[-105.025105,39.470481],[-105.026093,39.469642],[-105.026616,39.46939],[-105.027301,39.468822],[-105.028034,39.468137],[-105.028417,39.467497],[-105.028928,39.46711],[-105.029265,39.466614],[-105.030079,39.465803],[-105.030497,39.465524],[-105.031636,39.463739],[-105.031659,39.463216],[-105.031751,39.463063],[-105.031984,39.462955],[-105.032321,39.462919],[-105.032763,39.462576],[-105.033355,39.462342],[-105.034784,39.46099],[-105.035667,39.459602],[-105.03583,39.459151],[-105.036213,39.458656],[-105.036771,39.458187],[-105.037003,39.45716],[-105.037584,39.456475],[-105.037734,39.456087],[-105.03806,39.455682],[-105.038121,39.458618],[-105.03874,39.461028],[-105.039039,39.461789],[-105.038792,39.462391],[-105.038657,39.463298],[-105.038749,39.464279],[-105.038706,39.466359],[-105.03878,39.466695],[-105.039011,39.467092],[-105.045687,39.467211],[-105.045651,39.470926],[-105.052312,39.471022],[-105.053174,39.461397],[-105.054745,39.460513],[-105.054649,39.46],[-105.054837,39.45802],[-105.054832,39.457582],[-105.05466,39.457789],[-105.054636,39.457378],[-105.054124,39.457072],[-105.054078,39.456567],[-105.05374,39.456288],[-105.05338,39.455829],[-105.053042,39.454748],[-105.052879,39.454477],[-105.052634,39.453459],[-105.052843,39.453117],[-105.052819,39.452819],[-105.05333,39.452342],[-105.053434,39.451404],[-105.054756,39.447448],[-105.054754,39.446786],[-105.054178,39.446085],[-105.052263,39.445105],[-105.051241,39.44442],[-105.049978,39.443752],[-105.048454,39.442709],[-105.047747,39.442819],[-105.046537,39.442702],[-105.045199,39.442795],[-105.043471,39.441855],[-105.042895,39.441386],[-105.042625,39.440842],[-105.042589,39.440327],[-105.042641,39.440186],[-105.04307,39.439818],[-105.043222,39.439318],[-105.043541,39.438905],[-105.043407,39.438589],[-105.042805,39.438163],[-105.042714,39.43778],[-105.043878,39.436401],[-105.044213,39.435853],[-105.044426,39.435182],[-105.044527,39.434309],[-105.045063,39.433765],[-105.04529,39.433379],[-105.045201,39.43153],[-105.044977,39.430973],[-105.045002,39.429982],[-105.044947,39.429919],[-105.04442,39.429833],[-105.044159,39.429685],[-105.043557,39.428953],[-105.043512,39.428658],[-105.044015,39.427597],[-105.044912,39.426819],[-105.045718,39.425936],[-105.046619,39.424426],[-105.047076,39.424031],[-105.047599,39.423767],[-105.048626,39.423451],[-105.050441,39.422694],[-105.051422,39.422416],[-105.052634,39.421598],[-105.052923,39.421253],[-105.053278,39.420721],[-105.053323,39.42037],[-105.052643,39.418708],[-105.052749,39.418359],[-105.054115,39.417238],[-105.055201,39.416824],[-105.056244,39.415981],[-105.057166,39.415462],[-105.057031,39.414975],[-105.057594,39.412868],[-105.057779,39.411567],[-105.05844,39.411205],[-105.059293,39.410481],[-105.059337,39.41026],[-105.059181,39.409904],[-105.059417,39.409569],[-105.059959,39.409361],[-105.060659,39.409349],[-105.061509,39.409627],[-105.062261,39.409708],[-105.062566,39.409575],[-105.063148,39.408976],[-105.06455,39.408771],[-105.065809,39.409056],[-105.067277,39.409085],[-105.069697,39.409501],[-105.070447,39.409773],[-105.071471,39.410513],[-105.071982,39.410747],[-105.072724,39.4115],[-105.072809,39.411661],[-105.072946,39.41386],[-105.072986,39.420106],[-105.091488,39.420073],[-105.091734,39.449123],[-105.091727,39.459934],[-105.096367,39.459911],[-105.096339,39.463526],[-105.100778,39.463573],[-105.101194,39.47811],[-105.10299,39.478124],[-105.102731,39.478404]]]}},{"type":"Feature","properties":{"d":31,"label":[-104.93141,39.71973],"area":18.5},"geometry":{"type":"Polygon","coordinates":[[[-105.000421,39.745519],[-104.99169,39.752288],[-104.992597,39.752944],[-104.98736,39.757006],[-104.987377,39.75442],[-104.986361,39.753723],[-104.979677,39.748574],[-104.978177,39.7475],[-104.978151,39.75324],[-104.978129,39.754469],[-104.978048,39.754789],[-104.977838,39.754684],[-104.97695,39.754627],[-104.975755,39.754622],[-104.975636,39.754686],[-104.973636,39.754606],[-104.973359,39.754547],[-104.973357,39.750723],[-104.959766,39.750716],[-104.95979,39.744766],[-104.959491,39.744617],[-104.959082,39.744148],[-104.958736,39.743946],[-104.958205,39.743822],[-104.956742,39.743792],[-104.940796,39.743753],[-104.940744,39.740128],[-104.903455,39.740145],[-104.903427,39.751015],[-104.898735,39.751015],[-104.898767,39.747441],[-104.884664,39.747467],[-104.884711,39.73093],[-104.884933,39.730442],[-104.885248,39.730086],[-104.886613,39.729219],[-104.884732,39.727887],[-104.881934,39.72496],[-104.88117,39.725341],[-104.87999,39.725604],[-104.87533,39.725576],[-104.875342,39.718944],[-104.875277,39.718805],[-104.874947,39.71845],[-104.87432,39.718201],[-104.870596,39.718176],[-104.870659,39.710033],[-104.88313,39.707056],[-104.883809,39.706928],[-104.884426,39.706914],[-104.885151,39.707006],[-104.886009,39.707304],[-104.89186,39.710917],[-104.892371,39.711119],[-104.89291,39.711192],[-104.903359,39.71121],[-104.903645,39.71136],[-104.906471,39.711394],[-104.906473,39.711196],[-104.93165,39.711214],[-104.931648,39.711098],[-104.940684,39.711076],[-104.940747,39.698239],[-104.940612,39.69657],[-104.940562,39.692941],[-104.940595,39.685684],[-104.9404,39.683534],[-104.94042,39.682897],[-104.945336,39.684072],[-104.947859,39.684504],[-104.94886,39.684608],[-104.955041,39.684731],[-104.960915,39.684704],[-104.962177,39.684837],[-104.964205,39.685329],[-104.975176,39.690723],[-104.976798,39.691928],[-104.979884,39.694699],[-104.982771,39.697152],[-104.982769,39.696658],[-104.987431,39.696633],[-104.987469,39.701014],[-104.98756,39.702],[-104.987488,39.70388],[-104.987623,39.707535],[-104.987423,39.726943],[-104.988952,39.727771],[-104.990242,39.728865],[-104.991631,39.730664],[-104.997218,39.738375],[-104.997545,39.738696],[-104.998351,39.739805],[-104.999703,39.742318],[-105.000219,39.743483],[-105.000421,39.745519]]]}},{"type":"Feature","properties":{"d":32,"label":[-104.97592,39.68105],"area":24.6},"geometry":{"type":"Polygon","coordinates":[[[-105.081457,39.668577],[-105.081348,39.670133],[-105.080157,39.669826],[-105.079183,39.669738],[-105.079212,39.669339],[-105.078156,39.66929],[-105.07667,39.669061],[-105.076664,39.669413],[-105.075986,39.669307],[-105.075889,39.669991],[-105.075306,39.670058],[-105.074951,39.670485],[-105.074504,39.67025],[-105.07271,39.669742],[-105.072546,39.669423],[-105.071997,39.669344],[-105.071991,39.667763],[-105.053256,39.667785],[-105.053251,39.675037],[-105.062622,39.675008],[-105.06262,39.67928],[-105.061422,39.678258],[-105.061005,39.678041],[-105.060335,39.677954],[-105.059254,39.678339],[-105.057794,39.678697],[-105.057797,39.682272],[-105.053221,39.682291],[-105.053225,39.696769],[-105.036706,39.696757],[-105.035528,39.697177],[-105.035073,39.697234],[-105.033547,39.696881],[-105.032074,39.696731],[-105.01569,39.696762],[-104.983942,39.696619],[-104.982769,39.696658],[-104.982771,39.697152],[-104.979884,39.694699],[-104.976798,39.691928],[-104.975176,39.690723],[-104.964205,39.685329],[-104.962177,39.684837],[-104.960915,39.684704],[-104.955041,39.684731],[-104.94886,39.684608],[-104.947859,39.684504],[-104.945336,39.684072],[-104.94042,39.682897],[-104.9404,39.683534],[-104.940595,39.685684],[-104.940562,39.692941],[-104.940612,39.69657],[-104.940747,39.698239],[-104.940684,39.711076],[-104.931648,39.711098],[-104.93165,39.711214],[-104.906473,39.711196],[-104.906471,39.711394],[-104.903645,39.71136],[-104.903359,39.71121],[-104.89291,39.711192],[-104.892371,39.711119],[-104.89186,39.710917],[-104.886009,39.707304],[-104.885151,39.707006],[-104.884109,39.706911],[-104.88313,39.707056],[-104.870659,39.710033],[-104.870625,39.710174],[-104.865971,39.711053],[-104.865967,39.703807],[-104.868556,39.703109],[-104.868662,39.703008],[-104.869426,39.701319],[-104.869393,39.701089],[-104.870096,39.700688],[-104.870648,39.700535],[-104.870662,39.698377],[-104.868301,39.698371],[-104.868309,39.700192],[-104.867136,39.700188],[-104.867133,39.69928],[-104.865964,39.699279],[-104.865962,39.696559],[-104.87193,39.69647],[-104.875309,39.696505],[-104.875318,39.698438],[-104.877728,39.698438],[-104.87772,39.696508],[-104.882313,39.696573],[-104.884323,39.696485],[-104.887248,39.696566],[-104.894099,39.696596],[-104.894092,39.695868],[-104.894766,39.69587],[-104.894766,39.696597],[-104.896814,39.696588],[-104.899099,39.695395],[-104.899426,39.695748],[-104.899545,39.695817],[-104.899642,39.69576],[-104.900379,39.69655],[-104.899757,39.69715],[-104.903544,39.698535],[-104.903507,39.696622],[-104.900115,39.692985],[-104.903511,39.69297],[-104.903512,39.689354],[-104.89881,39.689341],[-104.898784,39.690702],[-104.898128,39.690697],[-104.898796,39.691387],[-104.898801,39.692975],[-104.894176,39.69296],[-104.894092,39.692874],[-104.894058,39.685694],[-104.889328,39.685684],[-104.889308,39.682056],[-104.894046,39.682061],[-104.894058,39.678448],[-104.90344,39.678598],[-104.90358,39.676713],[-104.903509,39.667624],[-104.912874,39.667631],[-104.912957,39.667545],[-104.912992,39.653216],[-104.91293,39.653089],[-104.954983,39.652987],[-104.954375,39.655886],[-104.953541,39.655957],[-104.953788,39.656683],[-104.959485,39.656691],[-104.959443,39.661526],[-104.96307,39.661559],[-104.963084,39.660371],[-104.968785,39.660417],[-104.968805,39.665839],[-104.973489,39.665866],[-104.973486,39.667684],[-105.000355,39.667728],[-105.003578,39.666611],[-105.003969,39.666255],[-105.00407,39.665527],[-105.004886,39.663685],[-105.00484,39.661672],[-105.004626,39.660802],[-105.004395,39.660484],[-105.010941,39.660507],[-105.007752,39.664605],[-105.007278,39.665446],[-105.006321,39.6677],[-105.006357,39.676759],[-105.008637,39.67678],[-105.008664,39.678627],[-105.015696,39.678684],[-105.0158,39.660508],[-105.022982,39.660496],[-105.023003,39.656804],[-105.033076,39.656954],[-105.032393,39.656506],[-105.032089,39.655905],[-105.032162,39.653276],[-105.034615,39.653276],[-105.034603,39.649589],[-105.046566,39.649685],[-105.047638,39.649885],[-105.048678,39.650313],[-105.050834,39.650645],[-105.051796,39.650507],[-105.05294,39.650512],[-105.053008,39.651797],[-105.053184,39.651659],[-105.053191,39.651775],[-105.054513,39.65176],[-105.055026,39.651992],[-105.057165,39.651986],[-105.05715,39.652946],[-105.058031,39.652959],[-105.058059,39.651251],[-105.062002,39.65124],[-105.061999,39.651515],[-105.062598,39.651513],[-105.062626,39.650267],[-105.0639,39.650295],[-105.063924,39.649566],[-105.070833,39.649579],[-105.07083,39.649999],[-105.069917,39.649991],[-105.069121,39.651301],[-105.068206,39.652188],[-105.068057,39.652188],[-105.068053,39.65249],[-105.06749,39.652491],[-105.067477,39.653321],[-105.067278,39.653319],[-105.067288,39.656879],[-105.070144,39.656874],[-105.070016,39.659071],[-105.071971,39.659604],[-105.071973,39.660024],[-105.076676,39.659312],[-105.076677,39.659887],[-105.078158,39.660759],[-105.078895,39.661587],[-105.079163,39.662041],[-105.081453,39.662056],[-105.081457,39.668577]]]}},{"type":"Feature","properties":{"d":33,"label":[-104.70523,39.82629],"area":73.7},"geometry":{"type":"Polygon","coordinates":[[[-104.987377,39.75442],[-104.98736,39.757006],[-104.973419,39.76779],[-104.973338,39.767919],[-104.973347,39.769187],[-104.968476,39.77291],[-104.940487,39.772886],[-104.940542,39.777925],[-104.940356,39.788283],[-104.940323,39.789103],[-104.939882,39.790994],[-104.927034,39.791054],[-104.927002,39.783778],[-104.903438,39.783808],[-104.903561,39.798391],[-104.901405,39.798383],[-104.901416,39.800202],[-104.899069,39.800202],[-104.899069,39.798374],[-104.884474,39.798322],[-104.884372,39.80292],[-104.884405,39.812815],[-104.866074,39.812847],[-104.866041,39.798386],[-104.849342,39.798347],[-104.845527,39.798192],[-104.829286,39.798054],[-104.827716,39.798213],[-104.813987,39.7983],[-104.790895,39.798251],[-104.791054,39.810462],[-104.790922,39.819682],[-104.790708,39.827214],[-104.790859,39.841802],[-104.762317,39.841788],[-104.762279,39.84539],[-104.730953,39.845195],[-104.73039,39.896131],[-104.703311,39.895949],[-104.703185,39.906926],[-104.692139,39.906851],[-104.692054,39.914178],[-104.679582,39.914016],[-104.679664,39.907008],[-104.659163,39.906787],[-104.630939,39.906645],[-104.630945,39.899291],[-104.620759,39.899328],[-104.599581,39.899038],[-104.59981,39.881307],[-104.605154,39.881346],[-104.605261,39.873114],[-104.619152,39.87322],[-104.619799,39.822417],[-104.62499,39.822491],[-104.65539,39.822605],[-104.655445,39.812999],[-104.666182,39.813075],[-104.666062,39.822791],[-104.717096,39.823219],[-104.722675,39.823178],[-104.762462,39.823443],[-104.762592,39.820164],[-104.762554,39.811147],[-104.762652,39.809221],[-104.762646,39.801589],[-104.762841,39.800014],[-104.762606,39.798433],[-104.74781,39.798454],[-104.745423,39.79851],[-104.734399,39.798442],[-104.734601,39.769181],[-104.753442,39.769302],[-104.764574,39.769188],[-104.764559,39.771568],[-104.772166,39.7715],[-104.772157,39.776409],[-104.78156,39.776483],[-104.781577,39.772795],[-104.828185,39.772784],[-104.828173,39.769156],[-104.833009,39.769177],[-104.832972,39.766391],[-104.835253,39.766881],[-104.837614,39.767169],[-104.856394,39.768581],[-104.856338,39.758127],[-104.85552,39.757796],[-104.855016,39.757926],[-104.854862,39.757844],[-104.854351,39.758062],[-104.853489,39.75762],[-104.852036,39.757313],[-104.850786,39.756743],[-104.848208,39.756419],[-104.848002,39.755449],[-104.847716,39.75524],[-104.846916,39.755241],[-104.84694,39.754687],[-104.879901,39.754735],[-104.879971,39.747438],[-104.898767,39.747441],[-104.898735,39.751015],[-104.903427,39.751015],[-104.903455,39.740145],[-104.940744,39.740128],[-104.940796,39.743753],[-104.956742,39.743792],[-104.958205,39.743822],[-104.958736,39.743946],[-104.959082,39.744148],[-104.959491,39.744617],[-104.95979,39.744766],[-104.959766,39.750716],[-104.973357,39.750723],[-104.973359,39.754547],[-104.973636,39.754606],[-104.975636,39.754686],[-104.975755,39.754622],[-104.97695,39.754627],[-104.977838,39.754684],[-104.978048,39.754789],[-104.978129,39.754469],[-104.978151,39.75324],[-104.978177,39.7475],[-104.979677,39.748574],[-104.986361,39.753723],[-104.987377,39.75442]]]}},{"type":"Feature","properties":{"d":34,"label":[-105.02553,39.74765],"area":26.4},"geometry":{"type":"Polygon","coordinates":[[[-105.065005,39.790321],[-105.064404,39.79032],[-105.064405,39.79108],[-105.062642,39.791086],[-105.062646,39.790501],[-105.061786,39.7905],[-105.06148,39.791075],[-105.034618,39.791142],[-105.034645,39.792051],[-105.029953,39.792032],[-105.029944,39.791125],[-105.025262,39.791106],[-105.025303,39.793963],[-105.02483,39.794053],[-105.024381,39.794034],[-105.02404,39.793892],[-105.023448,39.793454],[-105.022945,39.793403],[-105.022614,39.793495],[-105.022191,39.793797],[-105.02197,39.794065],[-105.021843,39.794461],[-105.021106,39.79428],[-105.021569,39.793214],[-105.020617,39.793011],[-105.020554,39.792941],[-105.020542,39.791087],[-104.993242,39.791026],[-104.99324,39.792042],[-104.990629,39.792047],[-104.990263,39.791518],[-104.990263,39.791031],[-104.986386,39.791037],[-104.986358,39.791871],[-104.985781,39.79187],[-104.985782,39.791665],[-104.985181,39.791667],[-104.985185,39.791038],[-104.982874,39.791032],[-104.982669,39.791086],[-104.978274,39.791043],[-104.978271,39.791874],[-104.977722,39.791876],[-104.977724,39.791042],[-104.97595,39.791038],[-104.975951,39.792422],[-104.973065,39.792418],[-104.973057,39.794114],[-104.974676,39.794125],[-104.974667,39.795608],[-104.97116,39.795567],[-104.971157,39.796144],[-104.971656,39.796148],[-104.971644,39.798291],[-104.968716,39.798396],[-104.968773,39.793215],[-104.967523,39.793269],[-104.967779,39.79267],[-104.967936,39.791831],[-104.968316,39.791832],[-104.968863,39.791317],[-104.968861,39.791041],[-104.96019,39.791025],[-104.955445,39.794625],[-104.940476,39.794601],[-104.940487,39.791002],[-104.939882,39.790994],[-104.940323,39.789103],[-104.940356,39.788283],[-104.940542,39.777925],[-104.940487,39.772886],[-104.968476,39.77291],[-104.973347,39.769187],[-104.973338,39.767919],[-104.973419,39.76779],[-104.992597,39.752944],[-104.99169,39.752288],[-105.000421,39.745519],[-105.000219,39.743483],[-104.999703,39.742318],[-104.998351,39.739805],[-104.997545,39.738696],[-104.997218,39.738375],[-104.991631,39.730664],[-104.990242,39.728865],[-104.988952,39.727771],[-104.987423,39.726943],[-104.987623,39.707535],[-104.987488,39.70388],[-104.98756,39.702],[-104.987469,39.701014],[-104.987431,39.696633],[-105.01569,39.696762],[-105.032074,39.696731],[-105.033547,39.696881],[-105.035073,39.697234],[-105.035528,39.697177],[-105.036706,39.696757],[-105.053225,39.696769],[-105.053227,39.73311],[-105.054424,39.733101],[-105.054427,39.73364],[-105.055013,39.733724],[-105.055011,39.7331],[-105.055588,39.733105],[-105.055591,39.734508],[-105.055572,39.734913],[-105.053228,39.734922],[-105.053265,39.771134],[-105.053183,39.783797],[-105.062659,39.783847],[-105.062653,39.78834],[-105.064992,39.788359],[-105.065005,39.790321]]]}},{"type":"Feature","properties":{"d":35,"label":[-103.04968,38.28414],"area":25753.6},"geometry":{"type":"Polygon","coordinates":[[[-105.501669,37.598138],[-105.501286,37.598603],[-105.493273,37.600919],[-105.493493,37.604449],[-105.493041,37.605287],[-105.494831,37.608499],[-105.495874,37.611764],[-105.495472,37.612223],[-105.496093,37.612349],[-105.497924,37.613068],[-105.498602,37.614137],[-105.498612,37.614492],[-105.498292,37.615716],[-105.497299,37.616749],[-105.496386,37.619185],[-105.495769,37.619575],[-105.492607,37.623067],[-105.491513,37.625003],[-105.492198,37.626374],[-105.49222,37.626745],[-105.492043,37.627931],[-105.492117,37.628552],[-105.492536,37.629606],[-105.492337,37.630341],[-105.492056,37.630793],[-105.491876,37.631399],[-105.491838,37.631899],[-105.491962,37.632301],[-105.491837,37.633817],[-105.49203,37.634067],[-105.492304,37.634203],[-105.492417,37.634444],[-105.492388,37.634783],[-105.491674,37.635906],[-105.490874,37.637884],[-105.490351,37.638668],[-105.490207,37.640386],[-105.488368,37.643295],[-105.487816,37.644522],[-105.487141,37.647323],[-105.487173,37.64775],[-105.486858,37.649662],[-105.486976,37.653483],[-105.485402,37.65473],[-105.483628,37.65647],[-105.482692,37.657537],[-105.482146,37.657845],[-105.481451,37.658525],[-105.481403,37.659219],[-105.481599,37.660089],[-105.481541,37.660605],[-105.48112,37.661703],[-105.480677,37.662261],[-105.479014,37.663871],[-105.478259,37.664809],[-105.477351,37.665747],[-105.477242,37.666199],[-105.477277,37.667158],[-105.47748,37.667464],[-105.477957,37.667736],[-105.478568,37.668476],[-105.47866,37.67099],[-105.478787,37.672102],[-105.478709,37.672796],[-105.478519,37.673345],[-105.477735,37.674638],[-105.477231,37.675228],[-105.476899,37.67585],[-105.476752,37.67681],[-105.476835,37.677269],[-105.476646,37.678173],[-105.476735,37.679938],[-105.476889,37.680421],[-105.477389,37.681202],[-105.477543,37.681741],[-105.477722,37.683305],[-105.477704,37.683813],[-105.477574,37.684128],[-105.477707,37.684611],[-105.478757,37.686139],[-105.480391,37.686924],[-105.480746,37.687027],[-105.480899,37.68718],[-105.480779,37.689897],[-105.480913,37.690413],[-105.480869,37.691856],[-105.481374,37.693755],[-105.481104,37.694439],[-105.480503,37.695374],[-105.480166,37.696638],[-105.480167,37.696991],[-105.480476,37.698076],[-105.479512,37.699317],[-105.479062,37.700155],[-105.478255,37.702377],[-105.477921,37.704163],[-105.478108,37.705359],[-105.478071,37.705778],[-105.477513,37.707532],[-105.477302,37.707686],[-105.474493,37.707601],[-105.47408,37.707659],[-105.473555,37.707983],[-105.472128,37.709468],[-105.471457,37.710797],[-105.471116,37.711248],[-105.470612,37.711379],[-105.469146,37.71116],[-105.468611,37.711145],[-105.467975,37.71126],[-105.466593,37.711845],[-105.466142,37.712369],[-105.464792,37.713412],[-105.464471,37.713613],[-105.463926,37.713801],[-105.46326,37.715998],[-105.462908,37.716514],[-105.462446,37.716982],[-105.46165,37.717419],[-105.460914,37.717655],[-105.459631,37.717926],[-105.458979,37.718805],[-105.457797,37.718905],[-105.457313,37.71906],[-105.457113,37.719269],[-105.457013,37.719648],[-105.457156,37.719864],[-105.456343,37.721009],[-105.45511,37.723152],[-105.454747,37.723418],[-105.454245,37.723951],[-105.454139,37.724964],[-105.454302,37.725366],[-105.454366,37.726065],[-105.454027,37.726958],[-105.454048,37.727216],[-105.453603,37.729275],[-105.453616,37.729813],[-105.453435,37.730216],[-105.453204,37.730402],[-105.453246,37.730868],[-105.453585,37.731984],[-105.454606,37.732928],[-105.455104,37.733601],[-105.455275,37.734306],[-105.455277,37.735148],[-105.455048,37.736587],[-105.454647,37.737327],[-105.454002,37.7382],[-105.453923,37.738773],[-105.453702,37.739249],[-105.453259,37.739895],[-105.452764,37.740405],[-105.452727,37.741276],[-105.452931,37.741613],[-105.453654,37.742352],[-105.453727,37.742836],[-105.453658,37.743433],[-105.454261,37.744463],[-105.455196,37.745209],[-105.456689,37.745995],[-105.457219,37.746662],[-105.457342,37.747024],[-105.456964,37.748646],[-105.457118,37.749073],[-105.457009,37.749694],[-105.457081,37.749936],[-105.456962,37.750001],[-105.456788,37.750585],[-105.456486,37.750765],[-105.456488,37.750886],[-105.456714,37.751175],[-105.457682,37.751724],[-105.458313,37.752009],[-105.459084,37.752221],[-105.459352,37.752574],[-105.459789,37.752765],[-105.459836,37.753305],[-105.459577,37.753629],[-105.458313,37.754462],[-105.456972,37.755731],[-105.455827,37.756498],[-105.455797,37.757248],[-105.456273,37.758068],[-105.45665,37.758323],[-105.457869,37.758677],[-105.457713,37.759194],[-105.457704,37.76013],[-105.456985,37.760886],[-105.4565,37.761761],[-105.455911,37.762427],[-105.455508,37.763406],[-105.454401,37.76556],[-105.453703,37.767284],[-105.452416,37.767899],[-105.450846,37.7695],[-105.450233,37.77061],[-105.450761,37.771614],[-105.450971,37.773033],[-105.450916,37.775195],[-105.45015,37.777113],[-105.449454,37.778127],[-105.449337,37.779305],[-105.449769,37.780754],[-105.450852,37.781569],[-105.451705,37.782635],[-105.451428,37.784759],[-105.451666,37.786895],[-105.452453,37.788293],[-105.453674,37.789623],[-105.455187,37.790814],[-105.455281,37.791902],[-105.454802,37.793285],[-105.454912,37.795696],[-105.453682,37.796859],[-105.450695,37.797656],[-105.449266,37.798401],[-105.448426,37.799271],[-105.447392,37.800061],[-105.445329,37.801021],[-105.443787,37.801597],[-105.442237,37.802367],[-105.44074,37.802507],[-105.436897,37.803641],[-105.43565,37.804352],[-105.435179,37.804767],[-105.435056,37.806301],[-105.435823,37.80782],[-105.435525,37.810823],[-105.435711,37.811104],[-105.435911,37.811796],[-105.435594,37.812386],[-105.434933,37.813045],[-105.434668,37.813733],[-105.435292,37.814219],[-105.43553,37.814637],[-105.435774,37.81641],[-105.436166,37.817859],[-105.436539,37.818575],[-105.436739,37.819218],[-105.434573,37.821929],[-105.434097,37.824506],[-105.434238,37.825255],[-105.434677,37.825583],[-105.435093,37.826483],[-105.435583,37.828505],[-105.432407,37.833167],[-105.432324,37.834684],[-105.432623,37.835069],[-105.430731,37.837826],[-105.430965,37.838753],[-105.430731,37.839504],[-105.429874,37.840696],[-105.42923,37.84275],[-105.428674,37.843666],[-105.428647,37.844779],[-105.429544,37.846072],[-105.430496,37.846839],[-105.430917,37.84736],[-105.430804,37.848015],[-105.430558,37.848654],[-105.429517,37.850599],[-105.429148,37.851021],[-105.428893,37.851733],[-105.429155,37.85236],[-105.431889,37.854824],[-105.431924,37.85522],[-105.432526,37.856393],[-105.433462,37.857516],[-105.434531,37.857888],[-105.436774,37.858202],[-105.436925,37.859798],[-105.437214,37.860231],[-105.438222,37.860692],[-105.438949,37.861275],[-105.439469,37.863248],[-105.43926,37.864419],[-105.439241,37.866202],[-105.439475,37.867128],[-105.440595,37.868354],[-105.440742,37.869612],[-105.442295,37.870673],[-105.443309,37.870722],[-105.443944,37.871322],[-105.448482,37.876379],[-105.450537,37.878112],[-105.452621,37.878415],[-105.454085,37.878501],[-105.456588,37.879894],[-105.460106,37.880355],[-105.464546,37.878974],[-105.465309,37.87953],[-105.469152,37.878755],[-105.471918,37.879687],[-105.474724,37.880003],[-105.478495,37.87985],[-105.477581,37.880442],[-105.476649,37.881897],[-105.476214,37.883295],[-105.477055,37.887961],[-105.47669,37.888422],[-105.476033,37.891168],[-105.475435,37.892373],[-105.473659,37.894516],[-105.473204,37.89597],[-105.47301,37.895696],[-105.471057,37.895264],[-105.46697,37.895515],[-105.461319,37.896891],[-105.459601,37.896813],[-105.459235,37.897169],[-105.45236,37.895681],[-105.440272,37.897461],[-105.437279,37.896011],[-105.434647,37.895525],[-105.431972,37.895167],[-105.431666,37.894407],[-105.429886,37.893837],[-105.428731,37.892196],[-105.42779,37.89132],[-105.426855,37.891634],[-105.424151,37.890173],[-105.422385,37.890367],[-105.421597,37.890652],[-105.419742,37.889957],[-105.418689,37.889703],[-105.415486,37.890815],[-105.413635,37.890527],[-105.412985,37.891238],[-105.411553,37.892532],[-105.410404,37.893204],[-105.409784,37.893205],[-105.408697,37.894442],[-105.407335,37.894694],[-105.406157,37.8951],[-105.405087,37.89515],[-105.403421,37.895782],[-105.401826,37.897286],[-105.400749,37.898096],[-105.399585,37.898816],[-105.39677,37.900199],[-105.394792,37.901366],[-105.393988,37.902482],[-105.39408,37.902918],[-105.39283,37.903759],[-105.391374,37.904364],[-105.390305,37.905196],[-105.389628,37.906522],[-105.387903,37.908065],[-105.386019,37.90937],[-105.385559,37.909824],[-105.38504,37.910178],[-105.383798,37.910539],[-105.383104,37.911437],[-105.38165,37.912707],[-105.380564,37.913325],[-105.379673,37.913372],[-105.378396,37.9138],[-105.377755,37.914466],[-105.377088,37.916102],[-105.376361,37.916356],[-105.374483,37.917349],[-105.372214,37.918116],[-105.367829,37.919784],[-105.367461,37.919974],[-105.367055,37.92037],[-105.366264,37.920938],[-105.36541,37.92142],[-105.363779,37.92207],[-105.363157,37.922095],[-105.362309,37.922425],[-105.361139,37.922597],[-105.360159,37.92245],[-105.358499,37.922601],[-105.357613,37.922862],[-105.356054,37.922854],[-105.354866,37.923365],[-105.353674,37.923581],[-105.351763,37.924707],[-105.350814,37.924889],[-105.347209,37.924759],[-105.346655,37.925024],[-105.346453,37.925464],[-105.346347,37.925535],[-105.344536,37.926378],[-105.343625,37.927065],[-105.342076,37.928412],[-105.339832,37.929482],[-105.338481,37.930797],[-105.337461,37.932055],[-105.336691,37.932738],[-105.33571,37.933468],[-105.334443,37.934196],[-105.333869,37.934646],[-105.331702,37.935801],[-105.329026,37.936945],[-105.327722,37.937177],[-105.324526,37.938434],[-105.320609,37.938572],[-105.318774,37.938846],[-105.317081,37.938949],[-105.315682,37.93881],[-105.314507,37.938444],[-105.313772,37.936888],[-105.311093,37.935945],[-105.310281,37.93354],[-105.306574,37.932292],[-105.306316,37.930967],[-105.305058,37.929447],[-105.304366,37.928393],[-105.303754,37.926794],[-105.303607,37.926188],[-105.300541,37.923085],[-105.300388,37.921586],[-105.301208,37.919641],[-105.301659,37.918119],[-105.300655,37.915887],[-105.301115,37.914627],[-105.300254,37.912488],[-105.299834,37.912272],[-105.298644,37.911871],[-105.298011,37.911263],[-105.297553,37.910088],[-105.297431,37.909349],[-105.297052,37.908945],[-105.296681,37.908762],[-105.294811,37.90822],[-105.293437,37.908718],[-105.292407,37.908625],[-105.291538,37.907555],[-105.291597,37.906431],[-105.290784,37.905368],[-105.29104,37.903897],[-105.290248,37.903509],[-105.289367,37.902869],[-105.286736,37.900194],[-105.285568,37.899596],[-105.285303,37.899552],[-105.285076,37.899421],[-105.284465,37.899512],[-105.283224,37.899993],[-105.281262,37.901037],[-105.280549,37.901215],[-105.278924,37.903645],[-105.277949,37.904407],[-105.276988,37.904103],[-105.276233,37.905875],[-105.273818,37.907677],[-105.273742,37.908574],[-105.27336,37.909448],[-105.273418,37.910716],[-105.272078,37.911601],[-105.271433,37.912815],[-105.269908,37.913661],[-105.269232,37.914786],[-105.268915,37.916346],[-105.267932,37.917416],[-105.26805,37.918304],[-105.264815,37.921377],[-105.264304,37.922882],[-105.263459,37.92324],[-105.261842,37.925637],[-105.2638,37.92882],[-105.263942,37.932059],[-105.263168,37.932458],[-105.261549,37.937168],[-105.260843,37.937098],[-105.257546,37.938131],[-105.256764,37.942555],[-105.255436,37.942916],[-105.250018,37.950378],[-105.249742,37.951521],[-105.248617,37.952109],[-105.246694,37.95211],[-105.246318,37.952648],[-105.245669,37.953253],[-105.244716,37.953728],[-105.24339,37.953719],[-105.241799,37.953809],[-105.240033,37.95508],[-105.239293,37.955869],[-105.238096,37.956851],[-105.237598,37.957568],[-105.238689,37.959419],[-105.239933,37.960393],[-105.238864,37.96256],[-105.23856,37.96284],[-105.237535,37.962905],[-105.236753,37.962743],[-105.235809,37.9628],[-105.235046,37.963688],[-105.234426,37.964019],[-105.23336,37.964067],[-105.233056,37.963744],[-105.232832,37.963922],[-105.232832,37.964196],[-105.231663,37.964866],[-105.23014,37.965011],[-105.229418,37.965245],[-105.228616,37.964657],[-105.227875,37.964673],[-105.226921,37.964568],[-105.226262,37.963898],[-105.2255,37.964261],[-105.224646,37.965036],[-105.224683,37.966674],[-105.224225,37.967763],[-105.223798,37.967933],[-105.223136,37.968804],[-105.222201,37.969151],[-105.220718,37.969514],[-105.219937,37.969505],[-105.218095,37.969903],[-105.217266,37.969883],[-105.216627,37.969447],[-105.215366,37.97052],[-105.216358,37.97253],[-105.216174,37.972998],[-105.216646,37.974116],[-105.216505,37.975378],[-105.215725,37.976125],[-105.214979,37.976484],[-105.214633,37.976887],[-105.213952,37.977145],[-105.213109,37.977331],[-105.213239,37.97838],[-105.214221,37.98026],[-105.213986,37.980809],[-105.211324,37.981518],[-105.209241,37.982228],[-105.207707,37.981655],[-105.206702,37.982276],[-105.205897,37.983268],[-105.205837,37.988619],[-105.206211,37.989401],[-105.206068,37.989668],[-105.205022,37.989974],[-105.203122,37.990143],[-105.201924,37.990448],[-105.200298,37.990157],[-105.198814,37.990181],[-105.197073,37.992416],[-105.199263,37.998855],[-105.19986,38.000002],[-105.200044,38.000835],[-105.198919,38.003785],[-105.198411,38.004092],[-105.197568,38.004366],[-105.194586,38.00756],[-105.192808,38.008616],[-105.189283,38.009752],[-105.18775,38.010598],[-105.186542,38.011993],[-105.185709,38.012323],[-105.185394,38.012654],[-105.185252,38.013379],[-105.184836,38.013669],[-105.183912,38.013863],[-105.181819,38.014693],[-105.181494,38.015305],[-105.181006,38.015595],[-105.179716,38.015853],[-105.179208,38.016353],[-105.178903,38.016474],[-105.176708,38.016352],[-105.174321,38.017078],[-105.173264,38.017142],[-105.172675,38.017416],[-105.171731,38.018044],[-105.170217,38.018407],[-105.169373,38.018527],[-105.168652,38.018946],[-105.167941,38.018527],[-105.167361,38.018471],[-105.166898,38.018129],[-105.166304,38.017104],[-105.165826,38.016821],[-105.164323,38.016673],[-105.16376,38.016193],[-105.161101,38.015866],[-105.160765,38.014947],[-105.15984,38.014173],[-105.158366,38.013133],[-105.157299,38.012955],[-105.152868,38.009747],[-105.151414,38.008448],[-105.149524,38.007303],[-105.147969,38.006239],[-105.147847,38.005658],[-105.147948,38.005392],[-105.148416,38.005078],[-105.150386,38.004547],[-105.15191,38.00333],[-105.152133,38.002379],[-105.152407,38.001912],[-105.152966,38.001412],[-105.153199,38.000784],[-105.153099,38.000005],[-105.152626,37.99823],[-105.152781,37.997391],[-105.152479,37.996342],[-105.152261,37.994356],[-105.152491,37.992113],[-105.151883,37.991403],[-105.151204,37.99091],[-105.150717,37.990789],[-105.147965,37.986841],[-105.147163,37.986477],[-105.146452,37.986589],[-105.145028,37.987411],[-105.143909,37.987838],[-105.143037,37.987595],[-105.141962,37.986804],[-105.141241,37.98686],[-105.13958,37.98514],[-105.139419,37.984841],[-105.139501,37.984607],[-105.140377,37.983429],[-105.141641,37.982034],[-105.142145,37.979799],[-105.14055,37.979774],[-105.13236,37.974643],[-105.131348,37.973456],[-105.131025,37.972681],[-105.131199,37.972261],[-105.131039,37.97168],[-105.131335,37.971188],[-105.132117,37.971019],[-105.133195,37.970423],[-105.134816,37.968189],[-105.13558,37.967294],[-105.135949,37.966358],[-105.135647,37.965277],[-105.13496,37.964616],[-105.13414,37.964124],[-105.133846,37.963307],[-105.133409,37.963039],[-105.128974,37.96285],[-105.127909,37.962592],[-105.127576,37.961174],[-105.126411,37.96075],[-105.126435,37.959555],[-105.126188,37.957812],[-105.127105,37.956457],[-105.126906,37.955134],[-105.126238,37.954778],[-105.125551,37.954592],[-105.125294,37.953715],[-105.125141,37.953594],[-105.12504,37.95324],[-105.125111,37.953087],[-105.125818,37.952542],[-105.126134,37.952002],[-105.126207,37.951534],[-105.125975,37.95117],[-105.123823,37.949627],[-105.122612,37.949177],[-105.120666,37.949597],[-105.117163,37.949141],[-105.115608,37.9475],[-105.112984,37.945449],[-105.108507,37.943399],[-105.103129,37.94494],[-105.099097,37.944943],[-105.093828,37.947329],[-105.090295,37.947637],[-105.088011,37.948588],[-105.085532,37.951141],[-105.084383,37.955384],[-105.084057,37.955594],[-105.08183,37.95425],[-105.0778,37.952964],[-105.074965,37.949221],[-105.074244,37.948513],[-105.072219,37.947789],[-105.071305,37.946606],[-105.070472,37.945802],[-105.067389,37.944756],[-105.066056,37.944209],[-105.065471,37.941802],[-105.066425,37.938525],[-105.06603,37.937447],[-105.064342,37.936635],[-105.063572,37.935001],[-105.063739,37.93294],[-105.063737,37.929269],[-105.064126,37.928383],[-105.065155,37.927368],[-105.066063,37.92625],[-105.066301,37.925048],[-105.065034,37.923241],[-105.065135,37.921456],[-105.06585,37.920763],[-105.065399,37.919876],[-105.064218,37.918536],[-105.064211,37.917906],[-105.0632,37.916976],[-105.061497,37.916061],[-105.059364,37.91618],[-105.057201,37.915946],[-105.056661,37.916156],[-105.055672,37.917025],[-105.054307,37.917509],[-105.049397,37.915238],[-105.044561,37.911656],[-105.044574,37.910305],[-105.043905,37.90954],[-105.039826,37.908124],[-105.039757,37.907423],[-105.039017,37.906127],[-105.03911,37.905596],[-105.038665,37.904444],[-105.037394,37.904155],[-105.03599,37.904115],[-105.034237,37.904984],[-105.032954,37.905322],[-105.031573,37.904147],[-105.0335,37.898761],[-105.034575,37.896112],[-105.034803,37.894583],[-105.033626,37.89356],[-105.030435,37.892063],[-105.021748,37.887491],[-105.019613,37.886967],[-105.017295,37.886186],[-105.015751,37.88551],[-105.013763,37.883489],[-105.013729,37.881271],[-104.987748,37.882841],[-104.957803,37.884431],[-104.948214,37.885006],[-104.947012,37.885145],[-104.945777,37.885062],[-104.921221,37.886358],[-104.901389,37.887317],[-104.875542,37.888681],[-104.868344,37.889185],[-104.84613,37.890204],[-104.750538,37.895289],[-104.670416,37.899307],[-104.669588,37.899203],[-104.668695,37.899386],[-104.646383,37.900527],[-104.625534,37.894561],[-104.597525,37.8867],[-104.526819,37.867098],[-104.397708,37.830624],[-104.250525,37.788985],[-104.247674,37.788089],[-104.195898,37.773344],[-104.126149,37.753471],[-104.124763,37.753171],[-104.104645,37.747255],[-104.061132,37.734704],[-104.061727,37.750011],[-104.061686,37.763041],[-104.062073,37.792123],[-104.061891,37.822715],[-104.060155,37.822702],[-104.060069,37.82303],[-104.059374,37.875009],[-104.059316,37.958664],[-104.059459,37.979718],[-104.059383,37.990769],[-104.059426,37.996157],[-104.059501,37.996583],[-104.059392,38.054326],[-104.059085,38.07629],[-104.059047,38.103723],[-104.058769,38.105201],[-104.058688,38.114829],[-104.057995,38.141468],[-104.058242,38.146492],[-104.058375,38.165619],[-104.05823,38.174079],[-104.058349,38.178716],[-104.058326,38.187124],[-104.058451,38.199961],[-104.058298,38.225828],[-104.058471,38.257641],[-104.058402,38.260841],[-104.058168,38.261402],[-104.057902,38.261612],[-104.057736,38.261639],[-104.055075,38.26165],[-104.054812,38.261728],[-104.054725,38.261864],[-104.055424,38.323657],[-104.055838,38.375195],[-104.055937,38.403022],[-104.056137,38.413465],[-104.05635,38.435742],[-104.055594,38.465164],[-104.055235,38.473332],[-104.055017,38.484117],[-104.054712,38.491898],[-104.054552,38.507219],[-104.054193,38.519611],[-104.053921,38.522393],[-104.083468,38.522434],[-104.090179,38.522004],[-104.124347,38.521746],[-104.128772,38.521832],[-104.150152,38.521732],[-104.152501,38.521902],[-104.165285,38.522271],[-104.174509,38.522187],[-104.193522,38.521834],[-104.251568,38.521268],[-104.298515,38.520991],[-104.354184,38.520804],[-104.375521,38.520607],[-104.381807,38.520733],[-104.392169,38.520663],[-104.396113,38.520703],[-104.400231,38.520614],[-104.408795,38.520572],[-104.410798,38.520617],[-104.413118,38.520461],[-104.42286,38.520338],[-104.428553,38.520325],[-104.440198,38.520456],[-104.456486,38.520329],[-104.479992,38.52029],[-104.486359,38.520215],[-104.500523,38.519898],[-104.532637,38.519843],[-104.567087,38.520001],[-104.573719,38.519939],[-104.590997,38.520004],[-104.604108,38.520298],[-104.62643,38.519927],[-104.630682,38.519917],[-104.63216,38.522752],[-104.632055,38.522814],[-104.638225,38.534934],[-104.638347,38.535215],[-104.638168,38.535437],[-104.638703,38.536172],[-104.642108,38.542868],[-104.642855,38.544572],[-104.644294,38.548415],[-104.645568,38.551077],[-104.645962,38.552085],[-104.651552,38.563248],[-104.647269,38.563281],[-104.665982,38.58594],[-104.666435,38.58575],[-104.667574,38.585929],[-104.668068,38.586216],[-104.66852,38.586775],[-104.669285,38.58649],[-104.677625,38.601848],[-104.68124,38.607448],[-104.686566,38.614571],[-104.687278,38.615642],[-104.687642,38.616266],[-104.688425,38.618114],[-104.688929,38.619966],[-104.69409,38.64387],[-104.694473,38.645107],[-104.701415,38.662569],[-104.702116,38.6638],[-104.702897,38.664925],[-104.702179,38.665286],[-104.701688,38.664145],[-104.701552,38.664158],[-104.701854,38.665333],[-104.702033,38.666534],[-104.701719,38.66654],[-104.70154,38.665338],[-104.701272,38.664285],[-104.701043,38.663913],[-104.698701,38.657984],[-104.697036,38.657951],[-104.696753,38.661859],[-104.694874,38.662033],[-104.694931,38.663195],[-104.691848,38.663269],[-104.691679,38.662539],[-104.68774,38.662582],[-104.687305,38.662463],[-104.687072,38.662314],[-104.68557,38.663255],[-104.685323,38.663305],[-104.68538,38.663512],[-104.682524,38.663535],[-104.682435,38.657246],[-104.673289,38.65725],[-104.673289,38.657357],[-104.663975,38.657383],[-104.663953,38.664577],[-104.636443,38.664816],[-104.636485,38.668366],[-104.636684,38.668353],[-104.636613,38.679265],[-104.63336,38.679269],[-104.633429,38.68258],[-104.627102,38.682631],[-104.627054,38.680913],[-104.623048,38.680951],[-104.623033,38.679303],[-104.609158,38.679274],[-104.609046,38.686618],[-104.605426,38.686607],[-104.605395,38.6903],[-104.599182,38.690289],[-104.599151,38.694022],[-104.667973,38.693974],[-104.671432,38.694076],[-104.671433,38.694974],[-104.67358,38.694975],[-104.67361,38.708448],[-104.669922,38.70848],[-104.668954,38.708624],[-104.668208,38.7089],[-104.66526,38.711118],[-104.661598,38.71418],[-104.660213,38.715457],[-104.659492,38.716285],[-104.658138,38.715568],[-104.659484,38.714001],[-104.660228,38.713381],[-104.658514,38.71212],[-104.608855,38.712133],[-104.608789,38.721138],[-104.608911,38.728378],[-104.608696,38.728337],[-104.608383,38.741479],[-104.608266,38.741846],[-104.608303,38.751924],[-104.608517,38.767356],[-104.608398,38.793211],[-104.608368,38.795458],[-104.608226,38.795631],[-104.608398,38.795643],[-104.608302,38.80996],[-104.617545,38.810058],[-104.617416,38.835306],[-104.621998,38.835337],[-104.62199,38.831763],[-104.626563,38.831808],[-104.626598,38.835363],[-104.631303,38.835358],[-104.631323,38.838931],[-104.628529,38.839084],[-104.627875,38.839276],[-104.627244,38.839276],[-104.627245,38.839626],[-104.626492,38.839372],[-104.625966,38.839424],[-104.624043,38.839319],[-104.621608,38.83906],[-104.617359,38.839016],[-104.617337,38.842498],[-104.618734,38.842529],[-104.618754,38.846143],[-104.612684,38.846115],[-104.61266,38.849738],[-104.607946,38.849715],[-104.607952,38.849025],[-104.598751,38.848939],[-104.598684,38.853237],[-104.603354,38.853287],[-104.603364,38.856954],[-104.598724,38.85688],[-104.598685,38.86421],[-104.607954,38.864409],[-104.607929,38.868099],[-104.612605,38.868108],[-104.612616,38.864398],[-104.617279,38.864388],[-104.61728,38.868116],[-104.636027,38.868162],[-104.635999,38.869966],[-104.626613,38.869947],[-104.626429,38.886247],[-104.621791,38.886245],[-104.621826,38.882627],[-104.617182,38.882616],[-104.617127,38.889874],[-104.621761,38.889866],[-104.621725,38.893486],[-104.626453,38.893474],[-104.626392,38.897798],[-104.626515,38.910492],[-104.62651,38.911576],[-104.626438,38.911573],[-104.62645,38.912853],[-104.626593,38.913254],[-104.626244,38.914139],[-104.61775,38.926305],[-104.616218,38.926224],[-104.611025,38.926164],[-104.607703,38.926196],[-104.608218,38.930528],[-104.609211,38.92989],[-104.611072,38.931625],[-104.613762,38.929889],[-104.615278,38.929902],[-104.620538,38.926395],[-104.620929,38.926331],[-104.627548,38.926396],[-104.627542,38.938899],[-104.631441,38.938934],[-104.631449,38.93614],[-104.645097,38.936303],[-104.658996,38.936276],[-104.659001,38.937317],[-104.659353,38.937317],[-104.659355,38.937368],[-104.664109,38.937359],[-104.664136,38.93979],[-104.664253,38.939792],[-104.664558,38.940123],[-104.667919,38.940272],[-104.670892,38.940513],[-104.673348,38.94058],[-104.673178,38.951863],[-104.682563,38.951832],[-104.682622,38.948209],[-104.691765,38.948174],[-104.691699,38.951725],[-104.688379,38.954911],[-104.700718,38.954861],[-104.700594,38.971553],[-104.700382,38.983854],[-104.732796,38.983784],[-104.736406,38.983837],[-104.737995,38.983823],[-104.737994,38.983715],[-104.739131,38.983711],[-104.739131,38.983815],[-104.756617,38.983735],[-104.756667,38.99826],[-104.765982,38.99818],[-104.765937,39.005531],[-104.756665,39.005497],[-104.756692,39.012716],[-104.76152,39.012756],[-104.767322,39.012689],[-104.768007,39.012618],[-104.769453,39.012302],[-104.775556,39.010622],[-104.777081,39.010034],[-104.778374,39.009168],[-104.779301,39.010318],[-104.779805,39.011133],[-104.780748,39.015571],[-104.780803,39.016482],[-104.780572,39.019098],[-104.779856,39.023908],[-104.775889,39.034255],[-104.775612,39.035264],[-104.775515,39.035347],[-104.775506,39.037452],[-104.775296,39.038107],[-104.774928,39.038584],[-104.773318,39.039892],[-104.772607,39.040164],[-104.770999,39.040583],[-104.770496,39.040814],[-104.770093,39.041119],[-104.769219,39.042002],[-104.767788,39.043666],[-104.765767,39.046532],[-104.765341,39.046975],[-104.76445,39.047672],[-104.763927,39.048361],[-104.763786,39.049221],[-104.763941,39.055363],[-104.763878,39.056326],[-104.763632,39.057054],[-104.762018,39.060348],[-104.761419,39.064161],[-104.761359,39.065197],[-104.761559,39.070005],[-104.761647,39.071408],[-104.761901,39.072718],[-104.762523,39.073748],[-104.765964,39.077244],[-104.766614,39.078058],[-104.766971,39.078742],[-104.767197,39.079276],[-104.767441,39.080342],[-104.767573,39.082443],[-104.767801,39.083597],[-104.768311,39.084636],[-104.76973,39.08649],[-104.770138,39.087111],[-104.770425,39.087765],[-104.770868,39.091779],[-104.770901,39.09363],[-104.770628,39.099156],[-104.771068,39.103013],[-104.771106,39.112571],[-104.770797,39.113744],[-104.76733,39.120005],[-104.766657,39.121451],[-104.766511,39.122348],[-104.766571,39.129674],[-104.735546,39.12967],[-104.732677,39.129615],[-104.671022,39.129479],[-104.665017,39.129585],[-104.662483,39.129529],[-104.662894,39.216406],[-104.662773,39.303782],[-104.662465,39.390953],[-104.66016,39.565909],[-104.604444,39.565909],[-104.55995,39.565148],[-104.555054,39.565008],[-104.498314,39.564143],[-104.47301,39.564097],[-104.469223,39.563945],[-104.460266,39.564004],[-104.447704,39.563741],[-104.44273,39.563764],[-104.43954,39.563647],[-104.427452,39.563601],[-104.417435,39.563764],[-104.381131,39.564097],[-104.37598,39.563949],[-104.363794,39.564291],[-104.34753,39.564414],[-104.32345,39.564386],[-104.287608,39.564717],[-104.264823,39.564718],[-104.254205,39.564943],[-104.244157,39.565025],[-104.125515,39.565474],[-104.102381,39.565699],[-104.081331,39.565743],[-104.072132,39.565869],[-104.067166,39.565821],[-104.05657,39.565954],[-104.027686,39.56595],[-103.986976,39.566151],[-103.985114,39.566312],[-103.981891,39.566267],[-103.978639,39.56636],[-103.950395,39.56623],[-103.908561,39.566358],[-103.875512,39.566623],[-103.839225,39.56657],[-103.751925,39.566561],[-103.699117,39.566258],[-103.683885,39.566351],[-103.660766,39.566366],[-103.659511,39.566315],[-103.658894,39.56615],[-103.6586,39.565908],[-103.658438,39.56623],[-103.658161,39.566288],[-103.637773,39.566222],[-103.636872,39.566114],[-103.635101,39.56576],[-103.634397,39.565729],[-103.63182,39.565759],[-103.629942,39.566166],[-103.629327,39.566221],[-103.563781,39.566069],[-103.529529,39.566102],[-103.492032,39.565991],[-103.491544,39.56593],[-103.491247,39.565692],[-103.491107,39.565803],[-103.489616,39.565742],[-103.481074,39.565997],[-103.472131,39.565752],[-103.472062,39.565919],[-103.471895,39.565968],[-103.469336,39.565905],[-103.453174,39.565885],[-103.445745,39.565981],[-103.428057,39.565988],[-103.426289,39.566066],[-103.424239,39.566015],[-103.416066,39.566089],[-103.415837,39.566042],[-103.387701,39.566126],[-103.3875,39.566174],[-103.369067,39.566226],[-103.368447,39.566348],[-103.368191,39.566258],[-103.361512,39.566276],[-103.361029,39.566213],[-103.349947,39.566308],[-103.349813,39.566378],[-103.348179,39.566397],[-103.329021,39.566401],[-103.323073,39.566461],[-103.319381,39.566414],[-103.318157,39.566553],[-103.310146,39.566569],[-103.304276,39.566499],[-103.274946,39.566478],[-103.266235,39.5664],[-103.263576,39.566441],[-103.211969,39.566175],[-103.182068,39.566142],[-103.154955,39.565949],[-103.154623,39.565869],[-103.154376,39.565654],[-103.154224,39.56589],[-103.153992,39.565959],[-103.143484,39.565922],[-103.138344,39.565991],[-103.124352,39.566214],[-103.107937,39.566607],[-103.088662,39.566955],[-103.086139,39.566855],[-103.081098,39.566964],[-103.079303,39.566932],[-103.068132,39.567275],[-103.033905,39.567739],[-103.0282,39.56759],[-103.023697,39.567602],[-103.023576,39.567511],[-103.023274,39.567596],[-103.019202,39.567611],[-103.018032,39.567708],[-103.009498,39.567863],[-102.954188,39.568265],[-102.952855,39.568381],[-102.935196,39.568549],[-102.929247,39.568577],[-102.889861,39.568406],[-102.88031,39.568323],[-102.879702,39.568232],[-102.864787,39.568504],[-102.831315,39.568033],[-102.830905,39.568082],[-102.816157,39.567976],[-102.793982,39.567748],[-102.741796,39.567989],[-102.718032,39.568022],[-102.614944,39.568909],[-102.612368,39.568857],[-102.592998,39.569103],[-102.571343,39.569271],[-102.551554,39.570656],[-102.5,39.570698],[-102.45893,39.570856],[-102.458605,39.570764],[-102.43093,39.57072],[-102.430431,39.570816],[-102.425969,39.570777],[-102.425678,39.570664],[-102.385415,39.570766],[-102.382149,39.570698],[-102.375473,39.570862],[-102.369832,39.570754],[-102.313493,39.571137],[-102.312505,39.571219],[-102.306022,39.571288],[-102.305463,39.571314],[-102.305258,39.571402],[-102.301175,39.571322],[-102.29708,39.571336],[-102.296163,39.571461],[-102.291314,39.571544],[-102.278472,39.571597],[-102.273518,39.571536],[-102.26545,39.571647],[-102.252525,39.57197],[-102.25046,39.572129],[-102.24916,39.571984],[-102.203458,39.572573],[-102.191069,39.572792],[-102.167879,39.57301],[-102.15822,39.573007],[-102.125447,39.573262],[-102.121515,39.573219],[-102.110351,39.573282],[-102.087998,39.573647],[-102.049806,39.574058],[-102.049552,39.538895],[-102.04967,39.538756],[-102.049673,39.536579],[-102.049565,39.506191],[-102.049769,39.500298],[-102.049341,39.471462],[-102.049427,39.471295],[-102.049592,39.471253],[-102.049594,39.467035],[-102.049447,39.466532],[-102.049506,39.465343],[-102.049371,39.418297],[-102.04912,39.418193],[-102.049079,39.418057],[-102.049031,39.403755],[-102.049158,39.403475],[-102.049204,39.374988],[-102.049039,39.373431],[-102.048884,39.35101],[-102.048785,39.35088],[-102.048872,39.350673],[-102.048661,39.331259],[-102.04853,39.302916],[-102.047901,39.253122],[-102.048074,39.249994],[-102.047841,39.234582],[-102.04725,39.13702],[-102.047012,39.121247],[-102.046424,39.016961],[-102.046046,38.981776],[-102.0456,38.886261],[-102.045458,38.875007],[-102.045583,38.872996],[-102.045351,38.856897],[-102.045473,38.813666],[-102.045398,38.812936],[-102.045334,38.799463],[-102.045385,38.783352],[-102.045287,38.755322],[-102.045375,38.754339],[-102.045303,38.750009],[-102.045395,38.742217],[-102.045127,38.686725],[-102.04516,38.675221],[-102.045074,38.669617],[-102.045207,38.658557],[-102.045132,38.658453],[-102.045113,38.657051],[-102.045115,38.629732],[-102.044792,38.61534],[-102.045082,38.615172],[-102.04511,38.614642],[-102.045074,38.602453],[-102.045206,38.60068],[-102.045253,38.59162],[-102.045253,38.588746],[-102.045151,38.588347],[-102.045142,38.587519],[-102.045178,38.577142],[-102.044996,38.56762],[-102.044888,38.566394],[-102.044873,38.560004],[-102.044916,38.529295],[-102.045045,38.510226],[-102.044975,38.485706],[-102.04499,38.461874],[-102.045052,38.460822],[-102.044725,38.440623],[-102.044977,38.427952],[-102.044947,38.420961],[-102.044777,38.42043],[-102.044927,38.393314],[-102.044827,38.39278],[-102.044804,38.384636],[-102.044946,38.384358],[-102.044676,38.356184],[-102.044524,38.349416],[-102.044612,38.312324],[-102.044516,38.311169],[-102.044522,38.306337],[-102.044401,38.306095],[-102.044468,38.305698],[-102.044541,38.29841],[-102.044522,38.291771],[-102.044607,38.290512],[-102.044464,38.262412],[-102.044785,38.262248],[-102.044833,38.261283],[-102.04479,38.249028],[-102.04445,38.244695],[-102.044452,38.234148],[-102.044518,38.23287],[-102.0443,38.18744],[-102.044415,38.159896],[-102.044407,38.146194],[-102.044251,38.141778],[-102.044258,38.112946],[-102.044483,38.065374],[-102.044708,38.041257],[-102.044583,38.026946],[-102.044515,37.984575],[-102.043846,37.928233],[-102.043902,37.927965],[-102.043185,37.87502],[-102.043161,37.844658],[-102.042923,37.824273],[-102.042824,37.797113],[-102.042227,37.761558],[-102.042281,37.760295],[-102.042195,37.750031],[-102.042341,37.748207],[-102.041878,37.723976],[-102.041626,37.696699],[-102.041604,37.688393],[-102.041688,37.687284],[-102.041703,37.6829],[-102.041693,37.665983],[-102.041609,37.660077],[-102.041677,37.65868],[-102.041582,37.654495],[-102.041618,37.607868],[-102.041793,37.601234],[-102.041932,37.579047],[-102.041683,37.578556],[-102.041894,37.557977],[-102.041899,37.541186],[-102.042016,37.535261],[-102.04175,37.506019],[-102.041808,37.456447],[-102.041607,37.449277],[-102.041755,37.434855],[-102.041669,37.43474],[-102.041671,37.427534],[-102.04182,37.410149],[-102.041676,37.409898],[-102.041794,37.407126],[-102.041522,37.375021],[-102.042089,37.35283],[-102.041923,37.352659],[-102.041883,37.351475],[-102.041924,37.334924],[-102.041825,37.29647],[-102.041986,37.279331],[-102.041928,37.266608],[-102.041963,37.258164],[-102.042124,37.250021],[-102.04218,37.225661],[-102.041962,37.22191],[-102.041995,37.155944],[-102.041812,37.137368],[-102.041988,37.127949],[-102.041934,37.113567],[-102.041947,37.106954],[-102.042032,37.10514],[-102.042086,37.047344],[-102.04192,37.035083],[-102.041977,37.0349],[-102.041749,37.034397],[-102.041921,37.032178],[-102.042064,37.031606],[-102.042052,37.031102],[-102.04195,37.030805],[-102.042054,37.028334],[-102.042065,37.000826],[-102.04199,36.999179],[-102.042089,36.993016],[-102.053683,36.993027],[-102.054144,36.993048],[-102.054387,36.99313],[-102.077193,36.993084],[-102.084723,36.993234],[-102.125452,36.993347],[-102.197648,36.993662],[-102.221199,36.993864],[-102.248477,36.994198],[-102.251056,36.994102],[-102.260789,36.994388],[-102.285007,36.994152],[-102.343778,36.994409],[-102.355288,36.994506],[-102.355367,36.994575],[-102.375461,36.99458],[-102.38858,36.994776],[-102.434251,36.994827],[-102.44629,36.994744],[-102.500467,36.994967],[-102.530425,36.994873],[-102.57091,36.995134],[-102.625471,36.995036],[-102.651431,36.995047],[-102.655903,36.995085],[-102.662122,36.995271],[-102.698142,36.995149],[-102.74206,36.997689],[-102.752141,36.998341],[-102.793627,36.999374],[-102.815074,36.999774],[-102.829465,36.999731],[-102.841921,36.9996],[-102.875481,36.999628],[-102.979613,36.998549],[-102.984094,36.99864],[-102.986976,36.998524],[-103.000486,37.000019],[-103.002329,37.00015],[-103.037445,37.000078],[-103.085948,37.00019],[-103.116775,37.000173],[-103.239641,36.99963],[-103.342962,36.999436],[-103.377734,36.999444],[-103.436473,36.999223],[-103.487894,36.999143],[-103.560191,36.998833],[-103.625507,36.998629],[-103.702832,36.998134],[-103.737788,36.997989],[-103.787747,36.997498],[-103.809022,36.997353],[-103.83317,36.997208],[-103.865158,36.997175],[-103.91849,36.996731],[-104.004661,36.996137],[-104.040414,36.996007],[-104.125176,36.995411],[-104.12553,36.995355],[-104.162853,36.995185],[-104.215634,36.994754],[-104.218902,36.994843],[-104.250536,36.994644],[-104.299698,36.994069],[-104.321971,36.993887],[-104.338833,36.993535],[-104.368881,36.993445],[-104.375538,36.993524],[-104.408313,36.993474],[-104.413528,36.993594],[-104.429821,36.993751],[-104.450544,36.993721],[-104.461977,36.993834],[-104.486985,36.993867],[-104.492272,36.993658],[-104.493146,36.993703],[-104.493395,36.993877],[-104.519195,36.993766],[-104.537048,36.993976],[-104.563273,36.993823],[-104.569914,36.993877],[-104.574754,36.994118],[-104.614816,36.994129],[-104.624555,36.994375],[-104.625544,36.993598],[-104.631448,36.993592],[-104.644997,36.993379],[-104.705788,36.993497],[-104.732225,36.993446],[-104.750547,36.993525],[-104.87555,36.993253],[-105.000551,36.993262],[-105.029226,36.992727],[-105.053783,36.993709],[-105.06629,36.993863],[-105.08541,36.994461],[-105.1208,36.995428],[-105.125557,36.995212],[-105.136669,36.995166],[-105.155042,36.995262],[-105.154908,37.022065],[-105.155063,37.125019],[-105.154583,37.250032],[-105.154176,37.293129],[-105.157113,37.293035],[-105.157909,37.292892],[-105.158953,37.292369],[-105.16019,37.291109],[-105.162096,37.290095],[-105.164559,37.289117],[-105.164656,37.2896],[-105.165472,37.291241],[-105.16548,37.29191],[-105.165291,37.292154],[-105.165158,37.292792],[-105.165334,37.294074],[-105.165337,37.295228],[-105.165055,37.296142],[-105.16419,37.298198],[-105.163949,37.299168],[-105.163393,37.299946],[-105.163399,37.300422],[-105.163748,37.301808],[-105.164298,37.303046],[-105.164769,37.304431],[-105.164731,37.307239],[-105.164938,37.308521],[-105.1664,37.312626],[-105.166919,37.313792],[-105.166894,37.314284],[-105.166472,37.315304],[-105.165439,37.31678],[-105.165458,37.317522],[-105.165849,37.319012],[-105.166693,37.321209],[-105.166892,37.322684],[-105.166692,37.323735],[-105.166051,37.325006],[-105.165315,37.325988],[-105.163523,37.327389],[-105.163127,37.328061],[-105.163096,37.328909],[-105.163411,37.329931],[-105.163939,37.330968],[-105.164778,37.331882],[-105.165159,37.332501],[-105.165605,37.33353],[-105.166064,37.33389],[-105.166775,37.334248],[-105.167277,37.334842],[-105.167673,37.33583],[-105.167949,37.337031],[-105.167902,37.337322],[-105.167544,37.337776],[-105.166803,37.339145],[-105.165689,37.341509],[-105.164861,37.342362],[-105.164149,37.342803],[-105.16405,37.343022],[-105.164245,37.34415],[-105.164116,37.345216],[-105.16423,37.345441],[-105.16515,37.346338],[-105.165869,37.347318],[-105.166343,37.348985],[-105.166424,37.349888],[-105.166001,37.351674],[-105.16598,37.352513],[-105.166361,37.353059],[-105.166932,37.353507],[-105.167827,37.354025],[-105.168047,37.354693],[-105.167821,37.355268],[-105.167457,37.356957],[-105.166976,37.358147],[-105.167214,37.358556],[-105.168668,37.360241],[-105.168869,37.360965],[-105.168906,37.361514],[-105.168554,37.362541],[-105.16718,37.364254],[-105.166457,37.365598],[-105.166158,37.367674],[-105.165744,37.36942],[-105.165749,37.369823],[-105.166758,37.372253],[-105.168412,37.373669],[-105.168758,37.374692],[-105.16898,37.375012],[-105.168879,37.375638],[-105.167447,37.378128],[-105.166896,37.378988],[-105.165689,37.380477],[-105.165317,37.381174],[-105.166026,37.383246],[-105.167167,37.385836],[-105.166996,37.38785],[-105.166765,37.388396],[-105.166418,37.38877],[-105.164245,37.389809],[-105.162649,37.390302],[-105.162461,37.390562],[-105.162549,37.390996],[-105.162425,37.391465],[-105.16205,37.392001],[-105.161433,37.393209],[-105.158509,37.397109],[-105.157269,37.398436],[-105.156212,37.39923],[-105.155169,37.399636],[-105.153094,37.399859],[-105.151324,37.400192],[-105.148693,37.400389],[-105.146323,37.400415],[-105.144998,37.400235],[-105.143751,37.400538],[-105.142516,37.400946],[-105.141194,37.400952],[-105.138567,37.400691],[-105.137624,37.401079],[-105.134371,37.402782],[-105.133268,37.403221],[-105.132669,37.403606],[-105.132288,37.404392],[-105.131922,37.405507],[-105.131256,37.406812],[-105.129868,37.408803],[-105.12972,37.409254],[-105.130368,37.410666],[-105.130585,37.411655],[-105.130847,37.411668],[-105.131299,37.411503],[-105.132652,37.411545],[-105.134627,37.411992],[-105.135956,37.412462],[-105.137127,37.413102],[-105.138315,37.414234],[-105.139416,37.415585],[-105.140084,37.416932],[-105.140526,37.418129],[-105.140699,37.419481],[-105.140567,37.4207],[-105.140695,37.421811],[-105.141522,37.423656],[-105.140913,37.427919],[-105.141035,37.428643],[-105.141486,37.429065],[-105.142214,37.429171],[-105.145119,37.428995],[-105.145034,37.429407],[-105.144082,37.431086],[-105.143951,37.431738],[-105.144104,37.432472],[-105.144534,37.433515],[-105.145207,37.434548],[-105.146461,37.436002],[-105.1465,37.436533],[-105.146383,37.437429],[-105.145906,37.438587],[-105.146824,37.441092],[-105.147265,37.441571],[-105.148487,37.442219],[-105.149562,37.443182],[-105.150061,37.444072],[-105.150987,37.447061],[-105.151245,37.448654],[-105.151567,37.449844],[-105.152189,37.451554],[-105.153743,37.452739],[-105.154433,37.453554],[-105.154841,37.45446],[-105.155153,37.455674],[-105.155652,37.456547],[-105.156185,37.45709],[-105.156734,37.457293],[-105.157716,37.45746],[-105.158552,37.457323],[-105.159185,37.457114],[-105.159592,37.456699],[-105.160831,37.455799],[-105.162531,37.454765],[-105.163164,37.454581],[-105.16388,37.454525],[-105.164507,37.454599],[-105.165745,37.454932],[-105.166965,37.455435],[-105.168034,37.456028],[-105.168825,37.456221],[-105.169581,37.456141],[-105.171427,37.455363],[-105.174323,37.455904],[-105.17537,37.456288],[-105.175535,37.456528],[-105.175414,37.457142],[-105.175003,37.457968],[-105.174499,37.458643],[-105.174126,37.459332],[-105.173468,37.461096],[-105.173522,37.46191],[-105.174546,37.464656],[-105.175001,37.465288],[-105.175224,37.46597],[-105.175267,37.466792],[-105.17597,37.470259],[-105.176685,37.472613],[-105.176701,37.473611],[-105.176499,37.474815],[-105.176683,37.475594],[-105.178011,37.476491],[-105.178901,37.477223],[-105.179683,37.478093],[-105.18047,37.478681],[-105.18107,37.478892],[-105.182021,37.478995],[-105.182196,37.479211],[-105.182043,37.479704],[-105.181269,37.480575],[-105.180103,37.481579],[-105.17888,37.482197],[-105.177556,37.482727],[-105.176425,37.483408],[-105.17546,37.484321],[-105.174816,37.485102],[-105.174761,37.485274],[-105.174509,37.486081],[-105.174493,37.486976],[-105.175716,37.489526],[-105.176394,37.490172],[-105.177465,37.490821],[-105.177666,37.491391],[-105.17623,37.493124],[-105.175936,37.493683],[-105.175861,37.494079],[-105.175525,37.494526],[-105.174319,37.495811],[-105.174303,37.496344],[-105.172912,37.498197],[-105.172571,37.498772],[-105.172483,37.49922],[-105.173261,37.500173],[-105.173332,37.501415],[-105.173641,37.501898],[-105.174158,37.5023],[-105.174283,37.502514],[-105.174238,37.502952],[-105.173873,37.50389],[-105.173385,37.505795],[-105.174124,37.509299],[-105.17395,37.509788],[-105.172987,37.510674],[-105.172238,37.512106],[-105.17179,37.512545],[-105.17132,37.513246],[-105.171583,37.514623],[-105.171933,37.514834],[-105.172308,37.515237],[-105.172515,37.515607],[-105.172469,37.516075],[-105.172212,37.516575],[-105.171533,37.517502],[-105.171558,37.518122],[-105.172111,37.519031],[-105.17267,37.519294],[-105.173653,37.519466],[-105.174334,37.51989],[-105.174306,37.520188],[-105.173988,37.521045],[-105.173638,37.522998],[-105.173991,37.524238],[-105.174656,37.525169],[-105.1756,37.525468],[-105.17638,37.526144],[-105.176727,37.526944],[-105.176747,37.527598],[-105.177367,37.52897],[-105.177548,37.529727],[-105.17708,37.530314],[-105.177054,37.530541],[-105.177341,37.531786],[-105.177397,37.532912],[-105.177714,37.534104],[-105.179841,37.536126],[-105.181015,37.53695],[-105.182153,37.537509],[-105.182998,37.538198],[-105.183405,37.538926],[-105.183666,37.539649],[-105.183788,37.540896],[-105.183406,37.541406],[-105.182669,37.54179],[-105.182098,37.54258],[-105.18245,37.54397],[-105.182953,37.544651],[-105.183037,37.545458],[-105.182917,37.546432],[-105.182677,37.546781],[-105.180162,37.546395],[-105.178352,37.546319],[-105.17909,37.547783],[-105.179339,37.548676],[-105.180171,37.549477],[-105.180335,37.549892],[-105.182609,37.552128],[-105.183885,37.552638],[-105.183525,37.553266],[-105.183433,37.553835],[-105.183663,37.555007],[-105.184017,37.555841],[-105.188886,37.559478],[-105.189676,37.560469],[-105.190538,37.56131],[-105.191886,37.562356],[-105.193062,37.56389],[-105.193622,37.56425],[-105.194809,37.564655],[-105.19463,37.564987],[-105.194196,37.565151],[-105.193722,37.565516],[-105.193334,37.566381],[-105.19351,37.566921],[-105.194071,37.56741],[-105.19516,37.568106],[-105.195421,37.569177],[-105.196044,37.569867],[-105.196665,37.570283],[-105.198297,37.571815],[-105.200772,37.573616],[-105.201616,37.574023],[-105.202953,37.574064],[-105.203553,37.574319],[-105.204424,37.574411],[-105.205315,37.574261],[-105.207631,37.57524],[-105.208407,37.576067],[-105.210072,37.57655],[-105.210765,37.57711],[-105.211681,37.577661],[-105.212655,37.577849],[-105.21386,37.577883],[-105.214189,37.578414],[-105.214306,37.57909],[-105.21426,37.579728],[-105.216044,37.581186],[-105.217415,37.58163],[-105.218333,37.582439],[-105.218433,37.583496],[-105.217628,37.584218],[-105.217157,37.584858],[-105.213052,37.585727],[-105.2119,37.586089],[-105.210902,37.586788],[-105.209896,37.587673],[-105.208547,37.588696],[-105.207034,37.589503],[-105.205707,37.590809],[-105.204162,37.593446],[-105.20377,37.594449],[-105.202313,37.594788],[-105.200322,37.594105],[-105.198752,37.594065],[-105.197765,37.593586],[-105.196695,37.592754],[-105.195784,37.592759],[-105.194902,37.592675],[-105.193966,37.592229],[-105.19354,37.592102],[-105.193237,37.592168],[-105.193032,37.59329],[-105.193329,37.594991],[-105.193363,37.598063],[-105.193581,37.598763],[-105.194155,37.599631],[-105.194095,37.601035],[-105.19528,37.601012],[-105.195242,37.601424],[-105.196306,37.602725],[-105.19635,37.603176],[-105.195409,37.604673],[-105.194832,37.607362],[-105.195153,37.608232],[-105.195645,37.608939],[-105.195314,37.609441],[-105.193566,37.610112],[-105.19286,37.610478],[-105.192617,37.611851],[-105.191872,37.612516],[-105.191317,37.612729],[-105.190924,37.613021],[-105.190413,37.61379],[-105.189993,37.614103],[-105.189739,37.614447],[-105.188569,37.615139],[-105.186597,37.615738],[-105.185292,37.615947],[-105.184441,37.615984],[-105.187549,37.619669],[-105.189279,37.619329],[-105.191032,37.619268],[-105.192163,37.619266],[-105.194493,37.619664],[-105.198248,37.619462],[-105.200796,37.619203],[-105.201507,37.619194],[-105.205496,37.620627],[-105.208401,37.621996],[-105.209766,37.622345],[-105.211204,37.623006],[-105.212119,37.623532],[-105.212854,37.624369],[-105.213266,37.625015],[-105.213954,37.625753],[-105.214232,37.626324],[-105.214534,37.626425],[-105.215857,37.626355],[-105.219508,37.624238],[-105.220028,37.623412],[-105.220174,37.622564],[-105.220027,37.62192],[-105.220347,37.621483],[-105.221216,37.621171],[-105.226145,37.620369],[-105.229156,37.62057],[-105.229743,37.620397],[-105.230615,37.620513],[-105.234295,37.620621],[-105.235978,37.620773],[-105.236594,37.621665],[-105.238118,37.622147],[-105.239645,37.622993],[-105.240895,37.623389],[-105.241566,37.623724],[-105.241885,37.624279],[-105.242595,37.626068],[-105.243362,37.629229],[-105.244328,37.629333],[-105.245818,37.629956],[-105.247124,37.629741],[-105.248764,37.629587],[-105.249365,37.629759],[-105.250559,37.629807],[-105.252199,37.630259],[-105.253312,37.631186],[-105.253797,37.631694],[-105.254212,37.632324],[-105.254465,37.633276],[-105.254485,37.634293],[-105.254363,37.63523],[-105.253644,37.636739],[-105.253685,37.637127],[-105.254211,37.637651],[-105.254464,37.638063],[-105.254777,37.639548],[-105.255303,37.640258],[-105.256972,37.640354],[-105.257873,37.640619],[-105.258146,37.640547],[-105.259229,37.639569],[-105.260149,37.639205],[-105.261465,37.639003],[-105.262669,37.639002],[-105.263509,37.639114],[-105.265937,37.638249],[-105.266939,37.638353],[-105.267363,37.638748],[-105.267394,37.639297],[-105.26711,37.639871],[-105.267373,37.640226],[-105.268304,37.640612],[-105.269943,37.6407],[-105.270813,37.641071],[-105.271866,37.640779],[-105.272665,37.640803],[-105.272959,37.641005],[-105.274031,37.642521],[-105.274942,37.643594],[-105.275316,37.644336],[-105.275994,37.645224],[-105.27734,37.645715],[-105.278676,37.646352],[-105.279434,37.646521],[-105.27995,37.646375],[-105.281044,37.645615],[-105.28152,37.645381],[-105.282076,37.645324],[-105.283048,37.645371],[-105.283347,37.645256],[-105.28492,37.645886],[-105.285132,37.646072],[-105.285547,37.646879],[-105.286398,37.649226],[-105.28657,37.650178],[-105.287005,37.650953],[-105.287258,37.651114],[-105.287602,37.651186],[-105.287946,37.650871],[-105.288533,37.650524],[-105.289029,37.65037],[-105.289697,37.650442],[-105.28998,37.650651],[-105.290284,37.651127],[-105.29082,37.651547],[-105.291913,37.65207],[-105.294109,37.652827],[-105.295182,37.653528],[-105.295587,37.654416],[-105.295405,37.655175],[-105.295406,37.656797],[-105.296206,37.657878],[-105.296864,37.658297],[-105.297228,37.658305],[-105.297623,37.658143],[-105.298705,37.656641],[-105.300425,37.654863],[-105.301801,37.653603],[-105.303197,37.653085],[-105.306324,37.653291],[-105.307265,37.653427],[-105.308459,37.653822],[-105.309117,37.653434],[-105.30942,37.652747],[-105.309683,37.65202],[-105.309844,37.650527],[-105.310067,37.650422],[-105.310796,37.65059],[-105.3112,37.650469],[-105.311736,37.650105],[-105.312303,37.649862],[-105.313356,37.649716],[-105.314074,37.649295],[-105.314408,37.648778],[-105.315298,37.648301],[-105.315774,37.648155],[-105.317818,37.648863],[-105.318344,37.648806],[-105.320084,37.647561],[-105.321652,37.64672],[-105.322289,37.646178],[-105.323574,37.645725],[-105.324292,37.645296],[-105.325203,37.644996],[-105.326356,37.644777],[-105.327499,37.64434],[-105.329542,37.642981],[-105.330635,37.642843],[-105.331586,37.643011],[-105.334945,37.643265],[-105.337151,37.642641],[-105.33792,37.642551],[-105.343121,37.642294],[-105.345448,37.642024],[-105.346298,37.641716],[-105.346955,37.641166],[-105.347934,37.638461],[-105.348226,37.638],[-105.34856,37.637758],[-105.349289,37.637733],[-105.349845,37.637877],[-105.350361,37.638143],[-105.351343,37.638303],[-105.352021,37.638197],[-105.353234,37.637784],[-105.354509,37.637241],[-105.354761,37.636732],[-105.354588,37.636191],[-105.354781,37.636102],[-105.355034,37.636158],[-105.355641,37.636472],[-105.356774,37.636721],[-105.357604,37.63672],[-105.359678,37.636418],[-105.360487,37.636449],[-105.361115,37.636666],[-105.364041,37.638454],[-105.364537,37.63855],[-105.365841,37.638241],[-105.367238,37.638344],[-105.36824,37.638576],[-105.369282,37.638938],[-105.36987,37.6393],[-105.370305,37.639396],[-105.370506,37.638581],[-105.370809,37.638249],[-105.372852,37.636753],[-105.373751,37.635791],[-105.374732,37.635313],[-105.376011,37.635027],[-105.37689,37.634452],[-105.377585,37.633331],[-105.37841,37.631692],[-105.379176,37.63065],[-105.380044,37.629946],[-105.380508,37.629341],[-105.380729,37.62888],[-105.380797,37.627953],[-105.383468,37.627777],[-105.384571,37.627605],[-105.385117,37.627345],[-105.386551,37.626438],[-105.386984,37.625776],[-105.387408,37.625307],[-105.38749,37.624857],[-105.388903,37.623188],[-105.389837,37.621793],[-105.389669,37.621166],[-105.391365,37.618355],[-105.393426,37.617095],[-105.394377,37.617458],[-105.39615,37.616776],[-105.398034,37.615292],[-105.399858,37.614238],[-105.400312,37.613415],[-105.401075,37.614339],[-105.403256,37.615657],[-105.4084,37.618],[-105.410852,37.616983],[-105.412538,37.616447],[-105.414911,37.615883],[-105.416997,37.617413],[-105.420905,37.616719],[-105.423507,37.61678],[-105.426376,37.615095],[-105.427231,37.614516],[-105.42851,37.613905],[-105.430561,37.61375],[-105.431583,37.613386],[-105.434691,37.613422],[-105.436021,37.613578],[-105.437567,37.613471],[-105.438341,37.613288],[-105.43995,37.612188],[-105.441095,37.612217],[-105.442279,37.611851],[-105.443138,37.611078],[-105.445044,37.607875],[-105.445739,37.605903],[-105.445887,37.604287],[-105.447518,37.603267],[-105.448172,37.602409],[-105.447857,37.600881],[-105.44785,37.600252],[-105.451302,37.598467],[-105.451569,37.597519],[-105.452454,37.596197],[-105.455224,37.593915],[-105.454528,37.593249],[-105.4551,37.592715],[-105.454484,37.592032],[-105.454874,37.591509],[-105.454944,37.591104],[-105.454492,37.590483],[-105.460268,37.58673],[-105.461251,37.58681],[-105.463321,37.585952],[-105.464478,37.584609],[-105.466119,37.584686],[-105.467275,37.584424],[-105.469855,37.581871],[-105.471447,37.581263],[-105.476866,37.580444],[-105.478843,37.579877],[-105.480954,37.578655],[-105.485516,37.577899],[-105.485949,37.579279],[-105.486799,37.580031],[-105.489767,37.581996],[-105.490574,37.58262],[-105.492155,37.582681],[-105.493284,37.584223],[-105.494294,37.585008],[-105.494683,37.585542],[-105.494495,37.586408],[-105.494387,37.587983],[-105.494135,37.589077],[-105.494231,37.591076],[-105.494591,37.592352],[-105.495635,37.592447],[-105.500913,37.596097],[-105.501546,37.596835],[-105.501755,37.597571],[-105.501669,37.598138]]]}}]}