{"type":"FeatureCollection","source":"U.S. Census Bureau TIGER/Line 2024","simplified_m":5.0,"features":[{"type":"Feature","properties":{"d":1,"label":[-104.9697,39.73082],"area":155.6},"geometry":{"type":"Polygon","coordinates":[[[-105.109924,39.627085],[-105.109875,39.635072],[-105.091103,39.635083],[-105.0911,39.638719],[-105.084414,39.638693],[-105.081676,39.638759],[-105.081578,39.638667],[-105.081716,39.636867],[-105.081541,39.636721],[-105.081565,39.636166],[-105.080855,39.636145],[-105.080299,39.636209],[-105.07995,39.636643],[-105.07945,39.636727],[-105.079007,39.636717],[-105.077147,39.636413],[-105.075222,39.636515],[-105.074799,39.636682],[-105.074783,39.636618],[-105.074176,39.636752],[-105.073307,39.636563],[-105.073271,39.63874],[-105.076803,39.638735],[-105.076773,39.639353],[-105.075897,39.64118],[-105.07576,39.64205],[-105.074454,39.644104],[-105.073816,39.644628],[-105.072326,39.64535],[-105.072093,39.645647],[-105.072045,39.645984],[-105.063223,39.645992],[-105.063197,39.649626],[-105.057091,39.649701],[-105.057073,39.651248],[-105.053581,39.65116],[-105.053738,39.6514],[-105.053754,39.651727],[-105.054513,39.65176],[-105.055026,39.651992],[-105.057165,39.651986],[-105.05715,39.652946],[-105.058031,39.652959],[-105.058059,39.651251],[-105.062002,39.65124],[-105.061999,39.651515],[-105.062598,39.651513],[-105.062626,39.650267],[-105.0639,39.650295],[-105.063924,39.649566],[-105.070833,39.649579],[-105.07083,39.649999],[-105.069917,39.649991],[-105.069121,39.651301],[-105.068206,39.652188],[-105.068057,39.652188],[-105.068053,39.65249],[-105.06749,39.652491],[-105.067477,39.653321],[-105.067278,39.653319],[-105.067288,39.656879],[-105.070144,39.656874],[-105.070016,39.659071],[-105.071971,39.659604],[-105.071973,39.660024],[-105.076676,39.659312],[-105.076677,39.659887],[-105.078158,39.660759],[-105.078895,39.661587],[-105.079163,39.662041],[-105.081453,39.662056],[-105.081457,39.668577],[-105.081348,39.670133],[-105.080157,39.669826],[-105.079183,39.669738],[-105.079212,39.669339],[-105.078156,39.66929],[-105.07667,39.669061],[-105.076664,39.669413],[-105.075986,39.669307],[-105.075889,39.669991],[-105.075306,39.670058],[-105.074951,39.670485],[-105.074504,39.67025],[-105.07271,39.669742],[-105.072546,39.669423],[-105.071997,39.669344],[-105.071991,39.667763],[-105.053256,39.667785],[-105.053251,39.675037],[-105.062622,39.675008],[-105.06262,39.67928],[-105.061422,39.678258],[-105.061005,39.678041],[-105.060335,39.677954],[-105.059254,39.678339],[-105.057794,39.678697],[-105.057797,39.682272],[-105.053221,39.682291],[-105.053191,39.682397],[-105.053266,39.689559],[-105.053194,39.691364],[-105.053279,39.718233],[-105.053227,39.73311],[-105.054424,39.733101],[-105.054427,39.73364],[-105.055013,39.733724],[-105.055011,39.7331],[-105.055588,39.733105],[-105.055591,39.734508],[-105.055572,39.734913],[-105.053228,39.734922],[-105.053265,39.771134],[-105.053183,39.783797],[-105.062659,39.783847],[-105.062653,39.78834],[-105.064992,39.788359],[-105.065005,39.790321],[-105.064404,39.79032],[-105.064405,39.79108],[-105.062642,39.791086],[-105.062646,39.790501],[-105.061786,39.7905],[-105.06148,39.791075],[-105.034618,39.791142],[-105.034645,39.792051],[-105.029953,39.792032],[-105.029944,39.791125],[-105.025262,39.791106],[-105.025303,39.793963],[-105.02483,39.794053],[-105.024381,39.794034],[-105.02404,39.793892],[-105.023448,39.793454],[-105.022945,39.793403],[-105.022614,39.793495],[-105.022191,39.793797],[-105.02197,39.794065],[-105.021843,39.794461],[-105.021106,39.79428],[-105.021569,39.793214],[-105.020617,39.793011],[-105.020554,39.792941],[-105.020542,39.791087],[-104.993242,39.791026],[-104.99324,39.792042],[-104.990629,39.792047],[-104.990263,39.791518],[-104.990263,39.791031],[-104.986386,39.791037],[-104.986358,39.791871],[-104.985781,39.79187],[-104.985782,39.791665],[-104.985181,39.791667],[-104.985185,39.791038],[-104.982874,39.791032],[-104.982669,39.791086],[-104.978274,39.791043],[-104.978271,39.791874],[-104.977722,39.791876],[-104.977724,39.791042],[-104.97595,39.791038],[-104.975951,39.792422],[-104.973065,39.792418],[-104.973057,39.794114],[-104.974676,39.794125],[-104.974667,39.795608],[-104.97116,39.795567],[-104.971157,39.796144],[-104.971656,39.796148],[-104.971644,39.798291],[-104.968716,39.798396],[-104.968773,39.793215],[-104.967523,39.793269],[-104.967779,39.79267],[-104.967936,39.791831],[-104.968316,39.791832],[-104.968863,39.791317],[-104.968861,39.791041],[-104.96019,39.791025],[-104.955445,39.794625],[-104.940476,39.794601],[-104.940487,39.791002],[-104.927034,39.791054],[-104.927002,39.783778],[-104.903438,39.783808],[-104.903561,39.798391],[-104.901405,39.798383],[-104.901416,39.800202],[-104.899069,39.800202],[-104.899069,39.798374],[-104.884474,39.798322],[-104.884372,39.80292],[-104.884405,39.812815],[-104.866074,39.812847],[-104.866041,39.798386],[-104.849342,39.798347],[-104.845527,39.798192],[-104.829286,39.798054],[-104.827716,39.798213],[-104.813987,39.7983],[-104.790895,39.798251],[-104.791054,39.810462],[-104.790922,39.819682],[-104.790708,39.827214],[-104.790859,39.841802],[-104.762317,39.841788],[-104.762279,39.84539],[-104.730953,39.845195],[-104.73039,39.896131],[-104.703311,39.895949],[-104.703185,39.906926],[-104.692139,39.906851],[-104.692054,39.914178],[-104.679582,39.914016],[-104.679664,39.907008],[-104.659163,39.906787],[-104.630939,39.906645],[-104.630945,39.899291],[-104.620759,39.899328],[-104.599581,39.899038],[-104.59981,39.881307],[-104.605154,39.881346],[-104.605261,39.873114],[-104.619152,39.87322],[-104.619799,39.822417],[-104.62499,39.822491],[-104.65539,39.822605],[-104.655445,39.812999],[-104.666182,39.813075],[-104.666062,39.822791],[-104.717096,39.823219],[-104.722675,39.823178],[-104.762462,39.823443],[-104.762592,39.820164],[-104.762554,39.811147],[-104.762652,39.809221],[-104.762646,39.801589],[-104.762841,39.800014],[-104.762606,39.798433],[-104.74781,39.798454],[-104.745423,39.79851],[-104.734399,39.798442],[-104.734601,39.769181],[-104.753442,39.769302],[-104.764574,39.769188],[-104.764559,39.771568],[-104.772166,39.7715],[-104.772157,39.776409],[-104.78156,39.776483],[-104.781577,39.772795],[-104.828185,39.772784],[-104.828173,39.769156],[-104.833009,39.769177],[-104.832972,39.766391],[-104.835253,39.766881],[-104.837614,39.767169],[-104.856394,39.768581],[-104.856338,39.758127],[-104.85552,39.757796],[-104.855016,39.757926],[-104.854862,39.757844],[-104.854351,39.758062],[-104.853489,39.75762],[-104.852036,39.757313],[-104.850786,39.756743],[-104.848208,39.756419],[-104.848002,39.755449],[-104.847716,39.75524],[-104.846916,39.755241],[-104.84694,39.754687],[-104.879901,39.754735],[-104.879971,39.747438],[-104.884664,39.747467],[-104.884711,39.73093],[-104.884933,39.730442],[-104.885248,39.730086],[-104.886613,39.729219],[-104.884732,39.727887],[-104.881934,39.72496],[-104.88117,39.725341],[-104.87999,39.725604],[-104.87533,39.725576],[-104.875342,39.718944],[-104.875277,39.718805],[-104.874947,39.71845],[-104.87432,39.718201],[-104.870596,39.718176],[-104.870625,39.710174],[-104.865971,39.711053],[-104.865967,39.703807],[-104.868556,39.703109],[-104.868662,39.703008],[-104.869426,39.701319],[-104.869393,39.701089],[-104.870096,39.700688],[-104.870648,39.700535],[-104.870662,39.698377],[-104.868301,39.698371],[-104.868309,39.700192],[-104.867136,39.700188],[-104.867133,39.69928],[-104.865964,39.699279],[-104.865962,39.696559],[-104.87193,39.69647],[-104.875309,39.696505],[-104.875318,39.698438],[-104.877728,39.698438],[-104.87772,39.696508],[-104.882313,39.696573],[-104.884323,39.696485],[-104.887248,39.696566],[-104.894099,39.696596],[-104.894092,39.695868],[-104.894766,39.69587],[-104.894766,39.696597],[-104.896814,39.696588],[-104.899099,39.695395],[-104.899426,39.695748],[-104.899545,39.695817],[-104.899642,39.69576],[-104.900379,39.69655],[-104.899757,39.69715],[-104.903544,39.698535],[-104.903507,39.696622],[-104.900115,39.692985],[-104.903511,39.69297],[-104.903512,39.689354],[-104.89881,39.689341],[-104.898784,39.690702],[-104.898128,39.690697],[-104.898796,39.691387],[-104.898801,39.692975],[-104.894176,39.69296],[-104.894092,39.692874],[-104.894058,39.685694],[-104.891527,39.68569],[-104.889311,39.683805],[-104.889308,39.682056],[-104.894046,39.682061],[-104.894041,39.683628],[-104.896583,39.683634],[-104.896581,39.684363],[-104.897008,39.686011],[-104.89701,39.686819],[-104.900167,39.686842],[-104.901441,39.687358],[-104.903538,39.687376],[-104.903443,39.684857],[-104.904374,39.685423],[-104.905223,39.686058],[-104.905191,39.683862],[-104.908207,39.683871],[-104.908205,39.68207],[-104.911916,39.682079],[-104.911905,39.679891],[-104.912808,39.680046],[-104.912739,39.679138],[-104.912905,39.679135],[-104.912891,39.678544],[-104.912811,39.678461],[-104.906026,39.678431],[-104.905056,39.678032],[-104.903579,39.676675],[-104.903509,39.667624],[-104.894024,39.667589],[-104.893296,39.666899],[-104.890824,39.664903],[-104.890764,39.664956],[-104.890204,39.66451],[-104.888352,39.665674],[-104.88904,39.665775],[-104.889668,39.666285],[-104.890458,39.667578],[-104.885164,39.667566],[-104.879525,39.663927],[-104.876211,39.663932],[-104.875793,39.664305],[-104.875543,39.664888],[-104.87538,39.668651],[-104.875436,39.668956],[-104.876355,39.671095],[-104.876608,39.671402],[-104.877459,39.672066],[-104.875312,39.672062],[-104.875291,39.674766],[-104.870882,39.674764],[-104.866051,39.670847],[-104.866174,39.667515],[-104.866203,39.661762],[-104.866334,39.660309],[-104.856441,39.66034],[-104.855894,39.660482],[-104.855437,39.660804],[-104.854392,39.6603],[-104.853367,39.65998],[-104.848678,39.659218],[-104.8486,39.657096],[-104.847296,39.657102],[-104.847922,39.656809],[-104.848621,39.656595],[-104.852312,39.655768],[-104.85405,39.65515],[-104.854864,39.654754],[-104.868196,39.647068],[-104.869107,39.646737],[-104.870048,39.646284],[-104.871188,39.646229],[-104.872921,39.645854],[-104.874102,39.645534],[-104.875573,39.64499],[-104.875454,39.651466],[-104.877,39.65305],[-104.88014,39.653057],[-104.880086,39.650773],[-104.880246,39.647751],[-104.880239,39.645993],[-104.880313,39.645902],[-104.880332,39.64131],[-104.881446,39.640763],[-104.881449,39.640671],[-104.881621,39.640669],[-104.88512,39.638948],[-104.885264,39.624129],[-104.913407,39.624083],[-104.913227,39.638669],[-104.92246,39.645849],[-104.931873,39.645826],[-104.931703,39.653044],[-104.954983,39.652987],[-104.954375,39.655886],[-104.953541,39.655957],[-104.953788,39.656683],[-104.959485,39.656691],[-104.959443,39.661526],[-104.96307,39.661559],[-104.963084,39.660371],[-104.968785,39.660417],[-104.968805,39.665839],[-104.973489,39.665866],[-104.973486,39.667684],[-105.000355,39.667728],[-105.003578,39.666611],[-105.003969,39.666255],[-105.00407,39.665527],[-105.004886,39.663685],[-105.00484,39.661672],[-105.004626,39.660802],[-105.004395,39.660484],[-105.010941,39.660507],[-105.007752,39.664605],[-105.007278,39.665446],[-105.006321,39.6677],[-105.006357,39.676759],[-105.008637,39.67678],[-105.008664,39.678627],[-105.015696,39.678684],[-105.0158,39.660508],[-105.022982,39.660496],[-105.023003,39.656804],[-105.033076,39.656954],[-105.032393,39.656506],[-105.032089,39.655905],[-105.032162,39.653276],[-105.034615,39.653276],[-105.03466,39.643711],[-105.032729,39.643674],[-105.032797,39.642808],[-105.02998,39.642819],[-105.029927,39.640176],[-105.029998,39.638575],[-105.034707,39.638593],[-105.034756,39.633177],[-105.030059,39.633183],[-105.030018,39.632941],[-105.029656,39.632367],[-105.028895,39.632343],[-105.026942,39.631563],[-105.02536,39.631445],[-105.025422,39.628558],[-105.027179,39.628412],[-105.02932,39.627792],[-105.031101,39.627791],[-105.03342,39.628179],[-105.034821,39.628176],[-105.034822,39.627809],[-105.035813,39.627838],[-105.036283,39.627919],[-105.036802,39.628129],[-105.038005,39.626836],[-105.039559,39.627851],[-105.040062,39.628061],[-105.040279,39.627758],[-105.040654,39.628009],[-105.040936,39.627749],[-105.041356,39.628026],[-105.041744,39.627672],[-105.042301,39.628036],[-105.042807,39.627579],[-105.043524,39.627885],[-105.044161,39.628039],[-105.044139,39.631456],[-105.05341,39.631504],[-105.053294,39.634902],[-105.05338,39.635341],[-105.053342,39.63877],[-105.059045,39.63876],[-105.059138,39.638243],[-105.058996,39.638177],[-105.059541,39.635375],[-105.059457,39.634662],[-105.059297,39.634333],[-105.057009,39.631679],[-105.055505,39.630699],[-105.053457,39.629526],[-105.05344,39.627714],[-105.05578,39.625998],[-105.055809,39.624244],[-105.053483,39.624253],[-105.053516,39.620864],[-105.054338,39.620824],[-105.055349,39.621054],[-105.056273,39.621104],[-105.05724,39.620914],[-105.057386,39.620492],[-105.056489,39.619918],[-105.05712,39.619368],[-105.058193,39.617366],[-105.058125,39.614409],[-105.09701,39.614311],[-105.097029,39.618362],[-105.087252,39.618317],[-105.084297,39.618584],[-105.075972,39.618601],[-105.074796,39.618511],[-105.073364,39.618569],[-105.065141,39.618582],[-105.065091,39.620045],[-105.065662,39.6206],[-105.073665,39.623285],[-105.076116,39.624225],[-105.074517,39.624227],[-105.076273,39.625095],[-105.080232,39.629461],[-105.080952,39.631327],[-105.083712,39.631327],[-105.083735,39.630155],[-105.081693,39.630149],[-105.08173,39.627313],[-105.083813,39.627318],[-105.083789,39.628527],[-105.08558,39.628527],[-105.085626,39.626107],[-105.087391,39.626046],[-105.087384,39.62709],[-105.091164,39.627081],[-105.091256,39.624198],[-105.107503,39.624218],[-105.107496,39.627093],[-105.109924,39.627085]]]}},{"type":"Feature","properties":{"d":2,"label":[-106.11539,40.28762],"area":11543.9},"geometry":{"type":"Polygon","coordinates":[[[-107.442594,40.334755],[-107.432068,40.334879],[-107.431072,40.374969],[-107.431236,40.37578],[-107.429345,40.440771],[-107.429107,40.444534],[-107.428505,40.46976],[-107.428388,40.48021],[-107.428516,40.484948],[-107.428524,40.499973],[-107.428813,40.542207],[-107.371328,40.542399],[-107.371415,40.596253],[-107.371516,40.598501],[-107.371487,40.600302],[-107.314153,40.600281],[-107.314288,40.624971],[-107.313365,40.686553],[-107.313594,40.693709],[-107.314541,40.749969],[-107.316539,40.87495],[-107.31785,40.998611],[-107.317794,41.00292],[-107.307172,41.002949],[-107.274899,41.002828],[-107.250612,41.002881],[-107.241194,41.002804],[-107.217919,41.002829],[-107.102262,41.00312],[-107.092001,41.003245],[-107.000606,41.003444],[-106.8756,41.002996],[-106.857773,41.002663],[-106.751902,41.002702],[-106.625592,41.00211],[-106.593895,41.002129],[-106.500588,41.001895],[-106.493979,41.00214],[-106.455715,41.002118],[-106.453757,41.002046],[-106.439563,41.001978],[-106.437419,41.001795],[-106.43095,41.001752],[-106.398637,41.001097],[-106.391852,41.001176],[-106.389557,41.0011],[-106.386356,41.001144],[-106.353966,40.999971],[-106.351425,40.999972],[-106.346414,40.999637],[-106.326456,40.999275],[-106.314218,40.998923],[-106.250377,40.998283],[-106.218013,40.997737],[-106.195192,40.997578],[-106.160929,40.997522],[-106.150074,40.997364],[-106.125547,40.99734],[-106.120679,40.997236],[-106.088733,40.997212],[-106.061181,40.996999],[-106.000562,40.997251],[-105.871854,40.997041],[-105.741364,40.996907],[-105.729406,40.996822],[-105.728553,40.996905],[-105.727048,40.996833],[-105.725235,40.99692],[-105.628938,40.997113],[-105.36355,40.997874],[-105.279398,40.998196],[-105.275603,40.998178],[-105.275285,40.998066],[-105.26971,40.998195],[-105.256527,40.998191],[-105.250537,40.998257],[-105.250537,40.998395],[-105.248822,40.99844],[-105.158852,40.998316],[-105.155054,40.998247],[-105.084176,40.998334],[-104.96263,40.998203],[-104.957689,40.99822],[-104.957182,40.998336],[-104.956744,40.998221],[-104.943371,40.998213],[-104.943052,40.913672],[-104.943127,40.903405],[-104.946861,40.897955],[-104.947521,40.896748],[-104.948033,40.895541],[-104.965988,40.841357],[-104.974654,40.841179],[-104.972184,40.834362],[-104.971622,40.83256],[-104.971413,40.831382],[-104.971303,40.829859],[-104.971564,40.827296],[-104.986552,40.78055],[-104.987645,40.777577],[-104.988691,40.775678],[-104.996793,40.76543],[-104.998006,40.764053],[-105.000086,40.761282],[-105.000243,40.76143],[-105.000312,40.761689],[-105.000189,40.762566],[-105.00013,40.769423],[-105.000968,40.769616],[-105.019118,40.76957],[-105.019191,40.761831],[-105.019547,40.76209],[-105.019835,40.76309],[-105.020627,40.764207],[-105.021238,40.764698],[-105.021928,40.765968],[-105.022643,40.766675],[-105.023481,40.767346],[-105.024151,40.767697],[-105.026035,40.768327],[-105.027825,40.769291],[-105.028976,40.769592],[-105.029624,40.77007],[-105.031304,40.770808],[-105.032044,40.770718],[-105.034099,40.769433],[-105.035109,40.768208],[-105.035588,40.766861],[-105.035878,40.766451],[-105.036404,40.766059],[-105.03689,40.765545],[-105.037429,40.765414],[-105.038002,40.765402],[-105.038184,40.769613],[-105.038423,40.784133],[-105.03877,40.798064],[-105.038837,40.798205],[-105.039133,40.798253],[-105.05708,40.798081],[-105.076118,40.798219],[-105.075958,40.754623],[-105.076161,40.728912],[-105.075813,40.727535],[-105.075253,40.726556],[-105.074471,40.725684],[-105.07308,40.724537],[-105.072533,40.723752],[-105.068317,40.712286],[-105.067956,40.710913],[-105.067407,40.70345],[-105.067422,40.702427],[-105.068059,40.699577],[-105.068204,40.698553],[-105.067789,40.683919],[-105.070067,40.671757],[-105.070232,40.669829],[-105.070304,40.66726],[-105.070217,40.66691],[-105.069951,40.666761],[-105.07022,40.666176],[-105.070335,40.665597],[-105.07034,40.661534],[-105.070187,40.661535],[-105.070084,40.661621],[-105.07006,40.662524],[-105.069265,40.66258],[-105.069299,40.663507],[-105.069199,40.663703],[-105.068322,40.664119],[-105.065547,40.664287],[-105.065322,40.664158],[-105.065296,40.664009],[-105.065712,40.663477],[-105.065792,40.663042],[-105.065469,40.662632],[-105.06346,40.661406],[-105.062672,40.661178],[-105.061342,40.661196],[-105.061072,40.661039],[-105.06027,40.659867],[-105.060187,40.659606],[-105.060202,40.659111],[-105.060424,40.658672],[-105.061396,40.658247],[-105.061423,40.658132],[-105.061244,40.658067],[-105.060652,40.658084],[-105.060112,40.657955],[-105.059671,40.657568],[-105.059813,40.657338],[-105.060009,40.657258],[-105.061537,40.657442],[-105.062727,40.657242],[-105.064102,40.657221],[-105.064639,40.657142],[-105.065912,40.657319],[-105.066023,40.657205],[-105.065955,40.657079],[-105.065255,40.656729],[-105.064301,40.655918],[-105.06345,40.656241],[-105.062173,40.6565],[-105.060241,40.656371],[-105.058688,40.655896],[-105.053514,40.653951],[-105.043467,40.653827],[-105.041779,40.654064],[-105.04067,40.653828],[-105.04005,40.653781],[-105.025562,40.653635],[-105.000663,40.653518],[-105.000534,40.638988],[-105.001059,40.625875],[-105.000802,40.625883],[-105.000811,40.625028],[-105.00059,40.624756],[-104.998069,40.624619],[-104.99807,40.624524],[-104.99753,40.62452],[-104.997888,40.624069],[-105.000596,40.624055],[-105.000789,40.623931],[-105.00082,40.616191],[-105.000716,40.613554],[-104.999606,40.613547],[-104.999627,40.611324],[-104.999447,40.61108],[-104.999194,40.610938],[-104.998523,40.610877],[-104.998124,40.610751],[-104.997895,40.610555],[-104.997781,40.610243],[-104.99553,40.610159],[-104.995531,40.610039],[-104.988611,40.609988],[-104.988349,40.609477],[-104.988305,40.60895],[-104.988672,40.60828],[-104.98898,40.60644],[-104.989426,40.6051],[-104.989462,40.604479],[-104.989368,40.604303],[-104.987847,40.603327],[-104.987522,40.602942],[-104.987609,40.602679],[-104.988019,40.602343],[-104.988725,40.601986],[-104.990259,40.600849],[-104.990986,40.60053],[-104.991224,40.600326],[-104.991442,40.599794],[-104.991501,40.599807],[-104.991426,40.599198],[-104.991045,40.599017],[-104.990002,40.59873],[-104.98948,40.598347],[-104.989291,40.597844],[-104.989291,40.597461],[-104.989658,40.596823],[-104.989838,40.596741],[-104.990529,40.596658],[-104.991207,40.59668],[-104.991675,40.59652],[-104.991869,40.59607],[-104.991478,40.595555],[-104.995529,40.595588],[-104.995531,40.595491],[-104.996202,40.595495],[-104.996216,40.593572],[-104.992599,40.59354],[-104.992673,40.595428],[-104.992078,40.595424],[-104.991397,40.594941],[-104.99139,40.594185],[-104.992332,40.594192],[-104.992281,40.593372],[-104.995331,40.593399],[-104.995353,40.591976],[-104.994083,40.591936],[-104.994096,40.588675],[-104.990085,40.588653],[-104.990084,40.588433],[-104.996059,40.588459],[-104.99622,40.581381],[-104.996029,40.581326],[-104.99415,40.581307],[-104.99415,40.58139],[-104.992836,40.581378],[-104.992837,40.581295],[-104.988196,40.581267],[-104.988197,40.58114],[-104.980547,40.581036],[-104.972063,40.58128],[-104.970261,40.581225],[-104.967903,40.581045],[-104.965826,40.581007],[-104.950995,40.580895],[-104.944194,40.580938],[-104.944223,40.588084],[-104.935523,40.588467],[-104.935435,40.581189],[-104.938619,40.581085],[-104.938611,40.582582],[-104.944013,40.582434],[-104.944021,40.573051],[-104.938622,40.573295],[-104.938464,40.573473],[-104.938414,40.57372],[-104.935254,40.573845],[-104.935353,40.562642],[-104.941155,40.562568],[-104.941606,40.563065],[-104.941899,40.566355],[-104.94431,40.566242],[-104.94448,40.565695],[-104.944699,40.565334],[-104.944728,40.564965],[-104.944135,40.564112],[-104.944042,40.563733],[-104.94403,40.559067],[-104.942485,40.559139],[-104.942491,40.55843],[-104.94412,40.558434],[-104.944247,40.522663],[-104.950614,40.522718],[-104.948766,40.521269],[-104.948145,40.521071],[-104.946937,40.520451],[-104.946941,40.51918],[-104.944213,40.519137],[-104.944164,40.508104],[-104.949954,40.508277],[-104.946113,40.501012],[-104.948845,40.501076],[-104.948742,40.491741],[-104.95348,40.491703],[-104.953512,40.493728],[-104.958147,40.493768],[-104.958256,40.49446],[-104.960002,40.496387],[-104.962866,40.498688],[-104.963076,40.486991],[-104.96263,40.486985],[-104.962327,40.486738],[-104.962267,40.486582],[-104.963743,40.486533],[-104.963393,40.479442],[-104.970192,40.479405],[-104.98206,40.479471],[-104.981863,40.497571],[-104.982142,40.497502],[-104.986567,40.497531],[-104.991363,40.497647],[-104.991477,40.488204],[-104.991304,40.48778],[-104.99133,40.482716],[-104.990258,40.479831],[-104.990078,40.479832],[-104.989715,40.479532],[-104.989711,40.479432],[-104.989716,40.479336],[-104.990065,40.479173],[-104.990247,40.479172],[-104.991156,40.477474],[-104.991192,40.477266],[-104.991369,40.477177],[-104.991477,40.476968],[-104.991564,40.472135],[-104.992068,40.472142],[-104.992112,40.464725],[-105.001308,40.46483],[-105.020489,40.465658],[-105.039499,40.465656],[-105.053407,40.465538],[-105.053248,40.464837],[-105.051315,40.463561],[-105.050688,40.463049],[-105.049585,40.461911],[-105.049434,40.461385],[-105.049937,40.461009],[-105.050718,40.460904],[-105.051604,40.460902],[-105.052464,40.460924],[-105.053305,40.461092],[-105.054967,40.461875],[-105.055842,40.462136],[-105.058354,40.461831],[-105.058417,40.463944],[-105.058878,40.464375],[-105.061177,40.465535],[-105.0738,40.465594],[-105.073946,40.464798],[-105.073353,40.463478],[-105.073347,40.463219],[-105.073451,40.463035],[-105.077469,40.463039],[-105.077448,40.465606],[-105.096481,40.465389],[-105.096438,40.451018],[-105.096653,40.451014],[-105.096655,40.451118],[-105.097023,40.451122],[-105.103803,40.451113],[-105.103804,40.451005],[-105.116905,40.451054],[-105.133091,40.45097],[-105.133035,40.447284],[-105.115656,40.447341],[-105.115657,40.44384],[-105.134609,40.443665],[-105.137645,40.443689],[-105.13699,40.438271],[-105.136823,40.437496],[-105.136597,40.436822],[-105.13642,40.436582],[-105.13643,40.436442],[-105.139202,40.436457],[-105.139285,40.431988],[-105.139879,40.431992],[-105.139874,40.432265],[-105.140523,40.433282],[-105.140466,40.436403],[-105.141281,40.436408],[-105.141494,40.432699],[-105.141477,40.427129],[-105.140525,40.425445],[-105.141091,40.423766],[-105.140861,40.421567],[-105.141026,40.421516],[-105.141023,40.421458],[-105.1407,40.420862],[-105.140166,40.420491],[-105.138258,40.4186],[-105.138261,40.417669],[-105.137902,40.417591],[-105.137918,40.417511],[-105.137794,40.417496],[-105.137851,40.417236],[-105.138255,40.417287],[-105.138265,40.416379],[-105.138097,40.416808],[-105.137007,40.417394],[-105.135448,40.417268],[-105.135453,40.417434],[-105.134652,40.417433],[-105.13462,40.414447],[-105.133598,40.414461],[-105.133604,40.408146],[-105.134321,40.408151],[-105.134312,40.407326],[-105.137257,40.407307],[-105.138927,40.407347],[-105.138937,40.40745],[-105.139996,40.407429],[-105.140929,40.407299],[-105.142439,40.406814],[-105.143338,40.406726],[-105.145933,40.407051],[-105.145885,40.406943],[-105.145454,40.406901],[-105.145048,40.406394],[-105.144631,40.40678],[-105.144133,40.406696],[-105.144184,40.403657],[-105.145967,40.402988],[-105.146416,40.402929],[-105.146831,40.402194],[-105.147158,40.401992],[-105.147598,40.402122],[-105.148313,40.402897],[-105.148582,40.402887],[-105.149723,40.40374],[-105.152394,40.407266],[-105.153003,40.407297],[-105.153638,40.407228],[-105.153672,40.399356],[-105.154009,40.398984],[-105.154366,40.398858],[-105.154899,40.398836],[-105.155376,40.39871],[-105.156771,40.397945],[-105.157275,40.397463],[-105.157452,40.397437],[-105.157959,40.397695],[-105.158225,40.397714],[-105.159539,40.397424],[-105.15962,40.397273],[-105.159034,40.395552],[-105.158534,40.394856],[-105.158226,40.394081],[-105.158063,40.393922],[-105.157586,40.39394],[-105.156765,40.394175],[-105.156774,40.393584],[-105.156517,40.393087],[-105.156517,40.392809],[-105.156412,40.392872],[-105.155818,40.392867],[-105.155876,40.391773],[-105.15677,40.391783],[-105.156961,40.391419],[-105.157058,40.389413],[-105.153741,40.38938],[-105.153812,40.385594],[-105.153626,40.385244],[-105.153383,40.385105],[-105.153037,40.384504],[-105.153026,40.384204],[-105.152815,40.383958],[-105.152881,40.383622],[-105.1526,40.382887],[-105.152515,40.382808],[-105.151481,40.382805],[-105.151502,40.381519],[-105.151125,40.381539],[-105.151109,40.381092],[-105.149933,40.381124],[-105.1499,40.381464],[-105.149851,40.381379],[-105.149029,40.381857],[-105.14909,40.381963],[-105.148635,40.382246],[-105.149466,40.382746],[-105.150115,40.383651],[-105.151301,40.383683],[-105.151349,40.384113],[-105.150561,40.384296],[-105.151069,40.38517],[-105.151206,40.386683],[-105.151933,40.387235],[-105.152458,40.388436],[-105.152612,40.388466],[-105.152245,40.389143],[-105.152301,40.389451],[-105.151984,40.389495],[-105.151327,40.389272],[-105.147937,40.389236],[-105.147936,40.389678],[-105.149525,40.390135],[-105.150805,40.390334],[-105.150739,40.390779],[-105.150111,40.39103],[-105.149954,40.391176],[-105.150828,40.391193],[-105.150753,40.392937],[-105.149306,40.392947],[-105.149307,40.392842],[-105.148967,40.392841],[-105.148955,40.393435],[-105.148057,40.39343],[-105.148048,40.392836],[-105.144225,40.392805],[-105.144227,40.392506],[-105.142909,40.392139],[-105.143077,40.391896],[-105.144073,40.391584],[-105.143943,40.391044],[-105.142524,40.391144],[-105.14235,40.391384],[-105.142056,40.391542],[-105.141719,40.391448],[-105.141363,40.391485],[-105.141071,40.391643],[-105.141182,40.392186],[-105.138948,40.391313],[-105.138087,40.390834],[-105.136694,40.389967],[-105.136189,40.389525],[-105.135911,40.389406],[-105.134785,40.388447],[-105.134745,40.392784],[-105.12635,40.392774],[-105.126391,40.393642],[-105.125337,40.393658],[-105.125364,40.39279],[-105.123309,40.392793],[-105.123308,40.386895],[-105.123924,40.386903],[-105.123743,40.386115],[-105.123568,40.385979],[-105.12196,40.38589],[-105.120913,40.385534],[-105.120724,40.385396],[-105.121986,40.383697],[-105.119822,40.382898],[-105.119783,40.382267],[-105.12417,40.383876],[-105.13035,40.384279],[-105.130663,40.383568],[-105.131222,40.383178],[-105.130952,40.382814],[-105.130167,40.382459],[-105.129075,40.382464],[-105.128751,40.382576],[-105.128784,40.379871],[-105.132581,40.37986],[-105.132576,40.378506],[-105.134894,40.378511],[-105.134898,40.37829],[-105.131597,40.378249],[-105.131721,40.374795],[-105.118018,40.374826],[-105.117481,40.376216],[-105.11663,40.37672],[-105.116263,40.377203],[-105.11582,40.376938],[-105.114311,40.376891],[-105.113178,40.375855],[-105.112768,40.375094],[-105.112213,40.374829],[-105.106494,40.374781],[-105.106473,40.377414],[-105.103961,40.377403],[-105.103954,40.378208],[-105.100759,40.378194],[-105.097971,40.378298],[-105.097159,40.378243],[-105.097168,40.374711],[-105.098273,40.374713],[-105.098515,40.373912],[-105.099506,40.372984],[-105.100617,40.371747],[-105.102542,40.368937],[-105.1031,40.368938],[-105.104254,40.370492],[-105.105858,40.370864],[-105.106019,40.370847],[-105.106556,40.370555],[-105.106679,40.369973],[-105.105874,40.369573],[-105.105872,40.368562],[-105.107071,40.36824],[-105.109401,40.368281],[-105.109918,40.367977],[-105.110016,40.367244],[-105.110014,40.36392],[-105.102836,40.363886],[-105.102836,40.363799],[-105.097261,40.363751],[-105.097343,40.349346],[-105.097212,40.348731],[-105.09697,40.348419],[-105.099669,40.348379],[-105.099734,40.349475],[-105.105201,40.349463],[-105.105156,40.343103],[-105.10508,40.342912],[-105.105324,40.341747],[-105.107634,40.341748],[-105.107586,40.349455],[-105.135285,40.349502],[-105.135336,40.349286],[-105.135566,40.349055],[-105.135602,40.348841],[-105.135466,40.348056],[-105.135272,40.347539],[-105.134777,40.34716],[-105.134124,40.346957],[-105.133716,40.346484],[-105.133709,40.346199],[-105.134075,40.345457],[-105.13404,40.34532],[-105.133494,40.345226],[-105.132806,40.344551],[-105.132554,40.344452],[-105.131033,40.344209],[-105.129727,40.344154],[-105.128607,40.343862],[-105.127674,40.343768],[-105.126461,40.343746],[-105.125628,40.343811],[-105.123014,40.344928],[-105.122454,40.345279],[-105.122002,40.345461],[-105.120452,40.345604],[-105.119957,40.345786],[-105.119498,40.345973],[-105.118752,40.346423],[-105.118084,40.346995],[-105.117238,40.34733],[-105.115867,40.34771],[-105.115989,40.347424],[-105.117603,40.346149],[-105.117646,40.345688],[-105.117832,40.345419],[-105.118668,40.345179],[-105.118872,40.345068],[-105.119018,40.344792],[-105.118918,40.34435],[-105.118516,40.34414],[-105.11819,40.344112],[-105.117673,40.344606],[-105.117221,40.344766],[-105.116812,40.344629],[-105.116302,40.344063],[-105.116297,40.343839],[-105.11646,40.343698],[-105.117405,40.343534],[-105.11755,40.343411],[-105.117104,40.34191],[-105.117232,40.340405],[-105.117669,40.339603],[-105.118817,40.33796],[-105.119311,40.337411],[-105.120143,40.336713],[-105.120982,40.335768],[-105.12162,40.334394],[-105.121888,40.334086],[-105.12241,40.332856],[-105.120655,40.332769],[-105.120023,40.333067],[-105.119809,40.333503],[-105.120564,40.333904],[-105.120496,40.334178],[-105.119377,40.334153],[-105.118651,40.334328],[-105.118128,40.334617],[-105.117613,40.335061],[-105.116728,40.335486],[-105.116017,40.335406],[-105.115078,40.335643],[-105.11457,40.336274],[-105.11448,40.335793],[-105.11481,40.335392],[-105.114953,40.335337],[-105.11608,40.335281],[-105.117518,40.334998],[-105.118609,40.334234],[-105.119165,40.334017],[-105.119308,40.333215],[-105.11963,40.332863],[-105.120348,40.332533],[-105.121532,40.332538],[-105.121604,40.33245],[-105.121587,40.330938],[-105.121043,40.331105],[-105.120334,40.331465],[-105.120141,40.331399],[-105.121464,40.33088],[-105.122071,40.330955],[-105.122066,40.33022],[-105.123311,40.330231],[-105.125306,40.329861],[-105.127216,40.329026],[-105.128314,40.328691],[-105.128675,40.328193],[-105.129314,40.327743],[-105.12961,40.327641],[-105.13135,40.327484],[-105.131351,40.327097],[-105.130304,40.327077],[-105.127939,40.32783],[-105.127882,40.327682],[-105.128076,40.327353],[-105.127983,40.327254],[-105.126577,40.326792],[-105.12662,40.326671],[-105.126986,40.326418],[-105.128881,40.325667],[-105.13041,40.325552],[-105.130675,40.325371],[-105.130511,40.325146],[-105.130044,40.324965],[-105.128602,40.324612],[-105.127656,40.324046],[-105.126436,40.323743],[-105.125891,40.323716],[-105.125536,40.323875],[-105.12517,40.324221],[-105.124373,40.324079],[-105.123928,40.323887],[-105.123526,40.323376],[-105.123088,40.323052],[-105.12278,40.322992],[-105.12151,40.323174],[-105.12016,40.322389],[-105.119378,40.322236],[-105.117978,40.321814],[-105.11739,40.321787],[-105.115969,40.322238],[-105.114628,40.322354],[-105.114298,40.322452],[-105.112469,40.323749],[-105.112397,40.324041],[-105.112505,40.324392],[-105.112261,40.324546],[-105.111364,40.324508],[-105.109283,40.323756],[-105.107539,40.323724],[-105.107116,40.323763],[-105.106951,40.323856],[-105.106829,40.324153],[-105.106923,40.324751],[-105.107124,40.325092],[-105.107571,40.32557],[-105.107371,40.326159],[-105.10754,40.326618],[-105.107371,40.327162],[-105.107413,40.327441],[-105.107623,40.327807],[-105.108007,40.32813],[-105.109135,40.328507],[-105.108005,40.328294],[-105.107789,40.328168],[-105.107378,40.327668],[-105.107262,40.327338],[-105.107356,40.326782],[-105.107234,40.326244],[-105.107413,40.325657],[-105.107162,40.325332],[-105.102859,40.32624],[-105.102818,40.326137],[-105.102917,40.323823],[-105.103037,40.323444],[-105.103743,40.323375],[-105.110628,40.323291],[-105.110633,40.323584],[-105.112427,40.323576],[-105.112322,40.323256],[-105.112342,40.313558],[-105.110788,40.313571],[-105.110743,40.311249],[-105.112319,40.31123],[-105.112296,40.306859],[-105.111696,40.306868],[-105.111012,40.3061],[-105.109767,40.305304],[-105.109483,40.305039],[-105.107587,40.305105],[-105.107512,40.294091],[-105.103009,40.294085],[-105.102966,40.291268],[-105.103164,40.290544],[-105.102531,40.290581],[-105.102451,40.261367],[-105.100337,40.261384],[-105.099831,40.261485],[-105.087127,40.261592],[-105.083037,40.261535],[-105.082624,40.261586],[-105.055089,40.261793],[-105.055105,40.249011],[-105.054923,40.240177],[-105.055076,40.232779],[-105.03643,40.232977],[-105.031694,40.232999],[-105.031696,40.23291],[-105.030241,40.232915],[-105.030242,40.233004],[-105.027429,40.233014],[-105.027495,40.232518],[-105.02792,40.231833],[-105.029507,40.231154],[-105.030573,40.231203],[-105.031796,40.230814],[-105.032314,40.230291],[-105.032549,40.229619],[-105.033122,40.229345],[-105.034246,40.229365],[-105.035025,40.22966],[-105.036595,40.230997],[-105.037164,40.231351],[-105.037835,40.231684],[-105.038535,40.231784],[-105.038198,40.230669],[-105.037673,40.229629],[-105.036808,40.22828],[-105.036485,40.22822],[-105.036296,40.227985],[-105.036203,40.227751],[-105.036299,40.227649],[-105.036528,40.227606],[-105.036247,40.226977],[-105.035793,40.226624],[-105.035132,40.225919],[-105.0347,40.225171],[-105.034075,40.2247],[-105.033735,40.224584],[-105.032235,40.222884],[-105.031301,40.221501],[-105.031454,40.22137],[-105.030186,40.220399],[-105.029425,40.220249],[-105.028666,40.219909],[-105.02836,40.219951],[-105.028209,40.219877],[-105.028229,40.21976],[-105.028435,40.219684],[-105.02714,40.218456],[-105.026865,40.218458],[-105.026863,40.216862],[-105.027891,40.216836],[-105.030957,40.217013],[-105.032596,40.216949],[-105.036306,40.216986],[-105.036371,40.208859],[-105.038352,40.209751],[-105.03935,40.210086],[-105.040457,40.210633],[-105.040587,40.210877],[-105.04057,40.211087],[-105.04588,40.211036],[-105.0459,40.203604],[-105.0352,40.203771],[-105.017995,40.203802],[-105.017974,40.203908],[-105.009905,40.20397],[-105.011528,40.200461],[-105.012824,40.196738],[-104.998476,40.196793],[-104.998463,40.182236],[-104.998346,40.182237],[-104.998353,40.175727],[-104.998561,40.175222],[-104.998823,40.175107],[-105.00188,40.174943],[-105.026916,40.1748],[-105.026917,40.174705],[-105.027035,40.174705],[-105.027037,40.174423],[-105.027452,40.174181],[-105.028364,40.174009],[-105.028847,40.174017],[-105.029205,40.174153],[-105.029351,40.174392],[-105.029233,40.174713],[-105.030346,40.174705],[-105.032183,40.171833],[-105.036452,40.170573],[-105.036736,40.160304],[-105.023405,40.160718],[-105.021648,40.16067],[-105.018183,40.160322],[-105.015228,40.160184],[-105.008044,40.160318],[-105.008097,40.156966],[-104.99869,40.157071],[-104.998835,40.144273],[-104.998848,40.131429],[-104.989243,40.131375],[-104.989337,40.117113],[-104.989399,40.116959],[-105.006881,40.116974],[-105.00729,40.117059],[-105.008547,40.118548],[-105.008235,40.118608],[-105.008221,40.125952],[-105.006618,40.12783],[-105.0259,40.127824],[-105.026168,40.127646],[-105.027632,40.127136],[-105.028014,40.126811],[-105.028596,40.125572],[-105.028932,40.125426],[-105.029007,40.125292],[-105.02906,40.124687],[-105.029649,40.123042],[-105.029967,40.1227],[-105.030951,40.121954],[-105.031984,40.121295],[-105.031984,40.120538],[-105.036746,40.120481],[-105.036745,40.113231],[-105.041493,40.113122],[-105.041475,40.10943],[-105.039464,40.109485],[-105.03899,40.109426],[-105.038948,40.109546],[-105.036672,40.109032],[-105.036294,40.109097],[-105.035055,40.109626],[-105.032082,40.109622],[-105.032132,40.101873],[-105.037283,40.09624],[-105.042271,40.090229],[-105.041969,40.090082],[-105.041573,40.089617],[-105.041497,40.089176],[-105.041564,40.087816],[-105.036665,40.087977],[-105.032555,40.087859],[-105.032371,40.087994],[-105.032265,40.08799],[-105.032273,40.087697],[-105.026597,40.087534],[-105.026528,40.087392],[-105.025007,40.087302],[-105.024628,40.086914],[-105.024613,40.08652],[-105.025171,40.086024],[-105.025308,40.086014],[-105.025525,40.085459],[-105.025388,40.085015],[-105.025059,40.084648],[-105.02444,40.084338],[-105.023,40.084014],[-105.021634,40.083847],[-105.021002,40.083926],[-105.020548,40.084337],[-105.018494,40.08709],[-105.018381,40.087088],[-105.018222,40.087292],[-105.017724,40.087282],[-105.017738,40.087674],[-105.017581,40.087636],[-105.016474,40.087903],[-105.012971,40.08811],[-105.012558,40.08826],[-105.01248,40.088595],[-105.012608,40.08925],[-105.012893,40.09002],[-105.013107,40.09034],[-105.014147,40.091338],[-105.015992,40.092378],[-105.016897,40.093404],[-105.017538,40.093995],[-105.01751,40.094409],[-105.01731,40.094836],[-105.017318,40.095208],[-105.017538,40.095719],[-105.017502,40.095919],[-105.017353,40.09609],[-105.015443,40.096902],[-105.014567,40.097978],[-105.013919,40.098227],[-105.013064,40.098826],[-105.013028,40.099039],[-105.013216,40.099177],[-105.014274,40.099686],[-105.014616,40.099965],[-105.014615,40.100217],[-105.014297,40.100837],[-105.013819,40.101046],[-105.013503,40.101097],[-105.013048,40.100995],[-105.012149,40.101069],[-105.011017,40.100858],[-105.009789,40.100308],[-105.008335,40.100201],[-105.008412,40.091953],[-105.008357,40.087552],[-105.002755,40.087552],[-104.999642,40.087622],[-104.998917,40.087695],[-104.998915,40.087852],[-104.998824,40.087854],[-104.998619,40.087701],[-104.994665,40.087742],[-104.994693,40.084069],[-104.989429,40.084042],[-104.989465,40.080339],[-104.980837,40.080317],[-104.980799,40.048755],[-104.980899,40.046376],[-104.98143,40.044031],[-104.980289,40.044029],[-104.98029,40.043908],[-104.979318,40.043901],[-104.979358,40.044029],[-104.978523,40.044026],[-104.978526,40.043888],[-104.979242,40.043758],[-104.979905,40.042111],[-104.979927,40.040313],[-104.980041,40.040316],[-104.980063,40.029325],[-104.9865,40.029309],[-104.986543,40.025799],[-104.999007,40.025776],[-104.999005,40.023509],[-104.996742,40.023509],[-104.996784,40.02082],[-104.99803,40.020813],[-104.998592,40.020938],[-104.999015,40.020938],[-104.999013,40.020627],[-104.996038,40.020556],[-104.995792,40.020361],[-104.996313,40.019196],[-104.996905,40.018492],[-104.99751,40.018096],[-104.998111,40.016984],[-104.99907,40.016131],[-104.999065,40.014887],[-104.989614,40.01489],[-104.989647,40.007679],[-105.007995,40.007581],[-105.007954,40.00578],[-105.00832,40.005773],[-105.00844,40.006282],[-105.008413,40.004123],[-105.008543,40.004124],[-105.008543,40.004254],[-105.010331,40.00426],[-105.010336,40.003086],[-105.008405,40.003069],[-105.008404,40.002938],[-105.007933,40.002987],[-105.007906,40.000483],[-105.046232,40.000466],[-105.046237,40.000265],[-105.052823,40.00026],[-105.052797,39.977674],[-105.058553,39.97526],[-105.058473,39.974345],[-105.057709,39.974669],[-105.057747,39.968636],[-105.054202,39.96587],[-105.052828,39.965892],[-105.052889,39.957826],[-105.058207,39.957894],[-105.058195,39.958716],[-105.059328,39.958708],[-105.059332,39.957763],[-105.071663,39.957786],[-105.07168,39.957936],[-105.071937,39.957938],[-105.071916,39.957785],[-105.072007,39.957785],[-105.071899,39.950198],[-105.074604,39.95052],[-105.076568,39.950538],[-105.076637,39.943329],[-105.091072,39.943281],[-105.091098,39.941424],[-105.090938,39.941421],[-105.090976,39.939248],[-105.090813,39.939249],[-105.090853,39.936051],[-105.100014,39.936047],[-105.109236,39.936135],[-105.109235,39.935538],[-105.112368,39.933518],[-105.112975,39.933034],[-105.113488,39.932275],[-105.113657,39.93144],[-105.113446,39.930541],[-105.112132,39.9282],[-105.111189,39.927252],[-105.109406,39.926114],[-105.109409,39.925859],[-105.11394,39.928989],[-105.114484,39.930126],[-105.118657,39.932965],[-105.118774,39.933796],[-105.118713,39.934159],[-105.118257,39.935007],[-105.118619,39.935681],[-105.118562,39.943323],[-105.109353,39.943336],[-105.109333,39.95064],[-105.114428,39.95053],[-105.120514,39.950527],[-105.120837,39.951293],[-105.121017,39.951193],[-105.121437,39.952305],[-105.121258,39.952389],[-105.121943,39.95416],[-105.128002,39.954173],[-105.128052,39.943276],[-105.128141,39.943276],[-105.128165,39.939618],[-105.137578,39.939712],[-105.137604,39.928931],[-105.147041,39.928938],[-105.146987,39.927473],[-105.147143,39.913889],[-105.148491,39.913885],[-105.148472,39.914049],[-105.159672,39.914053],[-105.165349,39.914133],[-105.16615,39.914047],[-105.166565,39.913893],[-105.190929,39.914082],[-105.196647,39.914186],[-105.200241,39.913986],[-105.212475,39.914236],[-105.231343,39.914085],[-105.238933,39.914367],[-105.240347,39.910804],[-105.240811,39.909186],[-105.241066,39.907636],[-105.241114,39.906406],[-105.241084,39.869078],[-105.241033,39.868227],[-105.240823,39.86724],[-105.240265,39.865909],[-105.248496,39.86658],[-105.249916,39.866817],[-105.250961,39.867185],[-105.274767,39.877391],[-105.277888,39.878078],[-105.279891,39.878301],[-105.282366,39.878293],[-105.284877,39.878027],[-105.285631,39.878015],[-105.286313,39.878239],[-105.287264,39.878994],[-105.288046,39.879222],[-105.289749,39.879524],[-105.291727,39.879458],[-105.29207,39.879505],[-105.292499,39.87963],[-105.294317,39.8808],[-105.295634,39.88188],[-105.296405,39.882251],[-105.296975,39.882336],[-105.29974,39.882339],[-105.30043,39.882429],[-105.301174,39.882916],[-105.302191,39.883992],[-105.302642,39.884126],[-105.303814,39.884161],[-105.303897,39.882764],[-105.303666,39.875705],[-105.294468,39.876432],[-105.294173,39.869924],[-105.296856,39.866567],[-105.296466,39.866308],[-105.295567,39.866041],[-105.294467,39.865368],[-105.29448,39.865041],[-105.294289,39.864611],[-105.293667,39.863633],[-105.293684,39.863283],[-105.293833,39.862872],[-105.293747,39.862463],[-105.293011,39.861542],[-105.292766,39.861017],[-105.292652,39.860396],[-105.29246,39.860169],[-105.292285,39.860099],[-105.291952,39.860125],[-105.291804,39.860239],[-105.291725,39.860598],[-105.291865,39.86121],[-105.291742,39.861411],[-105.290889,39.862022],[-105.290453,39.862551],[-105.290329,39.862584],[-105.28906,39.862334],[-105.288816,39.862224],[-105.288341,39.861811],[-105.287724,39.861493],[-105.287366,39.861483],[-105.28696,39.861718],[-105.286691,39.861676],[-105.286349,39.861403],[-105.285795,39.860504],[-105.285409,39.860299],[-105.285067,39.860247],[-105.28467,39.859951],[-105.284325,39.859481],[-105.284446,39.859086],[-105.284372,39.858747],[-105.283958,39.858213],[-105.2838,39.85769],[-105.282481,39.855433],[-105.284018,39.855368],[-105.284043,39.854838],[-105.283869,39.854414],[-105.283104,39.854615],[-105.282431,39.854355],[-105.282229,39.854276],[-105.281883,39.853956],[-105.28181,39.853641],[-105.281533,39.853276],[-105.279773,39.852816],[-105.276532,39.84981],[-105.2764,39.849532],[-105.275955,39.84944],[-105.276073,39.843399],[-105.278083,39.844361],[-105.279365,39.845433],[-105.280134,39.845642],[-105.281046,39.846175],[-105.281352,39.846252],[-105.281687,39.846724],[-105.28267,39.847219],[-105.283076,39.847774],[-105.28319,39.848087],[-105.283689,39.848565],[-105.284358,39.848724],[-105.285691,39.849274],[-105.285883,39.849439],[-105.285933,39.85023],[-105.286104,39.85062],[-105.286645,39.850839],[-105.288597,39.851219],[-105.289246,39.851548],[-105.289581,39.851592],[-105.290279,39.851483],[-105.290628,39.851335],[-105.290685,39.851236],[-105.290543,39.850697],[-105.290101,39.850159],[-105.290101,39.849879],[-105.29236,39.849539],[-105.293579,39.848995],[-105.294028,39.849028],[-105.294627,39.849336],[-105.295574,39.84943],[-105.295895,39.849534],[-105.296365,39.850017],[-105.296921,39.850072],[-105.297733,39.850446],[-105.298154,39.850528],[-105.298346,39.850699],[-105.298631,39.851341],[-105.298488,39.851599],[-105.29846,39.852121],[-105.29873,39.852791],[-105.29935,39.853044],[-105.300127,39.853835],[-105.300783,39.853978],[-105.301502,39.85383],[-105.302279,39.853478],[-105.302721,39.853429],[-105.302935,39.853478],[-105.30307,39.853599],[-105.303526,39.854451],[-105.303804,39.854615],[-105.304731,39.854703],[-105.305286,39.854495],[-105.305443,39.854291],[-105.30545,39.854176],[-105.305336,39.854072],[-105.304567,39.853605],[-105.304353,39.853083],[-105.304724,39.852457],[-105.304382,39.852078],[-105.30441,39.851996],[-105.30466,39.851765],[-105.304888,39.851259],[-105.305052,39.851166],[-105.305301,39.851111],[-105.305793,39.851188],[-105.306256,39.851765],[-105.306641,39.852666],[-105.306918,39.852896],[-105.307531,39.852852],[-105.30798,39.85271],[-105.308729,39.851908],[-105.309049,39.851688],[-105.309199,39.851672],[-105.309577,39.85188],[-105.309655,39.852402],[-105.310011,39.852523],[-105.310959,39.852485],[-105.311543,39.852627],[-105.312149,39.852539],[-105.313019,39.852715],[-105.313225,39.852666],[-105.313325,39.852314],[-105.31351,39.852237],[-105.314351,39.852172],[-105.314536,39.852364],[-105.314558,39.852638],[-105.314387,39.853298],[-105.314893,39.853676],[-105.315377,39.853314],[-105.315684,39.853182],[-105.316147,39.853105],[-105.316596,39.852907],[-105.3178,39.852726],[-105.318085,39.852583],[-105.318584,39.85249],[-105.319646,39.851677],[-105.31981,39.851303],[-105.320301,39.850787],[-105.32075,39.850661],[-105.321548,39.850809],[-105.323073,39.851281],[-105.323836,39.851814],[-105.324256,39.851995],[-105.324698,39.852034],[-105.326038,39.852489],[-105.326843,39.852621],[-105.327235,39.853115],[-105.327228,39.853275],[-105.326744,39.853769],[-105.326666,39.854258],[-105.326202,39.854483],[-105.326095,39.854615],[-105.326217,39.854802],[-105.326409,39.854912],[-105.326865,39.854862],[-105.327442,39.854488],[-105.32767,39.85445],[-105.328397,39.85467],[-105.329381,39.85523],[-105.331733,39.855432],[-105.332125,39.855328],[-105.332452,39.854768],[-105.332866,39.85446],[-105.332958,39.854224],[-105.332623,39.853993],[-105.331832,39.853653],[-105.331383,39.853236],[-105.33139,39.853071],[-105.331761,39.853005],[-105.332958,39.853241],[-105.333385,39.853252],[-105.333571,39.853213],[-105.333849,39.852999],[-105.334297,39.852472],[-105.334618,39.852411],[-105.335238,39.852548],[-105.335723,39.853196],[-105.336094,39.853449],[-105.336892,39.853394],[-105.338844,39.853443],[-105.339407,39.853278],[-105.339578,39.852943],[-105.339934,39.852569],[-105.339941,39.852322],[-105.34024,39.852014],[-105.340925,39.852053],[-105.341388,39.851844],[-105.341715,39.851833],[-105.342813,39.851986],[-105.343041,39.851959],[-105.344452,39.851146],[-105.344822,39.851233],[-105.345,39.851129],[-105.345064,39.850503],[-105.345258,39.850396],[-105.34559,39.850368],[-105.345993,39.850421],[-105.346661,39.851049],[-105.347121,39.85125],[-105.347776,39.851287],[-105.349384,39.851071],[-105.350483,39.851079],[-105.351068,39.851183],[-105.351792,39.851544],[-105.352086,39.851537],[-105.352332,39.851364],[-105.3525,39.851116],[-105.352559,39.85042],[-105.352668,39.850253],[-105.353801,39.849984],[-105.354887,39.849037],[-105.354949,39.848876],[-105.354725,39.848039],[-105.354739,39.847812],[-105.354844,39.847703],[-105.355256,39.847529],[-105.356169,39.847387],[-105.356638,39.847123],[-105.35858,39.846978],[-105.359744,39.847561],[-105.360714,39.847637],[-105.361838,39.84796],[-105.362485,39.848024],[-105.364992,39.847215],[-105.365777,39.847155],[-105.366911,39.847303],[-105.368087,39.846975],[-105.368868,39.847024],[-105.369099,39.846948],[-105.369582,39.846405],[-105.37022,39.846122],[-105.37095,39.846086],[-105.371877,39.84631],[-105.373947,39.845965],[-105.375169,39.84633],[-105.377829,39.846179],[-105.379541,39.845747],[-105.380503,39.845202],[-105.381913,39.844768],[-105.383008,39.844184],[-105.384927,39.843452],[-105.385295,39.843423],[-105.386933,39.843723],[-105.388133,39.843671],[-105.38967,39.84291],[-105.39135,39.842632],[-105.392071,39.841998],[-105.39232,39.841962],[-105.392528,39.84202],[-105.392957,39.8425],[-105.393469,39.842802],[-105.393781,39.842857],[-105.394075,39.842811],[-105.396487,39.841736],[-105.397948,39.84094],[-105.398049,39.816087],[-105.397949,39.814886],[-105.397949,39.745487],[-105.398149,39.733282],[-105.398248,39.717487],[-105.398349,39.71733],[-105.398349,39.710887],[-105.398545,39.701019],[-105.39855,39.685989],[-105.398449,39.683288],[-105.39844,39.677566],[-105.39834,39.676184],[-105.398349,39.665288],[-105.39824,39.65838],[-105.39825,39.636588],[-105.39835,39.636288],[-105.398351,39.635188],[-105.398452,39.634687],[-105.39845,39.628694],[-105.398951,39.604786],[-105.39895,39.585088],[-105.39915,39.581588],[-105.39915,39.576854],[-105.398986,39.573074],[-105.399042,39.570884],[-105.398949,39.566056],[-105.401051,39.565988],[-105.427251,39.565988],[-105.428096,39.565928],[-105.444922,39.565988],[-105.459209,39.565942],[-105.466814,39.566018],[-105.467953,39.566088],[-105.485117,39.566188],[-105.500292,39.566135],[-105.514529,39.566407],[-105.587986,39.568197],[-105.625558,39.566963],[-105.635875,39.566707],[-105.695149,39.565644],[-105.721601,39.565269],[-105.724054,39.565375],[-105.750561,39.564897],[-105.829662,39.564865],[-105.829426,39.564381],[-105.828521,39.563453],[-105.828496,39.563066],[-105.828932,39.562007],[-105.828906,39.561547],[-105.827707,39.559493],[-105.826061,39.557442],[-105.825815,39.556847],[-105.825771,39.555678],[-105.824742,39.55492],[-105.823827,39.554097],[-105.822337,39.553012],[-105.82125,39.552634],[-105.818724,39.552074],[-105.81635,39.552165],[-105.815923,39.552096],[-105.815807,39.551976],[-105.815899,39.550862],[-105.816163,39.550223],[-105.816197,39.54953],[-105.816087,39.54891],[-105.816308,39.54815],[-105.816878,39.547928],[-105.817814,39.54684],[-105.818383,39.546448],[-105.818928,39.545815],[-105.819066,39.544064],[-105.818898,39.542945],[-105.818605,39.54181],[-105.81806,39.540524],[-105.817976,39.539461],[-105.817631,39.53831],[-105.817909,39.53805],[-105.818574,39.537892],[-105.819268,39.537572],[-105.819963,39.53634],[-105.820214,39.53546],[-105.82032,39.534685],[-105.82074,39.53398],[-105.821234,39.532468],[-105.822809,39.530802],[-105.822925,39.529931],[-105.82308,39.529865],[-105.823931,39.53056],[-105.827136,39.531381],[-105.828026,39.531857],[-105.829173,39.532042],[-105.830016,39.532043],[-105.831416,39.53154],[-105.832555,39.53091],[-105.834699,39.529893],[-105.836057,39.529285],[-105.836949,39.528971],[-105.838571,39.527821],[-105.839752,39.527271],[-105.840831,39.526932],[-105.842972,39.526568],[-105.844329,39.525992],[-105.844657,39.525538],[-105.845274,39.52384],[-105.845377,39.52375],[-105.847211,39.52484],[-105.848423,39.525322],[-105.851285,39.526121],[-105.852759,39.526737],[-105.854562,39.527868],[-105.855208,39.52883],[-105.857128,39.531088],[-105.857732,39.532058],[-105.858065,39.532064],[-105.859114,39.531813],[-105.859507,39.531536],[-105.859928,39.531016],[-105.860506,39.530487],[-105.860966,39.529701],[-105.861126,39.52916],[-105.861898,39.528379],[-105.862616,39.527414],[-105.862896,39.527307],[-105.863228,39.52628],[-105.863365,39.525505],[-105.863402,39.525101],[-105.863292,39.52457],[-105.863525,39.523955],[-105.864701,39.522115],[-105.866002,39.521112],[-105.868049,39.519862],[-105.868065,39.51949],[-105.867934,39.518951],[-105.867024,39.517645],[-105.867103,39.517265],[-105.866889,39.516702],[-105.864978,39.515251],[-105.863479,39.514312],[-105.86181,39.51306],[-105.859947,39.512148],[-105.859724,39.511755],[-105.859903,39.510971],[-105.859947,39.510229],[-105.859785,39.509738],[-105.859457,39.509225],[-105.85886,39.508875],[-105.858321,39.508186],[-105.857017,39.50706],[-105.85569,39.506587],[-105.855222,39.506591],[-105.854772,39.506401],[-105.854613,39.506129],[-105.854672,39.505773],[-105.854551,39.505266],[-105.853858,39.504635],[-105.853887,39.504506],[-105.856392,39.50513],[-105.857352,39.505267],[-105.858184,39.50518],[-105.858867,39.504836],[-105.859448,39.504734],[-105.860395,39.50471],[-105.863584,39.502305],[-105.864128,39.501623],[-105.864412,39.500967],[-105.864499,39.50037],[-105.864214,39.499986],[-105.865046,39.498963],[-105.865931,39.498082],[-105.866565,39.496663],[-105.866751,39.495349],[-105.866584,39.494351],[-105.866969,39.494173],[-105.867521,39.494147],[-105.868625,39.494369],[-105.869905,39.494953],[-105.871113,39.495006],[-105.872414,39.494808],[-105.873746,39.494176],[-105.874714,39.493521],[-105.876061,39.491839],[-105.876725,39.490851],[-105.876966,39.490602],[-105.878348,39.489618],[-105.878485,39.489369],[-105.879173,39.486824],[-105.87878,39.484402],[-105.878782,39.484096],[-105.879087,39.483767],[-105.884677,39.484138],[-105.886208,39.483752],[-105.889185,39.48335],[-105.890421,39.483478],[-105.891043,39.483675],[-105.891974,39.484173],[-105.892225,39.484029],[-105.892362,39.483876],[-105.89225,39.483561],[-105.892199,39.481044],[-105.892666,39.479998],[-105.894007,39.478715],[-105.894725,39.477517],[-105.895267,39.47727],[-105.896234,39.477219],[-105.896753,39.477368],[-105.897096,39.477329],[-105.897327,39.477137],[-105.897277,39.476822],[-105.896726,39.475657],[-105.896886,39.475206],[-105.898481,39.473409],[-105.898788,39.472821],[-105.89909,39.4715],[-105.900488,39.470887],[-105.901106,39.470423],[-105.901473,39.469997],[-105.901612,39.469619],[-105.901258,39.467213],[-105.901835,39.464248],[-105.902173,39.463661],[-105.90391,39.46221],[-105.904543,39.461214],[-105.905959,39.459657],[-105.906481,39.459361],[-105.906928,39.459307],[-105.908351,39.459428],[-105.908632,39.459349],[-105.910511,39.458376],[-105.910919,39.458023],[-105.911203,39.457686],[-105.911396,39.457001],[-105.911637,39.456736],[-105.912207,39.456909],[-105.914316,39.458203],[-105.914845,39.458376],[-105.915188,39.458378],[-105.917072,39.457969],[-105.917309,39.45813],[-105.919481,39.458215],[-105.921952,39.458455],[-105.926674,39.459417],[-105.927536,39.459446],[-105.929823,39.459338],[-105.933741,39.4581],[-105.934657,39.457888],[-105.936939,39.458448],[-105.937915,39.458567],[-105.938663,39.458498],[-105.939562,39.457914],[-105.939712,39.45731],[-105.939943,39.457013],[-105.940612,39.456524],[-105.940917,39.456058],[-105.94217,39.452773],[-105.9425,39.450484],[-105.941853,39.448246],[-105.942054,39.447771],[-105.943173,39.446842],[-105.943698,39.446183],[-105.944018,39.445096],[-105.944027,39.442716],[-105.944155,39.44091],[-105.944812,39.440695],[-105.946651,39.440624],[-105.947317,39.440523],[-105.95066,39.43946],[-105.953014,39.438867],[-105.953619,39.43854],[-105.954545,39.438359],[-105.955917,39.438285],[-105.956436,39.438401],[-105.957489,39.439262],[-105.958192,39.439677],[-105.958751,39.439857],[-105.95954,39.43999],[-105.961752,39.440091],[-105.962657,39.439982],[-105.964395,39.439532],[-105.965333,39.439181],[-105.966043,39.438782],[-105.966607,39.438301],[-105.966786,39.438035],[-105.966023,39.435869],[-105.965013,39.433436],[-105.964499,39.432812],[-105.962766,39.43123],[-105.960726,39.429018],[-105.959857,39.428602],[-105.95718,39.428192],[-105.956631,39.428028],[-105.95631,39.427841],[-105.955838,39.427129],[-105.954837,39.42622],[-105.954858,39.424954],[-105.955394,39.422851],[-105.955328,39.421987],[-105.955092,39.421551],[-105.953875,39.420479],[-105.953834,39.419027],[-105.953652,39.418381],[-105.951942,39.415282],[-105.951863,39.414854],[-105.951698,39.414619],[-105.951867,39.414338],[-105.952325,39.414106],[-105.957236,39.413043],[-105.959244,39.412473],[-105.960181,39.4123],[-105.961542,39.412194],[-105.96281,39.411991],[-105.967492,39.410894],[-105.96872,39.410678],[-105.969449,39.410235],[-105.973206,39.409189],[-105.976867,39.40857],[-105.977452,39.408178],[-105.977967,39.407269],[-105.978218,39.407101],[-105.980651,39.406686],[-105.981464,39.406302],[-105.981923,39.405974],[-105.983025,39.404431],[-105.983621,39.402441],[-105.983945,39.402121],[-105.985018,39.401667],[-105.98693,39.401507],[-105.988362,39.401659],[-105.990154,39.4022],[-105.992513,39.402002],[-105.992856,39.401859],[-105.993025,39.401561],[-105.993133,39.400981],[-105.993224,39.399868],[-105.994132,39.397824],[-105.994889,39.396513],[-105.995928,39.395001],[-105.996648,39.394424],[-105.997471,39.394081],[-105.999529,39.393825],[-106.000008,39.393609],[-106.000572,39.393225],[-106.001623,39.392747],[-106.001876,39.392451],[-106.003339,39.391766],[-106.004107,39.390957],[-106.004532,39.39021],[-106.004537,39.38979],[-106.005,39.389293],[-106.005397,39.389159],[-106.00574,39.389161],[-106.008401,39.387356],[-106.008923,39.387141],[-106.00936,39.387071],[-106.010542,39.387289],[-106.011916,39.387088],[-106.012698,39.386899],[-106.013237,39.386959],[-106.013851,39.386898],[-106.015542,39.385393],[-106.016364,39.38439],[-106.016778,39.383659],[-106.016994,39.382911],[-106.017321,39.382493],[-106.01774,39.38223],[-106.01814,39.381805],[-106.018383,39.381403],[-106.018381,39.380726],[-106.017926,39.379651],[-106.017453,39.379204],[-106.017425,39.377994],[-106.016957,39.377161],[-106.016794,39.374988],[-106.017473,39.373383],[-106.017389,39.371744],[-106.017484,39.369467],[-106.017645,39.368369],[-106.017411,39.367521],[-106.017418,39.36614],[-106.017619,39.365503],[-106.019773,39.363459],[-106.021966,39.361713],[-106.02433,39.361147],[-106.02553,39.361175],[-106.02672,39.361333],[-106.027685,39.361012],[-106.028641,39.360224],[-106.032199,39.358942],[-106.034717,39.358376],[-106.036022,39.35834],[-106.03747,39.358465],[-106.04003,39.357964],[-106.043926,39.357378],[-106.046317,39.357434],[-106.050922,39.358061],[-106.054431,39.358184],[-106.056096,39.358431],[-106.057336,39.359024],[-106.058335,39.360052],[-106.062559,39.361786],[-106.064048,39.362758],[-106.067355,39.363803],[-106.068471,39.364429],[-106.070397,39.365982],[-106.071757,39.366969],[-106.072857,39.367917],[-106.074192,39.36863],[-106.078324,39.36951],[-106.07976,39.370085],[-106.080241,39.370435],[-106.080766,39.370228],[-106.080973,39.36942],[-106.081207,39.369199],[-106.082594,39.369333],[-106.084446,39.369283],[-106.085632,39.369723],[-106.087324,39.370827],[-106.088428,39.372001],[-106.089193,39.37263],[-106.094312,39.376511],[-106.094746,39.376747],[-106.095254,39.376847],[-106.096028,39.377287],[-106.096791,39.377896],[-106.097206,39.377987],[-106.097966,39.377822],[-106.099401,39.377733],[-106.101943,39.378054],[-106.103961,39.377847],[-106.105249,39.37783],[-106.106038,39.377931],[-106.10729,39.377454],[-106.11198,39.377053],[-106.113148,39.376761],[-106.114813,39.376496],[-106.115975,39.376591],[-106.118459,39.376516],[-106.119321,39.376633],[-106.120308,39.37659],[-106.122027,39.377132],[-106.123961,39.378021],[-106.127447,39.378877],[-106.128372,39.378773],[-106.129494,39.378767],[-106.130416,39.378873],[-106.131004,39.379096],[-106.131433,39.379511],[-106.132409,39.379528],[-106.133937,39.379422],[-106.135099,39.379465],[-106.136412,39.379694],[-106.225627,39.37963],[-106.22564,39.378945],[-106.22576,39.378587],[-106.225958,39.378163],[-106.226787,39.377054],[-106.226669,39.375917],[-106.226898,39.374165],[-106.227728,39.374103],[-106.228346,39.373834],[-106.229028,39.373372],[-106.229588,39.373167],[-106.231025,39.373103],[-106.232876,39.373207],[-106.233925,39.372936],[-106.234748,39.371996],[-106.235542,39.371218],[-106.236049,39.370837],[-106.236481,39.370327],[-106.237317,39.368517],[-106.238828,39.36655],[-106.239228,39.365911],[-106.239517,39.365667],[-106.245006,39.364107],[-106.247396,39.362804],[-106.250154,39.360701],[-106.251108,39.358404],[-106.251074,39.357832],[-106.250976,39.357632],[-106.251141,39.357589],[-106.252485,39.359111],[-106.255088,39.360292],[-106.256803,39.36122],[-106.257558,39.361516],[-106.258696,39.361783],[-106.259075,39.362012],[-106.259456,39.361861],[-106.259963,39.360846],[-106.262853,39.359097],[-106.263822,39.358769],[-106.266618,39.358835],[-106.269062,39.358536],[-106.270954,39.358074],[-106.271648,39.357548],[-106.272199,39.356646],[-106.272576,39.356358],[-106.273497,39.3562],[-106.274732,39.355683],[-106.278067,39.353484],[-106.279187,39.352928],[-106.279662,39.352349],[-106.281895,39.351455],[-106.283212,39.350469],[-106.283609,39.349673],[-106.283812,39.349469],[-106.284812,39.351366],[-106.285692,39.352128],[-106.286587,39.35222],[-106.288792,39.351899],[-106.290783,39.351766],[-106.292312,39.351849],[-106.29387,39.352263],[-106.295309,39.352936],[-106.295817,39.353792],[-106.295736,39.355656],[-106.296314,39.357335],[-106.29781,39.357952],[-106.298746,39.358626],[-106.299348,39.359375],[-106.300415,39.360067],[-106.301782,39.360459],[-106.301924,39.360699],[-106.302557,39.361119],[-106.303649,39.361358],[-106.304753,39.361443],[-106.306379,39.361339],[-106.30844,39.361791],[-106.310779,39.362052],[-106.311597,39.36222],[-106.312371,39.362278],[-106.313367,39.36217],[-106.316249,39.361211],[-106.320098,39.359648],[-106.320601,39.359375],[-106.321222,39.35927],[-106.322219,39.359263],[-106.323832,39.358982],[-106.326219,39.359327],[-106.328003,39.359236],[-106.331801,39.358576],[-106.332916,39.35823],[-106.333291,39.358281],[-106.33479,39.358951],[-106.337985,39.359148],[-106.339252,39.359064],[-106.342177,39.358096],[-106.344132,39.357712],[-106.3452,39.356786],[-106.345992,39.356468],[-106.347251,39.356126],[-106.349904,39.354936],[-106.35039,39.354451],[-106.350606,39.353998],[-106.351742,39.353683],[-106.352652,39.354093],[-106.354003,39.354384],[-106.355573,39.354861],[-106.358022,39.35514],[-106.360248,39.356132],[-106.36202,39.356783],[-106.362643,39.357217],[-106.362826,39.357884],[-106.362886,39.358633],[-106.363139,39.359234],[-106.364466,39.359972],[-106.366185,39.3606],[-106.366789,39.360648],[-106.367927,39.360454],[-106.369595,39.360284],[-106.37082,39.360637],[-106.371573,39.361722],[-106.371975,39.363708],[-106.372764,39.364519],[-106.374694,39.3657],[-106.374932,39.366083],[-106.375056,39.366896],[-106.375914,39.367662],[-106.376383,39.368542],[-106.377173,39.368981],[-106.378202,39.369401],[-106.378597,39.370225],[-106.378509,39.370428],[-106.378577,39.37146],[-106.378956,39.372075],[-106.379512,39.373913],[-106.380633,39.37615],[-106.381924,39.376265],[-106.383654,39.376606],[-106.38604,39.376556],[-106.38671,39.376666],[-106.387579,39.377015],[-106.388139,39.377332],[-106.388478,39.377719],[-106.38945,39.377811],[-106.390259,39.378125],[-106.390859,39.378799],[-106.391658,39.379397],[-106.392269,39.379401],[-106.392536,39.379155],[-106.392971,39.379164],[-106.393818,39.379576],[-106.395827,39.379624],[-106.397603,39.379845],[-106.3981,39.380178],[-106.398722,39.38015],[-106.399235,39.380321],[-106.399571,39.38082],[-106.400073,39.381008],[-106.400634,39.380962],[-106.403925,39.379848],[-106.405147,39.378927],[-106.406787,39.376327],[-106.407451,39.375678],[-106.407761,39.374987],[-106.40767,39.374647],[-106.407863,39.374055],[-106.408154,39.373696],[-106.41003,39.372318],[-106.410935,39.371997],[-106.411852,39.371313],[-106.413107,39.370058],[-106.414078,39.368647],[-106.414401,39.3679],[-106.414785,39.36749],[-106.415311,39.36736],[-106.417272,39.367296],[-106.418019,39.366865],[-106.418393,39.366447],[-106.41929,39.365828],[-106.421626,39.363797],[-106.424087,39.363031],[-106.42477,39.362536],[-106.425297,39.362423],[-106.425787,39.3621],[-106.426487,39.361871],[-106.489362,39.361815],[-106.500587,39.362319],[-106.509214,39.362298],[-106.509465,39.36257],[-106.509864,39.363568],[-106.511387,39.364659],[-106.51193,39.365319],[-106.512351,39.366445],[-106.513256,39.366693],[-106.514548,39.367237],[-106.515663,39.367951],[-106.51628,39.368787],[-106.516689,39.369664],[-106.516639,39.370035],[-106.51633,39.370874],[-106.516158,39.371946],[-106.517174,39.373812],[-106.517712,39.374987],[-106.517786,39.375373],[-106.518683,39.376597],[-106.519897,39.379755],[-106.520298,39.380382],[-106.521803,39.380929],[-106.522981,39.38172],[-106.523475,39.382809],[-106.523491,39.383851],[-106.523253,39.38514],[-106.522987,39.38583],[-106.523233,39.386399],[-106.523611,39.388003],[-106.52361,39.388939],[-106.523256,39.38979],[-106.523626,39.391289],[-106.523961,39.393417],[-106.523824,39.393932],[-106.543112,39.401888],[-106.542963,39.403731],[-106.543545,39.405491],[-106.543573,39.406097],[-106.542642,39.407618],[-106.542537,39.408125],[-106.54285,39.408501],[-106.543493,39.409043],[-106.544358,39.41075],[-106.544449,39.411777],[-106.544395,39.413593],[-106.544751,39.413961],[-106.546593,39.416619],[-106.548392,39.418049],[-106.549286,39.418974],[-106.549826,39.419886],[-106.553174,39.421362],[-106.55459,39.421761],[-106.556353,39.422488],[-106.557157,39.423242],[-106.558479,39.426829],[-106.559146,39.428098],[-106.561086,39.42982],[-106.578429,39.436991],[-106.591501,39.442516],[-106.616809,39.457625],[-106.617954,39.457107],[-106.619248,39.45684],[-106.62024,39.456766],[-106.622135,39.456781],[-106.622919,39.456985],[-106.624679,39.458309],[-106.625776,39.458711],[-106.626964,39.458952],[-106.631145,39.459338],[-106.63226,39.459783],[-106.633347,39.460341],[-106.6341,39.460526],[-106.634943,39.460842],[-106.636328,39.461078],[-106.63702,39.461104],[-106.639277,39.460512],[-106.639849,39.460542],[-106.641564,39.460949],[-106.642077,39.461184],[-106.642561,39.461509],[-106.64261,39.462259],[-106.642943,39.462498],[-106.64439,39.463092],[-106.645663,39.464025],[-106.646416,39.464231],[-106.647077,39.464098],[-106.648253,39.463697],[-106.649818,39.463354],[-106.65042,39.463131],[-106.651175,39.462693],[-106.652137,39.462929],[-106.65272,39.463172],[-106.653164,39.462737],[-106.654624,39.460589],[-106.655541,39.460018],[-106.657582,39.460818],[-106.658913,39.461078],[-106.659652,39.460905],[-106.660224,39.460032],[-106.660775,39.4597],[-106.663786,39.460225],[-106.664756,39.459976],[-106.667639,39.459971],[-106.668652,39.459569],[-106.667432,39.459605],[-106.666298,39.459315],[-106.664991,39.458613],[-106.663763,39.458765],[-106.662856,39.458247],[-106.662457,39.457631],[-106.661313,39.45789],[-106.66056,39.457018],[-106.659119,39.456552],[-106.658753,39.45604],[-106.660379,39.456193],[-106.661215,39.456078],[-106.66164,39.455958],[-106.66288,39.455337],[-106.66334,39.455282],[-106.664382,39.455458],[-106.665472,39.45548],[-106.666174,39.455623],[-106.66742,39.455678],[-106.668384,39.455618],[-106.672514,39.456316],[-106.673477,39.456366],[-106.674816,39.456283],[-106.675142,39.456333],[-106.677366,39.457074],[-106.679895,39.458134],[-106.680646,39.458206],[-106.683826,39.457393],[-106.686547,39.456481],[-106.689444,39.455059],[-106.690025,39.454746],[-106.690754,39.454158],[-106.69137,39.453538],[-106.692681,39.45194],[-106.69295,39.45166],[-106.693396,39.451379],[-106.696201,39.452159],[-106.69805,39.452928],[-106.697957,39.453027],[-106.698626,39.453756],[-106.700351,39.454425],[-106.70123,39.4557],[-106.701739,39.456071],[-106.704066,39.456632],[-106.705846,39.456272],[-106.706519,39.456677],[-106.706664,39.456441],[-106.706179,39.456087],[-106.704916,39.456214],[-106.704621,39.456065],[-106.70593,39.455866],[-106.707463,39.45633],[-106.708846,39.45822],[-106.710512,39.458844],[-106.71193,39.460246],[-106.715034,39.461732],[-106.715455,39.462276],[-106.716385,39.462289],[-106.718063,39.463409],[-106.719436,39.463983],[-106.720219,39.464088],[-106.722805,39.465284],[-106.728085,39.469161],[-106.728693,39.470243],[-106.728137,39.472197],[-106.728306,39.473888],[-106.728119,39.474756],[-106.728714,39.475765],[-106.72885,39.477511],[-106.728679,39.478136],[-106.727986,39.478317],[-106.728514,39.478967],[-106.728549,39.479894],[-106.72895,39.480186],[-106.730523,39.48028],[-106.732579,39.481159],[-106.734622,39.481489],[-106.736518,39.481515],[-106.737173,39.481694],[-106.738183,39.482544],[-106.740291,39.485017],[-106.741203,39.48567],[-106.742259,39.486069],[-106.743557,39.487293],[-106.746211,39.488784],[-106.74713,39.489753],[-106.750592,39.495363],[-106.751638,39.496603],[-106.753014,39.497656],[-106.752882,39.498874],[-106.752246,39.499986],[-106.752284,39.501442],[-106.75182,39.502891],[-106.751846,39.504368],[-106.751236,39.505575],[-106.751566,39.506117],[-106.751392,39.506332],[-106.751385,39.506853],[-106.751951,39.50732],[-106.752185,39.50782],[-106.752645,39.508304],[-106.752765,39.508622],[-106.753084,39.508864],[-106.753013,39.509172],[-106.753353,39.509391],[-106.753544,39.509831],[-106.7536,39.510314],[-106.753572,39.510468],[-106.753317,39.510583],[-106.752499,39.510706],[-106.752473,39.510846],[-106.752692,39.511176],[-106.752699,39.51144],[-106.752437,39.511675],[-106.75206,39.512411],[-106.751777,39.512647],[-106.75172,39.51285],[-106.752265,39.513273],[-106.752393,39.513586],[-106.752796,39.513839],[-106.75308,39.514141],[-106.753065,39.514449],[-106.753391,39.514614],[-106.753469,39.514768],[-106.753036,39.515306],[-106.753149,39.516316],[-106.753092,39.516541],[-106.752318,39.5172],[-106.75212,39.517507],[-106.75146,39.517683],[-106.751382,39.517792],[-106.751524,39.517985],[-106.75141,39.518523],[-106.750956,39.518934],[-106.75092,39.519286],[-106.751373,39.519775],[-106.751352,39.519874],[-106.751033,39.520082],[-106.751209,39.520648],[-106.751188,39.520813],[-106.750982,39.521076],[-106.750968,39.521268],[-106.751095,39.521419],[-106.750591,39.522382],[-106.749232,39.524455],[-106.749414,39.527056],[-106.749991,39.527813],[-106.750591,39.530407],[-106.751212,39.53102],[-106.751028,39.53205],[-106.751246,39.53329],[-106.753285,39.537593],[-106.752649,39.538648],[-106.752664,39.53926],[-106.753975,39.540042],[-106.756129,39.543758],[-106.757754,39.545454],[-106.760918,39.549542],[-106.762044,39.552174],[-106.763053,39.552951],[-106.76316,39.553959],[-106.762088,39.555768],[-106.763068,39.558618],[-106.763759,39.560149],[-106.763668,39.561592],[-106.764324,39.56269],[-106.763951,39.566836],[-106.763518,39.568061],[-106.763508,39.568697],[-106.763645,39.569682],[-106.763586,39.57006],[-106.763251,39.570821],[-106.763241,39.571204],[-106.763466,39.572163],[-106.763203,39.574251],[-106.763033,39.574843],[-106.762586,39.575739],[-106.762585,39.577147],[-106.762433,39.578309],[-106.761621,39.58023],[-106.761178,39.580983],[-106.760992,39.581673],[-106.76093,39.584875],[-106.760719,39.586784],[-106.760624,39.589371],[-106.760456,39.590358],[-106.760495,39.591273],[-106.760867,39.592413],[-106.761044,39.594798],[-106.761292,39.595672],[-106.760685,39.595722],[-106.760765,39.594661],[-106.760651,39.593778],[-106.760559,39.593546],[-106.760221,39.593215],[-106.759946,39.593095],[-106.759552,39.593067],[-106.758704,39.593268],[-106.758039,39.593075],[-106.75723,39.59236],[-106.75651,39.592027],[-106.755223,39.591198],[-106.75443,39.590804],[-106.754149,39.590427],[-106.753708,39.589432],[-106.753417,39.589096],[-106.752637,39.588492],[-106.75126,39.588083],[-106.750734,39.587817],[-106.750215,39.587674],[-106.748153,39.586407],[-106.747426,39.586174],[-106.746339,39.585425],[-106.744995,39.585093],[-106.744549,39.584851],[-106.74414,39.584419],[-106.743654,39.583657],[-106.743454,39.583091],[-106.742806,39.582641],[-106.742629,39.582157],[-106.742171,39.581525],[-106.741292,39.580553],[-106.740151,39.579642],[-106.737588,39.579094],[-106.735196,39.579851],[-106.734141,39.580939],[-106.732401,39.581217],[-106.7317,39.58157],[-106.731862,39.581991],[-106.733115,39.58181],[-106.733294,39.582015],[-106.731952,39.582783],[-106.731251,39.58364],[-106.730327,39.583942],[-106.729482,39.583675],[-106.728164,39.582632],[-106.727494,39.582858],[-106.726312,39.582605],[-106.722361,39.582438],[-106.721639,39.581981],[-106.720017,39.582347],[-106.719332,39.582862],[-106.718241,39.583004],[-106.717215,39.582974],[-106.716028,39.582514],[-106.715113,39.583159],[-106.714221,39.583352],[-106.7129,39.583164],[-106.711866,39.582747],[-106.711331,39.582818],[-106.710664,39.583134],[-106.708416,39.585465],[-106.707702,39.585772],[-106.707686,39.586539],[-106.706833,39.58692],[-106.705785,39.588147],[-106.705572,39.588058],[-106.705337,39.587778],[-106.705139,39.586998],[-106.704954,39.586686],[-106.703634,39.585555],[-106.7033,39.585379],[-106.702583,39.58539],[-106.700106,39.584786],[-106.699446,39.584803],[-106.696991,39.585281],[-106.694216,39.585276],[-106.692917,39.585495],[-106.692371,39.58549],[-106.689951,39.584661],[-106.689184,39.58426],[-106.688403,39.583705],[-106.68785,39.583052],[-106.686594,39.581053],[-106.68587,39.580476],[-106.685103,39.580136],[-106.683102,39.581185],[-106.682613,39.581229],[-106.682215,39.581069],[-106.680973,39.580377],[-106.679497,39.579878],[-106.678823,39.579543],[-106.678412,39.579219],[-106.677652,39.578274],[-106.676858,39.577527],[-106.676219,39.57722],[-106.675815,39.576758],[-106.675339,39.576495],[-106.67502,39.576176],[-106.67475,39.576044],[-106.673835,39.575869],[-106.673104,39.575434],[-106.672466,39.575204],[-106.672125,39.574946],[-106.67187,39.574446],[-106.671146,39.573979],[-106.668164,39.572744],[-106.668052,39.595109],[-106.705196,39.595083],[-106.70529,39.600924],[-106.74299,39.601464],[-106.742909,39.610703],[-106.741869,39.611042],[-106.740885,39.610796],[-106.73981,39.611128],[-106.738222,39.611392],[-106.737584,39.611573],[-106.736213,39.611387],[-106.735865,39.611409],[-106.735624,39.611525],[-106.735083,39.61202],[-106.735025,39.611867],[-106.735864,39.610799],[-106.736003,39.610459],[-106.73589,39.610206],[-106.734685,39.609184],[-106.733861,39.608985],[-106.732975,39.608885],[-106.7294,39.609012],[-106.728496,39.609427],[-106.727754,39.609983],[-106.726026,39.610729],[-106.725477,39.611101],[-106.724094,39.611614],[-106.723781,39.611949],[-106.723674,39.612536],[-106.7235,39.612765],[-106.723098,39.612957],[-106.722475,39.612985],[-106.722171,39.613138],[-106.721425,39.614112],[-106.720856,39.615174],[-106.720564,39.61533],[-106.72,39.615363],[-106.719275,39.615787],[-106.719043,39.615826],[-106.71786,39.615704],[-106.716899,39.615744],[-106.715599,39.616046],[-106.714731,39.615982],[-106.714146,39.616095],[-106.713548,39.616097],[-106.712699,39.616358],[-106.712218,39.61639],[-106.712005,39.616316],[-106.711812,39.616104],[-106.711445,39.615173],[-106.711293,39.614995],[-106.71095,39.614895],[-106.710378,39.615007],[-106.710004,39.614836],[-106.709936,39.614588],[-106.710172,39.614017],[-106.710003,39.613825],[-106.709698,39.613811],[-106.70906,39.614038],[-106.708081,39.614032],[-106.707098,39.614288],[-106.705825,39.614389],[-106.703735,39.615077],[-106.701867,39.615429],[-106.699527,39.616919],[-106.697948,39.617524],[-106.695333,39.618868],[-106.695416,39.619022],[-106.695307,39.619411],[-106.695392,39.619562],[-106.695568,39.619644],[-106.696359,39.619469],[-106.696723,39.619563],[-106.696805,39.619846],[-106.696373,39.620346],[-106.696213,39.620684],[-106.696207,39.621],[-106.696387,39.621357],[-106.697883,39.622329],[-106.699176,39.622762],[-106.698804,39.622924],[-106.697195,39.622979],[-106.696534,39.623104],[-106.69628,39.623417],[-106.696325,39.623925],[-106.698011,39.625178],[-106.698673,39.625842],[-106.699294,39.626931],[-106.699713,39.627965],[-106.699769,39.629624],[-106.699082,39.632006],[-106.699699,39.632596],[-106.700226,39.632751],[-106.700641,39.6327],[-106.701094,39.632422],[-106.701776,39.631586],[-106.70248,39.631102],[-106.703429,39.630634],[-106.705259,39.630024],[-106.705286,39.624346],[-106.70816,39.624285],[-106.709012,39.624066],[-106.730383,39.624129],[-106.730334,39.624994],[-106.730425,39.62539],[-106.73027,39.62667],[-106.730334,39.627516],[-106.730469,39.627559],[-106.730562,39.627746],[-106.730398,39.627977],[-106.728645,39.62879],[-106.728297,39.629098],[-106.727481,39.630147],[-106.726061,39.63124],[-106.724549,39.631548],[-106.723676,39.632487],[-106.722902,39.632883],[-106.72237,39.633344],[-106.72259,39.633811],[-106.722782,39.633926],[-106.723399,39.634003],[-106.724315,39.633838],[-106.725999,39.633717],[-106.727319,39.633497],[-106.728655,39.633749],[-106.730138,39.633315],[-106.730579,39.633259],[-106.730771,39.633386],[-106.730764,39.63371],[-106.730579,39.633907],[-106.729642,39.634473],[-106.729536,39.634693],[-106.729571,39.634962],[-106.729103,39.635649],[-106.728599,39.636143],[-106.728528,39.636412],[-106.72872,39.636588],[-106.729381,39.636752],[-106.73002,39.637483],[-106.730298,39.637653],[-106.730617,39.637746],[-106.731604,39.637795],[-106.731611,39.638196],[-106.731434,39.638624],[-106.730384,39.639943],[-106.730036,39.64008],[-106.728829,39.640333],[-106.728701,39.640674],[-106.728474,39.640926],[-106.727977,39.641157],[-106.727508,39.641706],[-106.727189,39.64192],[-106.728553,39.641936],[-106.729213,39.641843],[-106.729717,39.641415],[-106.730016,39.641282],[-106.731976,39.641337],[-106.732416,39.641243],[-106.732381,39.641809],[-106.732687,39.642643],[-106.733569,39.644043],[-106.734209,39.645855],[-106.734991,39.647233],[-106.735418,39.647755],[-106.735489,39.648013],[-106.735319,39.648386],[-106.735284,39.649106],[-106.735071,39.649957],[-106.735136,39.650698],[-106.735342,39.650951],[-106.735655,39.651088],[-106.735882,39.651093],[-106.736386,39.65095],[-106.736805,39.650961],[-106.73861,39.65151],[-106.739434,39.651405],[-106.739995,39.651443],[-106.741039,39.651195],[-106.741465,39.651184],[-106.742453,39.651557],[-106.74337,39.652024],[-106.744187,39.652803],[-106.744812,39.652957],[-106.745317,39.652885],[-106.745885,39.652917],[-106.746483,39.653263],[-106.746688,39.653296],[-106.747235,39.653252],[-106.747789,39.653021],[-106.747945,39.653032],[-106.748422,39.65335],[-106.748947,39.653405],[-106.749609,39.653827],[-106.749659,39.653997],[-106.750028,39.654381],[-106.750156,39.654722],[-106.75027,39.654782],[-106.750504,39.654815],[-106.752285,39.654399],[-106.752619,39.654415],[-106.752995,39.654624],[-106.753776,39.655344],[-106.754231,39.655465],[-106.754941,39.65535],[-106.755936,39.655427],[-106.756128,39.655367],[-106.756682,39.654829],[-106.757152,39.654555],[-106.757627,39.654484],[-106.758167,39.654698],[-106.758558,39.655033],[-106.759815,39.655336],[-106.760233,39.655676],[-106.762699,39.655634],[-106.76346,39.655442],[-106.764661,39.654569],[-106.766344,39.654433],[-106.767623,39.654076],[-106.771793,39.653413],[-106.772732,39.65282],[-106.773314,39.652656],[-106.775261,39.652629],[-106.779388,39.652109],[-106.781981,39.651983],[-106.783125,39.65228],[-106.783444,39.652598],[-106.78353,39.653367],[-106.783764,39.653878],[-106.78495,39.654372],[-106.78522,39.654411],[-106.785824,39.654263],[-106.78647,39.653747],[-106.787792,39.65333],[-106.789383,39.653412],[-106.790605,39.653374],[-106.792075,39.653929],[-106.793397,39.654665],[-106.794369,39.655467],[-106.794746,39.65556],[-106.796813,39.655758],[-106.798198,39.656209],[-106.798603,39.656516],[-106.799036,39.657247],[-106.799242,39.657417],[-106.799306,39.657741],[-106.798418,39.658455],[-106.797892,39.659685],[-106.797934,39.659915],[-106.798098,39.660086],[-106.798361,39.660229],[-106.798931,39.660293],[-106.800501,39.659983],[-106.801323,39.660177],[-106.801513,39.66016],[-106.802119,39.659824],[-106.803039,39.659514],[-106.803967,39.659461],[-106.804723,39.659333],[-106.805235,39.659026],[-106.805757,39.659108],[-106.806137,39.659461],[-106.806558,39.659465],[-106.807343,39.659302],[-106.807764,39.65901],[-106.807933,39.658625],[-106.808151,39.658422],[-106.809,39.658162],[-106.809486,39.657852],[-106.81025,39.65767],[-106.811384,39.657813],[-106.81184,39.657651],[-106.812645,39.656857],[-106.812876,39.656349],[-106.813008,39.656455],[-106.813084,39.656809],[-106.812953,39.657309],[-106.812049,39.658642],[-106.812164,39.658748],[-106.812412,39.658699],[-106.813687,39.658228],[-106.814349,39.657901],[-106.814591,39.657694],[-106.814604,39.654037],[-106.814907,39.654031],[-106.814959,39.65457],[-106.815389,39.655177],[-106.815665,39.655402],[-106.816278,39.655482],[-106.816633,39.655384],[-106.816919,39.655207],[-106.817566,39.654393],[-106.818146,39.654167],[-106.818178,39.653717],[-106.818499,39.653417],[-106.821714,39.652097],[-106.822425,39.651915],[-106.823157,39.651533],[-106.823512,39.651108],[-106.824112,39.649717],[-106.823696,39.649796],[-106.824029,39.648684],[-106.822684,39.647933],[-106.819598,39.647613],[-106.81907,39.647169],[-106.819037,39.646553],[-106.813684,39.646574],[-106.81372,39.643135],[-106.793839,39.643104],[-106.793833,39.639934],[-106.793086,39.639854],[-106.792553,39.639959],[-106.792077,39.63964],[-106.791758,39.639574],[-106.791458,39.639402],[-106.783753,39.639381],[-106.783816,39.626315],[-106.785326,39.62652],[-106.785771,39.626665],[-106.786251,39.626976],[-106.788149,39.628538],[-106.788489,39.628722],[-106.789139,39.628925],[-106.790206,39.629024],[-106.791294,39.629227],[-106.79424,39.629987],[-106.794048,39.629439],[-106.79461,39.628661],[-106.79358,39.62849],[-106.793527,39.628373],[-106.793678,39.628254],[-106.793184,39.62686],[-106.790848,39.625093],[-106.788625,39.625011],[-106.788557,39.621549],[-106.783563,39.621502],[-106.783566,39.617767],[-106.803999,39.617682],[-106.804052,39.610308],[-106.818786,39.610174],[-106.818925,39.625058],[-106.82377,39.625032],[-106.823773,39.628598],[-106.828579,39.6286],[-106.828599,39.632301],[-106.833701,39.632079],[-106.833616,39.639032],[-106.838096,39.639016],[-106.838155,39.642852],[-106.843415,39.64389],[-106.845544,39.645727],[-106.844731,39.645781],[-106.846402,39.648616],[-106.845034,39.648426],[-106.843737,39.648579],[-106.843665,39.648462],[-106.843808,39.649192],[-106.843624,39.652854],[-106.841785,39.652866],[-106.841752,39.653003],[-106.84139,39.65262],[-106.840834,39.652931],[-106.840657,39.653203],[-106.840928,39.653649],[-106.840909,39.654051],[-106.841341,39.654099],[-106.841302,39.65425],[-106.841104,39.654336],[-106.843566,39.654815],[-106.844411,39.65494],[-106.845438,39.654981],[-106.847008,39.654765],[-106.847944,39.654467],[-106.851663,39.652905],[-106.852794,39.6526],[-106.853846,39.652461],[-106.855608,39.652523],[-106.864312,39.653976],[-106.866369,39.654125],[-106.867911,39.654082],[-106.869303,39.653928],[-106.873294,39.65332],[-106.875562,39.652883],[-106.875399,39.65277],[-106.875079,39.652776],[-106.874787,39.652649],[-106.874475,39.652238],[-106.874682,39.651762],[-106.874469,39.651683],[-106.87433,39.65145],[-106.87433,39.651152],[-106.87495,39.649253],[-106.875154,39.647766],[-106.874705,39.647735],[-106.874094,39.647483],[-106.873469,39.647341],[-106.872886,39.647352],[-106.872489,39.647467],[-106.872013,39.647803],[-106.871446,39.648594],[-106.870878,39.649121],[-106.870161,39.64939],[-106.869905,39.649451],[-106.869916,39.649369],[-106.86938,39.649524],[-106.868762,39.649825],[-106.868549,39.649995],[-106.868373,39.650638],[-106.868131,39.650743],[-106.867552,39.650776],[-106.86643,39.650682],[-106.865339,39.650722],[-106.86398,39.650653],[-106.863009,39.650816],[-106.862881,39.651003],[-106.862511,39.651124],[-106.861851,39.650957],[-106.861224,39.650461],[-106.861216,39.650076],[-106.860612,39.649785],[-106.861226,39.648176],[-106.862629,39.648295],[-106.86405,39.648258],[-106.865173,39.648116],[-106.867824,39.647604],[-106.867868,39.645932],[-106.868008,39.645411],[-106.870321,39.645388],[-106.870324,39.641407],[-106.874534,39.641288],[-106.883843,39.641674],[-106.886612,39.641713],[-106.886623,39.638667],[-106.891256,39.638663],[-106.891307,39.635016],[-106.892684,39.635011],[-106.892683,39.631151],[-106.889122,39.631151],[-106.888745,39.627501],[-106.883963,39.627868],[-106.884017,39.624247],[-106.88476,39.624245],[-106.884778,39.617016],[-106.889446,39.617016],[-106.889438,39.624265],[-106.893371,39.623898],[-106.897416,39.623861],[-106.905909,39.630904],[-106.906796,39.630819],[-106.907392,39.62747],[-106.913844,39.627424],[-106.913833,39.631007],[-106.916106,39.630988],[-106.916135,39.629616],[-106.915404,39.628477],[-106.914754,39.627026],[-106.919354,39.627027],[-106.919352,39.627375],[-106.925581,39.627381],[-106.92561,39.638191],[-106.930193,39.638175],[-106.930193,39.634557],[-106.93963,39.634538],[-106.939727,39.623368],[-106.939671,39.619817],[-106.944386,39.619811],[-106.944312,39.613401],[-106.944369,39.609582],[-106.94379,39.610127],[-106.943223,39.610245],[-106.942588,39.610057],[-106.942074,39.609994],[-106.940936,39.610121],[-106.940396,39.609977],[-106.939766,39.609933],[-106.939301,39.609968],[-106.93848,39.61018],[-106.938029,39.610119],[-106.938136,39.595184],[-106.937304,39.594778],[-106.934665,39.59491],[-106.934358,39.594869],[-106.91935,39.595334],[-106.919652,39.580706],[-106.922519,39.580699],[-106.924199,39.581532],[-106.925552,39.582447],[-106.926256,39.582661],[-106.927016,39.583621],[-106.927599,39.584053],[-106.928694,39.584503],[-106.929573,39.585119],[-106.93088,39.585638],[-106.931875,39.585829],[-106.932691,39.585869],[-106.933726,39.585816],[-106.935284,39.585469],[-106.935283,39.583647],[-106.939994,39.583645],[-106.940002,39.579869],[-106.958719,39.579735],[-106.958806,39.583366],[-106.96826,39.583234],[-106.968231,39.58644],[-106.972536,39.586435],[-106.972581,39.593993],[-106.968879,39.594082],[-106.969051,39.594376],[-106.969025,39.595106],[-106.969273,39.595661],[-106.969498,39.596585],[-106.969554,39.597341],[-106.969477,39.59955],[-106.969003,39.600908],[-106.968528,39.601791],[-106.96851,39.602837],[-106.968409,39.602946],[-106.968332,39.604353],[-106.968007,39.605188],[-106.967017,39.606448],[-106.96688,39.60736],[-106.967618,39.607519],[-106.968012,39.608656],[-106.967876,39.613189],[-106.967459,39.614607],[-106.96695,39.615423],[-106.966692,39.615582],[-106.963684,39.615712],[-106.963677,39.615966],[-106.963304,39.616945],[-106.963434,39.618886],[-106.963154,39.619019],[-106.961661,39.61889],[-106.961272,39.619274],[-106.961165,39.619634],[-106.958531,39.6197],[-106.958639,39.626965],[-106.963274,39.626959],[-106.963146,39.638119],[-106.963583,39.638115],[-106.96419,39.63794],[-106.964427,39.637976],[-106.964566,39.638173],[-106.975664,39.638184],[-106.975638,39.653231],[-106.975838,39.653177],[-106.975753,39.65365],[-106.975526,39.653952],[-106.975213,39.653941],[-106.97299,39.653689],[-106.972031,39.653371],[-106.97203,39.655191],[-106.973802,39.655291],[-106.975579,39.655267],[-106.977255,39.655139],[-106.979308,39.654831],[-106.982423,39.653648],[-106.983288,39.653148],[-106.983731,39.653204],[-106.985624,39.652448],[-106.985412,39.652131],[-106.988252,39.650996],[-106.988464,39.651314],[-106.990897,39.650338],[-106.991335,39.650307],[-106.992921,39.649672],[-106.994058,39.648834],[-106.995538,39.648485],[-106.995861,39.648261],[-106.995857,39.64647],[-107.006521,39.64648],[-107.007567,39.646625],[-107.008809,39.646482],[-107.014517,39.646481],[-107.014518,39.647405],[-107.018284,39.646051],[-107.023194,39.644652],[-107.024513,39.644353],[-107.025573,39.644197],[-107.027779,39.644067],[-107.027363,39.645328],[-107.026631,39.645959],[-107.025743,39.647249],[-107.025473,39.647991],[-107.038093,39.648258],[-107.04122,39.649472],[-107.045785,39.651487],[-107.056569,39.651923],[-107.058816,39.654679],[-107.061838,39.654025],[-107.064113,39.653126],[-107.066723,39.65195],[-107.07824,39.645428],[-107.078123,39.645315],[-107.078104,39.645073],[-107.079183,39.644626],[-107.080157,39.644048],[-107.084809,39.640638],[-107.085927,39.639905],[-107.086997,39.639405],[-107.090462,39.638266],[-107.092131,39.637615],[-107.099096,39.634513],[-107.100217,39.633912],[-107.101388,39.632984],[-107.102098,39.632151],[-107.102491,39.631516],[-107.102837,39.630737],[-107.103024,39.629998],[-107.103143,39.628297],[-107.103286,39.627672],[-107.103593,39.627093],[-107.103889,39.626748],[-107.104691,39.626158],[-107.105378,39.625867],[-107.106251,39.625678],[-107.10917,39.625662],[-107.111025,39.625436],[-107.113872,39.62489],[-107.113571,39.634191],[-107.113503,39.640506],[-107.113429,39.697205],[-107.113572,39.731289],[-107.113548,39.866761],[-107.113652,39.88008],[-107.113658,39.899593],[-107.113596,39.900386],[-107.113672,39.919112],[-107.04603,39.918878],[-107.033968,39.918913],[-107.032171,39.939669],[-107.032648,39.963725],[-107.031772,39.963727],[-107.03205,40.002939],[-107.037359,40.003081],[-107.037248,40.053607],[-107.037416,40.111016],[-107.037633,40.125038],[-107.037674,40.163944],[-107.037686,40.165617],[-107.038401,40.165645],[-107.03825,40.173275],[-107.037991,40.202844],[-107.037789,40.210406],[-107.037928,40.225372],[-107.039143,40.22544],[-107.040153,40.225379],[-107.040388,40.225457],[-107.047149,40.225219],[-107.056035,40.225174],[-107.059723,40.225305],[-107.076552,40.225347],[-107.096088,40.226062],[-107.096062,40.225136],[-107.125607,40.225185],[-107.247314,40.224284],[-107.25061,40.2242],[-107.313051,40.223903],[-107.352541,40.223464],[-107.368645,40.22335],[-107.40019,40.223413],[-107.414884,40.223634],[-107.439386,40.223379],[-107.439506,40.247328],[-107.440109,40.249976],[-107.442518,40.308439],[-107.442594,40.334755]]]}},{"type":"Feature","properties":{"d":3,"label":[-107.64724,38.10239],"area":50104.6},"geometry":{"type":"Polygon","coordinates":[[[-109.060187,38.275528],[-109.06017,38.3881],[-109.06003,38.435584],[-109.060176,38.4623],[-109.059939,38.474274],[-109.060152,38.503155],[-109.060041,38.514109],[-109.060025,38.550385],[-109.059696,38.619165],[-109.059689,38.666845],[-109.059824,38.714746],[-109.05895,38.753405],[-109.057365,38.797548],[-109.054022,38.877161],[-109.053441,38.934605],[-109.052561,39.007984],[-109.051937,39.069425],[-109.051666,39.105097],[-109.051166,39.142603],[-109.051318,39.186613],[-109.05103,39.227126],[-109.051099,39.307326],[-109.051016,39.35007],[-109.050701,39.360945],[-109.050864,39.374976],[-109.051172,39.450467],[-109.051178,39.485711],[-109.051432,39.524689],[-109.051441,39.58247],[-109.051275,39.607954],[-109.051189,39.651313],[-109.051316,39.676029],[-109.051099,39.726444],[-109.050956,39.821031],[-109.050334,39.852406],[-109.050688,39.957847],[-109.051157,40.008238],[-109.050885,40.03424],[-109.051001,40.046928],[-109.050763,40.092604],[-109.051021,40.119884],[-109.050939,40.124385],[-109.050973,40.180849],[-109.050887,40.194351],[-109.050976,40.209204],[-109.050943,40.2524],[-109.051024,40.271834],[-109.050801,40.374967],[-109.05091,40.428183],[-109.051245,40.441599],[-109.050092,40.529198],[-109.048956,40.561615],[-109.04801,40.580977],[-109.048085,40.595109],[-109.047767,40.609879],[-109.04828,40.639732],[-109.048944,40.662601],[-109.048432,40.662601],[-109.048994,40.684446],[-109.049088,40.714503],[-109.048786,40.751433],[-109.048733,40.782808],[-109.048455,40.826081],[-109.048509,40.832084],[-109.048631,40.833703],[-109.048642,40.836063],[-109.048841,40.837821],[-109.048846,40.862762],[-109.048969,40.873008],[-109.048877,40.887761],[-109.049015,40.891502],[-109.049277,40.908646],[-109.050026,41.000691],[-109.024975,41.000459],[-109.000532,41.000558],[-108.884138,41.000094],[-108.875671,41.000166],[-108.859513,41.000127],[-108.85377,41.000031],[-108.849709,41.000114],[-108.822867,41.000153],[-108.817489,41.000105],[-108.792444,41.000201],[-108.776621,41.0001],[-108.750667,41.000187],[-108.740026,41.000069],[-108.631108,41.000156],[-108.625663,40.999962],[-108.561854,40.999962],[-108.561413,40.999795],[-108.556311,40.999619],[-108.538795,40.999721],[-108.526029,40.999592],[-108.520688,40.999785],[-108.519605,40.999962],[-108.500659,41.000112],[-108.375653,41.000013],[-108.250649,41.000114],[-108.24972,41.000362],[-108.228681,41.000319],[-108.222193,41.000396],[-108.209644,41.000329],[-108.206461,41.000412],[-108.181227,41.000455],[-108.173683,41.00061],[-108.168361,41.000606],[-108.149321,41.000962],[-108.126215,41.001276],[-108.125642,41.001334],[-108.122619,41.001198],[-108.10531,41.001395],[-108.089508,41.001233],[-108.089224,41.001578],[-108.046539,41.002064],[-108.024237,41.002064],[-108.000636,41.001814],[-107.97033,41.002012],[-107.875632,41.002023],[-107.866639,41.001932],[-107.85182,41.001926],[-107.769524,41.001945],[-107.750627,41.001971],[-107.706884,41.002173],[-107.625649,41.002123],[-107.50062,41.002349],[-107.478678,41.002671],[-107.367541,41.003073],[-107.317794,41.00292],[-107.31785,40.998611],[-107.316539,40.87495],[-107.314541,40.749969],[-107.313594,40.693709],[-107.313365,40.686553],[-107.314288,40.624971],[-107.314153,40.600281],[-107.371487,40.600302],[-107.371516,40.598501],[-107.371415,40.596253],[-107.371328,40.542399],[-107.428813,40.542207],[-107.428524,40.499973],[-107.428516,40.484948],[-107.428388,40.48021],[-107.428505,40.46976],[-107.429107,40.444534],[-107.429345,40.440771],[-107.431236,40.37578],[-107.431072,40.374969],[-107.432068,40.334879],[-107.442594,40.334755],[-107.442518,40.308439],[-107.440109,40.249976],[-107.439506,40.247328],[-107.439386,40.223379],[-107.414884,40.223634],[-107.40019,40.223413],[-107.368645,40.22335],[-107.352541,40.223464],[-107.313051,40.223903],[-107.25061,40.2242],[-107.247314,40.224284],[-107.125607,40.225185],[-107.096062,40.225136],[-107.096088,40.226062],[-107.076552,40.225347],[-107.059723,40.225305],[-107.056035,40.225174],[-107.047149,40.225219],[-107.040388,40.225457],[-107.040153,40.225379],[-107.039143,40.22544],[-107.037928,40.225372],[-107.037789,40.210406],[-107.037991,40.202844],[-107.03825,40.173275],[-107.038401,40.165645],[-107.037686,40.165617],[-107.037674,40.163944],[-107.037633,40.125038],[-107.037416,40.111016],[-107.037248,40.053607],[-107.037359,40.003081],[-107.03205,40.002939],[-107.031772,39.963727],[-107.032648,39.963725],[-107.032171,39.939669],[-107.033968,39.918913],[-107.04603,39.918878],[-107.113672,39.919112],[-107.113596,39.900386],[-107.113658,39.899593],[-107.113652,39.88008],[-107.113548,39.866761],[-107.113572,39.731289],[-107.113429,39.697205],[-107.113503,39.640506],[-107.113571,39.634191],[-107.113872,39.62489],[-107.111025,39.625436],[-107.10917,39.625662],[-107.106251,39.625678],[-107.105378,39.625867],[-107.104691,39.626158],[-107.103889,39.626748],[-107.103593,39.627093],[-107.103286,39.627672],[-107.103143,39.628297],[-107.103024,39.629998],[-107.102837,39.630737],[-107.102491,39.631516],[-107.102098,39.632151],[-107.101388,39.632984],[-107.100217,39.633912],[-107.099096,39.634513],[-107.092131,39.637615],[-107.090462,39.638266],[-107.086997,39.639405],[-107.085927,39.639905],[-107.084809,39.640638],[-107.080157,39.644048],[-107.079183,39.644626],[-107.078104,39.645073],[-107.078123,39.645315],[-107.07824,39.645428],[-107.066723,39.65195],[-107.064113,39.653126],[-107.061838,39.654025],[-107.058816,39.654679],[-107.056569,39.651923],[-107.045785,39.651487],[-107.04122,39.649472],[-107.038093,39.648258],[-107.025473,39.647991],[-107.025743,39.647249],[-107.026631,39.645959],[-107.027363,39.645328],[-107.027779,39.644067],[-107.025573,39.644197],[-107.024513,39.644353],[-107.023194,39.644652],[-107.018284,39.646051],[-107.014518,39.647405],[-107.014517,39.646481],[-107.008809,39.646482],[-107.007567,39.646625],[-107.006521,39.64648],[-106.995857,39.64647],[-106.995861,39.648261],[-106.995538,39.648485],[-106.994058,39.648834],[-106.992921,39.649672],[-106.991335,39.650307],[-106.990897,39.650338],[-106.988464,39.651314],[-106.988252,39.650996],[-106.985412,39.652131],[-106.985624,39.652448],[-106.983731,39.653204],[-106.983288,39.653148],[-106.982423,39.653648],[-106.979308,39.654831],[-106.977255,39.655139],[-106.975579,39.655267],[-106.973802,39.655291],[-106.97203,39.655191],[-106.972031,39.653371],[-106.97299,39.653689],[-106.975213,39.653941],[-106.975526,39.653952],[-106.975753,39.65365],[-106.975838,39.653177],[-106.975638,39.653231],[-106.975664,39.638184],[-106.964566,39.638173],[-106.964427,39.637976],[-106.96419,39.63794],[-106.963583,39.638115],[-106.963146,39.638119],[-106.963274,39.626959],[-106.958639,39.626965],[-106.958531,39.6197],[-106.961165,39.619634],[-106.961272,39.619274],[-106.961661,39.61889],[-106.963154,39.619019],[-106.963434,39.618886],[-106.963304,39.616945],[-106.963677,39.615966],[-106.963684,39.615712],[-106.966692,39.615582],[-106.96695,39.615423],[-106.967459,39.614607],[-106.967876,39.613189],[-106.968012,39.608656],[-106.967618,39.607519],[-106.96688,39.60736],[-106.967017,39.606448],[-106.968007,39.605188],[-106.968332,39.604353],[-106.968409,39.602946],[-106.96851,39.602837],[-106.968528,39.601791],[-106.969003,39.600908],[-106.969477,39.59955],[-106.969554,39.597341],[-106.969498,39.596585],[-106.969273,39.595661],[-106.969025,39.595106],[-106.969051,39.594376],[-106.968879,39.594082],[-106.972581,39.593993],[-106.972536,39.586435],[-106.968231,39.58644],[-106.96826,39.583234],[-106.958806,39.583366],[-106.958719,39.579735],[-106.940002,39.579869],[-106.939994,39.583645],[-106.935283,39.583647],[-106.935284,39.585469],[-106.933726,39.585816],[-106.932691,39.585869],[-106.931875,39.585829],[-106.93088,39.585638],[-106.929573,39.585119],[-106.928694,39.584503],[-106.927599,39.584053],[-106.927016,39.583621],[-106.926256,39.582661],[-106.925552,39.582447],[-106.924199,39.581532],[-106.922519,39.580699],[-106.919652,39.580706],[-106.91935,39.595334],[-106.934358,39.594869],[-106.934665,39.59491],[-106.937304,39.594778],[-106.938136,39.595184],[-106.938029,39.610119],[-106.93848,39.61018],[-106.939301,39.609968],[-106.939766,39.609933],[-106.940396,39.609977],[-106.940936,39.610121],[-106.942074,39.609994],[-106.942588,39.610057],[-106.943223,39.610245],[-106.94379,39.610127],[-106.944369,39.609582],[-106.944312,39.613401],[-106.944386,39.619811],[-106.939671,39.619817],[-106.939727,39.623368],[-106.93963,39.634538],[-106.930193,39.634557],[-106.930193,39.638175],[-106.92561,39.638191],[-106.925581,39.627381],[-106.919352,39.627375],[-106.919354,39.627027],[-106.914754,39.627026],[-106.915404,39.628477],[-106.916135,39.629616],[-106.916106,39.630988],[-106.913833,39.631007],[-106.913844,39.627424],[-106.907392,39.62747],[-106.906796,39.630819],[-106.905909,39.630904],[-106.897416,39.623861],[-106.893371,39.623898],[-106.889438,39.624265],[-106.889446,39.617016],[-106.884778,39.617016],[-106.88476,39.624245],[-106.884017,39.624247],[-106.883963,39.627868],[-106.888745,39.627501],[-106.889122,39.631151],[-106.892683,39.631151],[-106.892684,39.635011],[-106.891307,39.635016],[-106.891256,39.638663],[-106.886623,39.638667],[-106.886612,39.641713],[-106.883843,39.641674],[-106.874534,39.641288],[-106.870324,39.641407],[-106.870321,39.645388],[-106.868008,39.645411],[-106.867868,39.645932],[-106.867824,39.647604],[-106.865173,39.648116],[-106.86405,39.648258],[-106.862629,39.648295],[-106.861226,39.648176],[-106.860612,39.649785],[-106.861216,39.650076],[-106.861224,39.650461],[-106.861851,39.650957],[-106.862396,39.651121],[-106.862733,39.651077],[-106.863009,39.650816],[-106.86398,39.650653],[-106.865339,39.650722],[-106.86643,39.650682],[-106.867552,39.650776],[-106.868131,39.650743],[-106.868373,39.650638],[-106.868549,39.649995],[-106.868762,39.649825],[-106.86938,39.649524],[-106.869916,39.649369],[-106.869905,39.649451],[-106.870161,39.64939],[-106.870878,39.649121],[-106.871446,39.648594],[-106.871878,39.647951],[-106.872333,39.647539],[-106.872886,39.647352],[-106.873469,39.647341],[-106.874094,39.647483],[-106.874705,39.647735],[-106.875154,39.647766],[-106.87495,39.649253],[-106.87433,39.651152],[-106.87433,39.65145],[-106.874469,39.651683],[-106.874682,39.651762],[-106.874475,39.652238],[-106.874787,39.652649],[-106.875079,39.652776],[-106.875399,39.65277],[-106.875562,39.652883],[-106.873294,39.65332],[-106.869303,39.653928],[-106.867911,39.654082],[-106.866369,39.654125],[-106.864312,39.653976],[-106.855898,39.652564],[-106.8541,39.652447],[-106.853163,39.652535],[-106.852003,39.652793],[-106.847672,39.654568],[-106.846262,39.654908],[-106.845438,39.654981],[-106.844411,39.65494],[-106.841104,39.654336],[-106.841302,39.65425],[-106.841341,39.654099],[-106.840909,39.654051],[-106.840928,39.653649],[-106.84067,39.65331],[-106.840684,39.653095],[-106.840909,39.652886],[-106.84139,39.65262],[-106.841752,39.653003],[-106.841785,39.652866],[-106.843624,39.652854],[-106.843808,39.649192],[-106.843665,39.648462],[-106.843737,39.648579],[-106.845034,39.648426],[-106.846402,39.648616],[-106.844731,39.645781],[-106.845544,39.645727],[-106.843415,39.64389],[-106.838155,39.642852],[-106.838096,39.639016],[-106.833616,39.639032],[-106.833701,39.632079],[-106.828599,39.632301],[-106.828579,39.6286],[-106.823773,39.628598],[-106.82377,39.625032],[-106.818925,39.625058],[-106.818786,39.610174],[-106.804052,39.610308],[-106.803999,39.617682],[-106.783566,39.617767],[-106.783563,39.621502],[-106.788557,39.621549],[-106.788625,39.625011],[-106.790848,39.625093],[-106.793184,39.62686],[-106.793678,39.628254],[-106.793527,39.628373],[-106.79358,39.62849],[-106.79461,39.628661],[-106.794048,39.629439],[-106.79424,39.629987],[-106.791294,39.629227],[-106.790206,39.629024],[-106.789139,39.628925],[-106.788489,39.628722],[-106.788149,39.628538],[-106.786251,39.626976],[-106.785771,39.626665],[-106.785326,39.62652],[-106.783816,39.626315],[-106.783753,39.639381],[-106.791458,39.639402],[-106.791758,39.639574],[-106.792077,39.63964],[-106.792553,39.639959],[-106.793086,39.639854],[-106.793833,39.639934],[-106.793839,39.643104],[-106.81372,39.643135],[-106.813684,39.646574],[-106.819037,39.646553],[-106.81907,39.647169],[-106.819598,39.647613],[-106.822684,39.647933],[-106.824029,39.648684],[-106.823696,39.649796],[-106.824112,39.649717],[-106.823512,39.651108],[-106.823157,39.651533],[-106.822425,39.651915],[-106.821714,39.652097],[-106.818499,39.653417],[-106.818178,39.653717],[-106.818146,39.654167],[-106.817566,39.654393],[-106.816919,39.655207],[-106.816633,39.655384],[-106.816278,39.655482],[-106.815665,39.655402],[-106.815389,39.655177],[-106.814959,39.65457],[-106.814907,39.654031],[-106.814604,39.654037],[-106.814591,39.657694],[-106.814349,39.657901],[-106.813687,39.658228],[-106.812412,39.658699],[-106.812071,39.658724],[-106.812363,39.658127],[-106.812953,39.657309],[-106.813084,39.656809],[-106.813008,39.656455],[-106.812876,39.656349],[-106.812645,39.656857],[-106.81184,39.657651],[-106.811384,39.657813],[-106.81025,39.65767],[-106.809486,39.657852],[-106.809,39.658162],[-106.808151,39.658422],[-106.807933,39.658625],[-106.807764,39.65901],[-106.807343,39.659302],[-106.806558,39.659465],[-106.806137,39.659461],[-106.805757,39.659108],[-106.805235,39.659026],[-106.804723,39.659333],[-106.803967,39.659461],[-106.803039,39.659514],[-106.802119,39.659824],[-106.801421,39.660178],[-106.800501,39.659983],[-106.799174,39.660269],[-106.798614,39.660283],[-106.798098,39.660086],[-106.797934,39.659915],[-106.797892,39.659685],[-106.798418,39.658455],[-106.799306,39.657741],[-106.79932,39.657576],[-106.798603,39.656516],[-106.798198,39.656209],[-106.796813,39.655758],[-106.794746,39.65556],[-106.794369,39.655467],[-106.793397,39.654665],[-106.792075,39.653929],[-106.790605,39.653374],[-106.789383,39.653412],[-106.787792,39.65333],[-106.78647,39.653747],[-106.785824,39.654263],[-106.78522,39.654411],[-106.78495,39.654372],[-106.783764,39.653878],[-106.78353,39.653367],[-106.783444,39.652598],[-106.783125,39.65228],[-106.781981,39.651983],[-106.779388,39.652109],[-106.775261,39.652629],[-106.773314,39.652656],[-106.772732,39.65282],[-106.771793,39.653413],[-106.767623,39.654076],[-106.766344,39.654433],[-106.764661,39.654569],[-106.76346,39.655442],[-106.763111,39.655568],[-106.762088,39.655683],[-106.760461,39.65571],[-106.760233,39.655676],[-106.759588,39.655237],[-106.758828,39.655138],[-106.758558,39.655033],[-106.758167,39.654698],[-106.757627,39.654484],[-106.757152,39.654555],[-106.756682,39.654829],[-106.756128,39.655367],[-106.755936,39.655427],[-106.754941,39.65535],[-106.754231,39.655465],[-106.753776,39.655344],[-106.752995,39.654624],[-106.752619,39.654415],[-106.752285,39.654399],[-106.750504,39.654815],[-106.75027,39.654782],[-106.750156,39.654722],[-106.750028,39.654381],[-106.749659,39.653997],[-106.749609,39.653827],[-106.748947,39.653405],[-106.748422,39.65335],[-106.747945,39.653032],[-106.747789,39.653021],[-106.747235,39.653252],[-106.746688,39.653296],[-106.746483,39.653263],[-106.745885,39.652917],[-106.745317,39.652885],[-106.744812,39.652957],[-106.744187,39.652803],[-106.74337,39.652024],[-106.742453,39.651557],[-106.741465,39.651184],[-106.741039,39.651195],[-106.739995,39.651443],[-106.739434,39.651405],[-106.73861,39.65151],[-106.736805,39.650961],[-106.736386,39.65095],[-106.735882,39.651093],[-106.735655,39.651088],[-106.735342,39.650951],[-106.735136,39.650698],[-106.735086,39.650336],[-106.735071,39.649957],[-106.735284,39.649106],[-106.735319,39.648386],[-106.735489,39.648013],[-106.735418,39.647755],[-106.734991,39.647233],[-106.734209,39.645855],[-106.733569,39.644043],[-106.732687,39.642643],[-106.732381,39.641809],[-106.732416,39.641243],[-106.731976,39.641337],[-106.730016,39.641282],[-106.729717,39.641415],[-106.729213,39.641843],[-106.728553,39.641936],[-106.727189,39.64192],[-106.727508,39.641706],[-106.727977,39.641157],[-106.728474,39.640926],[-106.728701,39.640674],[-106.728829,39.640333],[-106.730036,39.64008],[-106.730384,39.639943],[-106.731434,39.638624],[-106.731611,39.638196],[-106.731604,39.637795],[-106.730617,39.637746],[-106.730298,39.637653],[-106.73002,39.637483],[-106.729381,39.636752],[-106.72872,39.636588],[-106.728528,39.636412],[-106.728599,39.636143],[-106.729103,39.635649],[-106.729571,39.634962],[-106.729536,39.634693],[-106.729642,39.634473],[-106.730579,39.633907],[-106.730764,39.63371],[-106.730771,39.633386],[-106.730579,39.633259],[-106.730138,39.633315],[-106.728655,39.633749],[-106.727319,39.633497],[-106.725999,39.633717],[-106.724315,39.633838],[-106.723399,39.634003],[-106.722782,39.633926],[-106.72259,39.633811],[-106.72237,39.633344],[-106.722902,39.632883],[-106.723676,39.632487],[-106.724549,39.631548],[-106.726061,39.63124],[-106.727481,39.630147],[-106.728297,39.629098],[-106.728645,39.62879],[-106.730398,39.627977],[-106.730562,39.627746],[-106.730469,39.627559],[-106.730334,39.627516],[-106.73027,39.62667],[-106.730425,39.62539],[-106.730334,39.624994],[-106.730383,39.624129],[-106.709012,39.624066],[-106.70816,39.624285],[-106.705286,39.624346],[-106.705259,39.630024],[-106.703429,39.630634],[-106.70248,39.631102],[-106.701776,39.631586],[-106.701094,39.632422],[-106.700641,39.6327],[-106.700226,39.632751],[-106.699699,39.632596],[-106.699082,39.632006],[-106.699769,39.629624],[-106.699713,39.627965],[-106.699294,39.626931],[-106.698673,39.625842],[-106.698011,39.625178],[-106.696325,39.623925],[-106.69628,39.623417],[-106.696534,39.623104],[-106.697195,39.622979],[-106.698804,39.622924],[-106.699176,39.622762],[-106.697883,39.622329],[-106.696447,39.621422],[-106.696228,39.621075],[-106.696213,39.620684],[-106.696373,39.620346],[-106.696774,39.619903],[-106.6968,39.619665],[-106.696665,39.619523],[-106.696442,39.619464],[-106.695705,39.619647],[-106.695445,39.6196],[-106.695307,39.619411],[-106.695416,39.619022],[-106.695333,39.618868],[-106.697948,39.617524],[-106.699527,39.616919],[-106.701521,39.615601],[-106.70199,39.615385],[-106.703735,39.615077],[-106.705825,39.614389],[-106.707098,39.614288],[-106.708081,39.614032],[-106.709182,39.614021],[-106.7098,39.613792],[-106.710085,39.613874],[-106.710172,39.614017],[-106.709936,39.614588],[-106.710004,39.614836],[-106.710378,39.615007],[-106.71095,39.614895],[-106.711293,39.614995],[-106.711445,39.615173],[-106.711812,39.616104],[-106.712005,39.616316],[-106.712218,39.61639],[-106.712699,39.616358],[-106.713548,39.616097],[-106.714146,39.616095],[-106.714731,39.615982],[-106.715599,39.616046],[-106.716899,39.615744],[-106.71786,39.615704],[-106.719043,39.615826],[-106.719275,39.615787],[-106.72,39.615363],[-106.720564,39.61533],[-106.720856,39.615174],[-106.721425,39.614112],[-106.722171,39.613138],[-106.722475,39.612985],[-106.723098,39.612957],[-106.7235,39.612765],[-106.723674,39.612536],[-106.723781,39.611949],[-106.724094,39.611614],[-106.725477,39.611101],[-106.726026,39.610729],[-106.727754,39.609983],[-106.728496,39.609427],[-106.729531,39.608989],[-106.733228,39.608894],[-106.734685,39.609184],[-106.73589,39.610206],[-106.736003,39.610459],[-106.735864,39.610799],[-106.735025,39.611867],[-106.735083,39.61202],[-106.735624,39.611525],[-106.735865,39.611409],[-106.736213,39.611387],[-106.737584,39.611573],[-106.738222,39.611392],[-106.73981,39.611128],[-106.740885,39.610796],[-106.741869,39.611042],[-106.742909,39.610703],[-106.74299,39.601464],[-106.70529,39.600924],[-106.705196,39.595083],[-106.668052,39.595109],[-106.668164,39.572744],[-106.671146,39.573979],[-106.67187,39.574446],[-106.672125,39.574946],[-106.672466,39.575204],[-106.673104,39.575434],[-106.673835,39.575869],[-106.67475,39.576044],[-106.67502,39.576176],[-106.675339,39.576495],[-106.675815,39.576758],[-106.676219,39.57722],[-106.676858,39.577527],[-106.677652,39.578274],[-106.678412,39.579219],[-106.678823,39.579543],[-106.679497,39.579878],[-106.680973,39.580377],[-106.682215,39.581069],[-106.682613,39.581229],[-106.683102,39.581185],[-106.685103,39.580136],[-106.68587,39.580476],[-106.686594,39.581053],[-106.68785,39.583052],[-106.688403,39.583705],[-106.689184,39.58426],[-106.689951,39.584661],[-106.692371,39.58549],[-106.692917,39.585495],[-106.694216,39.585276],[-106.696991,39.585281],[-106.699446,39.584803],[-106.700106,39.584786],[-106.702583,39.58539],[-106.7033,39.585379],[-106.703634,39.585555],[-106.704954,39.586686],[-106.705139,39.586998],[-106.705337,39.587778],[-106.705572,39.588058],[-106.705785,39.588147],[-106.706833,39.58692],[-106.707686,39.586539],[-106.707702,39.585772],[-106.708416,39.585465],[-106.710664,39.583134],[-106.711331,39.582818],[-106.711866,39.582747],[-106.7129,39.583164],[-106.714221,39.583352],[-106.715113,39.583159],[-106.716028,39.582514],[-106.717215,39.582974],[-106.718241,39.583004],[-106.719332,39.582862],[-106.720017,39.582347],[-106.721639,39.581981],[-106.722361,39.582438],[-106.726312,39.582605],[-106.727494,39.582858],[-106.728164,39.582632],[-106.729482,39.583675],[-106.730327,39.583942],[-106.731251,39.58364],[-106.731952,39.582783],[-106.733294,39.582015],[-106.733115,39.58181],[-106.731862,39.581991],[-106.7317,39.58157],[-106.732401,39.581217],[-106.734141,39.580939],[-106.735196,39.579851],[-106.737588,39.579094],[-106.740151,39.579642],[-106.741292,39.580553],[-106.742171,39.581525],[-106.742629,39.582157],[-106.742806,39.582641],[-106.743454,39.583091],[-106.743654,39.583657],[-106.74414,39.584419],[-106.744549,39.584851],[-106.744995,39.585093],[-106.746339,39.585425],[-106.747426,39.586174],[-106.748153,39.586407],[-106.750215,39.587674],[-106.750734,39.587817],[-106.75126,39.588083],[-106.752637,39.588492],[-106.753417,39.589096],[-106.753708,39.589432],[-106.754149,39.590427],[-106.75443,39.590804],[-106.755223,39.591198],[-106.75651,39.592027],[-106.75723,39.59236],[-106.758039,39.593075],[-106.758704,39.593268],[-106.759552,39.593067],[-106.759946,39.593095],[-106.760221,39.593215],[-106.760559,39.593546],[-106.760651,39.593778],[-106.760765,39.594661],[-106.760685,39.595722],[-106.761292,39.595672],[-106.761044,39.594798],[-106.760867,39.592413],[-106.760495,39.591273],[-106.760456,39.590358],[-106.760624,39.589371],[-106.760719,39.586784],[-106.76093,39.584875],[-106.760992,39.581673],[-106.761178,39.580983],[-106.761621,39.58023],[-106.762433,39.578309],[-106.762585,39.577147],[-106.762586,39.575739],[-106.763033,39.574843],[-106.763203,39.574251],[-106.763466,39.572163],[-106.763241,39.571204],[-106.763251,39.570821],[-106.763586,39.57006],[-106.763645,39.569682],[-106.763508,39.568697],[-106.763518,39.568061],[-106.763951,39.566836],[-106.764324,39.56269],[-106.763668,39.561592],[-106.763759,39.560149],[-106.763068,39.558618],[-106.762088,39.555768],[-106.76316,39.553959],[-106.763053,39.552951],[-106.762044,39.552174],[-106.760918,39.549542],[-106.757754,39.545454],[-106.756129,39.543758],[-106.753975,39.540042],[-106.752664,39.53926],[-106.752649,39.538648],[-106.753285,39.537593],[-106.751246,39.53329],[-106.751028,39.53205],[-106.751212,39.53102],[-106.750591,39.530407],[-106.749991,39.527813],[-106.749414,39.527056],[-106.749232,39.524455],[-106.750591,39.522382],[-106.751095,39.521419],[-106.750968,39.521268],[-106.750982,39.521076],[-106.751188,39.520813],[-106.751209,39.520648],[-106.751033,39.520082],[-106.751352,39.519874],[-106.751373,39.519775],[-106.75092,39.519286],[-106.750956,39.518934],[-106.75141,39.518523],[-106.751524,39.517985],[-106.751382,39.517792],[-106.75146,39.517683],[-106.75212,39.517507],[-106.752318,39.5172],[-106.753092,39.516541],[-106.753149,39.516316],[-106.753036,39.515306],[-106.753469,39.514768],[-106.753391,39.514614],[-106.753065,39.514449],[-106.75308,39.514141],[-106.752796,39.513839],[-106.752393,39.513586],[-106.752265,39.513273],[-106.75172,39.51285],[-106.751777,39.512647],[-106.75206,39.512411],[-106.752437,39.511675],[-106.752699,39.51144],[-106.752692,39.511176],[-106.752473,39.510846],[-106.752499,39.510706],[-106.753317,39.510583],[-106.753572,39.510468],[-106.7536,39.510314],[-106.753544,39.509831],[-106.753353,39.509391],[-106.753013,39.509172],[-106.753084,39.508864],[-106.752765,39.508622],[-106.752645,39.508304],[-106.752185,39.50782],[-106.751951,39.50732],[-106.751385,39.506853],[-106.751392,39.506332],[-106.751566,39.506117],[-106.751236,39.505575],[-106.751846,39.504368],[-106.75182,39.502891],[-106.752284,39.501442],[-106.752246,39.499986],[-106.752882,39.498874],[-106.753014,39.497656],[-106.751638,39.496603],[-106.750592,39.495363],[-106.74713,39.489753],[-106.746211,39.488784],[-106.743557,39.487293],[-106.742259,39.486069],[-106.741203,39.48567],[-106.740291,39.485017],[-106.738183,39.482544],[-106.737173,39.481694],[-106.736518,39.481515],[-106.734622,39.481489],[-106.732579,39.481159],[-106.730523,39.48028],[-106.72895,39.480186],[-106.728549,39.479894],[-106.728514,39.478967],[-106.727986,39.478317],[-106.728679,39.478136],[-106.72885,39.477511],[-106.728714,39.475765],[-106.728119,39.474756],[-106.728306,39.473888],[-106.728137,39.472197],[-106.728693,39.470243],[-106.728085,39.469161],[-106.722805,39.465284],[-106.720219,39.464088],[-106.719436,39.463983],[-106.718063,39.463409],[-106.716385,39.462289],[-106.715455,39.462276],[-106.715034,39.461732],[-106.71193,39.460246],[-106.710512,39.458844],[-106.708846,39.45822],[-106.707463,39.45633],[-106.70593,39.455866],[-106.704621,39.456065],[-106.704916,39.456214],[-106.706179,39.456087],[-106.706664,39.456441],[-106.706519,39.456677],[-106.705846,39.456272],[-106.704066,39.456632],[-106.701739,39.456071],[-106.70123,39.4557],[-106.700351,39.454425],[-106.698626,39.453756],[-106.697957,39.453027],[-106.69805,39.452928],[-106.696201,39.452159],[-106.693467,39.451363],[-106.69295,39.45166],[-106.69137,39.453538],[-106.6904,39.454482],[-106.690025,39.454746],[-106.686547,39.456481],[-106.683826,39.457393],[-106.682176,39.457772],[-106.680872,39.458178],[-106.680299,39.458206],[-106.679895,39.458134],[-106.677366,39.457074],[-106.675142,39.456333],[-106.674816,39.456283],[-106.673477,39.456366],[-106.672514,39.456316],[-106.668384,39.455618],[-106.66742,39.455678],[-106.666174,39.455623],[-106.665472,39.45548],[-106.664382,39.455458],[-106.66334,39.455282],[-106.66288,39.455337],[-106.66164,39.455958],[-106.661215,39.456078],[-106.660379,39.456193],[-106.658753,39.45604],[-106.659119,39.456552],[-106.66056,39.457018],[-106.661313,39.45789],[-106.662457,39.457631],[-106.662856,39.458247],[-106.663763,39.458765],[-106.664991,39.458613],[-106.666298,39.459315],[-106.667432,39.459605],[-106.668652,39.459569],[-106.667639,39.459971],[-106.664756,39.459976],[-106.663786,39.460225],[-106.660775,39.4597],[-106.660224,39.460032],[-106.659652,39.460905],[-106.658913,39.461078],[-106.657582,39.460818],[-106.655541,39.460018],[-106.654624,39.460589],[-106.653164,39.462737],[-106.65272,39.463172],[-106.652137,39.462929],[-106.651175,39.462693],[-106.65042,39.463131],[-106.649818,39.463354],[-106.648253,39.463697],[-106.647077,39.464098],[-106.646416,39.464231],[-106.645663,39.464025],[-106.64439,39.463092],[-106.642943,39.462498],[-106.64261,39.462259],[-106.642561,39.461509],[-106.642077,39.461184],[-106.641564,39.460949],[-106.639849,39.460542],[-106.639277,39.460512],[-106.63702,39.461104],[-106.636328,39.461078],[-106.634943,39.460842],[-106.6341,39.460526],[-106.633347,39.460341],[-106.63226,39.459783],[-106.631145,39.459338],[-106.626964,39.458952],[-106.625776,39.458711],[-106.624679,39.458309],[-106.622919,39.456985],[-106.622135,39.456781],[-106.62024,39.456766],[-106.619248,39.45684],[-106.617954,39.457107],[-106.616809,39.457625],[-106.591501,39.442516],[-106.578429,39.436991],[-106.561086,39.42982],[-106.559573,39.428532],[-106.559146,39.428098],[-106.558479,39.426829],[-106.557157,39.423242],[-106.556353,39.422488],[-106.55459,39.421761],[-106.553174,39.421362],[-106.549826,39.419886],[-106.549286,39.418974],[-106.548392,39.418049],[-106.546593,39.416619],[-106.544751,39.413961],[-106.544395,39.413593],[-106.544449,39.411777],[-106.544358,39.41075],[-106.543493,39.409043],[-106.54285,39.408501],[-106.542537,39.408125],[-106.542642,39.407618],[-106.543573,39.406097],[-106.543545,39.405491],[-106.542963,39.403731],[-106.543112,39.401888],[-106.523824,39.393932],[-106.523961,39.393417],[-106.523626,39.391289],[-106.523256,39.38979],[-106.52361,39.388939],[-106.523611,39.388003],[-106.523233,39.386399],[-106.522987,39.38583],[-106.523253,39.38514],[-106.523491,39.383851],[-106.523475,39.382809],[-106.522981,39.38172],[-106.521803,39.380929],[-106.520298,39.380382],[-106.519897,39.379755],[-106.518683,39.376597],[-106.517786,39.375373],[-106.517712,39.374987],[-106.517174,39.373812],[-106.516158,39.371946],[-106.51633,39.370874],[-106.516639,39.370035],[-106.516689,39.369664],[-106.51628,39.368787],[-106.515663,39.367951],[-106.514548,39.367237],[-106.513256,39.366693],[-106.512351,39.366445],[-106.51193,39.365319],[-106.511387,39.364659],[-106.509864,39.363568],[-106.509465,39.36257],[-106.509214,39.362298],[-106.500587,39.362319],[-106.489362,39.361815],[-106.426487,39.361871],[-106.428154,39.360892],[-106.428971,39.359975],[-106.429322,39.359098],[-106.429428,39.358032],[-106.430785,39.357114],[-106.432363,39.355515],[-106.43348,39.354174],[-106.433662,39.353591],[-106.433604,39.352962],[-106.43372,39.352259],[-106.433954,39.351658],[-106.433669,39.351114],[-106.434551,39.349123],[-106.434718,39.347975],[-106.435104,39.347275],[-106.435181,39.346637],[-106.43494,39.346181],[-106.435271,39.344925],[-106.43536,39.343972],[-106.435206,39.343257],[-106.435205,39.342466],[-106.43495,39.341849],[-106.434931,39.341099],[-106.434726,39.340441],[-106.4343,39.339633],[-106.433804,39.339343],[-106.433854,39.338883],[-106.433619,39.338217],[-106.433548,39.337492],[-106.432282,39.335956],[-106.430797,39.335521],[-106.428676,39.335402],[-106.428451,39.335131],[-106.428663,39.334926],[-106.429047,39.33492],[-106.429438,39.334389],[-106.429524,39.33371],[-106.429375,39.333188],[-106.429085,39.33283],[-106.428663,39.332555],[-106.428813,39.332351],[-106.428866,39.331995],[-106.428641,39.331732],[-106.428592,39.330668],[-106.428754,39.330109],[-106.42863,39.329321],[-106.428751,39.328811],[-106.428703,39.328182],[-106.428071,39.327047],[-106.426947,39.323355],[-106.427772,39.322769],[-106.428001,39.322426],[-106.428017,39.32145],[-106.428325,39.321308],[-106.428741,39.320962],[-106.428957,39.320475],[-106.430422,39.319378],[-106.430615,39.318819],[-106.430924,39.318314],[-106.431931,39.317144],[-106.432085,39.316698],[-106.43246,39.316353],[-106.432731,39.316413],[-106.433657,39.316898],[-106.434514,39.317102],[-106.43549,39.317109],[-106.436647,39.316929],[-106.438223,39.316854],[-106.439317,39.317022],[-106.439771,39.317321],[-106.440602,39.316549],[-106.44254,39.315291],[-106.444053,39.315218],[-106.445825,39.315495],[-106.448472,39.316694],[-106.449522,39.316757],[-106.450652,39.316698],[-106.451668,39.316286],[-106.452389,39.315669],[-106.452653,39.31506],[-106.452746,39.314292],[-106.45374,39.312654],[-106.454219,39.312259],[-106.454715,39.312194],[-106.45536,39.31224],[-106.455865,39.312135],[-106.456564,39.312268],[-106.457206,39.312605],[-106.459076,39.313041],[-106.459728,39.313006],[-106.460572,39.312734],[-106.461482,39.312614],[-106.46253,39.31221],[-106.463382,39.311494],[-106.464022,39.311362],[-106.464812,39.311397],[-106.465512,39.311579],[-106.465862,39.311461],[-106.466127,39.311303],[-106.466691,39.310664],[-106.466809,39.310412],[-106.466736,39.309647],[-106.466964,39.309248],[-106.468071,39.308342],[-106.468272,39.307315],[-106.468723,39.307896],[-106.46956,39.30814],[-106.470094,39.307929],[-106.470726,39.307887],[-106.471352,39.308013],[-106.472878,39.308423],[-106.473356,39.308843],[-106.473986,39.309486],[-106.474299,39.310303],[-106.474787,39.310715],[-106.475377,39.311027],[-106.476205,39.312498],[-106.47612,39.31358],[-106.476224,39.314748],[-106.477296,39.314472],[-106.477732,39.314456],[-106.478763,39.314221],[-106.4827,39.313203],[-106.484104,39.31293],[-106.485121,39.312566],[-106.486399,39.311471],[-106.486965,39.310526],[-106.487431,39.30897],[-106.488148,39.309014],[-106.488501,39.308613],[-106.488984,39.308459],[-106.489746,39.307858],[-106.490588,39.307529],[-106.49185,39.30662],[-106.492604,39.305737],[-106.492765,39.304774],[-106.492515,39.303996],[-106.493212,39.303685],[-106.493589,39.303397],[-106.494234,39.303079],[-106.496178,39.302845],[-106.497645,39.302215],[-106.498749,39.301962],[-106.499898,39.301483],[-106.500362,39.300991],[-106.500585,39.300602],[-106.500953,39.300424],[-106.501108,39.300133],[-106.501647,39.299818],[-106.501832,39.299318],[-106.501872,39.298882],[-106.50238,39.298567],[-106.50269,39.298067],[-106.502925,39.297035],[-106.50284,39.296584],[-106.503561,39.295051],[-106.503597,39.293609],[-106.503298,39.291474],[-106.502973,39.290629],[-106.502867,39.289993],[-106.503268,39.288993],[-106.504581,39.287362],[-106.504601,39.287217],[-106.504308,39.287069],[-106.504359,39.286178],[-106.504031,39.284761],[-106.503042,39.284087],[-106.502436,39.283323],[-106.500999,39.282401],[-106.50081,39.282031],[-106.499926,39.281673],[-106.499257,39.280748],[-106.498544,39.279325],[-106.497109,39.279171],[-106.496247,39.278759],[-106.495322,39.278702],[-106.493632,39.27798],[-106.493229,39.277632],[-106.492777,39.276276],[-106.491943,39.275371],[-106.4913,39.274986],[-106.491056,39.274023],[-106.489829,39.27314],[-106.483292,39.272669],[-106.482954,39.272441],[-106.483722,39.271702],[-106.483417,39.268852],[-106.483605,39.267356],[-106.483762,39.266676],[-106.484016,39.266067],[-106.48407,39.265396],[-106.483272,39.264272],[-106.483064,39.263146],[-106.483006,39.26213],[-106.482812,39.261474],[-106.482359,39.260833],[-106.481738,39.260372],[-106.481359,39.26023],[-106.48106,39.259888],[-106.481226,39.259167],[-106.482493,39.25847],[-106.482977,39.258018],[-106.483119,39.257072],[-106.482943,39.256728],[-106.482968,39.256098],[-106.483127,39.255103],[-106.484017,39.255016],[-106.485134,39.254521],[-106.486154,39.253907],[-106.48637,39.253476],[-106.486206,39.252769],[-106.486347,39.252597],[-106.486847,39.252306],[-106.486907,39.251853],[-106.487396,39.251135],[-106.487695,39.250324],[-106.488251,39.249264],[-106.48872,39.248776],[-106.490569,39.247573],[-106.493972,39.244952],[-106.496778,39.243321],[-106.497349,39.242727],[-106.497649,39.242022],[-106.497597,39.241362],[-106.497383,39.240904],[-106.49746,39.240524],[-106.497993,39.239487],[-106.498168,39.237469],[-106.498788,39.236012],[-106.498903,39.235398],[-106.49874,39.234931],[-106.497257,39.232978],[-106.496302,39.232261],[-106.495094,39.231918],[-106.493936,39.23084],[-106.493309,39.22991],[-106.492721,39.229408],[-106.490215,39.228335],[-106.489711,39.227977],[-106.489749,39.227718],[-106.490504,39.226945],[-106.491818,39.226102],[-106.492154,39.225679],[-106.49226,39.225195],[-106.492146,39.224518],[-106.491887,39.223843],[-106.491463,39.223275],[-106.491258,39.222793],[-106.491366,39.222397],[-106.491823,39.221779],[-106.491901,39.221464],[-106.491688,39.221127],[-106.491808,39.220812],[-106.491951,39.220698],[-106.492777,39.220432],[-106.493394,39.220103],[-106.49373,39.219745],[-106.493869,39.219317],[-106.49387,39.218728],[-106.493666,39.217633],[-106.492943,39.215858],[-106.493282,39.214323],[-106.493619,39.213328],[-106.494342,39.211813],[-106.494854,39.210091],[-106.494954,39.208541],[-106.494717,39.207979],[-106.493871,39.206931],[-106.493779,39.206367],[-106.494165,39.203912],[-106.4946,39.200148],[-106.494516,39.199447],[-106.494229,39.19895],[-106.493798,39.198623],[-106.493649,39.198326],[-106.494893,39.196411],[-106.495836,39.19441],[-106.496327,39.193977],[-106.497735,39.193222],[-106.498172,39.192701],[-106.498317,39.192014],[-106.498216,39.190902],[-106.498743,39.189502],[-106.498792,39.188026],[-106.499007,39.187177],[-106.498991,39.186217],[-106.499319,39.185311],[-106.49939,39.184552],[-106.499607,39.183848],[-106.500584,39.182601],[-106.502649,39.180419],[-106.504803,39.17902],[-106.505792,39.17872],[-106.506726,39.178815],[-106.507396,39.178302],[-106.507875,39.178104],[-106.508208,39.178049],[-106.508304,39.177808],[-106.508216,39.177323],[-106.509717,39.174877],[-106.51,39.174653],[-106.509648,39.173609],[-106.509828,39.173271],[-106.509501,39.172784],[-106.509445,39.172291],[-106.509511,39.171928],[-106.50903,39.170367],[-106.508744,39.169993],[-106.509047,39.168873],[-106.508967,39.168541],[-106.508473,39.168142],[-106.508436,39.16777],[-106.508614,39.166681],[-106.50909,39.165917],[-106.511077,39.163532],[-106.512306,39.163176],[-106.513507,39.162498],[-106.513862,39.162258],[-106.513928,39.161919],[-106.515139,39.161305],[-106.515497,39.160823],[-106.516374,39.160336],[-106.517259,39.160059],[-106.518913,39.159698],[-106.518926,39.159488],[-106.519299,39.158602],[-106.519832,39.158226],[-106.520447,39.15798],[-106.520942,39.157353],[-106.52116,39.15733],[-106.521478,39.157664],[-106.521882,39.15782],[-106.522356,39.158146],[-106.523235,39.15837],[-106.52402,39.158754],[-106.525523,39.159806],[-106.525862,39.160163],[-106.526493,39.160353],[-106.527357,39.161021],[-106.529856,39.161206],[-106.531288,39.161224],[-106.531408,39.161652],[-106.531583,39.161807],[-106.53204,39.161769],[-106.532634,39.162468],[-106.532945,39.162567],[-106.533318,39.162569],[-106.533978,39.163001],[-106.534516,39.163126],[-106.535138,39.163146],[-106.535565,39.163027],[-106.535777,39.162585],[-106.536055,39.160858],[-106.536112,39.159437],[-106.536666,39.159037],[-106.536979,39.158918],[-106.538099,39.158012],[-106.538526,39.157894],[-106.541354,39.158307],[-106.542884,39.158882],[-106.543373,39.158732],[-106.544005,39.158857],[-106.545022,39.158872],[-106.546695,39.159609],[-106.54814,39.160361],[-106.548626,39.16055],[-106.549735,39.16067],[-106.550385,39.161013],[-106.551677,39.161465],[-106.552073,39.161306],[-106.552294,39.161057],[-106.552711,39.160858],[-106.552724,39.160567],[-106.552883,39.160269],[-106.553705,39.160072],[-106.554044,39.159396],[-106.554805,39.159167],[-106.556364,39.157949],[-106.556597,39.157498],[-106.556674,39.157038],[-106.557186,39.15671],[-106.558755,39.156518],[-106.560816,39.155885],[-106.561265,39.155677],[-106.561598,39.154533],[-106.562254,39.153301],[-106.562631,39.151947],[-106.562177,39.150676],[-106.561952,39.15044],[-106.561085,39.149967],[-106.560706,39.14952],[-106.560948,39.149134],[-106.560915,39.148367],[-106.560679,39.148075],[-106.561045,39.14777],[-106.56077,39.147308],[-106.560775,39.146783],[-106.560475,39.145756],[-106.560251,39.145342],[-106.559829,39.145017],[-106.559292,39.144755],[-106.559089,39.144309],[-106.558728,39.144097],[-106.558679,39.143847],[-106.558869,39.143581],[-106.559291,39.141888],[-106.559643,39.140881],[-106.55948,39.140605],[-106.559413,39.140096],[-106.5595,39.139684],[-106.560162,39.13892],[-106.560416,39.138454],[-106.560536,39.137824],[-106.560789,39.137471],[-106.561617,39.136596],[-106.562486,39.135898],[-106.563109,39.134715],[-106.56366,39.134581],[-106.564244,39.134237],[-106.564627,39.133392],[-106.564683,39.13294],[-106.564574,39.132422],[-106.563989,39.131845],[-106.563726,39.131199],[-106.563231,39.130912],[-106.561423,39.129205],[-106.560414,39.128448],[-106.560179,39.127122],[-106.560006,39.126782],[-106.559625,39.126505],[-106.559073,39.125799],[-106.559102,39.124988],[-106.559287,39.124656],[-106.558325,39.124237],[-106.558154,39.121991],[-106.558171,39.120223],[-106.560667,39.117898],[-106.563895,39.115748],[-106.564986,39.114007],[-106.564538,39.111979],[-106.564696,39.10908],[-106.563496,39.108243],[-106.563321,39.107268],[-106.563989,39.106041],[-106.566983,39.105061],[-106.568439,39.105205],[-106.5691,39.104768],[-106.568933,39.104009],[-106.570161,39.103515],[-106.570627,39.104193],[-106.573344,39.104424],[-106.574655,39.104278],[-106.576586,39.104001],[-106.578629,39.102844],[-106.580311,39.102164],[-106.583781,39.097904],[-106.586157,39.09405],[-106.586107,39.090578],[-106.586338,39.087743],[-106.584916,39.08483],[-106.583238,39.082959],[-106.580107,39.081751],[-106.577076,39.079437],[-106.57787,39.079081],[-106.579456,39.077536],[-106.579524,39.075574],[-106.577587,39.072758],[-106.57723,39.066154],[-106.576862,39.063369],[-106.57763,39.060598],[-106.577926,39.059072],[-106.578023,39.056254],[-106.577551,39.05321],[-106.58073,39.048717],[-106.584245,39.047187],[-106.589133,39.045582],[-106.594964,39.045397],[-106.597233,39.044821],[-106.597219,39.043675],[-106.597797,39.039249],[-106.598936,39.036768],[-106.599516,39.033788],[-106.597941,39.031666],[-106.594377,39.029959],[-106.592596,39.027627],[-106.591692,39.024923],[-106.594921,39.020809],[-106.595179,39.01686],[-106.594954,39.013752],[-106.595162,39.010305],[-106.594701,39.007568],[-106.594455,39.004185],[-106.59543,39.002132],[-106.598297,38.998744],[-106.599214,38.997994],[-106.596316,38.992719],[-106.595816,38.992394],[-106.595509,38.991277],[-106.595021,38.991072],[-106.594153,38.990936],[-106.592533,38.990952],[-106.591083,38.991297],[-106.590433,38.991271],[-106.589276,38.991879],[-106.587786,38.992257],[-106.586802,38.992694],[-106.586164,38.992813],[-106.585595,38.992697],[-106.584657,38.99211],[-106.583757,38.991974],[-106.582769,38.991476],[-106.58094,38.99197],[-106.580289,38.991912],[-106.579523,38.991702],[-106.578968,38.9912],[-106.577161,38.990444],[-106.574721,38.992821],[-106.570609,38.993942],[-106.569833,38.994481],[-106.569235,38.994535],[-106.568522,38.994478],[-106.567184,38.993967],[-106.566129,38.993792],[-106.562855,38.996403],[-106.561554,38.997004],[-106.560427,38.998232],[-106.559884,38.998528],[-106.559101,38.998624],[-106.556855,38.998146],[-106.556184,38.99812],[-106.555392,38.998329],[-106.554532,38.998757],[-106.554211,38.998711],[-106.552183,38.993476],[-106.551234,38.992075],[-106.550723,38.991701],[-106.550163,38.991545],[-106.546762,38.991078],[-106.545441,38.990382],[-106.544267,38.989144],[-106.543102,38.98851],[-106.54215,38.988277],[-106.539812,38.986559],[-106.536053,38.983491],[-106.534179,38.982292],[-106.532885,38.98199],[-106.53202,38.981386],[-106.529618,38.98078],[-106.528389,38.980727],[-106.526287,38.976588],[-106.525491,38.974339],[-106.524626,38.972316],[-106.524423,38.971093],[-106.521861,38.968666],[-106.522233,38.96797],[-106.523147,38.965535],[-106.523498,38.964839],[-106.524056,38.964205],[-106.525845,38.963124],[-106.527255,38.961451],[-106.527587,38.960843],[-106.528321,38.960296],[-106.528511,38.959883],[-106.527087,38.956914],[-106.526683,38.955411],[-106.526286,38.955052],[-106.524537,38.954585],[-106.523122,38.954445],[-106.52201,38.953875],[-106.521327,38.953688],[-106.520667,38.953695],[-106.519877,38.953969],[-106.518284,38.951517],[-106.5167,38.950347],[-106.515986,38.949443],[-106.515738,38.948664],[-106.514298,38.948242],[-106.513195,38.947487],[-106.508077,38.94589],[-106.507162,38.946092],[-106.505313,38.9444],[-106.505839,38.94292],[-106.505893,38.940929],[-106.505584,38.939457],[-106.504799,38.937949],[-106.504371,38.936849],[-106.503893,38.936579],[-106.502695,38.936445],[-106.502279,38.936135],[-106.501793,38.935293],[-106.501211,38.935],[-106.500583,38.934748],[-106.49876,38.93469],[-106.496258,38.93347],[-106.493856,38.931089],[-106.492346,38.930149],[-106.490714,38.929685],[-106.489938,38.926316],[-106.489173,38.925818],[-106.48883,38.925133],[-106.487888,38.924256],[-106.487359,38.923507],[-106.486719,38.92317],[-106.485652,38.922108],[-106.484061,38.921345],[-106.48212,38.92093],[-106.480905,38.918643],[-106.479759,38.918218],[-106.474912,38.916123],[-106.472209,38.915927],[-106.470044,38.913053],[-106.46901,38.912394],[-106.467483,38.91226],[-106.467027,38.9116],[-106.465323,38.910789],[-106.465032,38.910354],[-106.463476,38.910744],[-106.462941,38.911124],[-106.461941,38.911303],[-106.45873,38.910108],[-106.457811,38.910078],[-106.453808,38.912755],[-106.449951,38.913012],[-106.448005,38.914362],[-106.446065,38.913866],[-106.444757,38.914578],[-106.443705,38.914652],[-106.443088,38.915274],[-106.44215,38.915574],[-106.439333,38.915458],[-106.437175,38.914906],[-106.436953,38.916317],[-106.43652,38.916447],[-106.434864,38.918184],[-106.434372,38.919434],[-106.434333,38.919999],[-106.433715,38.920492],[-106.432062,38.923043],[-106.430262,38.924909],[-106.429458,38.925281],[-106.427922,38.92559],[-106.427448,38.925922],[-106.424952,38.926095],[-106.422913,38.927518],[-106.421831,38.928068],[-106.421161,38.928093],[-106.419354,38.927677],[-106.419023,38.927443],[-106.418692,38.927025],[-106.418227,38.92663],[-106.418244,38.925396],[-106.417964,38.924663],[-106.417868,38.923429],[-106.41737,38.922317],[-106.41718,38.920898],[-106.41598,38.919417],[-106.415627,38.91853],[-106.414274,38.918129],[-106.413166,38.916268],[-106.412091,38.915665],[-106.407602,38.914762],[-106.406071,38.912982],[-106.404977,38.912669],[-106.403208,38.910865],[-106.402124,38.910617],[-106.399497,38.911943],[-106.393959,38.912249],[-106.393579,38.913121],[-106.393075,38.913702],[-106.393386,38.914427],[-106.393184,38.916395],[-106.392991,38.917718],[-106.392344,38.918775],[-106.388994,38.919981],[-106.386913,38.921121],[-106.386257,38.922969],[-106.384545,38.923148],[-106.383451,38.922964],[-106.382999,38.923932],[-106.380836,38.925685],[-106.38036,38.924871],[-106.379069,38.92422],[-106.376982,38.922674],[-106.377175,38.921553],[-106.377049,38.920481],[-106.377168,38.917981],[-106.376495,38.916772],[-106.376699,38.915723],[-106.375745,38.913039],[-106.375765,38.912765],[-106.376113,38.911797],[-106.376222,38.909539],[-106.375974,38.908991],[-106.37558,38.908716],[-106.37344,38.906608],[-106.372211,38.906397],[-106.367482,38.906917],[-106.365773,38.909871],[-106.364879,38.910287],[-106.364245,38.910936],[-106.361544,38.912339],[-106.361151,38.912285],[-106.357073,38.912945],[-106.354794,38.911628],[-106.353035,38.910936],[-106.351501,38.909888],[-106.348731,38.909089],[-106.347334,38.908467],[-106.34673,38.9076],[-106.345241,38.907067],[-106.344049,38.907606],[-106.338726,38.908733],[-106.338128,38.90872],[-106.334984,38.911666],[-106.331056,38.911695],[-106.330693,38.911447],[-106.327884,38.911051],[-106.326099,38.911004],[-106.324894,38.908317],[-106.325118,38.908009],[-106.324115,38.904796],[-106.32472,38.902929],[-106.323796,38.900781],[-106.323477,38.899355],[-106.322889,38.898019],[-106.320863,38.89586],[-106.320859,38.895279],[-106.320555,38.894708],[-106.321313,38.892599],[-106.323019,38.891807],[-106.32471,38.890515],[-106.326039,38.888927],[-106.326697,38.887318],[-106.326456,38.886868],[-106.326446,38.884101],[-106.327334,38.882919],[-106.327505,38.882297],[-106.329049,38.882095],[-106.330522,38.881772],[-106.331756,38.881322],[-106.332483,38.880696],[-106.334065,38.881309],[-106.334344,38.880057],[-106.335245,38.87927],[-106.336068,38.876313],[-106.336589,38.875737],[-106.336779,38.874994],[-106.336192,38.873589],[-106.335847,38.872049],[-106.336188,38.87188],[-106.336776,38.871784],[-106.338819,38.871723],[-106.33951,38.871523],[-106.340109,38.871234],[-106.341825,38.870091],[-106.342674,38.869351],[-106.343211,38.869086],[-106.34478,38.868605],[-106.345577,38.867969],[-106.346413,38.867575],[-106.346982,38.867213],[-106.347428,38.866278],[-106.347687,38.865972],[-106.348938,38.865112],[-106.34925,38.864386],[-106.349282,38.864056],[-106.349047,38.863451],[-106.349235,38.862612],[-106.34897,38.86183],[-106.349106,38.858209],[-106.348843,38.856733],[-106.349303,38.854887],[-106.349551,38.854903],[-106.350117,38.855186],[-106.351126,38.855503],[-106.352239,38.855617],[-106.354075,38.85562],[-106.354673,38.855557],[-106.355705,38.855292],[-106.356891,38.855318],[-106.357685,38.85511],[-106.358223,38.8547],[-106.360566,38.8538],[-106.362661,38.853352],[-106.363661,38.853418],[-106.36397,38.853523],[-106.3643,38.853419],[-106.364549,38.853113],[-106.365044,38.852985],[-106.365304,38.852332],[-106.365378,38.851719],[-106.36531,38.85055],[-106.365371,38.847606],[-106.365145,38.847106],[-106.364549,38.846581],[-106.364458,38.846185],[-106.365099,38.845428],[-106.366442,38.844681],[-106.368077,38.842844],[-106.368357,38.842087],[-106.369174,38.841515],[-106.370126,38.840485],[-106.370386,38.839711],[-106.370398,38.839348],[-106.370204,38.838719],[-106.370401,38.838469],[-106.371525,38.838075],[-106.374228,38.837523],[-106.375457,38.836855],[-106.37601,38.836416],[-106.377451,38.836266],[-106.378202,38.836264],[-106.378819,38.836125],[-106.37902,38.835132],[-106.379143,38.834954],[-106.380782,38.833336],[-106.381059,38.833141],[-106.381747,38.832857],[-106.381941,38.832518],[-106.382822,38.831579],[-106.383067,38.831135],[-106.383136,38.830562],[-106.383059,38.829602],[-106.383211,38.829126],[-106.383589,38.828504],[-106.383649,38.828141],[-106.383582,38.827036],[-106.383741,38.825834],[-106.383572,38.825012],[-106.383632,38.824705],[-106.384424,38.824622],[-106.385493,38.824264],[-106.386388,38.82414],[-106.387848,38.823804],[-106.389101,38.823461],[-106.389502,38.823282],[-106.39053,38.823118],[-106.390725,38.822964],[-106.391269,38.82276],[-106.394386,38.822427],[-106.395024,38.822393],[-106.395652,38.822503],[-106.396693,38.82271],[-106.397198,38.822885],[-106.397529,38.823134],[-106.398742,38.824961],[-106.399021,38.825298],[-106.399352,38.825531],[-106.402927,38.826374],[-106.403505,38.826597],[-106.404373,38.827361],[-106.405284,38.828398],[-106.406926,38.82931],[-106.407132,38.829342],[-106.407501,38.829204],[-106.409112,38.828061],[-106.410792,38.826587],[-106.411888,38.825736],[-106.413726,38.824794],[-106.414763,38.824363],[-106.415812,38.824327],[-106.416182,38.824092],[-106.416263,38.82385],[-106.416198,38.823398],[-106.415989,38.822738],[-106.415839,38.821504],[-106.415483,38.820377],[-106.415334,38.819442],[-106.415356,38.817845],[-106.41499,38.816613],[-106.415045,38.815282],[-106.415188,38.815048],[-106.415659,38.814667],[-106.416025,38.813787],[-106.417175,38.813355],[-106.418243,38.812843],[-106.420551,38.811609],[-106.420674,38.811463],[-106.420825,38.810777],[-106.421018,38.810414],[-106.421735,38.809782],[-106.422432,38.809296],[-106.422726,38.808375],[-106.422711,38.807633],[-106.422336,38.806731],[-106.421726,38.806193],[-106.421475,38.805436],[-106.420666,38.804149],[-106.419633,38.803394],[-106.418498,38.802906],[-106.41861,38.802559],[-106.418009,38.801763],[-106.418025,38.801013],[-106.417911,38.800691],[-106.417148,38.800468],[-106.416054,38.799875],[-106.415055,38.799636],[-106.414869,38.799516],[-106.41459,38.799138],[-106.414473,38.798558],[-106.414892,38.797887],[-106.414891,38.797677],[-106.414517,38.796985],[-106.414363,38.795203],[-106.414039,38.794125],[-106.413457,38.793102],[-106.412881,38.791161],[-106.412949,38.790314],[-106.413091,38.789999],[-106.413696,38.789682],[-106.414518,38.789445],[-106.414794,38.789154],[-106.415471,38.788748],[-106.416586,38.787623],[-106.416759,38.787268],[-106.416815,38.786219],[-106.416635,38.785196],[-106.416033,38.784101],[-106.415426,38.782055],[-106.414737,38.780186],[-106.414571,38.779888],[-106.413816,38.779093],[-106.414263,38.778091],[-106.414414,38.777389],[-106.414829,38.776282],[-106.414774,38.775605],[-106.414905,38.774959],[-106.415058,38.774709],[-106.415427,38.774579],[-106.415498,38.774417],[-106.415361,38.77374],[-106.415498,38.772441],[-106.416539,38.770808],[-106.416682,38.770703],[-106.417452,38.770474],[-106.417575,38.770329],[-106.417915,38.768553],[-106.41928,38.766161],[-106.419259,38.766],[-106.418897,38.765638],[-106.418216,38.765125],[-106.41737,38.764676],[-106.417143,38.764435],[-106.417117,38.763572],[-106.417003,38.763234],[-106.416525,38.762453],[-106.416265,38.761728],[-106.416371,38.760494],[-106.416149,38.759237],[-106.415348,38.757554],[-106.415079,38.757184],[-106.415539,38.756706],[-106.416267,38.756349],[-106.416687,38.756041],[-106.41728,38.755426],[-106.417974,38.754383],[-106.417983,38.754189],[-106.418239,38.753987],[-106.418503,38.753438],[-106.418697,38.753195],[-106.419292,38.752854],[-106.419537,38.752563],[-106.419953,38.751529],[-106.419992,38.751045],[-106.41997,38.750731],[-106.419637,38.749995],[-106.418401,38.74915],[-106.41823,38.747419],[-106.418201,38.745129],[-106.418011,38.742028],[-106.418658,38.739632],[-106.42005,38.738805],[-106.418493,38.735304],[-106.416752,38.733756],[-106.416665,38.727814],[-106.417431,38.725675],[-106.419185,38.723989],[-106.423467,38.720847],[-106.422786,38.718857],[-106.423222,38.716166],[-106.424709,38.712693],[-106.425275,38.710307],[-106.426044,38.710263],[-106.4264,38.710065],[-106.429468,38.709811],[-106.431656,38.708708],[-106.433013,38.708696],[-106.434588,38.70927],[-106.436516,38.709033],[-106.438142,38.708631],[-106.443493,38.709231],[-106.444232,38.708713],[-106.44468,38.708037],[-106.444553,38.706926],[-106.44553,38.705533],[-106.447602,38.704842],[-106.448313,38.704928],[-106.449421,38.702945],[-106.450135,38.70266],[-106.452126,38.698777],[-106.451539,38.697794],[-106.451738,38.697033],[-106.451076,38.695922],[-106.451054,38.695365],[-106.448358,38.692945],[-106.446183,38.689832],[-106.445959,38.688988],[-106.443676,38.688045],[-106.441755,38.687629],[-106.44122,38.687137],[-106.440176,38.68687],[-106.437861,38.6825],[-106.437808,38.681509],[-106.437032,38.679375],[-106.437055,38.678069],[-106.438072,38.676635],[-106.436995,38.67486],[-106.436179,38.673735],[-106.435907,38.67115],[-106.43409,38.668878],[-106.432209,38.667921],[-106.43114,38.665066],[-106.431317,38.663289],[-106.429356,38.658608],[-106.429088,38.65762],[-106.430159,38.653468],[-106.429545,38.651235],[-106.427139,38.650673],[-106.424037,38.648846],[-106.421804,38.646789],[-106.420179,38.6467],[-106.418164,38.645188],[-106.417717,38.644461],[-106.417223,38.644919],[-106.414676,38.645407],[-106.412664,38.646435],[-106.411752,38.647029],[-106.407944,38.647679],[-106.406891,38.646968],[-106.406207,38.647171],[-106.404184,38.646732],[-106.403547,38.646217],[-106.401719,38.645783],[-106.401507,38.643076],[-106.402238,38.642163],[-106.401189,38.639702],[-106.398468,38.639748],[-106.397267,38.640297],[-106.392825,38.640085],[-106.390164,38.641034],[-106.38899,38.640897],[-106.387975,38.640016],[-106.386632,38.639656],[-106.385788,38.638627],[-106.383164,38.638922],[-106.379899,38.638483],[-106.380362,38.637057],[-106.381919,38.635415],[-106.384177,38.633827],[-106.385174,38.632362],[-106.385805,38.630128],[-106.386269,38.627783],[-106.385368,38.624995],[-106.384602,38.624164],[-106.384208,38.623869],[-106.383372,38.623546],[-106.382641,38.623416],[-106.382377,38.622878],[-106.382125,38.621719],[-106.381306,38.621066],[-106.380066,38.620416],[-106.379149,38.620118],[-106.378371,38.62023],[-106.377461,38.620489],[-106.376658,38.621004],[-106.37558,38.621224],[-106.3745,38.62085],[-106.369126,38.618678],[-106.366941,38.617211],[-106.365251,38.615899],[-106.364198,38.6145],[-106.364199,38.613976],[-106.363843,38.613625],[-106.363642,38.611659],[-106.363646,38.610224],[-106.364121,38.608638],[-106.364228,38.607201],[-106.364697,38.605889],[-106.362608,38.603493],[-106.362052,38.602346],[-106.359822,38.600605],[-106.359451,38.599996],[-106.359317,38.599393],[-106.360284,38.597818],[-106.360943,38.596213],[-106.361235,38.59588],[-106.360913,38.595133],[-106.361024,38.594487],[-106.358188,38.592713],[-106.357706,38.591669],[-106.357242,38.591037],[-106.355951,38.5901],[-106.35589,38.589004],[-106.355449,38.587936],[-106.354308,38.586787],[-106.353139,38.58518],[-106.3513,38.58349],[-106.351475,38.582948],[-106.352536,38.582001],[-106.35342,38.581467],[-106.351975,38.578837],[-106.351673,38.576905],[-106.350905,38.576462],[-106.349877,38.574764],[-106.348319,38.573193],[-106.347383,38.572598],[-106.344619,38.568564],[-106.346867,38.565104],[-106.346681,38.562783],[-106.347451,38.561041],[-106.347435,38.560202],[-106.346641,38.558864],[-106.348653,38.55714],[-106.350144,38.555583],[-106.35083,38.553777],[-106.350543,38.552667],[-106.352034,38.551691],[-106.353533,38.549973],[-106.353685,38.549318],[-106.353584,38.547133],[-106.354318,38.545157],[-106.354964,38.542868],[-106.355399,38.542556],[-106.355386,38.542371],[-106.354799,38.541724],[-106.353706,38.53922],[-106.354344,38.537584],[-106.354543,38.536146],[-106.354185,38.533384],[-106.350423,38.53145],[-106.347131,38.528761],[-106.346408,38.526253],[-106.345032,38.524494],[-106.344063,38.522585],[-106.342597,38.521537],[-106.343703,38.51746],[-106.345044,38.516671],[-106.345813,38.51496],[-106.348108,38.512499],[-106.348118,38.51187],[-106.347269,38.511484],[-106.3466,38.509661],[-106.345455,38.50823],[-106.345425,38.507134],[-106.34423,38.50459],[-106.342824,38.50288],[-106.341359,38.502412],[-106.34007,38.501531],[-106.339306,38.501217],[-106.33876,38.50057],[-106.338925,38.499712],[-106.338879,38.49926],[-106.338207,38.498207],[-106.336308,38.49665],[-106.335856,38.496397],[-106.335075,38.496306],[-106.334808,38.496092],[-106.334468,38.495615],[-106.332465,38.49453],[-106.330975,38.493905],[-106.330169,38.49369],[-106.329999,38.49383],[-106.329346,38.495125],[-106.328612,38.496026],[-106.328484,38.49642],[-106.328182,38.496914],[-106.327844,38.497329],[-106.327553,38.497514],[-106.327228,38.497588],[-106.32674,38.497448],[-106.325822,38.496976],[-106.323024,38.496944],[-106.322511,38.497029],[-106.320529,38.497645],[-106.320109,38.497691],[-106.319907,38.497423],[-106.319883,38.496883],[-106.31832,38.495155],[-106.31775,38.494878],[-106.316964,38.49476],[-106.316312,38.49457],[-106.315546,38.494477],[-106.314625,38.494503],[-106.312956,38.494678],[-106.311756,38.494961],[-106.311461,38.49487],[-106.311213,38.493426],[-106.310836,38.492488],[-106.310765,38.491609],[-106.310666,38.491366],[-106.309633,38.490561],[-106.309233,38.489849],[-106.309454,38.489351],[-106.309297,38.487963],[-106.30825,38.485868],[-106.307748,38.485115],[-106.307251,38.484813],[-106.306809,38.484141],[-106.306624,38.483455],[-106.306484,38.482341],[-106.305589,38.481223],[-106.304121,38.480052],[-106.304104,38.479754],[-106.304547,38.478708],[-106.30449,38.478353],[-106.303986,38.477761],[-106.303015,38.476957],[-106.301052,38.476089],[-106.29982,38.475718],[-106.299278,38.475666],[-106.298766,38.475728],[-106.295598,38.475586],[-106.292991,38.474802],[-106.291469,38.473897],[-106.290543,38.473528],[-106.290332,38.473253],[-106.290646,38.472715],[-106.290672,38.472287],[-106.290494,38.471802],[-106.289747,38.47104],[-106.289396,38.470465],[-106.289512,38.4702],[-106.289667,38.470088],[-106.289724,38.469661],[-106.290026,38.466857],[-106.289894,38.465953],[-106.289138,38.464328],[-106.289345,38.463369],[-106.289281,38.462756],[-106.288933,38.461964],[-106.288532,38.461373],[-106.285481,38.458579],[-106.284629,38.458073],[-106.284255,38.457691],[-106.283807,38.456794],[-106.283525,38.456493],[-106.282289,38.455574],[-106.281289,38.454704],[-106.280609,38.454337],[-106.279413,38.454329],[-106.278382,38.454225],[-106.277246,38.454282],[-106.276498,38.454462],[-106.275748,38.454747],[-106.274285,38.45481],[-106.272982,38.45522],[-106.272655,38.455196],[-106.27179,38.452442],[-106.272247,38.448776],[-106.272968,38.44763],[-106.274119,38.446886],[-106.272152,38.446389],[-106.270484,38.44552],[-106.268555,38.443543],[-106.266071,38.441735],[-106.261333,38.442355],[-106.25736,38.441796],[-106.253087,38.441003],[-106.250578,38.439866],[-106.250103,38.439556],[-106.249195,38.43935],[-106.248,38.439232],[-106.245903,38.439303],[-106.245536,38.439269],[-106.245363,38.439171],[-106.245529,38.438905],[-106.246259,38.438433],[-106.246827,38.437726],[-106.247119,38.437154],[-106.248141,38.436029],[-106.248361,38.435442],[-106.248879,38.434661],[-106.249484,38.433244],[-106.249449,38.432623],[-106.24917,38.431807],[-106.248699,38.429562],[-106.24837,38.42864],[-106.248384,38.428156],[-106.248766,38.427771],[-106.248792,38.427125],[-106.248618,38.426043],[-106.24791,38.423959],[-106.247658,38.423651],[-106.247119,38.423261],[-106.24694,38.422768],[-106.140913,38.422193],[-106.140781,38.422112],[-106.140238,38.422191],[-106.136925,38.422146],[-106.13681,38.422211],[-106.133635,38.422194],[-106.132959,38.422121],[-106.125571,38.422092],[-106.105713,38.422176],[-106.08813,38.42228],[-106.087753,38.422422],[-106.086952,38.423058],[-106.086263,38.424017],[-106.086068,38.424113],[-106.085138,38.423789],[-106.084577,38.423481],[-106.084272,38.423005],[-106.084078,38.422876],[-106.083495,38.422883],[-106.081581,38.423194],[-106.080137,38.423538],[-106.076535,38.423652],[-106.075941,38.423788],[-106.075541,38.423973],[-106.074987,38.4244],[-106.074555,38.424979],[-106.074358,38.42564],[-106.074282,38.426503],[-106.07378,38.426801],[-106.07213,38.427387],[-106.071945,38.427596],[-106.071943,38.428048],[-106.071726,38.428595],[-106.071212,38.429159],[-106.069898,38.429786],[-106.069354,38.43018],[-106.069127,38.430696],[-106.069237,38.431237],[-106.070226,38.432005],[-106.070122,38.432343],[-106.068832,38.432937],[-106.067489,38.433185],[-106.067028,38.433337],[-106.066402,38.433796],[-106.065144,38.435874],[-106.06464,38.436429],[-106.064046,38.436654],[-106.063662,38.437669],[-106.062602,38.4392],[-106.062089,38.439384],[-106.060526,38.441075],[-106.059753,38.442388],[-106.058838,38.443209],[-106.058148,38.444248],[-106.057982,38.444691],[-106.058162,38.445684],[-106.058877,38.448097],[-106.059111,38.448364],[-106.060378,38.448818],[-106.060929,38.449198],[-106.061592,38.449845],[-106.062244,38.45033],[-106.062243,38.450572],[-106.061904,38.450982],[-106.060764,38.451835],[-106.060322,38.452262],[-106.060043,38.452737],[-106.060042,38.45306],[-106.060244,38.453697],[-106.060181,38.454028],[-106.06031,38.454964],[-106.059887,38.45556],[-106.05884,38.456308],[-106.058571,38.456945],[-106.058428,38.456952],[-106.056479,38.455609],[-106.055684,38.45489],[-106.055193,38.454776],[-106.053832,38.454709],[-106.052074,38.454221],[-106.050866,38.454364],[-106.049738,38.454821],[-106.049091,38.455272],[-106.047367,38.455849],[-106.046423,38.456347],[-106.043757,38.457406],[-106.043234,38.457671],[-106.042771,38.458267],[-106.041598,38.457256],[-106.040105,38.456963],[-106.039421,38.456582],[-106.039024,38.456242],[-106.036561,38.455447],[-106.03601,38.455115],[-106.033925,38.45461],[-106.033077,38.45431],[-106.032188,38.453888],[-106.030921,38.453547],[-106.0296,38.453729],[-106.028515,38.453582],[-106.027081,38.453812],[-106.025628,38.453809],[-106.02354,38.453917],[-106.022515,38.454141],[-106.021489,38.454469],[-106.020609,38.454362],[-106.019043,38.454423],[-106.018655,38.454188],[-106.018054,38.453687],[-106.017658,38.453097],[-106.017447,38.452241],[-106.017244,38.451999],[-106.016917,38.451796],[-106.01748,38.449862],[-106.01768,38.448693],[-106.017008,38.448086],[-106.015977,38.447624],[-106.013227,38.446956],[-106.010751,38.446566],[-106.010876,38.446378],[-106.011667,38.445904],[-106.012304,38.445357],[-106.012531,38.44497],[-106.0127,38.444124],[-106.012483,38.442462],[-106.012789,38.440777],[-106.012751,38.440123],[-106.012307,38.438945],[-106.01192,38.438556],[-106.011016,38.437231],[-106.009294,38.435864],[-106.008662,38.435459],[-106.008347,38.434926],[-106.007934,38.433715],[-106.007477,38.43315],[-106.006477,38.432518],[-106.005241,38.432136],[-106.002605,38.431484],[-106.00193,38.431466],[-106.001563,38.43111],[-106.001038,38.429923],[-106.000658,38.428156],[-106.000267,38.427801],[-106.000303,38.42702],[-106.000668,38.426406],[-106.000814,38.425809],[-106.000715,38.425293],[-106.000249,38.424405],[-105.999983,38.424163],[-105.999788,38.423622],[-105.999205,38.423129],[-105.998222,38.422532],[-105.997751,38.422031],[-105.997116,38.420747],[-105.996768,38.420303],[-105.993932,38.419375],[-105.992008,38.419569],[-105.9887,38.41919],[-105.98783,38.418883],[-105.987308,38.418802],[-105.985025,38.419416],[-105.984298,38.419723],[-105.98395,38.41999],[-105.9835,38.419392],[-105.980409,38.417277],[-105.980132,38.416792],[-105.98001,38.416138],[-105.98001,38.415484],[-105.979785,38.414878],[-105.979222,38.414127],[-105.977902,38.413319],[-105.976919,38.41298],[-105.975896,38.411809],[-105.974647,38.411115],[-105.974228,38.410428],[-105.973389,38.409459],[-105.973041,38.409394],[-105.970809,38.409976],[-105.970226,38.41004],[-105.96954,38.409725],[-105.968701,38.409039],[-105.967933,38.408772],[-105.966675,38.407561],[-105.964721,38.40626],[-105.964229,38.405816],[-105.963391,38.40475],[-105.962582,38.404144],[-105.961477,38.403611],[-105.960669,38.403095],[-105.960229,38.402336],[-105.95982,38.401278],[-105.959821,38.398928],[-105.959945,38.398023],[-105.959832,38.397442],[-105.959495,38.397095],[-105.95796,38.396061],[-105.957346,38.395455],[-105.957172,38.39518],[-105.955668,38.394437],[-105.953744,38.394025],[-105.952373,38.393822],[-105.950654,38.393733],[-105.949969,38.392336],[-105.948895,38.391431],[-105.947606,38.390526],[-105.947607,38.389937],[-105.947331,38.388685],[-105.947158,38.387175],[-105.947067,38.385495],[-105.94671,38.384921],[-105.946311,38.383766],[-105.945432,38.38274],[-105.945106,38.381149],[-105.945014,38.380245],[-105.944637,38.378638],[-105.943614,38.377999],[-105.940433,38.376973],[-105.939983,38.376585],[-105.939544,38.376011],[-105.939146,38.374998],[-105.938536,38.374074],[-105.937588,38.373498],[-105.936444,38.373253],[-105.93577,38.373219],[-105.934842,38.372546],[-105.932624,38.370432],[-105.93136,38.369791],[-105.929451,38.369212],[-105.92701,38.36872],[-105.925876,38.36866],[-105.924638,38.368737],[-105.92407,38.367936],[-105.923539,38.367757],[-105.921853,38.367493],[-105.921341,38.367629],[-105.920687,38.367611],[-105.919851,38.367156],[-105.919163,38.365749],[-105.918406,38.363874],[-105.917989,38.363421],[-105.916969,38.362941],[-105.914326,38.362206],[-105.912489,38.361539],[-105.910804,38.359241],[-105.910403,38.357843],[-105.910236,38.356413],[-105.909486,38.355313],[-105.908447,38.354478],[-105.906307,38.353268],[-105.902602,38.352385],[-105.901978,38.352479],[-105.901625,38.351695],[-105.901248,38.351452],[-105.899831,38.350721],[-105.898606,38.350474],[-105.897647,38.350051],[-105.895423,38.347412],[-105.89473,38.347047],[-105.894365,38.346618],[-105.89364,38.346559],[-105.893478,38.346292],[-105.892908,38.343965],[-105.892574,38.343342],[-105.891283,38.342094],[-105.89101,38.341545],[-105.890765,38.341374],[-105.88958,38.341443],[-105.888766,38.340811],[-105.888291,38.337886],[-105.888866,38.337315],[-105.888602,38.335296],[-105.88876,38.33436],[-105.888537,38.334028],[-105.88692,38.332545],[-105.886963,38.332231],[-105.887169,38.331933],[-105.887058,38.331706],[-105.885858,38.330604],[-105.885426,38.329238],[-105.885142,38.32889],[-105.883848,38.328377],[-105.883348,38.328045],[-105.883115,38.327737],[-105.882247,38.327492],[-105.881404,38.324881],[-105.880044,38.323222],[-105.87998,38.321841],[-105.8798,38.321235],[-105.879292,38.320628],[-105.878569,38.32027],[-105.878053,38.319421],[-105.877626,38.319064],[-105.876718,38.318802],[-105.876678,38.318568],[-105.876881,38.31714],[-105.876701,38.316405],[-105.876376,38.315951],[-105.875565,38.315448],[-105.87391,38.315142],[-105.873648,38.314351],[-105.872471,38.312386],[-105.872249,38.311739],[-105.871944,38.311302],[-105.872008,38.310835],[-105.870112,38.309392],[-105.869356,38.3093],[-105.868612,38.308725],[-105.868474,38.307796],[-105.867783,38.306769],[-105.866817,38.3057],[-105.864981,38.304653],[-105.862808,38.303765],[-105.862492,38.30353],[-105.861623,38.303422],[-105.861267,38.303042],[-105.861126,38.302759],[-105.860738,38.302499],[-105.86013,38.301432],[-105.859655,38.300349],[-105.858537,38.298892],[-105.858315,38.298359],[-105.85755,38.297985],[-105.854845,38.297128],[-105.853233,38.296412],[-105.852113,38.295496],[-105.85148,38.295348],[-105.850982,38.294773],[-105.850176,38.294456],[-105.84979,38.293914],[-105.849419,38.292387],[-105.848269,38.29135],[-105.846629,38.290287],[-105.846169,38.290204],[-105.845479,38.291154],[-105.843808,38.292092],[-105.843387,38.292413],[-105.843109,38.292929],[-105.84278,38.293226],[-105.84083,38.29246],[-105.839937,38.291319],[-105.839224,38.290671],[-105.837202,38.288411],[-105.836366,38.287892],[-105.83508,38.287556],[-105.832825,38.286741],[-105.831683,38.286163],[-105.830769,38.285062],[-105.828487,38.281599],[-105.828244,38.28113],[-105.828197,38.280477],[-105.827123,38.278568],[-105.826706,38.2783],[-105.824185,38.277475],[-105.823289,38.276875],[-105.821963,38.276401],[-105.821474,38.276117],[-105.820215,38.274474],[-105.819543,38.274052],[-105.819382,38.273647],[-105.818973,38.273597],[-105.817868,38.273916],[-105.817368,38.273793],[-105.816532,38.27337],[-105.815827,38.27323],[-105.814604,38.272668],[-105.813552,38.272478],[-105.813061,38.272614],[-105.812224,38.272368],[-105.810874,38.2725],[-105.809701,38.272108],[-105.808435,38.271837],[-105.80762,38.271478],[-105.806642,38.270917],[-105.806305,38.270884],[-105.805926,38.270971],[-105.805262,38.27088],[-105.804669,38.271006],[-105.804015,38.270891],[-105.803272,38.270452],[-105.802598,38.270247],[-105.801096,38.269959],[-105.800544,38.270029],[-105.800013,38.269922],[-105.799342,38.269322],[-105.799101,38.268563],[-105.797671,38.266757],[-105.797457,38.266627],[-105.796987,38.266569],[-105.796855,38.266326],[-105.796972,38.265608],[-105.796717,38.263679],[-105.795665,38.260139],[-105.794237,38.257922],[-105.793212,38.256635],[-105.792744,38.256294],[-105.792461,38.255712],[-105.792333,38.255025],[-105.79218,38.254815],[-105.789406,38.252189],[-105.789143,38.251824],[-105.789347,38.249998],[-105.789223,38.248415],[-105.789211,38.246278],[-105.789761,38.24436],[-105.789303,38.243681],[-105.788233,38.242597],[-105.787887,38.242056],[-105.786407,38.241269],[-105.783928,38.239633],[-105.782416,38.239217],[-105.781209,38.239173],[-105.780801,38.239075],[-105.779199,38.238079],[-105.77873,38.237658],[-105.777097,38.236758],[-105.776332,38.236231],[-105.775454,38.235849],[-105.772511,38.235099],[-105.77106,38.234836],[-105.770407,38.234439],[-105.769764,38.234227],[-105.769158,38.234201],[-105.76865,38.234014],[-105.768232,38.233763],[-105.76802,38.232899],[-105.767207,38.231816],[-105.766565,38.231274],[-105.765605,38.230803],[-105.761368,38.229128],[-105.759969,38.228656],[-105.759438,38.228566],[-105.75949,38.228413],[-105.758199,38.22657],[-105.757404,38.22589],[-105.756539,38.22496],[-105.756096,38.223329],[-105.755886,38.22203],[-105.755972,38.221264],[-105.75625,38.220603],[-105.756482,38.218975],[-105.756026,38.218127],[-105.753629,38.216675],[-105.751684,38.214975],[-105.750563,38.214213],[-105.748507,38.21414],[-105.746834,38.214266],[-105.744806,38.214603],[-105.744692,38.214152],[-105.744425,38.213701],[-105.740698,38.210283],[-105.739146,38.209836],[-105.737657,38.209744],[-105.736738,38.209561],[-105.736318,38.209231],[-105.735894,38.20778],[-105.73581,38.207207],[-105.735358,38.20649],[-105.73421,38.205057],[-105.73333,38.201743],[-105.73298,38.200986],[-105.732591,38.20068],[-105.73199,38.200763],[-105.731511,38.200998],[-105.731073,38.200911],[-105.730449,38.20063],[-105.727866,38.199831],[-105.727019,38.199705],[-105.726753,38.199472],[-105.726291,38.19865],[-105.725861,38.198118],[-105.724909,38.197209],[-105.722878,38.194326],[-105.722049,38.193449],[-105.721759,38.192457],[-105.721266,38.191555],[-105.72008,38.190574],[-105.718833,38.189835],[-105.717338,38.188137],[-105.71689,38.187175],[-105.71638,38.185662],[-105.716001,38.185211],[-105.714048,38.183877],[-105.712924,38.183235],[-105.711649,38.182868],[-105.709454,38.182366],[-105.70831,38.18186],[-105.708166,38.181401],[-105.70808,38.180352],[-105.707576,38.179264],[-105.706848,38.178152],[-105.705743,38.177131],[-105.705374,38.176438],[-105.70432,38.175521],[-105.703145,38.17466],[-105.702195,38.174203],[-105.701117,38.171979],[-105.700928,38.170301],[-105.700721,38.169607],[-105.700414,38.16918],[-105.699197,38.167973],[-105.698154,38.167371],[-105.69798,38.167202],[-105.696112,38.166489],[-105.694775,38.166089],[-105.693215,38.165738],[-105.692064,38.166129],[-105.691332,38.166494],[-105.689783,38.166716],[-105.688458,38.16672],[-105.686838,38.166845],[-105.686736,38.166692],[-105.686632,38.166063],[-105.68616,38.165306],[-105.684544,38.163793],[-105.683022,38.162538],[-105.681457,38.161],[-105.680782,38.160502],[-105.679272,38.159957],[-105.677447,38.159526],[-105.674816,38.15921],[-105.673042,38.159126],[-105.673082,38.158892],[-105.672841,38.156778],[-105.672574,38.156149],[-105.671918,38.155045],[-105.671712,38.154279],[-105.671343,38.153852],[-105.670169,38.153097],[-105.670392,38.152862],[-105.671059,38.151077],[-105.671718,38.150115],[-105.672613,38.149362],[-105.672845,38.148934],[-105.672824,38.148546],[-105.672701,38.148321],[-105.673066,38.147973],[-105.674176,38.147599],[-105.675254,38.147047],[-105.67627,38.146173],[-105.676279,38.145858],[-105.676125,38.145285],[-105.675388,38.143996],[-105.674731,38.142054],[-105.674322,38.141338],[-105.672547,38.14022],[-105.672872,38.139655],[-105.673286,38.138565],[-105.673395,38.137396],[-105.672902,38.135977],[-105.672052,38.134067],[-105.670713,38.131788],[-105.670264,38.131208],[-105.669712,38.130911],[-105.669681,38.130741],[-105.670088,38.13028],[-105.670215,38.128554],[-105.669797,38.128167],[-105.66944,38.128015],[-105.66842,38.127211],[-105.666983,38.126302],[-105.666441,38.125852],[-105.66591,38.125005],[-105.665014,38.124283],[-105.663502,38.122013],[-105.66329,38.121545],[-105.663409,38.120634],[-105.662654,38.119158],[-105.661883,38.118664],[-105.660145,38.118068],[-105.657663,38.117454],[-105.658494,38.115185],[-105.659913,38.113249],[-105.659836,38.112428],[-105.659949,38.112251],[-105.660572,38.112132],[-105.660727,38.111682],[-105.66134,38.111498],[-105.661229,38.109782],[-105.662246,38.106845],[-105.661485,38.106383],[-105.661929,38.105475],[-105.662221,38.104348],[-105.661466,38.103136],[-105.66148,38.100912],[-105.66136,38.100501],[-105.660302,38.098869],[-105.659239,38.097874],[-105.658826,38.097276],[-105.656097,38.095702],[-105.655579,38.09549],[-105.655551,38.0952],[-105.655163,38.094705],[-105.655094,38.093587],[-105.655856,38.092291],[-105.655296,38.091343],[-105.654324,38.091164],[-105.653649,38.09088],[-105.652955,38.090184],[-105.652199,38.089665],[-105.651965,38.089397],[-105.652007,38.088822],[-105.651589,38.08844],[-105.650782,38.087971],[-105.650105,38.086953],[-105.649506,38.08662],[-105.648317,38.086132],[-105.646692,38.085247],[-105.646449,38.085037],[-105.646082,38.083496],[-105.645284,38.082404],[-105.644504,38.081692],[-105.643773,38.081262],[-105.642761,38.080154],[-105.641727,38.07936],[-105.641241,38.078883],[-105.639775,38.078716],[-105.639369,38.078481],[-105.637669,38.076725],[-105.636918,38.076174],[-105.636484,38.075584],[-105.637276,38.072797],[-105.636174,38.071358],[-105.635159,38.070798],[-105.634504,38.069755],[-105.634159,38.06944],[-105.633418,38.069106],[-105.632088,38.068352],[-105.631397,38.068115],[-105.629271,38.067769],[-105.628468,38.067468],[-105.627206,38.06731],[-105.627105,38.067132],[-105.626891,38.06568],[-105.626928,38.064592],[-105.626263,38.063533],[-105.626004,38.062524],[-105.625962,38.061161],[-105.626749,38.059149],[-105.628042,38.057726],[-105.628206,38.057421],[-105.627404,38.057119],[-105.627051,38.05657],[-105.625563,38.055693],[-105.623525,38.055123],[-105.621199,38.054282],[-105.619878,38.053598],[-105.619217,38.05355],[-105.618439,38.053178],[-105.617807,38.05326],[-105.617538,38.05124],[-105.617564,38.049773],[-105.617839,38.048631],[-105.618052,38.048109],[-105.617938,38.047656],[-105.617996,38.047261],[-105.617465,38.046803],[-105.617269,38.046398],[-105.617206,38.045929],[-105.616232,38.045176],[-105.615777,38.044477],[-105.614957,38.043662],[-105.614781,38.043248],[-105.614774,38.04249],[-105.614509,38.041971],[-105.614434,38.041034],[-105.613892,38.040028],[-105.614003,38.039537],[-105.613458,38.038733],[-105.613246,38.038085],[-105.612785,38.037644],[-105.611294,38.03682],[-105.610715,38.036169],[-105.609224,38.035337],[-105.608854,38.034953],[-105.608815,38.034316],[-105.608561,38.033708],[-105.608884,38.03276],[-105.60938,38.032338],[-105.608356,38.032141],[-105.607274,38.031757],[-105.606513,38.031604],[-105.604744,38.031494],[-105.603527,38.031263],[-105.603156,38.030968],[-105.603111,38.030637],[-105.603368,38.029406],[-105.603007,38.028522],[-105.603114,38.027144],[-105.602186,38.026142],[-105.601857,38.02517],[-105.601597,38.024949],[-105.601233,38.024792],[-105.601073,38.024072],[-105.600805,38.023746],[-105.599912,38.023575],[-105.599412,38.023109],[-105.598845,38.022925],[-105.598698,38.022649],[-105.598673,38.021754],[-105.598578,38.02139],[-105.598212,38.020813],[-105.598209,38.020418],[-105.597952,38.020019],[-105.598069,38.019182],[-105.598044,38.018335],[-105.598312,38.01758],[-105.598244,38.016861],[-105.598325,38.016338],[-105.597112,38.013638],[-105.597039,38.013218],[-105.597273,38.012664],[-105.597853,38.012082],[-105.598242,38.011949],[-105.598707,38.011567],[-105.598876,38.011247],[-105.599787,38.010919],[-105.600824,38.010414],[-105.601329,38.010065],[-105.604355,38.008745],[-105.604627,38.007772],[-105.604868,38.007388],[-105.604392,38.006157],[-105.604636,38.005014],[-105.603907,38.003739],[-105.603474,38.003492],[-105.602753,38.00342],[-105.602374,38.002996],[-105.601787,38.002828],[-105.601268,38.002806],[-105.600596,38.002274],[-105.600253,38.001576],[-105.600159,38.001155],[-105.600244,37.999999],[-105.599572,37.999284],[-105.599683,37.998679],[-105.598413,37.997021],[-105.597689,37.996967],[-105.595892,37.99637],[-105.595739,37.995069],[-105.593663,37.992775],[-105.592071,37.992148],[-105.589899,37.987431],[-105.588156,37.986689],[-105.58716,37.984509],[-105.586205,37.981061],[-105.58591,37.979687],[-105.584984,37.979517],[-105.583486,37.980005],[-105.583191,37.979978],[-105.581855,37.977972],[-105.581828,37.976543],[-105.581522,37.975225],[-105.583964,37.973009],[-105.584464,37.971682],[-105.585054,37.970451],[-105.584158,37.969087],[-105.584462,37.967855],[-105.583922,37.967196],[-105.583284,37.966892],[-105.582616,37.965934],[-105.582142,37.966212],[-105.581286,37.96618],[-105.577676,37.965536],[-105.576334,37.964612],[-105.57562,37.963984],[-105.573982,37.961758],[-105.573281,37.961582],[-105.570692,37.958266],[-105.567762,37.957199],[-105.567192,37.957145],[-105.562351,37.953744],[-105.560311,37.951886],[-105.556357,37.95098],[-105.551826,37.950584],[-105.550101,37.953871],[-105.546191,37.956048],[-105.542737,37.95651],[-105.541949,37.956043],[-105.539591,37.955545],[-105.537703,37.955036],[-105.533315,37.955182],[-105.530378,37.953363],[-105.527147,37.949531],[-105.525906,37.948737],[-105.525534,37.94837],[-105.523572,37.948037],[-105.515729,37.942015],[-105.514591,37.93993],[-105.513577,37.939549],[-105.511086,37.939131],[-105.50957,37.937122],[-105.508364,37.936094],[-105.507251,37.932523],[-105.507042,37.93102],[-105.505687,37.927891],[-105.504893,37.927213],[-105.503116,37.923725],[-105.502273,37.92295],[-105.500563,37.921998],[-105.499202,37.921465],[-105.498072,37.920491],[-105.497197,37.920339],[-105.494109,37.9171],[-105.493029,37.916214],[-105.491145,37.915225],[-105.4884,37.910604],[-105.488145,37.909845],[-105.486149,37.908194],[-105.485609,37.908074],[-105.48455,37.9068],[-105.482604,37.905004],[-105.481271,37.904417],[-105.478351,37.903349],[-105.478523,37.902807],[-105.479,37.902629],[-105.479161,37.901296],[-105.478875,37.900505],[-105.477083,37.899298],[-105.476056,37.899389],[-105.473307,37.896649],[-105.473204,37.89597],[-105.47301,37.895696],[-105.471057,37.895264],[-105.46697,37.895515],[-105.461319,37.896891],[-105.459601,37.896813],[-105.459235,37.897169],[-105.45236,37.895681],[-105.440272,37.897461],[-105.437279,37.896011],[-105.434647,37.895525],[-105.431972,37.895167],[-105.431666,37.894407],[-105.429886,37.893837],[-105.428731,37.892196],[-105.42779,37.89132],[-105.426855,37.891634],[-105.424151,37.890173],[-105.422385,37.890367],[-105.421597,37.890652],[-105.419742,37.889957],[-105.418689,37.889703],[-105.415486,37.890815],[-105.413635,37.890527],[-105.412985,37.891238],[-105.411553,37.892532],[-105.410404,37.893204],[-105.409784,37.893205],[-105.408697,37.894442],[-105.407335,37.894694],[-105.406157,37.8951],[-105.405087,37.89515],[-105.403421,37.895782],[-105.401826,37.897286],[-105.400749,37.898096],[-105.399585,37.898816],[-105.39677,37.900199],[-105.394792,37.901366],[-105.393988,37.902482],[-105.39408,37.902918],[-105.39283,37.903759],[-105.391374,37.904364],[-105.390305,37.905196],[-105.389628,37.906522],[-105.387903,37.908065],[-105.386019,37.90937],[-105.385559,37.909824],[-105.38504,37.910178],[-105.383798,37.910539],[-105.383104,37.911437],[-105.38165,37.912707],[-105.380564,37.913325],[-105.379673,37.913372],[-105.378396,37.9138],[-105.377755,37.914466],[-105.377088,37.916102],[-105.376361,37.916356],[-105.374483,37.917349],[-105.372214,37.918116],[-105.367829,37.919784],[-105.367461,37.919974],[-105.367055,37.92037],[-105.366264,37.920938],[-105.36541,37.92142],[-105.363779,37.92207],[-105.363157,37.922095],[-105.362309,37.922425],[-105.361139,37.922597],[-105.360159,37.92245],[-105.358499,37.922601],[-105.357613,37.922862],[-105.356054,37.922854],[-105.354866,37.923365],[-105.353674,37.923581],[-105.351763,37.924707],[-105.350814,37.924889],[-105.347209,37.924759],[-105.346655,37.925024],[-105.346453,37.925464],[-105.346347,37.925535],[-105.344536,37.926378],[-105.343625,37.927065],[-105.342076,37.928412],[-105.339832,37.929482],[-105.338481,37.930797],[-105.337461,37.932055],[-105.336691,37.932738],[-105.33571,37.933468],[-105.334443,37.934196],[-105.333639,37.934785],[-105.331702,37.935801],[-105.329026,37.936945],[-105.327722,37.937177],[-105.324526,37.938434],[-105.320609,37.938572],[-105.318774,37.938846],[-105.317081,37.938949],[-105.315682,37.93881],[-105.314507,37.938444],[-105.313772,37.936888],[-105.311093,37.935945],[-105.310281,37.93354],[-105.306574,37.932292],[-105.306316,37.930967],[-105.305058,37.929447],[-105.304366,37.928393],[-105.303754,37.926794],[-105.303607,37.926188],[-105.300541,37.923085],[-105.300388,37.921586],[-105.301208,37.919641],[-105.301659,37.918119],[-105.300655,37.915887],[-105.301115,37.914627],[-105.300254,37.912488],[-105.299834,37.912272],[-105.298644,37.911871],[-105.298011,37.911263],[-105.297553,37.910088],[-105.297431,37.909349],[-105.297052,37.908945],[-105.296681,37.908762],[-105.294811,37.90822],[-105.293437,37.908718],[-105.292407,37.908625],[-105.291538,37.907555],[-105.291597,37.906431],[-105.290784,37.905368],[-105.29104,37.903897],[-105.290248,37.903509],[-105.289367,37.902869],[-105.286736,37.900194],[-105.285568,37.899596],[-105.285303,37.899552],[-105.285076,37.899421],[-105.284465,37.899512],[-105.283224,37.899993],[-105.281262,37.901037],[-105.280549,37.901215],[-105.278924,37.903645],[-105.277949,37.904407],[-105.276988,37.904103],[-105.276233,37.905875],[-105.273818,37.907677],[-105.273742,37.908574],[-105.27336,37.909448],[-105.273418,37.910716],[-105.272078,37.911601],[-105.271433,37.912815],[-105.269908,37.913661],[-105.269232,37.914786],[-105.268915,37.916346],[-105.267932,37.917416],[-105.26805,37.918304],[-105.264815,37.921377],[-105.264304,37.922882],[-105.263459,37.92324],[-105.261842,37.925637],[-105.2638,37.92882],[-105.263942,37.932059],[-105.263168,37.932458],[-105.261549,37.937168],[-105.260843,37.937098],[-105.257546,37.938131],[-105.256764,37.942555],[-105.255436,37.942916],[-105.250018,37.950378],[-105.249742,37.951521],[-105.248617,37.952109],[-105.246694,37.95211],[-105.246318,37.952648],[-105.245669,37.953253],[-105.244716,37.953728],[-105.24339,37.953719],[-105.241799,37.953809],[-105.240033,37.95508],[-105.239293,37.955869],[-105.238096,37.956851],[-105.237598,37.957568],[-105.238689,37.959419],[-105.239933,37.960393],[-105.238864,37.96256],[-105.23856,37.96284],[-105.237535,37.962905],[-105.236753,37.962743],[-105.235809,37.9628],[-105.235046,37.963688],[-105.234426,37.964019],[-105.23336,37.964067],[-105.233056,37.963744],[-105.232832,37.963922],[-105.232832,37.964196],[-105.231663,37.964866],[-105.23014,37.965011],[-105.229418,37.965245],[-105.228616,37.964657],[-105.227875,37.964673],[-105.226921,37.964568],[-105.226262,37.963898],[-105.2255,37.964261],[-105.224646,37.965036],[-105.224683,37.966674],[-105.224225,37.967763],[-105.223798,37.967933],[-105.223136,37.968804],[-105.222201,37.969151],[-105.220718,37.969514],[-105.219937,37.969505],[-105.218095,37.969903],[-105.217266,37.969883],[-105.216627,37.969447],[-105.215366,37.97052],[-105.216358,37.97253],[-105.216174,37.972998],[-105.216646,37.974116],[-105.216505,37.975378],[-105.215725,37.976125],[-105.214979,37.976484],[-105.214633,37.976887],[-105.213952,37.977145],[-105.213109,37.977331],[-105.213239,37.97838],[-105.214221,37.98026],[-105.213986,37.980809],[-105.211324,37.981518],[-105.209241,37.982228],[-105.207707,37.981655],[-105.206702,37.982276],[-105.205897,37.983268],[-105.205837,37.988619],[-105.206211,37.989401],[-105.206068,37.989668],[-105.205022,37.989974],[-105.203122,37.990143],[-105.201924,37.990448],[-105.200298,37.990157],[-105.198814,37.990181],[-105.197073,37.992416],[-105.199263,37.998855],[-105.19986,38.000002],[-105.200044,38.000835],[-105.198919,38.003785],[-105.198411,38.004092],[-105.197568,38.004366],[-105.194586,38.00756],[-105.192808,38.008616],[-105.189283,38.009752],[-105.18775,38.010598],[-105.186542,38.011993],[-105.185709,38.012323],[-105.185394,38.012654],[-105.185252,38.013379],[-105.184836,38.013669],[-105.183912,38.013863],[-105.181819,38.014693],[-105.181494,38.015305],[-105.181006,38.015595],[-105.179716,38.015853],[-105.179208,38.016353],[-105.178903,38.016474],[-105.176708,38.016352],[-105.174321,38.017078],[-105.173264,38.017142],[-105.172675,38.017416],[-105.171731,38.018044],[-105.170217,38.018407],[-105.169373,38.018527],[-105.168652,38.018946],[-105.167941,38.018527],[-105.167361,38.018471],[-105.166898,38.018129],[-105.166304,38.017104],[-105.165826,38.016821],[-105.164323,38.016673],[-105.16376,38.016193],[-105.161101,38.015866],[-105.160765,38.014947],[-105.15984,38.014173],[-105.158366,38.013133],[-105.157299,38.012955],[-105.152868,38.009747],[-105.151414,38.008448],[-105.149524,38.007303],[-105.147969,38.006239],[-105.147847,38.005658],[-105.147948,38.005392],[-105.148416,38.005078],[-105.150386,38.004547],[-105.15191,38.00333],[-105.152133,38.002379],[-105.152407,38.001912],[-105.152966,38.001412],[-105.153199,38.000784],[-105.153099,38.000005],[-105.152626,37.99823],[-105.152781,37.997391],[-105.152479,37.996342],[-105.152261,37.994356],[-105.152491,37.992113],[-105.151883,37.991403],[-105.151204,37.99091],[-105.150717,37.990789],[-105.147965,37.986841],[-105.147163,37.986477],[-105.146452,37.986589],[-105.145028,37.987411],[-105.143909,37.987838],[-105.143037,37.987595],[-105.141962,37.986804],[-105.141241,37.98686],[-105.13958,37.98514],[-105.139419,37.984841],[-105.139501,37.984607],[-105.140377,37.983429],[-105.141641,37.982034],[-105.142145,37.979799],[-105.14055,37.979774],[-105.13236,37.974643],[-105.131348,37.973456],[-105.131025,37.972681],[-105.131199,37.972261],[-105.131039,37.97168],[-105.131335,37.971188],[-105.132117,37.971019],[-105.133195,37.970423],[-105.134816,37.968189],[-105.13558,37.967294],[-105.135949,37.966358],[-105.135647,37.965277],[-105.13496,37.964616],[-105.13414,37.964124],[-105.133846,37.963307],[-105.133409,37.963039],[-105.128974,37.96285],[-105.127909,37.962592],[-105.127576,37.961174],[-105.126411,37.96075],[-105.126435,37.959555],[-105.126188,37.957812],[-105.127105,37.956457],[-105.126906,37.955134],[-105.126238,37.954778],[-105.125551,37.954592],[-105.125294,37.953715],[-105.125141,37.953594],[-105.12504,37.95324],[-105.125111,37.953087],[-105.125818,37.952542],[-105.126134,37.952002],[-105.126207,37.951534],[-105.125975,37.95117],[-105.123823,37.949627],[-105.122612,37.949177],[-105.120666,37.949597],[-105.117163,37.949141],[-105.115608,37.9475],[-105.112984,37.945449],[-105.108507,37.943399],[-105.103129,37.94494],[-105.099097,37.944943],[-105.093828,37.947329],[-105.090295,37.947637],[-105.088011,37.948588],[-105.085532,37.951141],[-105.084383,37.955384],[-105.084057,37.955594],[-105.08183,37.95425],[-105.0778,37.952964],[-105.074965,37.949221],[-105.074244,37.948513],[-105.072219,37.947789],[-105.071305,37.946606],[-105.070472,37.945802],[-105.067389,37.944756],[-105.066056,37.944209],[-105.065471,37.941802],[-105.066425,37.938525],[-105.06603,37.937447],[-105.064342,37.936635],[-105.063572,37.935001],[-105.063739,37.93294],[-105.063737,37.929269],[-105.064126,37.928383],[-105.065155,37.927368],[-105.066063,37.92625],[-105.066301,37.925048],[-105.065034,37.923241],[-105.065135,37.921456],[-105.06585,37.920763],[-105.065399,37.919876],[-105.064218,37.918536],[-105.064211,37.917906],[-105.0632,37.916976],[-105.061497,37.916061],[-105.059364,37.91618],[-105.057201,37.915946],[-105.056661,37.916156],[-105.055672,37.917025],[-105.054307,37.917509],[-105.049917,37.915479],[-105.050148,37.981661],[-105.050124,37.98459],[-105.049973,37.985324],[-105.05019,38.000006],[-105.049981,38.006885],[-105.04951,38.039905],[-105.050678,38.113824],[-105.050165,38.117361],[-105.048287,38.127773],[-105.048731,38.239698],[-105.049223,38.250003],[-105.049215,38.257973],[-105.027594,38.257917],[-105.000541,38.257981],[-104.994289,38.258093],[-104.993982,38.258046],[-104.940366,38.258275],[-104.940887,38.372174],[-104.941004,38.377908],[-104.940886,38.432953],[-104.940961,38.458203],[-104.941068,38.458998],[-104.941299,38.475934],[-104.941312,38.499999],[-104.941211,38.500618],[-104.941415,38.503158],[-104.941533,38.519569],[-104.932949,38.520286],[-104.895683,38.5203],[-104.888343,38.519909],[-104.881971,38.520088],[-104.866674,38.520017],[-104.86615,38.519857],[-104.836167,38.51998],[-104.826057,38.519775],[-104.823165,38.519779],[-104.819968,38.519937],[-104.815976,38.520029],[-104.798122,38.519984],[-104.796104,38.520165],[-104.787217,38.520119],[-104.770579,38.519839],[-104.75053,38.519871],[-104.74135,38.519652],[-104.684322,38.51944],[-104.660376,38.519754],[-104.62643,38.519927],[-104.604108,38.520298],[-104.590997,38.520004],[-104.573719,38.519939],[-104.567087,38.520001],[-104.532637,38.519843],[-104.500523,38.519898],[-104.486359,38.520215],[-104.479992,38.52029],[-104.456486,38.520329],[-104.440198,38.520456],[-104.428553,38.520325],[-104.42286,38.520338],[-104.413118,38.520461],[-104.410798,38.520617],[-104.408795,38.520572],[-104.400231,38.520614],[-104.396113,38.520703],[-104.392169,38.520663],[-104.381807,38.520733],[-104.375521,38.520607],[-104.354184,38.520804],[-104.298515,38.520991],[-104.251568,38.521268],[-104.193522,38.521834],[-104.174509,38.522187],[-104.165285,38.522271],[-104.152501,38.521902],[-104.150152,38.521732],[-104.128772,38.521832],[-104.124347,38.521746],[-104.090179,38.522004],[-104.083468,38.522434],[-104.053921,38.522393],[-104.054193,38.519611],[-104.054552,38.507219],[-104.054712,38.491898],[-104.055017,38.484117],[-104.055235,38.473332],[-104.055594,38.465164],[-104.05635,38.435742],[-104.056137,38.413465],[-104.055937,38.403022],[-104.055838,38.375195],[-104.055424,38.323657],[-104.054725,38.261864],[-104.054812,38.261728],[-104.055075,38.26165],[-104.057902,38.261612],[-104.058243,38.261299],[-104.058403,38.260813],[-104.058488,38.252205],[-104.058298,38.225828],[-104.058451,38.199961],[-104.058326,38.187124],[-104.058349,38.178716],[-104.05823,38.174079],[-104.058375,38.165619],[-104.058242,38.146492],[-104.055954,38.146019],[-104.05358,38.146182],[-104.051082,38.146518],[-104.050406,38.146549],[-104.049179,38.146273],[-104.047913,38.145238],[-104.047584,38.144026],[-104.047446,38.142885],[-104.047564,38.142285],[-104.047045,38.141389],[-104.045958,38.141313],[-104.043984,38.141594],[-104.04291,38.141504],[-104.037321,38.141495],[-104.036216,38.141397],[-104.034263,38.140797],[-104.033128,38.140577],[-104.031747,38.14051],[-104.02719,38.140489],[-104.022159,38.140951],[-104.020732,38.141299],[-104.019435,38.141858],[-104.017834,38.142058],[-104.015061,38.142809],[-104.01439,38.143333],[-104.013417,38.143773],[-104.011795,38.144989],[-104.010965,38.145463],[-104.010227,38.145737],[-104.009122,38.145759],[-104.007751,38.145547],[-104.007138,38.145174],[-104.006536,38.144463],[-104.005106,38.143541],[-104.002561,38.14277],[-104.002074,38.142837],[-104.000968,38.143332],[-104.000462,38.143914],[-103.999723,38.145144],[-103.999228,38.145783],[-103.998287,38.146256],[-103.995925,38.146585],[-103.994696,38.146654],[-103.993246,38.146353],[-103.991203,38.145433],[-103.987599,38.142776],[-103.984213,38.140914],[-103.982707,38.140667],[-103.980704,38.140579],[-103.977753,38.141068],[-103.975991,38.140808],[-103.974991,38.140336],[-103.974209,38.139233],[-103.974128,38.138627],[-103.974804,38.137182],[-103.975492,38.136607],[-103.976337,38.135348],[-103.976678,38.135205],[-103.976957,38.134348],[-103.976407,38.13299],[-103.974378,38.132119],[-103.97003,38.131617],[-103.966785,38.131674],[-103.963053,38.130889],[-103.960155,38.130401],[-103.954947,38.130812],[-103.952461,38.130545],[-103.95127,38.130204],[-103.949777,38.129004],[-103.948232,38.128158],[-103.944586,38.126687],[-103.940467,38.125898],[-103.936724,38.125005],[-103.935068,38.124804],[-103.933989,38.124417],[-103.93279,38.124431],[-103.931563,38.124726],[-103.930879,38.124762],[-103.93012,38.125005],[-103.929041,38.127328],[-103.927608,38.128469],[-103.92593,38.129646],[-103.923399,38.130424],[-103.921055,38.129504],[-103.920498,38.129459],[-103.920152,38.129274],[-103.919903,38.127531],[-103.918687,38.125542],[-103.917829,38.125172],[-103.916302,38.124729],[-103.914396,38.12476],[-103.913487,38.125081],[-103.91098,38.126563],[-103.910874,38.127945],[-103.911733,38.129885],[-103.913525,38.131624],[-103.913043,38.133568],[-103.912768,38.134108],[-103.912507,38.134346],[-103.910159,38.134582],[-103.90796,38.134554],[-103.906054,38.134864],[-103.90426,38.134287],[-103.902064,38.133975],[-103.900239,38.13301],[-103.898512,38.131132],[-103.898539,38.130483],[-103.899046,38.128473],[-103.899594,38.127824],[-103.900289,38.127281],[-103.900603,38.12677],[-103.900812,38.125985],[-103.900662,38.125409],[-103.899113,38.125165],[-103.898266,38.125167],[-103.898079,38.125006],[-103.895682,38.124743],[-103.895059,38.12474],[-103.89253,38.125243],[-103.888747,38.125417],[-103.886846,38.125278],[-103.885391,38.125006],[-103.884481,38.124701],[-103.883682,38.124577],[-103.881096,38.124563],[-103.878001,38.124649],[-103.873249,38.126299],[-103.870941,38.127808],[-103.868672,38.128809],[-103.866262,38.12876],[-103.86349,38.128072],[-103.860286,38.126132],[-103.858342,38.125425],[-103.856506,38.125186],[-103.855083,38.125504],[-103.852776,38.125343],[-103.850335,38.125048],[-103.84911,38.124458],[-103.846211,38.123405],[-103.845303,38.122086],[-103.844592,38.120794],[-103.841687,38.117346],[-103.840435,38.116165],[-103.83917,38.115158],[-103.837703,38.114163],[-103.835616,38.11334],[-103.834296,38.113436],[-103.833456,38.113608],[-103.831448,38.114205],[-103.82871,38.11441],[-103.827828,38.114117],[-103.826459,38.113425],[-103.825908,38.113062],[-103.82448,38.113039],[-103.821866,38.113516],[-103.818591,38.114835],[-103.813765,38.117419],[-103.81191,38.117845],[-103.809818,38.117509],[-103.807316,38.1164],[-103.806569,38.115892],[-103.805028,38.114578],[-103.803033,38.112533],[-103.791267,38.112437],[-103.769264,38.112955],[-103.750674,38.113214],[-103.747591,38.113075],[-103.701327,38.113153],[-103.673731,38.112906],[-103.619172,38.113355],[-103.619011,38.143152],[-103.619283,38.171455],[-103.601075,38.171719],[-103.58321,38.172753],[-103.560333,38.172764],[-103.559473,38.172672],[-103.536497,38.172658],[-103.509364,38.172514],[-103.509659,38.225423],[-103.509579,38.230875],[-103.509711,38.232119],[-103.509873,38.263857],[-103.51006,38.265169],[-103.500494,38.265004],[-103.437306,38.265031],[-103.430128,38.265164],[-103.418356,38.265162],[-103.417782,38.265274],[-103.410375,38.265308],[-103.410005,38.265508],[-103.40982,38.265442],[-103.399938,38.265435],[-103.399877,38.250004],[-103.3996,38.241149],[-103.398817,38.133059],[-103.398779,38.12501],[-103.398972,38.121727],[-103.39858,38.114491],[-103.398664,38.106669],[-103.398764,38.106463],[-103.39877,38.099902],[-103.398857,38.098945],[-103.398672,38.084658],[-103.398476,38.083413],[-103.398653,38.082745],[-103.398584,38.063251],[-103.398814,38.06237],[-103.398625,38.062268],[-103.398569,38.061825],[-103.398552,38.055365],[-103.398713,38.055253],[-103.398546,38.046266],[-103.398675,38.039864],[-103.39861,38.038112],[-103.398675,38.022395],[-103.398824,38.013904],[-103.398739,38.011867],[-103.398873,38.000008],[-103.398844,37.994306],[-103.398968,37.990555],[-103.398334,37.981751],[-103.398375,37.979778],[-103.398108,37.960627],[-103.39912,37.940149],[-103.399781,37.899616],[-103.399874,37.875063],[-103.399854,37.822812],[-103.403682,37.822792],[-103.403434,37.750011],[-103.403652,37.734338],[-103.403796,37.701665],[-103.404079,37.696125],[-103.404385,37.68689],[-103.404064,37.676958],[-103.404153,37.674993],[-103.403917,37.673168],[-103.403963,37.662963],[-103.404426,37.658203],[-103.404403,37.643782],[-103.404339,37.643576],[-103.375493,37.643535],[-103.361555,37.643272],[-103.36126,37.643335],[-103.341804,37.643513],[-103.334958,37.643661],[-103.330937,37.643691],[-103.32883,37.643595],[-103.326909,37.643768],[-103.322923,37.643825],[-103.301494,37.643948],[-103.290579,37.643851],[-103.2676,37.644145],[-103.258822,37.64398],[-103.205491,37.644086],[-103.201754,37.644046],[-103.187492,37.64367],[-103.175173,37.643515],[-103.131488,37.643662],[-103.128092,37.643477],[-103.125485,37.643581],[-103.117641,37.643299],[-103.114734,37.643415],[-103.075938,37.64342],[-103.075742,37.625011],[-103.075581,37.624601],[-103.075496,37.610796],[-103.075221,37.501589],[-103.075275,37.500037],[-103.075141,37.484489],[-103.075242,37.484384],[-103.075216,37.483613],[-103.075115,37.483291],[-103.075157,37.460738],[-103.075041,37.455909],[-103.07497,37.455822],[-103.075142,37.450943],[-103.075021,37.436776],[-103.075243,37.415739],[-103.074805,37.398437],[-103.074663,37.381754],[-103.082537,37.381613],[-103.082782,37.366336],[-103.082766,37.358399],[-103.083051,37.351739],[-103.083025,37.346745],[-103.08336,37.337191],[-103.083232,37.322709],[-103.083673,37.308068],[-103.083527,37.294291],[-103.086152,37.196379],[-103.086336,37.193263],[-103.086241,37.193066],[-103.086643,37.180689],[-103.086699,37.176386],[-103.086558,37.176128],[-103.08632,37.143426],[-103.086805,37.138108],[-103.086807,37.135298],[-103.086969,37.135087],[-103.087276,37.102678],[-103.086102,37.000188],[-103.127569,37.000138],[-103.239641,36.99963],[-103.342962,36.999436],[-103.377734,36.999444],[-103.436473,36.999223],[-103.487894,36.999143],[-103.560191,36.998833],[-103.625507,36.998629],[-103.702832,36.998134],[-103.737788,36.997989],[-103.787747,36.997498],[-103.809022,36.997353],[-103.83317,36.997208],[-103.865158,36.997175],[-103.91849,36.996731],[-104.004661,36.996137],[-104.040414,36.996007],[-104.125176,36.995411],[-104.12553,36.995355],[-104.162853,36.995185],[-104.215634,36.994754],[-104.218902,36.994843],[-104.250536,36.994644],[-104.299698,36.994069],[-104.321971,36.993887],[-104.338833,36.993535],[-104.368881,36.993445],[-104.375538,36.993524],[-104.408313,36.993474],[-104.413528,36.993594],[-104.429821,36.993751],[-104.450544,36.993721],[-104.461977,36.993834],[-104.486985,36.993867],[-104.492272,36.993658],[-104.493146,36.993703],[-104.493395,36.993877],[-104.519195,36.993766],[-104.537048,36.993976],[-104.563273,36.993823],[-104.569914,36.993877],[-104.574754,36.994118],[-104.614816,36.994129],[-104.624555,36.994375],[-104.625544,36.993598],[-104.631448,36.993592],[-104.644997,36.993379],[-104.705788,36.993497],[-104.732225,36.993446],[-104.750547,36.993525],[-104.87555,36.993253],[-105.000551,36.993262],[-105.029226,36.992727],[-105.053783,36.993709],[-105.06629,36.993863],[-105.08541,36.994461],[-105.1208,36.995428],[-105.125557,36.995212],[-105.136669,36.995166],[-105.161219,36.995294],[-105.220613,36.995169],[-105.220506,36.994974],[-105.278999,36.995062],[-105.412112,36.995312],[-105.588392,36.99564],[-105.623322,36.995704],[-105.629109,36.995835],[-105.645661,36.995891],[-105.66608,36.99592],[-105.686036,36.995853],[-105.707852,36.995919],[-105.75057,36.995694],[-105.76153,36.995732],[-105.80101,36.995614],[-105.881569,36.995597],[-105.945906,36.995409],[-106.015184,36.995263],[-106.038652,36.995122],[-106.124345,36.994844],[-106.164742,36.994767],[-106.2361,36.994249],[-106.249167,36.994268],[-106.29288,36.994074],[-106.383741,36.993832],[-106.552121,36.993314],[-106.708701,36.992832],[-106.75059,36.992461],[-106.774883,36.992528],[-106.831972,36.992449],[-106.86982,36.992497],[-106.877232,37.0001],[-107.075666,37.000033],[-107.196889,37.000027],[-107.31001,37.000016],[-107.394861,37.000233],[-107.399968,37.000182],[-107.430917,37.000221],[-107.523695,37.000045],[-107.635528,36.999924],[-107.670947,36.999921],[-107.780599,37.000059],[-107.866079,36.999731],[-107.918543,36.999694],[-107.937132,36.999691],[-107.985569,36.999862],[-108.066309,36.999691],[-108.211344,36.999699],[-108.315304,36.999734],[-108.438597,36.999488],[-108.554999,36.999269],[-108.689895,36.999029],[-108.739043,36.99884],[-108.881867,36.998841],[-109.045172,36.998977],[-109.045166,37.072742],[-109.045058,37.074661],[-109.044995,37.086429],[-109.04513,37.092555],[-109.045086,37.120377],[-109.045463,37.156901],[-109.045885,37.187305],[-109.045923,37.19961],[-109.045335,37.21394],[-109.045844,37.301995],[-109.04564,37.359723],[-109.045184,37.40623],[-109.044861,37.422442],[-109.04369,37.472528],[-109.042577,37.514018],[-109.041785,37.548003],[-109.041572,37.562138],[-109.041932,37.576253],[-109.041982,37.58701],[-109.041874,37.623515],[-109.04194,37.666936],[-109.041844,37.68779],[-109.042029,37.740254],[-109.041944,37.8265],[-109.042128,37.939193],[-109.04204,37.943812],[-109.042504,37.954918],[-109.042775,37.96604],[-109.042947,37.979906],[-109.042866,38.03642],[-109.042234,38.051098],[-109.041979,38.079557],[-109.04258,38.093799],[-109.04265,38.126571],[-109.042572,38.157016],[-109.042835,38.166268],[-109.060187,38.275528]]]}},{"type":"Feature","properties":{"d":4,"label":[-103.2856,39.46082],"area":32302.9},"geometry":{"type":"Polygon","coordinates":[[[-105.32922,39.129689],[-105.328347,39.130037],[-105.327393,39.130873],[-105.326235,39.132391],[-105.325389,39.133037],[-105.324774,39.133863],[-105.322757,39.135595],[-105.32231,39.136114],[-105.321962,39.136967],[-105.321772,39.137832],[-105.32174,39.138842],[-105.321949,39.139332],[-105.32268,39.140191],[-105.322793,39.14083],[-105.322722,39.141348],[-105.322326,39.142242],[-105.322147,39.142958],[-105.322479,39.143868],[-105.323285,39.144992],[-105.323226,39.145407],[-105.323069,39.145596],[-105.322295,39.145999],[-105.321556,39.146191],[-105.320973,39.14608],[-105.320389,39.145811],[-105.320122,39.145762],[-105.318801,39.145896],[-105.316251,39.14552],[-105.31596,39.145557],[-105.315634,39.145801],[-105.315347,39.146712],[-105.315407,39.147018],[-105.315655,39.147725],[-105.316217,39.148724],[-105.315591,39.149757],[-105.315949,39.151302],[-105.315389,39.153507],[-105.315491,39.154525],[-105.31531,39.154895],[-105.314136,39.155515],[-105.313351,39.156333],[-105.313195,39.156626],[-105.313087,39.157077],[-105.313164,39.157748],[-105.313536,39.158558],[-105.313574,39.158819],[-105.313557,39.159121],[-105.313357,39.159703],[-105.31321,39.159888],[-105.310967,39.161264],[-105.310692,39.161526],[-105.310309,39.162423],[-105.309982,39.163519],[-105.309725,39.163781],[-105.309246,39.163881],[-105.308602,39.164221],[-105.308345,39.164479],[-105.307962,39.16534],[-105.30752,39.165413],[-105.307059,39.165356],[-105.306172,39.164822],[-105.305197,39.164024],[-105.304892,39.164057],[-105.304454,39.164281],[-105.302922,39.166149],[-105.302271,39.166689],[-105.301022,39.166777],[-105.300432,39.167227],[-105.300214,39.168017],[-105.300832,39.168501],[-105.30175,39.16888],[-105.302014,39.169246],[-105.301872,39.169831],[-105.301529,39.170612],[-105.300599,39.171119],[-105.3,39.171562],[-105.299864,39.17207],[-105.29944,39.172529],[-105.298438,39.17281],[-105.297571,39.172689],[-105.296353,39.172648],[-105.294866,39.173001],[-105.294216,39.172977],[-105.293823,39.17313],[-105.293533,39.173427],[-105.293481,39.173709],[-105.293635,39.173975],[-105.294285,39.174097],[-105.294821,39.17446],[-105.294748,39.174838],[-105.292413,39.175965],[-105.29081,39.176963],[-105.290211,39.17714],[-105.289498,39.177494],[-105.287937,39.178476],[-105.287512,39.179064],[-105.287377,39.179442],[-105.287508,39.180659],[-105.287331,39.181255],[-105.287701,39.182045],[-105.289236,39.183416],[-105.289274,39.183889],[-105.289182,39.184172],[-105.287466,39.185356],[-105.28639,39.186314],[-105.286047,39.187249],[-105.285868,39.188594],[-105.285928,39.189585],[-105.285067,39.191019],[-105.284714,39.192074],[-105.284702,39.192703],[-105.285164,39.193742],[-105.2851,39.194588],[-105.284227,39.196812],[-105.283729,39.197689],[-105.283354,39.19893],[-105.282929,39.199953],[-105.282265,39.200968],[-105.281261,39.201757],[-105.279795,39.201901],[-105.278814,39.201811],[-105.278079,39.20223],[-105.277696,39.202801],[-105.277621,39.20372],[-105.277392,39.204469],[-105.27674,39.205186],[-105.276615,39.205669],[-105.276623,39.206451],[-105.276291,39.207216],[-105.275597,39.207626],[-105.274575,39.207714],[-105.27316,39.207624],[-105.272778,39.207755],[-105.272176,39.208651],[-105.27118,39.208743],[-105.270552,39.209254],[-105.269519,39.209419],[-105.268976,39.209388],[-105.268259,39.209169],[-105.267701,39.209225],[-105.267273,39.209171],[-105.265394,39.20864],[-105.264216,39.208048],[-105.2638,39.207985],[-105.263194,39.208005],[-105.262992,39.208186],[-105.262794,39.209069],[-105.26212,39.209918],[-105.261657,39.210085],[-105.260707,39.210101],[-105.260054,39.210445],[-105.259889,39.210607],[-105.259677,39.211081],[-105.259654,39.211374],[-105.259941,39.211991],[-105.260086,39.212558],[-105.260718,39.213331],[-105.26135,39.213866],[-105.261531,39.214461],[-105.26152,39.214758],[-105.260834,39.215575],[-105.260577,39.216855],[-105.261496,39.21793],[-105.261688,39.218389],[-105.262629,39.219148],[-105.262868,39.219463],[-105.263371,39.220435],[-105.263504,39.220976],[-105.263481,39.221363],[-105.263245,39.221634],[-105.262414,39.222114],[-105.262131,39.222484],[-105.261525,39.222755],[-105.261384,39.2229],[-105.261302,39.223269],[-105.261409,39.223472],[-105.262184,39.224074],[-105.262436,39.224637],[-105.262425,39.22483],[-105.262047,39.225403],[-105.261584,39.225643],[-105.261489,39.225833],[-105.261528,39.226571],[-105.26166,39.226805],[-105.262947,39.227861],[-105.263424,39.22836],[-105.263556,39.228671],[-105.263569,39.229058],[-105.263511,39.229261],[-105.262754,39.230335],[-105.262221,39.230832],[-105.261784,39.231482],[-105.260539,39.23217],[-105.259992,39.232238],[-105.257974,39.232941],[-105.257619,39.233154],[-105.257228,39.233547],[-105.256875,39.234624],[-105.255572,39.235853],[-105.255054,39.237165],[-105.25432,39.237923],[-105.254238,39.238131],[-105.254371,39.23886],[-105.254873,39.239585],[-105.255041,39.240017],[-105.25503,39.240274],[-105.254888,39.240441],[-105.254603,39.240572],[-105.253536,39.241372],[-105.253696,39.242705],[-105.253472,39.243314],[-105.253093,39.243567],[-105.252772,39.243667],[-105.252261,39.243645],[-105.25163,39.243259],[-105.251326,39.242958],[-105.250825,39.242725],[-105.25055,39.242676],[-105.249701,39.242131],[-105.249303,39.241788],[-105.248536,39.240846],[-105.247928,39.24059],[-105.246802,39.240384],[-105.246017,39.240566],[-105.244459,39.241903],[-105.243403,39.242655],[-105.24211,39.243081],[-105.241299,39.243437],[-105.240559,39.244057],[-105.240354,39.244112],[-105.240149,39.244057],[-105.239992,39.243815],[-105.239741,39.243635],[-105.239527,39.243614],[-105.237983,39.243958],[-105.236095,39.244058],[-105.235631,39.244261],[-105.235177,39.24488],[-105.234367,39.245562],[-105.234265,39.245778],[-105.23432,39.246312],[-105.233938,39.246868],[-105.234387,39.247534],[-105.234775,39.248706],[-105.234781,39.249297],[-105.234952,39.249491],[-105.23514,39.249623],[-105.235765,39.249677],[-105.23646,39.249328],[-105.23713,39.249348],[-105.237399,39.249618],[-105.237438,39.249989],[-105.237591,39.250185],[-105.237701,39.250674],[-105.237604,39.250875],[-105.237388,39.250942],[-105.236094,39.251096],[-105.235256,39.251313],[-105.234354,39.251979],[-105.234198,39.252247],[-105.234202,39.252413],[-105.23472,39.253581],[-105.234825,39.254573],[-105.234393,39.255307],[-105.234034,39.255302],[-105.233292,39.254948],[-105.232437,39.254345],[-105.231807,39.253962],[-105.231537,39.253881],[-105.229161,39.253723],[-105.228121,39.253766],[-105.227777,39.25386],[-105.227516,39.253988],[-105.227355,39.254235],[-105.227422,39.255518],[-105.22736,39.256001],[-105.226972,39.25635],[-105.226681,39.256502],[-105.226486,39.25652],[-105.22516,39.256022],[-105.224554,39.255901],[-105.224075,39.255878],[-105.2236,39.25599],[-105.223443,39.256154],[-105.223268,39.257381],[-105.223402,39.258417],[-105.223642,39.258765],[-105.22398,39.259003],[-105.2244,39.259229],[-105.225142,39.259443],[-105.225293,39.259623],[-105.225372,39.260036],[-105.225306,39.260298],[-105.225105,39.260525],[-105.224761,39.260707],[-105.224409,39.260691],[-105.222567,39.260234],[-105.221384,39.260091],[-105.220077,39.259675],[-105.219598,39.259641],[-105.218543,39.259817],[-105.217833,39.260115],[-105.217419,39.260395],[-105.217255,39.260693],[-105.217204,39.261175],[-105.217768,39.262105],[-105.217784,39.263548],[-105.218407,39.264198],[-105.21875,39.265349],[-105.218714,39.26589],[-105.218477,39.266536],[-105.218504,39.26678],[-105.218699,39.267042],[-105.219935,39.267464],[-105.220611,39.267842],[-105.220776,39.268063],[-105.220778,39.268662],[-105.220559,39.269174],[-105.219179,39.270503],[-105.218917,39.270649],[-105.218394,39.270784],[-105.217315,39.271589],[-105.216462,39.271771],[-105.215931,39.272045],[-105.21558,39.272232],[-105.215424,39.272483],[-105.215357,39.272814],[-105.215429,39.273111],[-105.215662,39.273349],[-105.216816,39.273818],[-105.217296,39.274219],[-105.217507,39.274596],[-105.217411,39.274911],[-105.217086,39.275319],[-105.21625,39.276024],[-105.215765,39.276304],[-105.215541,39.276636],[-105.215526,39.276788],[-105.216363,39.277455],[-105.216386,39.277618],[-105.216193,39.278002],[-105.215775,39.278428],[-105.215438,39.278574],[-105.214802,39.278616],[-105.21433,39.278558],[-105.213897,39.278693],[-105.21326,39.279724],[-105.211638,39.280524],[-105.211391,39.280734],[-105.211325,39.280967],[-105.211429,39.282095],[-105.211334,39.282915],[-105.211901,39.283333],[-105.212374,39.28399],[-105.212473,39.284484],[-105.211792,39.285765],[-105.210814,39.286733],[-105.21017,39.28774],[-105.208586,39.288837],[-105.208042,39.289612],[-105.208165,39.289884],[-105.208467,39.290105],[-105.208675,39.290396],[-105.208737,39.290854],[-105.208565,39.291169],[-105.207908,39.291525],[-105.20775,39.291518],[-105.2076,39.291397],[-105.207359,39.290805],[-105.207179,39.290665],[-105.206737,39.290625],[-105.206498,39.290678],[-105.206199,39.290888],[-105.205531,39.291681],[-105.205578,39.292],[-105.205743,39.292233],[-105.206576,39.292703],[-105.206823,39.292935],[-105.207012,39.293406],[-105.206822,39.293813],[-105.20665,39.293971],[-105.206291,39.294059],[-105.205527,39.29399],[-105.204215,39.293131],[-105.203496,39.293022],[-105.203054,39.293069],[-105.202785,39.293181],[-105.202576,39.293321],[-105.202479,39.293583],[-105.202465,39.29395],[-105.202631,39.294485],[-105.202887,39.294752],[-105.203958,39.294919],[-105.204871,39.294847],[-105.205231,39.294899],[-105.206048,39.295363],[-105.207173,39.296228],[-105.207653,39.297618],[-105.207681,39.298194],[-105.207428,39.298584],[-105.206793,39.299196],[-105.205873,39.29961],[-105.204979,39.299798],[-105.20405,39.299747],[-105.202402,39.29943],[-105.201129,39.29927],[-105.200964,39.299357],[-105.200809,39.299858],[-105.200854,39.300166],[-105.201275,39.300532],[-105.201283,39.30077],[-105.200862,39.301644],[-105.200212,39.302029],[-105.199808,39.302082],[-105.199201,39.302048],[-105.197231,39.30172],[-105.196456,39.301785],[-105.196,39.302082],[-105.196093,39.303135],[-105.196281,39.303595],[-105.196522,39.303949],[-105.197824,39.304988],[-105.197997,39.305355],[-105.197916,39.305611],[-105.197333,39.30599],[-105.196995,39.307578],[-105.19666,39.308276],[-105.19668,39.308544],[-105.19686,39.308677],[-105.198397,39.30928],[-105.198532,39.309437],[-105.198458,39.309972],[-105.198156,39.310432],[-105.196296,39.311658],[-105.194662,39.312434],[-105.194183,39.312441],[-105.193487,39.312582],[-105.192926,39.312862],[-105.19235,39.313305],[-105.192045,39.314021],[-105.191624,39.31458],[-105.191168,39.314959],[-105.190541,39.315903],[-105.190197,39.316194],[-105.189251,39.31662],[-105.188713,39.317133],[-105.188587,39.317384],[-105.188558,39.317919],[-105.188656,39.318268],[-105.189123,39.319105],[-105.189199,39.319512],[-105.18917,39.320001],[-105.188814,39.321153],[-105.1884,39.321852],[-105.188259,39.322259],[-105.187803,39.322853],[-105.187459,39.323017],[-105.186292,39.323304],[-105.185948,39.323526],[-105.185611,39.323858],[-105.185486,39.324405],[-105.185565,39.324695],[-105.185956,39.325172],[-105.186009,39.325399],[-105.185883,39.326155],[-105.185958,39.32626],[-105.186723,39.32659],[-105.188054,39.326902],[-105.188301,39.327082],[-105.188392,39.327449],[-105.188184,39.327961],[-105.187975,39.328095],[-105.187705,39.328148],[-105.186057,39.32829],[-105.185653,39.328436],[-105.184745,39.329031],[-105.183921,39.329073],[-105.18297,39.329296],[-105.182596,39.329506],[-105.182305,39.329797],[-105.182156,39.33021],[-105.182117,39.331054],[-105.182268,39.331374],[-105.183235,39.331779],[-105.184308,39.332423],[-105.185572,39.333003],[-105.186756,39.333077],[-105.187432,39.333256],[-105.187911,39.333855],[-105.187837,39.334186],[-105.18762,39.334332],[-105.187007,39.334525],[-105.185071,39.334831],[-105.184248,39.335268],[-105.183956,39.33549],[-105.183435,39.336538],[-105.183207,39.336812],[-105.182691,39.337132],[-105.182571,39.337307],[-105.182144,39.338588],[-105.18159,39.338839],[-105.1801,39.339155],[-105.179233,39.33986],[-105.178729,39.340786],[-105.1787,39.341025],[-105.178964,39.341641],[-105.179535,39.342309],[-105.179533,39.343013],[-105.179391,39.343293],[-105.179174,39.343462],[-105.177819,39.343923],[-105.177289,39.344471],[-105.177158,39.34471],[-105.177093,39.345402],[-105.176546,39.346904],[-105.176532,39.347515],[-105.176706,39.347893],[-105.177299,39.348549],[-105.177469,39.348945],[-105.17735,39.349381],[-105.177193,39.349579],[-105.176722,39.349865],[-105.175696,39.350192],[-105.175157,39.35049],[-105.173261,39.35197],[-105.172129,39.353013],[-105.171853,39.35345],[-105.171847,39.354276],[-105.172386,39.35559],[-105.172357,39.355817],[-105.171849,39.35676],[-105.171517,39.35722],[-105.170708,39.3576],[-105.170028,39.358107],[-105.169699,39.358631],[-105.16946,39.358806],[-105.169127,39.358934],[-105.16786,39.359017],[-105.167648,39.359159],[-105.167531,39.359326],[-105.167616,39.360135],[-105.167526,39.360385],[-105.167157,39.361014],[-105.166798,39.361363],[-105.166574,39.361754],[-105.166389,39.362626],[-105.166892,39.364679],[-105.167275,39.364882],[-105.16779,39.36558],[-105.167723,39.366034],[-105.167792,39.366371],[-105.168392,39.366708],[-105.168805,39.367056],[-105.168922,39.367265],[-105.169037,39.368405],[-105.169195,39.368702],[-105.169114,39.369098],[-105.168916,39.369331],[-105.167636,39.370426],[-105.16748,39.370682],[-105.167141,39.371747],[-105.167099,39.3722],[-105.167173,39.372399],[-105.167998,39.374149],[-105.168688,39.374386],[-105.169955,39.374437],[-105.170165,39.374518],[-105.170352,39.374989],[-105.17033,39.375347],[-105.170526,39.37552],[-105.171116,39.375719],[-105.171331,39.376025],[-105.17226,39.376411],[-105.172518,39.376629],[-105.172652,39.376799],[-105.172614,39.37705],[-105.172748,39.37739],[-105.172968,39.377589],[-105.172997,39.377722],[-105.172826,39.378143],[-105.172322,39.378351],[-105.1714,39.37901],[-105.17125,39.379638],[-105.170746,39.380008],[-105.170346,39.380097],[-105.170052,39.38029],[-105.169785,39.380342],[-105.169624,39.380497],[-105.169615,39.380682],[-105.170044,39.380962],[-105.17013,39.38125],[-105.170856,39.382261],[-105.171324,39.382246],[-105.171931,39.382001],[-105.172303,39.382133],[-105.173122,39.382228],[-105.173284,39.382317],[-105.173506,39.383424],[-105.173326,39.38403],[-105.173136,39.384238],[-105.173233,39.38491],[-105.172978,39.385745],[-105.172626,39.385938],[-105.172122,39.385983],[-105.171219,39.386804],[-105.171193,39.387484],[-105.171012,39.387713],[-105.170347,39.388046],[-105.169968,39.389096],[-105.169084,39.389504],[-105.168342,39.38963],[-105.167913,39.389823],[-105.167486,39.390341],[-105.166678,39.390793],[-105.16566,39.391178],[-105.164337,39.391136],[-105.164108,39.39124],[-105.164033,39.391454],[-105.1641,39.391616],[-105.164701,39.392184],[-105.16539,39.393476],[-105.165495,39.394008],[-105.165781,39.394059],[-105.166562,39.393881],[-105.167258,39.394308],[-105.167469,39.39498],[-105.167547,39.39566],[-105.167642,39.395748],[-105.167481,39.396214],[-105.167483,39.397049],[-105.167379,39.397478],[-105.16699,39.398025],[-105.167135,39.398704],[-105.167194,39.399753],[-105.16769,39.399922],[-105.168214,39.40021],[-105.169408,39.40159],[-105.169714,39.402143],[-105.169724,39.402454],[-105.169441,39.403326],[-105.169718,39.403946],[-105.170176,39.404219],[-105.170482,39.404602],[-105.170894,39.405725],[-105.170923,39.406035],[-105.171315,39.406551],[-105.171278,39.406854],[-105.170783,39.407173],[-105.170736,39.407528],[-105.170963,39.407825],[-105.170026,39.408617],[-105.169602,39.408829],[-105.169042,39.408936],[-105.167436,39.408562],[-105.166671,39.40851],[-105.166141,39.408634],[-105.165945,39.409099],[-105.165182,39.409546],[-105.164932,39.409782],[-105.164276,39.410746],[-105.163535,39.41134],[-105.162877,39.411699],[-105.16262,39.411929],[-105.162304,39.412734],[-105.161896,39.413234],[-105.161495,39.413428],[-105.161261,39.413758],[-105.160588,39.414035],[-105.160293,39.414241],[-105.159574,39.41433],[-105.156268,39.413806],[-105.155977,39.413802],[-105.155093,39.414066],[-105.152866,39.41502],[-105.151767,39.415681],[-105.151244,39.416189],[-105.14942,39.4176],[-105.148307,39.418084],[-105.147153,39.418327],[-105.146679,39.418611],[-105.146044,39.418789],[-105.145631,39.418753],[-105.145316,39.418814],[-105.144923,39.418996],[-105.144031,39.419604],[-105.142037,39.420678],[-105.141436,39.421106],[-105.141013,39.421854],[-105.140567,39.422401],[-105.138206,39.42307],[-105.137813,39.423435],[-105.137656,39.424022],[-105.136973,39.425421],[-105.136475,39.426008],[-105.135924,39.426495],[-105.135425,39.426779],[-105.133962,39.427047],[-105.133071,39.427439],[-105.131564,39.429235],[-105.130054,39.430064],[-105.129428,39.430933],[-105.128424,39.431757],[-105.125821,39.432993],[-105.124595,39.433715],[-105.123598,39.434129],[-105.123471,39.434313],[-105.123477,39.434494],[-105.12489,39.436221],[-105.125059,39.437371],[-105.125544,39.438521],[-105.125925,39.439101],[-105.126126,39.439761],[-105.126144,39.440187],[-105.125355,39.441922],[-105.125027,39.442174],[-105.124704,39.442736],[-105.124796,39.443097],[-105.124742,39.44402],[-105.124066,39.445419],[-105.123789,39.446621],[-105.123983,39.447461],[-105.123852,39.447603],[-105.123214,39.447831],[-105.123103,39.447957],[-105.123185,39.448538],[-105.123697,39.449087],[-105.123758,39.449276],[-105.123728,39.449464],[-105.123071,39.449975],[-105.123,39.450258],[-105.123062,39.450847],[-105.123881,39.453022],[-105.124184,39.454985],[-105.125017,39.456367],[-105.125362,39.456665],[-105.126696,39.4572],[-105.126821,39.45734],[-105.126881,39.457635],[-105.127474,39.458467],[-105.127712,39.458613],[-105.128661,39.458865],[-105.130399,39.459527],[-105.13086,39.459932],[-105.131265,39.460109],[-105.131879,39.460525],[-105.132529,39.461248],[-105.132941,39.461912],[-105.13304,39.46249],[-105.132638,39.463635],[-105.132577,39.464321],[-105.132975,39.464807],[-105.133186,39.466125],[-105.1327,39.467103],[-105.132625,39.467908],[-105.132674,39.468027],[-105.13363,39.46868],[-105.133777,39.469138],[-105.134169,39.46964],[-105.134797,39.470201],[-105.135007,39.470574],[-105.134931,39.470952],[-105.134409,39.471477],[-105.133393,39.47211],[-105.131582,39.472679],[-105.130837,39.473398],[-105.130357,39.47368],[-105.128764,39.475783],[-105.128584,39.47635],[-105.128488,39.477236],[-105.12812,39.477626],[-105.123769,39.479805],[-105.12278,39.480643],[-105.121823,39.481304],[-105.121017,39.481454],[-105.120312,39.481038],[-105.119543,39.480352],[-105.119026,39.480124],[-105.118535,39.480207],[-105.117167,39.480884],[-105.116276,39.481451],[-105.115973,39.481844],[-105.115832,39.482252],[-105.115883,39.482535],[-105.116208,39.482739],[-105.116633,39.482746],[-105.117616,39.482573],[-105.117941,39.482635],[-105.118154,39.482784],[-105.118266,39.482988],[-105.118196,39.483554],[-105.118304,39.48452],[-105.118142,39.484936],[-105.117646,39.485392],[-105.116837,39.485698],[-105.115671,39.48596],[-105.115093,39.485976],[-105.114694,39.4858],[-105.114432,39.484791],[-105.113975,39.484398],[-105.113154,39.483904],[-105.112363,39.483638],[-105.111709,39.483529],[-105.110685,39.483553],[-105.106942,39.484719],[-105.104641,39.48502],[-105.104205,39.484973],[-105.103313,39.484715],[-105.102806,39.484723],[-105.101808,39.484944],[-105.101028,39.485345],[-105.100359,39.485487],[-105.099234,39.485346],[-105.098707,39.485394],[-105.097704,39.48574],[-105.097203,39.486071],[-105.09699,39.486322],[-105.095765,39.486873],[-105.094134,39.487841],[-105.093009,39.48814],[-105.092523,39.488392],[-105.091353,39.48928],[-105.090817,39.489995],[-105.088514,39.492392],[-105.087612,39.492849],[-105.086751,39.493423],[-105.086286,39.493981],[-105.086144,39.494326],[-105.086109,39.494923],[-105.086323,39.495332],[-105.086952,39.495771],[-105.087185,39.496061],[-105.087257,39.496572],[-105.087156,39.497028],[-105.086847,39.497279],[-105.086148,39.497633],[-105.086057,39.497853],[-105.086058,39.498167],[-105.086495,39.499133],[-105.086394,39.499447],[-105.086181,39.499762],[-105.085238,39.500619],[-105.084841,39.50121],[-105.084751,39.502255],[-105.085275,39.503608],[-105.085225,39.503929],[-105.084928,39.504199],[-105.084713,39.504622],[-105.084746,39.504789],[-105.085127,39.505084],[-105.085227,39.50543],[-105.085046,39.505956],[-105.084665,39.506585],[-105.08407,39.507202],[-105.083491,39.507638],[-105.082291,39.508357],[-105.081133,39.509667],[-105.079858,39.510001],[-105.07918,39.510399],[-105.0787,39.510836],[-105.078402,39.51149],[-105.07842,39.512042],[-105.078859,39.51285],[-105.078843,39.513119],[-105.078744,39.513427],[-105.078446,39.513851],[-105.078331,39.514338],[-105.078298,39.514736],[-105.078432,39.515416],[-105.078201,39.516468],[-105.077945,39.517123],[-105.077945,39.517495],[-105.078248,39.517915],[-105.078392,39.518308],[-105.078657,39.518561],[-105.078702,39.51879],[-105.079,39.519142],[-105.079003,39.519486],[-105.079261,39.519929],[-105.079424,39.520462],[-105.079404,39.520816],[-105.079605,39.521315],[-105.079567,39.521631],[-105.079699,39.521772],[-105.080034,39.522613],[-105.080096,39.523156],[-105.079288,39.523893],[-105.079547,39.524689],[-105.079461,39.525888],[-105.076434,39.531624],[-105.076106,39.532691],[-105.076571,39.534968],[-105.07754,39.535884],[-105.077745,39.536706],[-105.077084,39.538136],[-105.076419,39.540055],[-105.074594,39.541652],[-105.074442,39.543344],[-105.074111,39.544268],[-105.073045,39.545265],[-105.071385,39.546429],[-105.070308,39.547896],[-105.066735,39.550499],[-105.065672,39.553346],[-105.06424,39.554188],[-105.063884,39.554743],[-105.064312,39.555254],[-105.06427,39.55531],[-105.063798,39.555239],[-105.06113,39.556906],[-105.06064,39.557888],[-105.060714,39.559941],[-105.058257,39.560379],[-105.057252,39.562306],[-105.054272,39.562997],[-105.051366,39.563257],[-105.04874,39.566088],[-105.040988,39.56609],[-105.040285,39.56619],[-104.971802,39.566064],[-104.960972,39.566155],[-104.941705,39.566025],[-104.922744,39.566066],[-104.882385,39.56595],[-104.87657,39.566035],[-104.867124,39.56598],[-104.860665,39.56605],[-104.855333,39.565988],[-104.793085,39.565985],[-104.784585,39.565942],[-104.78454,39.56585],[-104.774389,39.565847],[-104.774429,39.561092],[-104.773382,39.561171],[-104.772216,39.56106],[-104.769522,39.560236],[-104.769081,39.560023],[-104.7687,39.559714],[-104.768399,39.559327],[-104.768173,39.558818],[-104.756531,39.558823],[-104.756516,39.559743],[-104.755593,39.559747],[-104.755608,39.558824],[-104.746164,39.558691],[-104.746045,39.565902],[-104.736628,39.565888],[-104.736728,39.551261],[-104.730143,39.551181],[-104.717862,39.551207],[-104.692462,39.550823],[-104.679556,39.550707],[-104.679458,39.563003],[-104.679311,39.5659],[-104.642125,39.56589],[-104.642013,39.574308],[-104.660783,39.574349],[-104.660665,39.580372],[-104.660759,39.594929],[-104.659424,39.594933],[-104.658659,39.595931],[-104.656561,39.597991],[-104.656567,39.599101],[-104.654257,39.600637],[-104.65347,39.602229],[-104.655501,39.60493],[-104.652726,39.606625],[-104.650932,39.608695],[-104.653781,39.611633],[-104.654609,39.613879],[-104.651782,39.613048],[-104.651596,39.615523],[-104.651122,39.616661],[-104.654803,39.620874],[-104.654786,39.62396],[-104.660414,39.62391],[-104.66026,39.638417],[-104.659964,39.652938],[-104.678801,39.652873],[-104.679012,39.638495],[-104.67994,39.6385],[-104.679946,39.638327],[-104.686466,39.638337],[-104.686503,39.634351],[-104.683908,39.634353],[-104.683865,39.638189],[-104.679026,39.638194],[-104.679155,39.620324],[-104.683464,39.62031],[-104.68347,39.62311],[-104.691621,39.623094],[-104.691613,39.623795],[-104.694213,39.626484],[-104.697757,39.626481],[-104.697751,39.631157],[-104.710915,39.63119],[-104.710912,39.631516],[-104.712864,39.631522],[-104.712889,39.629383],[-104.716297,39.629392],[-104.716345,39.624451],[-104.716513,39.624448],[-104.716613,39.616668],[-104.716716,39.61667],[-104.716793,39.609423],[-104.716665,39.609421],[-104.716747,39.602441],[-104.717632,39.602493],[-104.718304,39.602436],[-104.722092,39.601458],[-104.723021,39.601342],[-104.72383,39.601418],[-104.725024,39.601882],[-104.725419,39.602176],[-104.727694,39.604565],[-104.729498,39.605556],[-104.730707,39.606093],[-104.731689,39.606312],[-104.732492,39.606306],[-104.733073,39.606176],[-104.733065,39.606073],[-104.735376,39.605442],[-104.735342,39.609282],[-104.737168,39.609297],[-104.737683,39.609423],[-104.737997,39.609642],[-104.739958,39.611691],[-104.740427,39.61199],[-104.740761,39.61208],[-104.741256,39.612087],[-104.742372,39.61176],[-104.742502,39.612025],[-104.742723,39.61317],[-104.742899,39.613363],[-104.743252,39.613448],[-104.743424,39.614412],[-104.743269,39.614641],[-104.74268,39.615038],[-104.74058,39.616039],[-104.740989,39.616559],[-104.739564,39.6173],[-104.739102,39.61771],[-104.738853,39.618098],[-104.738704,39.618685],[-104.738699,39.621496],[-104.738265,39.622836],[-104.738231,39.623976],[-104.753997,39.624002],[-104.753833,39.637312],[-104.753893,39.638478],[-104.754191,39.638465],[-104.753915,39.642395],[-104.753732,39.648706],[-104.752861,39.648772],[-104.752546,39.648957],[-104.752348,39.649249],[-104.752308,39.651698],[-104.75247,39.652914],[-104.750289,39.652929],[-104.750287,39.653058],[-104.737177,39.65304],[-104.734896,39.652975],[-104.735058,39.638452],[-104.727831,39.638557],[-104.719428,39.638549],[-104.719445,39.638653],[-104.725708,39.638635],[-104.725537,39.667512],[-104.716163,39.667524],[-104.697533,39.667322],[-104.69753,39.667542],[-104.678777,39.667408],[-104.645654,39.667408],[-104.615513,39.667252],[-104.6155,39.667916],[-104.614758,39.667913],[-104.614759,39.667248],[-104.608194,39.667198],[-104.603523,39.66725],[-104.584314,39.666991],[-104.583639,39.703211],[-104.593157,39.703343],[-104.593268,39.69609],[-104.603363,39.696238],[-104.603396,39.688997],[-104.612733,39.689027],[-104.612742,39.688454],[-104.619149,39.688457],[-104.618886,39.688574],[-104.618683,39.688886],[-104.618562,39.68929],[-104.618582,39.689695],[-104.618724,39.69013],[-104.618987,39.690519],[-104.619311,39.690815],[-104.619736,39.69108],[-104.620727,39.691297],[-104.621759,39.691188],[-104.622103,39.691016],[-104.621927,39.696346],[-104.622058,39.710788],[-104.641017,39.711441],[-104.650227,39.711334],[-104.650183,39.718353],[-104.659535,39.718315],[-104.65953,39.725714],[-104.66894,39.725709],[-104.668891,39.736412],[-104.678274,39.736442],[-104.678247,39.739994],[-104.665775,39.740093],[-104.660268,39.740298],[-104.656225,39.73999],[-104.638906,39.737883],[-104.63759,39.737906],[-104.637575,39.737554],[-104.638779,39.737554],[-104.640502,39.737745],[-104.640651,39.737692],[-104.640653,39.737761],[-104.65008,39.738923],[-104.650126,39.725534],[-104.640748,39.725533],[-104.640433,39.725592],[-104.628704,39.725663],[-104.625479,39.725586],[-104.624307,39.725354],[-104.623597,39.725536],[-104.622053,39.725472],[-104.622047,39.739849],[-104.61616,39.739805],[-104.616197,39.740004],[-104.613603,39.739982],[-104.613904,39.740931],[-104.614275,39.7412],[-104.615428,39.742348],[-104.621861,39.741333],[-104.621847,39.74468],[-104.617137,39.744977],[-104.617422,39.745428],[-104.61812,39.745565],[-104.618398,39.745812],[-104.618277,39.745982],[-104.617722,39.746076],[-104.617345,39.746373],[-104.617395,39.746527],[-104.617962,39.747036],[-104.612436,39.747017],[-104.612384,39.753935],[-104.603021,39.753906],[-104.59652,39.753532],[-104.595765,39.753005],[-104.595573,39.752536],[-104.595152,39.752048],[-104.59436,39.751858],[-104.594086,39.751702],[-104.593134,39.751539],[-104.592868,39.751385],[-104.592585,39.751058],[-104.592792,39.750489],[-104.595155,39.750518],[-104.595188,39.746924],[-104.592814,39.747149],[-104.592546,39.746869],[-104.590013,39.74758],[-104.589581,39.747102],[-104.589114,39.746341],[-104.601146,39.744434],[-104.601181,39.741012],[-104.601333,39.740619],[-104.602219,39.740063],[-104.602222,39.739878],[-104.582488,39.739636],[-104.582577,39.739871],[-104.56451,39.739657],[-104.564508,39.740301],[-104.563442,39.739932],[-104.548167,39.739626],[-104.548165,39.740701],[-104.54578,39.740663],[-104.545779,39.739583],[-104.536399,39.739383],[-104.536388,39.745987],[-104.541018,39.746052],[-104.541018,39.745174],[-104.545785,39.745215],[-104.545793,39.753246],[-104.534464,39.754978],[-104.53277,39.755119],[-104.526975,39.755218],[-104.526901,39.745863],[-104.526952,39.739317],[-104.522707,39.738812],[-104.508042,39.738502],[-104.470924,39.738438],[-104.470724,39.756269],[-104.470469,39.756909],[-104.470713,39.758306],[-104.470669,39.766762],[-104.488704,39.766983],[-104.489011,39.767007],[-104.489134,39.767137],[-104.489297,39.795959],[-104.489294,39.825005],[-104.544221,39.825818],[-104.555314,39.82605],[-104.5721,39.826218],[-104.611068,39.826803],[-104.619743,39.826852],[-104.619152,39.87322],[-104.605261,39.873114],[-104.605154,39.881346],[-104.59981,39.881307],[-104.599581,39.899038],[-104.620759,39.899328],[-104.630945,39.899291],[-104.630939,39.906645],[-104.640361,39.906711],[-104.640648,39.957548],[-104.64064,40.000575],[-104.697142,40.00051],[-104.697438,40.012403],[-104.697289,40.012395],[-104.696967,40.01355],[-104.696207,40.014759],[-104.694256,40.014876],[-104.693531,40.015014],[-104.693532,40.015288],[-104.695809,40.015534],[-104.695927,40.015683],[-104.695317,40.017047],[-104.694918,40.017611],[-104.695184,40.017612],[-104.697002,40.015691],[-104.697909,40.01569],[-104.675919,40.038895],[-104.676522,40.039326],[-104.675318,40.040624],[-104.674702,40.041439],[-104.673538,40.043878],[-104.673633,40.043886],[-104.67475,40.0415],[-104.678448,40.041498],[-104.67849,40.044446],[-104.675642,40.044444],[-104.673136,40.044969],[-104.672013,40.045952],[-104.6698,40.046772],[-104.669223,40.047145],[-104.658567,40.058376],[-104.65855,40.058744],[-104.658079,40.058554],[-104.657576,40.058787],[-104.652643,40.063984],[-104.651575,40.065349],[-104.650968,40.066614],[-104.649811,40.069992],[-104.649928,40.072189],[-104.649885,40.073259],[-104.651313,40.073262],[-104.651284,40.07463],[-104.649865,40.074625],[-104.649864,40.077045],[-104.651909,40.078742],[-104.652862,40.07942],[-104.654389,40.080106],[-104.655993,40.080451],[-104.65595,40.080655],[-104.653842,40.080592],[-104.637541,40.080565],[-104.625129,40.087173],[-104.623774,40.087992],[-104.621611,40.089516],[-104.621701,40.101834],[-104.640107,40.102215],[-104.640106,40.102078],[-104.643938,40.102098],[-104.643941,40.101225],[-104.64433,40.101228],[-104.644334,40.100792],[-104.64508,40.100796],[-104.645075,40.101398],[-104.644173,40.101397],[-104.644166,40.102239],[-104.640471,40.102222],[-104.640725,40.116923],[-104.630945,40.116879],[-104.630946,40.116778],[-104.621733,40.116742],[-104.621679,40.120361],[-104.607504,40.120299],[-104.607482,40.116685],[-104.603138,40.116665],[-104.60314,40.120315],[-104.603391,40.120317],[-104.60314,40.120507],[-104.603147,40.133859],[-104.602933,40.133859],[-104.603064,40.133994],[-104.603043,40.134165],[-104.603138,40.134206],[-104.603045,40.137294],[-104.603085,40.145423],[-104.602949,40.145422],[-104.602868,40.15982],[-104.602687,40.232371],[-104.602356,40.275998],[-104.582777,40.2762],[-104.565378,40.276221],[-104.546474,40.275991],[-104.527583,40.27601],[-104.527162,40.319618],[-104.489641,40.319642],[-104.489495,40.348694],[-104.465082,40.348637],[-104.464724,40.348518],[-104.463284,40.347754],[-104.462937,40.347741],[-104.462571,40.347849],[-104.462177,40.348175],[-104.41557,40.32554],[-104.415351,40.33038],[-104.415444,40.331757],[-104.41518,40.335926],[-104.414975,40.343778],[-104.415056,40.344118],[-104.415408,40.344641],[-104.417646,40.346146],[-104.414489,40.349188],[-104.414684,40.350514],[-104.415128,40.351357],[-104.416682,40.352414],[-104.417692,40.353344],[-104.418995,40.354294],[-104.420337,40.354955],[-104.42105,40.355645],[-104.42154,40.35621],[-104.422079,40.357076],[-104.42251,40.359525],[-104.423054,40.359973],[-104.424131,40.360431],[-104.425047,40.360613],[-104.426735,40.360537],[-104.427451,40.360972],[-104.427859,40.361548],[-104.428507,40.362208],[-104.429121,40.362521],[-104.430337,40.362204],[-104.430936,40.361752],[-104.431928,40.361594],[-104.432858,40.361862],[-104.433451,40.362167],[-104.433904,40.362591],[-104.43425,40.363594],[-104.435498,40.365694],[-104.436459,40.366463],[-104.43773,40.367008],[-104.43913,40.367467],[-104.440334,40.368181],[-104.441029,40.369116],[-104.442059,40.371061],[-104.442571,40.371727],[-104.443203,40.372153],[-104.444013,40.37213],[-104.445399,40.372274],[-104.445852,40.373182],[-104.445777,40.373753],[-104.445922,40.374335],[-104.446589,40.374624],[-104.447091,40.37475],[-104.448313,40.374683],[-104.44903,40.374562],[-104.451251,40.373515],[-104.452045,40.373274],[-104.452646,40.373232],[-104.453218,40.373504],[-104.45394,40.37369],[-104.454656,40.374149],[-104.455234,40.37483],[-104.455583,40.374981],[-104.457635,40.376461],[-104.460382,40.377241],[-104.475763,40.380493],[-104.478089,40.380596],[-104.483894,40.378944],[-104.4888,40.379447],[-104.489039,40.391885],[-104.498813,40.391901],[-104.498521,40.398854],[-104.499416,40.399174],[-104.508137,40.399261],[-104.508181,40.406437],[-104.50788,40.435715],[-104.50781,40.454302],[-104.507718,40.457313],[-104.507785,40.464485],[-104.498851,40.46455],[-104.488791,40.464761],[-104.470235,40.464755],[-104.470338,40.479207],[-104.479688,40.479152],[-104.479908,40.493567],[-104.480312,40.493639],[-104.488823,40.49359],[-104.488793,40.483447],[-104.491376,40.482695],[-104.49259,40.482248],[-104.499877,40.479199],[-104.501024,40.478949],[-104.507839,40.478868],[-104.507594,40.49347],[-104.549203,40.493203],[-104.549935,40.493499],[-104.550263,40.493523],[-104.551108,40.49335],[-104.553355,40.492391],[-104.553952,40.492298],[-104.555102,40.492357],[-104.555894,40.492711],[-104.556402,40.493119],[-104.556791,40.493197],[-104.585528,40.493285],[-104.601873,40.493104],[-104.620461,40.493523],[-104.63125,40.493543],[-104.639729,40.493641],[-104.659143,40.4935],[-104.658851,40.508594],[-104.678503,40.508562],[-104.682802,40.50882],[-104.692114,40.509533],[-104.705101,40.509921],[-104.715844,40.510144],[-104.721031,40.510168],[-104.772491,40.510119],[-104.792111,40.509935],[-104.811698,40.509377],[-104.832396,40.508907],[-104.832404,40.507044],[-104.83226,40.507043],[-104.832409,40.479828],[-104.851468,40.47961],[-104.851476,40.478613],[-104.846826,40.478481],[-104.845826,40.478881],[-104.841826,40.477581],[-104.840026,40.478081],[-104.837425,40.478181],[-104.835116,40.476898],[-104.835158,40.473908],[-104.841741,40.473897],[-104.841901,40.46463],[-104.837197,40.463477],[-104.816279,40.459285],[-104.816269,40.45863],[-104.828056,40.458138],[-104.828069,40.461508],[-104.83093,40.462086],[-104.830926,40.458081],[-104.837204,40.458007],[-104.837183,40.461465],[-104.841822,40.461486],[-104.84176,40.457877],[-104.841925,40.457876],[-104.841955,40.450698],[-104.841437,40.443439],[-104.84397,40.443438],[-104.844294,40.443037],[-104.8451,40.442825],[-104.846056,40.442981],[-104.84645,40.442975],[-104.846781,40.443131],[-104.847481,40.443269],[-104.8478,40.443212],[-104.848191,40.442968],[-104.848644,40.442842],[-104.849102,40.442601],[-104.849473,40.442278],[-104.849462,40.441937],[-104.849527,40.441894],[-104.849658,40.442036],[-104.850685,40.441159],[-104.850648,40.441046],[-104.850768,40.440964],[-104.851038,40.44099],[-104.850892,40.440122],[-104.858052,40.440282],[-104.858362,40.439972],[-104.857713,40.437246],[-104.860423,40.421307],[-104.865591,40.421408],[-104.865636,40.421188],[-104.866014,40.421028],[-104.866923,40.421016],[-104.866933,40.420419],[-104.867816,40.421055],[-104.870102,40.421088],[-104.870107,40.414064],[-104.874583,40.414064],[-104.874487,40.421293],[-104.879083,40.421293],[-104.879152,40.417674],[-104.883783,40.417667],[-104.883678,40.421258],[-104.888232,40.421244],[-104.88823,40.421165],[-104.897775,40.421429],[-104.897781,40.421508],[-104.907026,40.42155],[-104.907075,40.40731],[-104.907291,40.407311],[-104.907292,40.40721],[-104.907482,40.407061],[-104.915447,40.407078],[-104.915474,40.408681],[-104.916577,40.408685],[-104.916574,40.407046],[-104.941785,40.40707],[-104.944291,40.407138],[-104.944562,40.407348],[-104.944427,40.414196],[-104.955024,40.414337],[-104.954887,40.421536],[-104.963927,40.421715],[-104.963966,40.41851],[-104.962076,40.418488],[-104.962076,40.417536],[-104.963984,40.417601],[-104.96418,40.407195],[-104.966747,40.40724],[-104.973755,40.407014],[-104.983004,40.406955],[-104.983446,40.406959],[-104.983449,40.407116],[-104.988722,40.407061],[-104.98903,40.406922],[-104.989029,40.406776],[-104.99009,40.406584],[-104.990554,40.406448],[-104.991056,40.406189],[-104.99226,40.405176],[-104.992516,40.404752],[-104.992666,40.404147],[-104.992742,40.392571],[-104.993906,40.392569],[-104.993959,40.389088],[-104.993861,40.388563],[-104.993881,40.385358],[-105.00246,40.385344],[-105.002528,40.379803],[-105.001231,40.379821],[-105.001247,40.378127],[-105.00095,40.378127],[-105.000953,40.378008],[-104.995169,40.378013],[-104.994988,40.377927],[-104.993493,40.376289],[-104.992606,40.374868],[-104.99163,40.373559],[-104.988896,40.368853],[-104.987575,40.366157],[-104.986732,40.363669],[-104.98701,40.363672],[-104.984487,40.359856],[-104.983562,40.358243],[-104.983468,40.357626],[-104.982928,40.356383],[-104.982417,40.354582],[-104.981677,40.349165],[-105.069954,40.349315],[-105.070549,40.349134],[-105.073408,40.349138],[-105.073632,40.34897],[-105.074672,40.34901],[-105.074887,40.349258],[-105.074874,40.349359],[-105.075217,40.349376],[-105.097342,40.34948],[-105.097261,40.363751],[-105.102836,40.363799],[-105.102836,40.363886],[-105.110014,40.36392],[-105.110016,40.367244],[-105.109918,40.367977],[-105.109401,40.368281],[-105.107071,40.36824],[-105.105872,40.368562],[-105.105874,40.369573],[-105.106679,40.369973],[-105.106556,40.370555],[-105.106019,40.370847],[-105.105858,40.370864],[-105.104254,40.370492],[-105.1031,40.368938],[-105.102542,40.368937],[-105.100617,40.371747],[-105.099506,40.372984],[-105.098515,40.373912],[-105.098273,40.374713],[-105.097168,40.374711],[-105.097159,40.378243],[-105.097971,40.378298],[-105.100759,40.378194],[-105.103954,40.378208],[-105.103961,40.377403],[-105.106473,40.377414],[-105.106494,40.374781],[-105.112213,40.374829],[-105.112768,40.375094],[-105.113178,40.375855],[-105.114311,40.376891],[-105.11582,40.376938],[-105.116263,40.377203],[-105.11663,40.37672],[-105.117481,40.376216],[-105.118018,40.374826],[-105.131721,40.374795],[-105.131597,40.378249],[-105.134898,40.37829],[-105.134894,40.378511],[-105.132576,40.378506],[-105.132581,40.37986],[-105.128784,40.379871],[-105.128751,40.382576],[-105.129075,40.382464],[-105.130167,40.382459],[-105.130952,40.382814],[-105.131222,40.383178],[-105.130663,40.383568],[-105.13035,40.384279],[-105.12417,40.383876],[-105.119783,40.382267],[-105.119822,40.382898],[-105.121986,40.383697],[-105.120724,40.385396],[-105.120913,40.385534],[-105.12196,40.38589],[-105.123568,40.385979],[-105.123719,40.386063],[-105.123924,40.386903],[-105.123308,40.386895],[-105.123309,40.392793],[-105.125364,40.39279],[-105.125337,40.393658],[-105.126391,40.393642],[-105.12635,40.392774],[-105.134745,40.392784],[-105.134785,40.388447],[-105.135911,40.389406],[-105.136189,40.389525],[-105.136694,40.389967],[-105.138087,40.390834],[-105.138948,40.391313],[-105.141182,40.392186],[-105.141071,40.391643],[-105.141363,40.391485],[-105.141719,40.391448],[-105.142056,40.391542],[-105.14235,40.391384],[-105.142524,40.391144],[-105.143943,40.391044],[-105.144073,40.391584],[-105.143077,40.391896],[-105.142909,40.392139],[-105.144227,40.392506],[-105.144225,40.392805],[-105.148048,40.392836],[-105.148057,40.39343],[-105.148955,40.393435],[-105.148967,40.392841],[-105.149307,40.392842],[-105.149306,40.392947],[-105.150753,40.392937],[-105.150828,40.391193],[-105.149954,40.391176],[-105.150111,40.39103],[-105.150739,40.390779],[-105.150805,40.390334],[-105.149525,40.390135],[-105.147936,40.389678],[-105.147937,40.389236],[-105.151327,40.389272],[-105.151984,40.389495],[-105.152301,40.389451],[-105.152245,40.389143],[-105.152612,40.388466],[-105.152458,40.388436],[-105.151933,40.387235],[-105.151206,40.386683],[-105.151069,40.38517],[-105.150561,40.384296],[-105.151349,40.384113],[-105.151301,40.383683],[-105.150115,40.383651],[-105.149466,40.382746],[-105.148635,40.382246],[-105.14909,40.381963],[-105.149029,40.381857],[-105.149851,40.381379],[-105.1499,40.381464],[-105.149933,40.381124],[-105.151109,40.381092],[-105.151125,40.381539],[-105.151502,40.381519],[-105.151481,40.382805],[-105.152515,40.382808],[-105.1526,40.382887],[-105.152881,40.383622],[-105.152815,40.383958],[-105.153026,40.384204],[-105.153037,40.384504],[-105.153383,40.385105],[-105.153626,40.385244],[-105.153812,40.385594],[-105.153741,40.38938],[-105.157058,40.389413],[-105.156961,40.391419],[-105.15677,40.391783],[-105.155876,40.391773],[-105.155818,40.392867],[-105.156412,40.392872],[-105.156517,40.392809],[-105.156517,40.393087],[-105.156774,40.393584],[-105.156765,40.394175],[-105.157586,40.39394],[-105.158063,40.393922],[-105.158226,40.394081],[-105.158534,40.394856],[-105.159034,40.395552],[-105.15962,40.397273],[-105.159539,40.397424],[-105.158225,40.397714],[-105.157959,40.397695],[-105.157452,40.397437],[-105.157275,40.397463],[-105.156771,40.397945],[-105.155376,40.39871],[-105.154899,40.398836],[-105.154366,40.398858],[-105.154009,40.398984],[-105.153672,40.399356],[-105.153638,40.407228],[-105.153003,40.407297],[-105.152394,40.407266],[-105.149723,40.40374],[-105.148582,40.402887],[-105.148313,40.402897],[-105.147598,40.402122],[-105.147158,40.401992],[-105.146831,40.402194],[-105.146416,40.402929],[-105.145967,40.402988],[-105.144184,40.403657],[-105.144133,40.406696],[-105.144631,40.40678],[-105.145048,40.406394],[-105.145454,40.406901],[-105.145885,40.406943],[-105.145933,40.407051],[-105.143338,40.406726],[-105.142439,40.406814],[-105.140929,40.407299],[-105.139996,40.407429],[-105.138937,40.40745],[-105.138927,40.407347],[-105.137257,40.407307],[-105.134312,40.407326],[-105.134321,40.408151],[-105.133604,40.408146],[-105.133598,40.414461],[-105.13462,40.414447],[-105.134652,40.417433],[-105.135453,40.417434],[-105.135448,40.417268],[-105.137007,40.417394],[-105.138097,40.416808],[-105.138265,40.416379],[-105.138255,40.417287],[-105.137851,40.417236],[-105.137794,40.417496],[-105.137918,40.417511],[-105.137902,40.417591],[-105.138261,40.417669],[-105.138258,40.4186],[-105.140166,40.420491],[-105.1407,40.420862],[-105.141023,40.421458],[-105.141026,40.421516],[-105.140861,40.421567],[-105.141091,40.423766],[-105.140525,40.425445],[-105.141477,40.427129],[-105.141494,40.432699],[-105.141281,40.436408],[-105.140466,40.436403],[-105.140523,40.433282],[-105.139874,40.432265],[-105.139879,40.431992],[-105.139285,40.431988],[-105.139202,40.436457],[-105.13643,40.436442],[-105.13642,40.436582],[-105.136597,40.436822],[-105.136823,40.437496],[-105.13699,40.438271],[-105.137645,40.443689],[-105.134609,40.443665],[-105.115657,40.44384],[-105.115656,40.447341],[-105.133035,40.447284],[-105.133091,40.45097],[-105.116905,40.451054],[-105.103804,40.451005],[-105.103803,40.451113],[-105.097023,40.451122],[-105.096655,40.451118],[-105.096653,40.451014],[-105.096438,40.451018],[-105.096481,40.465389],[-105.077448,40.465606],[-105.077469,40.463039],[-105.073451,40.463035],[-105.073347,40.463219],[-105.073353,40.463478],[-105.073946,40.464798],[-105.0738,40.465594],[-105.061177,40.465535],[-105.058878,40.464375],[-105.058417,40.463944],[-105.058354,40.461831],[-105.055842,40.462136],[-105.054967,40.461875],[-105.053305,40.461092],[-105.052464,40.460924],[-105.051604,40.460902],[-105.050718,40.460904],[-105.049937,40.461009],[-105.049434,40.461385],[-105.049585,40.461911],[-105.050688,40.463049],[-105.051315,40.463561],[-105.053248,40.464837],[-105.053407,40.465538],[-105.039499,40.465656],[-105.020489,40.465658],[-105.001308,40.46483],[-104.992112,40.464725],[-104.992068,40.472142],[-104.991564,40.472135],[-104.991477,40.476968],[-104.991369,40.477177],[-104.991192,40.477266],[-104.991156,40.477474],[-104.990247,40.479172],[-104.990065,40.479173],[-104.989716,40.479336],[-104.989711,40.479432],[-104.989715,40.479532],[-104.990078,40.479832],[-104.990258,40.479831],[-104.99133,40.482716],[-104.991304,40.48778],[-104.991477,40.488204],[-104.991363,40.497647],[-104.986567,40.497531],[-104.982142,40.497502],[-104.981863,40.497571],[-104.98206,40.479471],[-104.970192,40.479405],[-104.963393,40.479442],[-104.963743,40.486533],[-104.962267,40.486582],[-104.962327,40.486738],[-104.96263,40.486985],[-104.963076,40.486991],[-104.962866,40.498688],[-104.960002,40.496387],[-104.958256,40.49446],[-104.958147,40.493768],[-104.953512,40.493728],[-104.95348,40.491703],[-104.948742,40.491741],[-104.948845,40.501076],[-104.946113,40.501012],[-104.949954,40.508277],[-104.944164,40.508104],[-104.944213,40.519137],[-104.946941,40.51918],[-104.946937,40.520451],[-104.948145,40.521071],[-104.948766,40.521269],[-104.950614,40.522718],[-104.944247,40.522663],[-104.94412,40.558434],[-104.942491,40.55843],[-104.942485,40.559139],[-104.94403,40.559067],[-104.944042,40.563733],[-104.944135,40.564112],[-104.944728,40.564965],[-104.944699,40.565334],[-104.94448,40.565695],[-104.94431,40.566242],[-104.941899,40.566355],[-104.941606,40.563065],[-104.941155,40.562568],[-104.935353,40.562642],[-104.935254,40.573845],[-104.938414,40.57372],[-104.938464,40.573473],[-104.938622,40.573295],[-104.944021,40.573051],[-104.944013,40.582434],[-104.938611,40.582582],[-104.938619,40.581085],[-104.935435,40.581189],[-104.935523,40.588467],[-104.944223,40.588084],[-104.944194,40.580938],[-104.950995,40.580895],[-104.965826,40.581007],[-104.967903,40.581045],[-104.970261,40.581225],[-104.972063,40.58128],[-104.980547,40.581036],[-104.988197,40.58114],[-104.988196,40.581267],[-104.992837,40.581295],[-104.992836,40.581378],[-104.99415,40.58139],[-104.99415,40.581307],[-104.996029,40.581326],[-104.99622,40.581381],[-104.996059,40.588459],[-104.990084,40.588433],[-104.990085,40.588653],[-104.994096,40.588675],[-104.994083,40.591936],[-104.995353,40.591976],[-104.995331,40.593399],[-104.992281,40.593372],[-104.992332,40.594192],[-104.99139,40.594185],[-104.991397,40.594941],[-104.992078,40.595424],[-104.992673,40.595428],[-104.992599,40.59354],[-104.996216,40.593572],[-104.996202,40.595495],[-104.995531,40.595491],[-104.995529,40.595588],[-104.991478,40.595555],[-104.991869,40.59607],[-104.991675,40.59652],[-104.991207,40.59668],[-104.990529,40.596658],[-104.989838,40.596741],[-104.989658,40.596823],[-104.989291,40.597461],[-104.989291,40.597844],[-104.98948,40.598347],[-104.990002,40.59873],[-104.991045,40.599017],[-104.991426,40.599198],[-104.991501,40.599807],[-104.991442,40.599794],[-104.991224,40.600326],[-104.990986,40.60053],[-104.990259,40.600849],[-104.988725,40.601986],[-104.988019,40.602343],[-104.987609,40.602679],[-104.987522,40.602942],[-104.987847,40.603327],[-104.989368,40.604303],[-104.989462,40.604479],[-104.989426,40.6051],[-104.98898,40.60644],[-104.988672,40.60828],[-104.988305,40.60895],[-104.988349,40.609477],[-104.988611,40.609988],[-104.995531,40.610039],[-104.99553,40.610159],[-104.997781,40.610243],[-104.997895,40.610555],[-104.998124,40.610751],[-104.998523,40.610877],[-104.999194,40.610938],[-104.999447,40.61108],[-104.999627,40.611324],[-104.999606,40.613547],[-105.000716,40.613554],[-105.00082,40.616191],[-105.000789,40.623931],[-105.000596,40.624055],[-104.997888,40.624069],[-104.99753,40.62452],[-104.99807,40.624524],[-104.998069,40.624619],[-105.00059,40.624756],[-105.000811,40.625028],[-105.000802,40.625883],[-105.001059,40.625875],[-105.000534,40.638988],[-105.000663,40.653518],[-105.025562,40.653635],[-105.04005,40.653781],[-105.04067,40.653828],[-105.041779,40.654064],[-105.043467,40.653827],[-105.053514,40.653951],[-105.058688,40.655896],[-105.060241,40.656371],[-105.062173,40.6565],[-105.06345,40.656241],[-105.064301,40.655918],[-105.065255,40.656729],[-105.065955,40.657079],[-105.066023,40.657205],[-105.065912,40.657319],[-105.064639,40.657142],[-105.064102,40.657221],[-105.062727,40.657242],[-105.061537,40.657442],[-105.060009,40.657258],[-105.059813,40.657338],[-105.059671,40.657568],[-105.060112,40.657955],[-105.060652,40.658084],[-105.061244,40.658067],[-105.061423,40.658132],[-105.061396,40.658247],[-105.060424,40.658672],[-105.060202,40.659111],[-105.060187,40.659606],[-105.06027,40.659867],[-105.061072,40.661039],[-105.061342,40.661196],[-105.062672,40.661178],[-105.06346,40.661406],[-105.065469,40.662632],[-105.065792,40.663042],[-105.065712,40.663477],[-105.065296,40.664009],[-105.065322,40.664158],[-105.065547,40.664287],[-105.068322,40.664119],[-105.069199,40.663703],[-105.069299,40.663507],[-105.069265,40.66258],[-105.07006,40.662524],[-105.070084,40.661621],[-105.070187,40.661535],[-105.07034,40.661534],[-105.070335,40.665597],[-105.07022,40.666176],[-105.069951,40.666761],[-105.070217,40.66691],[-105.070304,40.66726],[-105.070232,40.669829],[-105.070067,40.671757],[-105.067789,40.683919],[-105.068204,40.698553],[-105.068059,40.699577],[-105.067422,40.702427],[-105.067407,40.70345],[-105.067956,40.710913],[-105.068317,40.712286],[-105.072533,40.723752],[-105.07308,40.724537],[-105.074471,40.725684],[-105.075253,40.726556],[-105.075813,40.727535],[-105.076161,40.728912],[-105.075958,40.754623],[-105.076118,40.798219],[-105.05708,40.798081],[-105.039133,40.798253],[-105.038837,40.798205],[-105.03877,40.798064],[-105.038423,40.784133],[-105.038184,40.769613],[-105.038002,40.765402],[-105.037429,40.765414],[-105.03689,40.765545],[-105.036404,40.766059],[-105.035878,40.766451],[-105.035588,40.766861],[-105.035109,40.768208],[-105.034099,40.769433],[-105.032044,40.770718],[-105.031304,40.770808],[-105.029624,40.77007],[-105.028976,40.769592],[-105.027825,40.769291],[-105.026035,40.768327],[-105.024151,40.767697],[-105.023481,40.767346],[-105.022643,40.766675],[-105.021928,40.765968],[-105.021238,40.764698],[-105.020627,40.764207],[-105.019835,40.76309],[-105.019547,40.76209],[-105.019191,40.761831],[-105.019118,40.76957],[-105.000968,40.769616],[-105.00013,40.769423],[-105.000189,40.762566],[-105.000312,40.761689],[-105.000243,40.76143],[-105.000086,40.761282],[-104.998006,40.764053],[-104.996793,40.76543],[-104.988691,40.775678],[-104.987645,40.777577],[-104.986552,40.78055],[-104.971564,40.827296],[-104.971303,40.829859],[-104.971413,40.831382],[-104.971622,40.83256],[-104.972184,40.834362],[-104.974654,40.841179],[-104.965988,40.841357],[-104.948033,40.895541],[-104.947521,40.896748],[-104.946861,40.897955],[-104.943127,40.903405],[-104.943052,40.913672],[-104.943371,40.998213],[-104.882452,40.998186],[-104.87005,40.998299],[-104.855273,40.998048],[-104.838689,40.998857],[-104.81831,40.999197],[-104.816284,40.999293],[-104.797867,40.999457],[-104.778847,40.999769],[-104.759665,40.999982],[-104.750523,40.999982],[-104.736562,41.000219],[-104.675999,41.000957],[-104.625519,41.001428],[-104.577579,41.001559],[-104.550139,41.001535],[-104.503695,41.001696],[-104.487217,41.001693],[-104.467672,41.001473],[-104.355775,41.001493],[-104.3461,41.001534],[-104.343578,41.00176],[-104.342366,41.001569],[-104.33711,41.001671],[-104.314631,41.001643],[-104.29559,41.00172],[-104.250507,41.00172],[-104.250507,41.00162],[-104.216456,41.001656],[-104.212454,41.001633],[-104.212202,41.001563],[-104.173436,41.00177],[-104.162579,41.001569],[-104.125505,41.001705],[-104.125505,41.00161],[-104.10459,41.001543],[-104.088854,41.00156],[-104.067016,41.001785],[-104.067013,41.001615],[-104.054077,41.001615],[-104.053249,41.001406],[-104.051529,41.001527],[-104.039238,41.001502],[-104.023383,41.001887],[-104.018223,41.001617],[-104.000503,41.001817],[-103.97224,41.001664],[-103.971372,41.001531],[-103.953269,41.001662],[-103.952368,41.001589],[-103.952127,41.001697],[-103.933666,41.00169],[-103.931992,41.001814],[-103.914253,41.001703],[-103.912075,41.001628],[-103.897274,41.001676],[-103.896676,41.001698],[-103.896305,41.001905],[-103.895996,41.001754],[-103.895629,41.001718],[-103.859039,41.001751],[-103.842737,41.001683],[-103.796086,41.001765],[-103.783162,41.00157],[-103.76334,41.001468],[-103.687975,41.001781],[-103.669054,41.001442],[-103.636282,41.001649],[-103.625494,41.001542],[-103.618345,41.001726],[-103.576572,41.001735],[-103.534886,41.001421],[-103.50047,41.001734],[-103.497545,41.001638],[-103.495917,41.001868],[-103.486697,41.001914],[-103.447943,41.00176],[-103.421975,41.002007],[-103.413395,41.001912],[-103.396989,41.002558],[-103.382492,41.002252],[-103.375487,41.002299],[-103.365314,41.001846],[-103.323871,41.00182],[-103.268279,41.00208],[-103.250483,41.001776],[-103.249006,41.00221],[-103.246048,41.002099],[-103.241775,41.002176],[-103.236283,41.002024],[-103.230077,41.002238],[-103.219415,41.002012],[-103.210741,41.002247],[-103.191798,41.002073],[-103.172437,41.002168],[-103.165265,41.002084],[-103.143641,41.002312],[-103.125489,41.002158],[-103.115004,41.002342],[-103.077803,41.002298],[-103.076787,41.002227],[-103.059626,41.00237],[-103.059339,41.002303],[-103.043444,41.002344],[-103.038704,41.002251],[-103.01953,41.002447],[-103.002088,41.002486],[-103.001913,41.002333],[-103.001638,41.002288],[-102.982714,41.002272],[-102.981823,41.002223],[-102.981482,41.002112],[-102.963669,41.002186],[-102.962522,41.002072],[-102.960636,41.002222],[-102.955106,41.002159],[-102.944829,41.002303],[-102.9433,41.002234],[-102.943159,41.00205],[-102.924359,41.002337],[-102.923977,41.002295],[-102.923973,41.002142],[-102.906229,41.002323],[-102.905248,41.002306],[-102.904851,41.002207],[-102.885783,41.002361],[-102.885662,41.002308],[-102.88559,41.002134],[-102.875551,41.002333],[-102.866083,41.002317],[-102.865801,41.002231],[-102.86577,41.001989],[-102.846521,41.002366],[-102.843799,41.002271],[-102.830303,41.00235],[-102.827589,41.00231],[-102.827237,41.002143],[-102.773561,41.002419],[-102.76745,41.002362],[-102.766964,41.002454],[-102.766606,41.002276],[-102.754586,41.00236],[-102.747594,41.002294],[-102.747259,41.00218],[-102.746553,41.002186],[-102.746227,41.00229],[-102.744311,41.002292],[-102.743397,41.00228],[-102.743133,41.002212],[-102.708659,41.002195],[-102.687911,41.002334],[-102.625468,41.002354],[-102.621033,41.002597],[-102.575738,41.002268],[-102.575496,41.0022],[-102.564397,41.002404],[-102.557505,41.002439],[-102.557141,41.00241],[-102.556721,41.0022],[-102.471816,41.002468],[-102.460334,41.002383],[-102.379065,41.002449],[-102.360659,41.002428],[-102.344872,41.002189],[-102.291354,41.002207],[-102.288185,41.002321],[-102.2721,41.002245],[-102.267928,41.002425],[-102.233028,41.002356],[-102.228993,41.002274],[-102.2122,41.002462],[-102.189273,41.00231],[-102.18903,41.00242],[-102.188651,41.002451],[-102.125089,41.002488],[-102.122047,41.002345],[-102.070555,41.002416],[-102.051717,41.002359],[-102.05158,40.99999],[-102.051552,40.995685],[-102.051548,40.878189],[-102.051392,40.767735],[-102.051543,40.582232],[-102.051499,40.542874],[-102.051518,40.539173],[-102.051631,40.537717],[-102.051497,40.535456],[-102.051463,40.524215],[-102.051554,40.500023],[-102.051274,40.48627],[-102.051509,40.465508],[-102.051465,40.440008],[-102.05153,40.418162],[-102.05163,40.411062],[-102.051475,40.39656],[-102.051517,40.393874],[-102.051444,40.393027],[-102.051555,40.374995],[-102.051798,40.360069],[-102.051309,40.338381],[-102.051726,40.242565],[-102.05152,40.23485],[-102.051573,40.230266],[-102.051495,40.229248],[-102.05161,40.227892],[-102.051777,40.227356],[-102.051613,40.223992],[-102.051933,40.217428],[-102.051906,40.215156],[-102.051707,40.212553],[-102.051881,40.208865],[-102.051971,40.201522],[-102.051833,40.191619],[-102.051858,40.184597],[-102.051653,40.178873],[-102.051911,40.162602],[-102.051721,40.16222],[-102.051743,40.149443],[-102.051766,40.148684],[-102.051972,40.148349],[-102.051838,40.124991],[-102.051754,39.984865],[-102.051357,39.874991],[-102.051569,39.849805],[-102.051666,39.847689],[-102.051517,39.847536],[-102.051447,39.844015],[-102.051363,39.843471],[-102.050952,39.749993],[-102.050642,39.71909],[-102.050745,39.707539],[-102.050508,39.660936],[-102.050095,39.654029],[-102.050245,39.646345],[-102.050422,39.646048],[-102.050297,39.640953],[-102.050246,39.611015],[-102.050043,39.593817],[-102.049925,39.590479],[-102.049552,39.538895],[-102.04967,39.538756],[-102.049673,39.536579],[-102.049565,39.506191],[-102.049769,39.500298],[-102.049341,39.471462],[-102.049427,39.471295],[-102.049592,39.471253],[-102.049594,39.467035],[-102.049447,39.466532],[-102.049506,39.465343],[-102.049371,39.418297],[-102.04912,39.418193],[-102.049079,39.418057],[-102.049031,39.403709],[-102.049158,39.403475],[-102.049204,39.374988],[-102.049039,39.373431],[-102.048884,39.35101],[-102.048785,39.35088],[-102.048872,39.350673],[-102.048661,39.331259],[-102.04853,39.302916],[-102.047901,39.253122],[-102.048074,39.249994],[-102.047841,39.234582],[-102.04725,39.13702],[-102.047012,39.121247],[-102.046424,39.016961],[-102.046046,38.981776],[-102.0456,38.886261],[-102.045458,38.875007],[-102.045583,38.872996],[-102.045351,38.856897],[-102.045473,38.813666],[-102.045398,38.812936],[-102.045334,38.799463],[-102.045385,38.783352],[-102.045287,38.755322],[-102.045375,38.754339],[-102.045303,38.750009],[-102.045395,38.742217],[-102.045127,38.686725],[-102.04516,38.675221],[-102.045074,38.669617],[-102.045207,38.658557],[-102.045132,38.658453],[-102.045113,38.657051],[-102.045115,38.629732],[-102.044792,38.61534],[-102.045082,38.615172],[-102.04511,38.614642],[-102.045074,38.602453],[-102.045206,38.60068],[-102.045253,38.59162],[-102.045253,38.588746],[-102.045151,38.588347],[-102.045142,38.587519],[-102.045178,38.577142],[-102.044996,38.56762],[-102.044888,38.566394],[-102.044873,38.560004],[-102.044916,38.529295],[-102.045045,38.510226],[-102.044975,38.485706],[-102.04499,38.461874],[-102.045052,38.460822],[-102.044725,38.440623],[-102.044977,38.427952],[-102.044947,38.420961],[-102.044777,38.42043],[-102.044927,38.393314],[-102.044827,38.39278],[-102.044804,38.384636],[-102.044946,38.384358],[-102.044676,38.356184],[-102.044524,38.349416],[-102.044612,38.312324],[-102.044516,38.311169],[-102.044522,38.306337],[-102.044401,38.306095],[-102.044468,38.305698],[-102.044541,38.29841],[-102.044522,38.291771],[-102.044607,38.290512],[-102.044464,38.262412],[-102.044785,38.262248],[-102.044833,38.261283],[-102.04479,38.249028],[-102.04445,38.244695],[-102.044452,38.234148],[-102.044518,38.23287],[-102.0443,38.18744],[-102.044407,38.146194],[-102.044251,38.141778],[-102.044271,38.109441],[-102.044483,38.065374],[-102.044708,38.041257],[-102.044583,38.026946],[-102.044515,37.984575],[-102.043846,37.928233],[-102.043902,37.927965],[-102.043185,37.87502],[-102.043161,37.844658],[-102.042923,37.824273],[-102.042824,37.797113],[-102.042227,37.761558],[-102.042281,37.760295],[-102.042195,37.750031],[-102.042341,37.748207],[-102.041878,37.723976],[-102.041605,37.689242],[-102.041703,37.6829],[-102.041693,37.665983],[-102.041609,37.660077],[-102.041677,37.65868],[-102.041582,37.654495],[-102.041618,37.607868],[-102.041793,37.601234],[-102.041932,37.579047],[-102.041683,37.578556],[-102.041894,37.557977],[-102.041899,37.541186],[-102.042016,37.535261],[-102.04175,37.506019],[-102.041808,37.456447],[-102.041607,37.449277],[-102.041755,37.434855],[-102.041669,37.43474],[-102.041671,37.427534],[-102.04182,37.410149],[-102.041676,37.409898],[-102.041794,37.407126],[-102.041522,37.375021],[-102.042089,37.35283],[-102.041923,37.352659],[-102.041883,37.351475],[-102.041924,37.334924],[-102.041825,37.29647],[-102.041986,37.279331],[-102.041928,37.266608],[-102.041963,37.258164],[-102.042124,37.250021],[-102.04218,37.225661],[-102.041962,37.22191],[-102.041995,37.155944],[-102.041812,37.137368],[-102.041988,37.127949],[-102.041934,37.113567],[-102.041947,37.106954],[-102.042032,37.10514],[-102.042086,37.047344],[-102.04192,37.035083],[-102.041977,37.0349],[-102.041749,37.034397],[-102.041921,37.032178],[-102.042064,37.031606],[-102.042052,37.031102],[-102.04195,37.030805],[-102.042054,37.028334],[-102.042065,37.000826],[-102.04199,36.999179],[-102.042089,36.993016],[-102.053683,36.993027],[-102.054144,36.993048],[-102.054387,36.99313],[-102.077193,36.993084],[-102.084723,36.993234],[-102.125452,36.993347],[-102.197648,36.993662],[-102.221199,36.993864],[-102.248477,36.994198],[-102.251056,36.994102],[-102.260789,36.994388],[-102.285007,36.994152],[-102.343778,36.994409],[-102.355288,36.994506],[-102.355367,36.994575],[-102.375461,36.99458],[-102.38858,36.994776],[-102.434251,36.994827],[-102.44629,36.994744],[-102.500467,36.994967],[-102.530425,36.994873],[-102.57091,36.995134],[-102.625471,36.995036],[-102.651431,36.995047],[-102.655903,36.995085],[-102.662122,36.995271],[-102.698142,36.995149],[-102.74206,36.997689],[-102.752141,36.998341],[-102.793627,36.999374],[-102.815074,36.999774],[-102.829465,36.999731],[-102.841921,36.9996],[-102.875481,36.999628],[-102.979613,36.998549],[-102.984094,36.99864],[-102.986976,36.998524],[-103.000486,37.000019],[-103.002329,37.00015],[-103.037445,37.000078],[-103.086102,37.000188],[-103.087276,37.102678],[-103.086969,37.135087],[-103.086807,37.135298],[-103.086805,37.138108],[-103.08632,37.143426],[-103.086558,37.176128],[-103.086699,37.176386],[-103.086643,37.180689],[-103.086241,37.193066],[-103.086336,37.193263],[-103.086152,37.196379],[-103.083527,37.294291],[-103.083673,37.308068],[-103.083232,37.322709],[-103.08336,37.337191],[-103.083025,37.346745],[-103.083051,37.351739],[-103.082766,37.358399],[-103.082782,37.366336],[-103.082537,37.381613],[-103.074663,37.381754],[-103.074805,37.398437],[-103.075243,37.415739],[-103.075021,37.436776],[-103.075142,37.450943],[-103.07497,37.455822],[-103.075041,37.455909],[-103.075157,37.460738],[-103.075115,37.483291],[-103.075216,37.483613],[-103.075242,37.484384],[-103.075141,37.484489],[-103.075275,37.500037],[-103.075221,37.501589],[-103.075496,37.610796],[-103.075581,37.624601],[-103.075742,37.625011],[-103.075938,37.64342],[-103.114734,37.643415],[-103.117641,37.643299],[-103.125485,37.643581],[-103.128092,37.643477],[-103.131488,37.643662],[-103.175173,37.643515],[-103.187492,37.64367],[-103.201754,37.644046],[-103.205491,37.644086],[-103.258822,37.64398],[-103.2676,37.644145],[-103.290579,37.643851],[-103.301494,37.643948],[-103.322923,37.643825],[-103.326909,37.643768],[-103.32883,37.643595],[-103.330937,37.643691],[-103.334958,37.643661],[-103.341804,37.643513],[-103.36126,37.643335],[-103.361555,37.643272],[-103.375493,37.643535],[-103.404339,37.643576],[-103.404403,37.643782],[-103.404426,37.658203],[-103.403963,37.662963],[-103.403917,37.673168],[-103.404153,37.674993],[-103.404064,37.676958],[-103.404385,37.68689],[-103.404079,37.696125],[-103.403796,37.701665],[-103.403652,37.734338],[-103.403434,37.750011],[-103.403682,37.822792],[-103.399854,37.822812],[-103.399874,37.875063],[-103.399781,37.899616],[-103.39912,37.940149],[-103.398108,37.960627],[-103.398375,37.979778],[-103.398334,37.981751],[-103.398968,37.990555],[-103.398844,37.994306],[-103.398873,38.000008],[-103.398739,38.011867],[-103.398824,38.013904],[-103.398675,38.022395],[-103.39861,38.038112],[-103.398675,38.039864],[-103.398546,38.046266],[-103.398713,38.055253],[-103.398552,38.055365],[-103.398569,38.061825],[-103.398625,38.062268],[-103.398814,38.06237],[-103.398584,38.063251],[-103.398653,38.082745],[-103.398476,38.083413],[-103.398672,38.084658],[-103.398857,38.098945],[-103.39877,38.099902],[-103.398764,38.106463],[-103.398664,38.106669],[-103.39858,38.114491],[-103.398972,38.121727],[-103.398779,38.12501],[-103.398817,38.133059],[-103.3996,38.241149],[-103.399877,38.250004],[-103.399938,38.265435],[-103.40982,38.265442],[-103.410005,38.265508],[-103.410375,38.265308],[-103.417782,38.265274],[-103.418356,38.265162],[-103.430128,38.265164],[-103.437306,38.265031],[-103.500494,38.265004],[-103.51006,38.265169],[-103.509873,38.263857],[-103.509711,38.232119],[-103.509579,38.230875],[-103.509659,38.225423],[-103.509364,38.172514],[-103.536497,38.172658],[-103.559473,38.172672],[-103.560333,38.172764],[-103.58321,38.172753],[-103.601075,38.171719],[-103.619283,38.171455],[-103.619011,38.143152],[-103.619172,38.113355],[-103.673731,38.112906],[-103.701327,38.113153],[-103.747591,38.113075],[-103.750674,38.113214],[-103.769264,38.112955],[-103.791267,38.112437],[-103.803033,38.112533],[-103.805028,38.114578],[-103.806569,38.115892],[-103.807316,38.1164],[-103.809818,38.117509],[-103.81191,38.117845],[-103.813765,38.117419],[-103.818591,38.114835],[-103.821866,38.113516],[-103.82448,38.113039],[-103.825908,38.113062],[-103.826459,38.113425],[-103.827828,38.114117],[-103.82871,38.11441],[-103.831448,38.114205],[-103.833456,38.113608],[-103.834296,38.113436],[-103.835616,38.11334],[-103.837703,38.114163],[-103.83917,38.115158],[-103.840435,38.116165],[-103.841687,38.117346],[-103.844592,38.120794],[-103.845303,38.122086],[-103.846211,38.123405],[-103.84911,38.124458],[-103.850335,38.125048],[-103.852776,38.125343],[-103.855083,38.125504],[-103.856506,38.125186],[-103.858342,38.125425],[-103.860286,38.126132],[-103.86349,38.128072],[-103.866262,38.12876],[-103.868672,38.128809],[-103.870941,38.127808],[-103.873249,38.126299],[-103.878001,38.124649],[-103.881096,38.124563],[-103.883682,38.124577],[-103.884481,38.124701],[-103.885391,38.125006],[-103.886846,38.125278],[-103.888747,38.125417],[-103.89253,38.125243],[-103.895059,38.12474],[-103.895682,38.124743],[-103.898079,38.125006],[-103.898266,38.125167],[-103.899113,38.125165],[-103.900662,38.125409],[-103.900812,38.125985],[-103.900603,38.12677],[-103.900289,38.127281],[-103.899594,38.127824],[-103.899046,38.128473],[-103.898539,38.130483],[-103.898512,38.131132],[-103.900239,38.13301],[-103.902064,38.133975],[-103.90426,38.134287],[-103.906054,38.134864],[-103.90796,38.134554],[-103.910159,38.134582],[-103.912507,38.134346],[-103.912768,38.134108],[-103.913043,38.133568],[-103.913525,38.131624],[-103.911733,38.129885],[-103.910874,38.127945],[-103.91098,38.126563],[-103.913487,38.125081],[-103.914396,38.12476],[-103.916302,38.124729],[-103.917829,38.125172],[-103.918687,38.125542],[-103.919903,38.127531],[-103.920152,38.129274],[-103.920498,38.129459],[-103.921055,38.129504],[-103.923399,38.130424],[-103.92593,38.129646],[-103.927608,38.128469],[-103.929041,38.127328],[-103.93012,38.125005],[-103.930879,38.124762],[-103.931563,38.124726],[-103.93279,38.124431],[-103.933989,38.124417],[-103.935068,38.124804],[-103.936724,38.125005],[-103.940467,38.125898],[-103.944586,38.126687],[-103.948232,38.128158],[-103.949777,38.129004],[-103.95127,38.130204],[-103.952461,38.130545],[-103.954947,38.130812],[-103.960155,38.130401],[-103.963053,38.130889],[-103.966785,38.131674],[-103.97003,38.131617],[-103.974378,38.132119],[-103.976407,38.13299],[-103.976957,38.134348],[-103.976678,38.135205],[-103.976337,38.135348],[-103.975492,38.136607],[-103.974804,38.137182],[-103.974128,38.138627],[-103.974209,38.139233],[-103.974991,38.140336],[-103.975991,38.140808],[-103.977753,38.141068],[-103.980704,38.140579],[-103.982707,38.140667],[-103.984213,38.140914],[-103.987599,38.142776],[-103.991203,38.145433],[-103.993246,38.146353],[-103.994696,38.146654],[-103.995925,38.146585],[-103.998287,38.146256],[-103.999228,38.145783],[-103.999723,38.145144],[-104.000462,38.143914],[-104.000968,38.143332],[-104.002074,38.142837],[-104.002561,38.14277],[-104.005106,38.143541],[-104.006536,38.144463],[-104.007138,38.145174],[-104.007751,38.145547],[-104.009122,38.145759],[-104.010227,38.145737],[-104.010965,38.145463],[-104.011795,38.144989],[-104.013417,38.143773],[-104.01439,38.143333],[-104.015061,38.142809],[-104.017834,38.142058],[-104.019435,38.141858],[-104.020732,38.141299],[-104.022159,38.140951],[-104.02719,38.140489],[-104.031747,38.14051],[-104.033128,38.140577],[-104.034263,38.140797],[-104.036216,38.141397],[-104.037321,38.141495],[-104.04291,38.141504],[-104.043984,38.141594],[-104.045958,38.141313],[-104.047045,38.141389],[-104.047564,38.142285],[-104.047446,38.142885],[-104.047584,38.144026],[-104.047913,38.145238],[-104.049179,38.146273],[-104.050406,38.146549],[-104.051082,38.146518],[-104.05358,38.146182],[-104.055954,38.146019],[-104.058242,38.146492],[-104.058375,38.165619],[-104.05823,38.174079],[-104.058349,38.178716],[-104.058326,38.187124],[-104.058451,38.199961],[-104.058298,38.225828],[-104.058488,38.252205],[-104.058403,38.260813],[-104.058243,38.261299],[-104.057902,38.261612],[-104.055075,38.26165],[-104.054812,38.261728],[-104.054725,38.261864],[-104.055424,38.323657],[-104.055838,38.375195],[-104.055937,38.403022],[-104.056137,38.413465],[-104.05635,38.435742],[-104.055594,38.465164],[-104.055235,38.473332],[-104.055017,38.484117],[-104.054712,38.491898],[-104.054552,38.507219],[-104.054193,38.519611],[-104.053921,38.522393],[-104.083468,38.522434],[-104.090179,38.522004],[-104.124347,38.521746],[-104.128772,38.521832],[-104.150152,38.521732],[-104.152501,38.521902],[-104.159405,38.522133],[-104.165285,38.522271],[-104.169542,38.522247],[-104.193522,38.521834],[-104.251568,38.521268],[-104.275471,38.521133],[-104.275257,38.652381],[-104.275073,38.691968],[-104.273945,38.691703],[-104.27404,38.692054],[-104.273913,38.692086],[-104.273476,38.692915],[-104.274129,38.693353],[-104.274261,38.693835],[-104.274173,38.695104],[-104.275748,38.699179],[-104.276302,38.700141],[-104.276361,38.700438],[-104.276944,38.70156],[-104.277177,38.702407],[-104.277586,38.703048],[-104.277644,38.703437],[-104.277469,38.703575],[-104.276241,38.705451],[-104.275305,38.707168],[-104.275276,38.707557],[-104.27485,38.708224],[-104.273482,38.70822],[-104.274388,38.722456],[-104.276791,38.778156],[-104.276781,38.781439],[-104.313743,38.781304],[-104.313666,38.79563],[-104.313478,38.795631],[-104.313558,38.810154],[-104.313772,38.810629],[-104.313659,38.816473],[-104.313786,38.823859],[-104.313699,38.85338],[-104.280484,38.853205],[-104.277716,38.85324],[-104.277657,38.874657],[-104.280534,38.874653],[-104.28246,38.874426],[-104.282985,38.87422],[-104.283393,38.873832],[-104.284696,38.87061],[-104.285277,38.869696],[-104.286005,38.868966],[-104.286266,38.868417],[-104.286872,38.866565],[-104.287832,38.865356],[-104.288997,38.864441],[-104.289989,38.863871],[-104.29112,38.863353],[-104.291793,38.863161],[-104.292459,38.863981],[-104.293097,38.864483],[-104.293709,38.864687],[-104.298743,38.865245],[-104.30439,38.865595],[-104.30509,38.865848],[-104.308442,38.867796],[-104.310426,38.868554],[-104.312672,38.869608],[-104.313061,38.869703],[-104.313638,38.869664],[-104.313974,38.86944],[-104.314917,38.867936],[-104.315128,38.867046],[-104.315349,38.866561],[-104.315776,38.866252],[-104.316608,38.866007],[-104.317452,38.865365],[-104.318263,38.864991],[-104.31921,38.865371],[-104.319328,38.865619],[-104.319434,38.866017],[-104.319444,38.867769],[-104.351551,38.867451],[-104.351064,38.881992],[-104.332654,38.882015],[-104.332018,38.910092],[-104.332012,38.910759],[-104.332121,38.911049],[-104.331993,38.911053],[-104.331588,38.925534],[-104.350172,38.925304],[-104.350146,38.927053],[-104.349812,38.939715],[-104.331392,38.939902],[-104.331003,38.954298],[-104.344285,38.954152],[-104.367867,38.954055],[-104.367752,38.95983],[-104.367917,38.971144],[-104.36792,38.997526],[-104.386332,38.997218],[-104.386292,39.005277],[-104.386428,39.026218],[-104.404752,39.026191],[-104.404838,39.041041],[-104.480146,39.042469],[-104.483926,39.042519],[-104.486263,39.042392],[-104.487344,39.042452],[-104.489938,39.042798],[-104.54808,39.042547],[-104.548094,39.048954],[-104.548023,39.049457],[-104.547958,39.060143],[-104.547956,39.078066],[-104.548259,39.079243],[-104.549627,39.082259],[-104.550382,39.084214],[-104.55212,39.089327],[-104.552319,39.090559],[-104.551765,39.129427],[-104.582645,39.129457],[-104.591595,39.12939],[-104.612486,39.129434],[-104.621866,39.1298],[-104.622311,39.129796],[-104.624279,39.129485],[-104.628124,39.12944],[-104.634325,39.12948],[-104.63499,39.129513],[-104.63522,39.129591],[-104.637448,39.129487],[-104.661958,39.129512],[-104.665017,39.129585],[-104.671022,39.129479],[-104.732677,39.129615],[-104.735546,39.12967],[-104.776048,39.129644],[-104.784572,39.129714],[-104.802314,39.129676],[-104.816778,39.129764],[-104.825257,39.129715],[-104.849109,39.13001],[-104.868471,39.129835],[-104.877773,39.129963],[-104.896079,39.12998],[-104.902945,39.129935],[-104.903088,39.129808],[-104.903002,39.129934],[-105.000551,39.13004],[-105.033577,39.129783],[-105.033573,39.12971],[-105.069672,39.129735],[-105.120947,39.129636],[-105.218239,39.129521],[-105.293142,39.129579],[-105.329445,39.129487],[-105.32922,39.129689]]]}},{"type":"Feature","properties":{"d":5,"label":[-104.6302,38.76226],"area":1474.2},"geometry":{"type":"Polygon","coordinates":[[[-105.072529,38.8084],[-105.072371,38.811087],[-105.071637,38.81944],[-105.06766,38.858991],[-105.067909,38.859384],[-105.067951,38.859881],[-105.067409,38.862153],[-105.067559,38.86267],[-105.067423,38.863998],[-105.066441,38.869177],[-105.055027,38.869094],[-105.047369,38.868855],[-105.028633,38.86873],[-105.028314,38.883243],[-105.027719,38.897722],[-105.027881,38.912214],[-105.027393,38.926696],[-105.027342,38.930811],[-105.018262,38.931057],[-105.018288,38.926892],[-105.011645,38.927142],[-105.009242,38.927137],[-105.009274,38.928835],[-105.009221,38.929111],[-105.008922,38.929269],[-105.009147,38.9295],[-105.008955,38.934395],[-105.013661,38.934296],[-105.013472,38.937475],[-105.013405,38.941403],[-105.018083,38.941425],[-105.018196,38.941557],[-105.018435,38.941433],[-105.027212,38.941615],[-105.027041,38.956567],[-105.02733,38.966471],[-105.0273,38.985375],[-105.029945,38.999632],[-105.027691,39.01485],[-105.027139,39.028954],[-105.033473,39.129783],[-105.000551,39.13004],[-104.903002,39.129934],[-104.903088,39.129808],[-104.902945,39.129935],[-104.896079,39.12998],[-104.877773,39.129963],[-104.868471,39.129835],[-104.849109,39.13001],[-104.825257,39.129715],[-104.816778,39.129764],[-104.802314,39.129676],[-104.784572,39.129714],[-104.776048,39.129644],[-104.735546,39.12967],[-104.732677,39.129615],[-104.671022,39.129479],[-104.665017,39.129585],[-104.661958,39.129512],[-104.637448,39.129487],[-104.63522,39.129591],[-104.63499,39.129513],[-104.634325,39.12948],[-104.628124,39.12944],[-104.624279,39.129485],[-104.622311,39.129796],[-104.621866,39.1298],[-104.612486,39.129434],[-104.591595,39.12939],[-104.582645,39.129457],[-104.551765,39.129427],[-104.552319,39.090559],[-104.55212,39.089327],[-104.550382,39.084214],[-104.549627,39.082259],[-104.548259,39.079243],[-104.547956,39.078066],[-104.547958,39.060143],[-104.548023,39.049457],[-104.548094,39.048954],[-104.54808,39.042547],[-104.489938,39.042798],[-104.487344,39.042452],[-104.486263,39.042392],[-104.483926,39.042519],[-104.480146,39.042469],[-104.404838,39.041041],[-104.404752,39.026191],[-104.386428,39.026218],[-104.386292,39.005277],[-104.386332,38.997218],[-104.36792,38.997526],[-104.367917,38.971144],[-104.367752,38.95983],[-104.367867,38.954055],[-104.344285,38.954152],[-104.331003,38.954298],[-104.331392,38.939902],[-104.349812,38.939715],[-104.350146,38.927053],[-104.350172,38.925304],[-104.331588,38.925534],[-104.331993,38.911053],[-104.332121,38.911049],[-104.332012,38.910759],[-104.332018,38.910092],[-104.332654,38.882015],[-104.351064,38.881992],[-104.351551,38.867451],[-104.319444,38.867769],[-104.319434,38.866017],[-104.319328,38.865619],[-104.31921,38.865371],[-104.318263,38.864991],[-104.317452,38.865365],[-104.316608,38.866007],[-104.315776,38.866252],[-104.315349,38.866561],[-104.315128,38.867046],[-104.314917,38.867936],[-104.313974,38.86944],[-104.313638,38.869664],[-104.313061,38.869703],[-104.312672,38.869608],[-104.310426,38.868554],[-104.308442,38.867796],[-104.30509,38.865848],[-104.30439,38.865595],[-104.298743,38.865245],[-104.293709,38.864687],[-104.293097,38.864483],[-104.292459,38.863981],[-104.291793,38.863161],[-104.29112,38.863353],[-104.289989,38.863871],[-104.288997,38.864441],[-104.287832,38.865356],[-104.286872,38.866565],[-104.286266,38.868417],[-104.286005,38.868966],[-104.285277,38.869696],[-104.284696,38.87061],[-104.283393,38.873832],[-104.282985,38.87422],[-104.28246,38.874426],[-104.280534,38.874653],[-104.277657,38.874657],[-104.277716,38.85324],[-104.280484,38.853205],[-104.313699,38.85338],[-104.313786,38.823859],[-104.313659,38.816473],[-104.313772,38.810629],[-104.313558,38.810154],[-104.313478,38.795631],[-104.313666,38.79563],[-104.313743,38.781304],[-104.276781,38.781439],[-104.276791,38.778156],[-104.274388,38.722456],[-104.273482,38.70822],[-104.27485,38.708224],[-104.275276,38.707557],[-104.275305,38.707168],[-104.276241,38.705451],[-104.277469,38.703575],[-104.277644,38.703437],[-104.277586,38.703048],[-104.277177,38.702407],[-104.276944,38.70156],[-104.276361,38.700438],[-104.276302,38.700141],[-104.275748,38.699179],[-104.274173,38.695104],[-104.274261,38.693835],[-104.274129,38.693353],[-104.273476,38.692915],[-104.273913,38.692086],[-104.27404,38.692054],[-104.273945,38.691703],[-104.275073,38.691968],[-104.275257,38.652381],[-104.275471,38.521133],[-104.298515,38.520991],[-104.354184,38.520804],[-104.375521,38.520607],[-104.381807,38.520733],[-104.392169,38.520663],[-104.396113,38.520703],[-104.400231,38.520614],[-104.408795,38.520572],[-104.410798,38.520617],[-104.413118,38.520461],[-104.42286,38.520338],[-104.428553,38.520325],[-104.440198,38.520456],[-104.456486,38.520329],[-104.479992,38.52029],[-104.486359,38.520215],[-104.500523,38.519898],[-104.532637,38.519843],[-104.567087,38.520001],[-104.573719,38.519939],[-104.590997,38.520004],[-104.604108,38.520298],[-104.62643,38.519927],[-104.660376,38.519754],[-104.684322,38.51944],[-104.74135,38.519652],[-104.75053,38.519871],[-104.770579,38.519839],[-104.787217,38.520119],[-104.796104,38.520165],[-104.798122,38.519984],[-104.815976,38.520029],[-104.819968,38.519937],[-104.823165,38.519779],[-104.826057,38.519775],[-104.836167,38.51998],[-104.86615,38.519857],[-104.866674,38.520017],[-104.881971,38.520088],[-104.888343,38.519909],[-104.895683,38.5203],[-104.932949,38.520286],[-104.941582,38.519566],[-104.941824,38.535601],[-104.94213,38.567541],[-104.942528,38.624993],[-104.942203,38.649892],[-104.942323,38.664447],[-104.942195,38.671749],[-104.942229,38.696268],[-104.939715,38.696319],[-104.939528,38.703482],[-104.938961,38.710524],[-104.939376,38.749988],[-104.939492,38.782382],[-104.939869,38.796543],[-104.948775,38.798559],[-104.958047,38.798365],[-104.975082,38.798275],[-104.994688,38.79855],[-105.01555,38.797821],[-105.029011,38.798053],[-105.054363,38.799475],[-105.072184,38.799382],[-105.072457,38.805007],[-105.072529,38.8084]]]}},{"type":"Feature","properties":{"d":6,"label":[-104.78569,39.70938],"area":311.0},"geometry":{"type":"Polygon","coordinates":[[[-105.157331,39.598047],[-105.156097,39.599733],[-105.156317,39.600319],[-105.155929,39.600512],[-105.155212,39.60117],[-105.154992,39.60128],[-105.154495,39.601291],[-105.153117,39.601675],[-105.152939,39.601692],[-105.152755,39.601587],[-105.152457,39.601565],[-105.152152,39.601131],[-105.151704,39.601027],[-105.151449,39.600807],[-105.151506,39.600181],[-105.150874,39.599532],[-105.150612,39.598868],[-105.150626,39.598708],[-105.15091,39.598659],[-105.150904,39.59817],[-105.150755,39.598016],[-105.150421,39.597972],[-105.14996,39.597406],[-105.149705,39.596582],[-105.149264,39.596264],[-105.149236,39.595918],[-105.148811,39.594857],[-105.148612,39.594588],[-105.148165,39.594297],[-105.148066,39.593736],[-105.147789,39.593473],[-105.147825,39.592896],[-105.146648,39.591011],[-105.146563,39.590698],[-105.145874,39.590055],[-105.145953,39.589753],[-105.145243,39.589775],[-105.144263,39.589385],[-105.143284,39.589544],[-105.142524,39.589516],[-105.1418,39.589642],[-105.141296,39.589351],[-105.140927,39.589334],[-105.140103,39.589691],[-105.139741,39.589987],[-105.138889,39.589921],[-105.137776,39.589545],[-105.137385,39.589084],[-105.137211,39.589141],[-105.135588,39.589156],[-105.134516,39.589436],[-105.133344,39.589891],[-105.132975,39.589869],[-105.132698,39.58999],[-105.131974,39.590017],[-105.131456,39.590258],[-105.130689,39.590307],[-105.129396,39.590762],[-105.129027,39.59063],[-105.128402,39.590855],[-105.127647,39.590743],[-105.126784,39.590991],[-105.126178,39.591404],[-105.126073,39.591645],[-105.125768,39.591815],[-105.125725,39.59204],[-105.12559,39.59215],[-105.125254,39.592189],[-105.12475,39.592376],[-105.124132,39.592277],[-105.123152,39.592245],[-105.122684,39.592322],[-105.121123,39.593151],[-105.120342,39.593394],[-105.11976,39.593779],[-105.119497,39.593839],[-105.118816,39.593867],[-105.118603,39.593746],[-105.116998,39.593599],[-105.116402,39.593709],[-105.116168,39.593863],[-105.115727,39.593896],[-105.115117,39.593633],[-105.114889,39.593633],[-105.114406,39.593353],[-105.114059,39.593369],[-105.113555,39.593545],[-105.112589,39.59337],[-105.11217,39.593425],[-105.111765,39.593294],[-105.11129,39.593266],[-105.110821,39.593124],[-105.110601,39.593168],[-105.110172,39.593044],[-105.109975,39.609734],[-105.098645,39.609777],[-105.09133,39.609691],[-105.084848,39.609751],[-105.075799,39.609702],[-105.072532,39.609779],[-105.058915,39.609841],[-105.054544,39.609802],[-105.053625,39.609665],[-105.053611,39.613861],[-105.053763,39.614273],[-105.054892,39.614279],[-105.05493,39.614096],[-105.05493,39.614314],[-105.056114,39.614695],[-105.056763,39.615065],[-105.057485,39.615364],[-105.057684,39.615659],[-105.057684,39.616686],[-105.05808,39.617503],[-105.05712,39.619368],[-105.056489,39.619918],[-105.057386,39.620492],[-105.05724,39.620914],[-105.056273,39.621104],[-105.055349,39.621054],[-105.054338,39.620824],[-105.053516,39.620864],[-105.053483,39.624253],[-105.055809,39.624244],[-105.05578,39.625998],[-105.05344,39.627714],[-105.053457,39.629526],[-105.055505,39.630699],[-105.057009,39.631679],[-105.059297,39.634333],[-105.059457,39.634662],[-105.059541,39.635375],[-105.058996,39.638177],[-105.059138,39.638243],[-105.059045,39.63876],[-105.053342,39.63877],[-105.05338,39.635341],[-105.053294,39.634902],[-105.05341,39.631504],[-105.044139,39.631456],[-105.044161,39.628039],[-105.043524,39.627885],[-105.042807,39.627579],[-105.042301,39.628036],[-105.041744,39.627672],[-105.041356,39.628026],[-105.040936,39.627749],[-105.040654,39.628009],[-105.040279,39.627758],[-105.040062,39.628061],[-105.039559,39.627851],[-105.038005,39.626836],[-105.036802,39.628129],[-105.036283,39.627919],[-105.035813,39.627838],[-105.034822,39.627809],[-105.034821,39.628176],[-105.03342,39.628179],[-105.031101,39.627791],[-105.02932,39.627792],[-105.027179,39.628412],[-105.025422,39.628558],[-105.02536,39.631445],[-105.026942,39.631563],[-105.028895,39.632343],[-105.029656,39.632367],[-105.030018,39.632941],[-105.030059,39.633183],[-105.034756,39.633177],[-105.034707,39.638593],[-105.029998,39.638575],[-105.029927,39.640176],[-105.02998,39.642819],[-105.032797,39.642808],[-105.032729,39.643674],[-105.03466,39.643711],[-105.034615,39.653276],[-105.032162,39.653276],[-105.032089,39.655905],[-105.032393,39.656506],[-105.033076,39.656954],[-105.023003,39.656804],[-105.022982,39.660496],[-105.0158,39.660508],[-105.015696,39.678684],[-105.008664,39.678627],[-105.008637,39.67678],[-105.006357,39.676759],[-105.006321,39.6677],[-105.007278,39.665446],[-105.007752,39.664605],[-105.010941,39.660507],[-105.004395,39.660484],[-105.004626,39.660802],[-105.00484,39.661672],[-105.004886,39.663685],[-105.00407,39.665527],[-105.003969,39.666255],[-105.003578,39.666611],[-105.000355,39.667728],[-104.973486,39.667684],[-104.973489,39.665866],[-104.968805,39.665839],[-104.968785,39.660417],[-104.963084,39.660371],[-104.96307,39.661559],[-104.959443,39.661526],[-104.959485,39.656691],[-104.953788,39.656683],[-104.953541,39.655957],[-104.954375,39.655886],[-104.954983,39.652987],[-104.931703,39.653044],[-104.931873,39.645826],[-104.92246,39.645849],[-104.913227,39.638669],[-104.913407,39.624083],[-104.885264,39.624129],[-104.88512,39.638948],[-104.881621,39.640669],[-104.881449,39.640671],[-104.881446,39.640763],[-104.880332,39.64131],[-104.880313,39.645902],[-104.880239,39.645993],[-104.880246,39.647751],[-104.880086,39.650773],[-104.88014,39.653057],[-104.877,39.65305],[-104.875454,39.651466],[-104.875573,39.64499],[-104.874102,39.645534],[-104.872921,39.645854],[-104.871188,39.646229],[-104.870048,39.646284],[-104.869107,39.646737],[-104.868196,39.647068],[-104.854864,39.654754],[-104.85405,39.65515],[-104.852312,39.655768],[-104.848621,39.656595],[-104.847922,39.656809],[-104.847296,39.657102],[-104.8486,39.657096],[-104.848678,39.659218],[-104.853367,39.65998],[-104.854392,39.6603],[-104.855437,39.660804],[-104.855894,39.660482],[-104.856441,39.66034],[-104.866334,39.660309],[-104.866203,39.661762],[-104.866174,39.667515],[-104.866051,39.670847],[-104.870882,39.674764],[-104.875291,39.674766],[-104.875312,39.672062],[-104.877459,39.672066],[-104.876608,39.671402],[-104.876355,39.671095],[-104.875436,39.668956],[-104.87538,39.668651],[-104.875543,39.664888],[-104.875793,39.664305],[-104.876211,39.663932],[-104.879525,39.663927],[-104.885164,39.667566],[-104.890458,39.667578],[-104.889668,39.666285],[-104.88904,39.665775],[-104.888352,39.665674],[-104.890204,39.66451],[-104.890764,39.664956],[-104.890824,39.664903],[-104.893296,39.666899],[-104.894024,39.667589],[-104.903509,39.667624],[-104.903579,39.676675],[-104.905056,39.678032],[-104.906026,39.678431],[-104.912811,39.678461],[-104.912891,39.678544],[-104.912905,39.679135],[-104.912739,39.679138],[-104.912808,39.680046],[-104.911905,39.679891],[-104.911916,39.682079],[-104.908205,39.68207],[-104.908207,39.683871],[-104.905191,39.683862],[-104.905223,39.686058],[-104.904374,39.685423],[-104.903443,39.684857],[-104.903538,39.687376],[-104.901441,39.687358],[-104.900167,39.686842],[-104.89701,39.686819],[-104.897008,39.686011],[-104.896581,39.684363],[-104.896583,39.683634],[-104.894041,39.683628],[-104.894046,39.682061],[-104.889308,39.682056],[-104.889311,39.683805],[-104.891527,39.68569],[-104.894058,39.685694],[-104.894092,39.692874],[-104.894176,39.69296],[-104.898801,39.692975],[-104.898796,39.691387],[-104.898128,39.690697],[-104.898784,39.690702],[-104.89881,39.689341],[-104.903512,39.689354],[-104.903511,39.69297],[-104.900115,39.692985],[-104.903507,39.696622],[-104.903544,39.698535],[-104.899757,39.69715],[-104.900379,39.69655],[-104.899642,39.69576],[-104.899545,39.695817],[-104.899426,39.695748],[-104.899099,39.695395],[-104.896814,39.696588],[-104.894766,39.696597],[-104.894766,39.69587],[-104.894092,39.695868],[-104.894099,39.696596],[-104.887248,39.696566],[-104.884323,39.696485],[-104.882313,39.696573],[-104.87772,39.696508],[-104.877728,39.698438],[-104.875318,39.698438],[-104.875309,39.696505],[-104.87193,39.69647],[-104.865962,39.696559],[-104.865964,39.699279],[-104.867133,39.69928],[-104.867136,39.700188],[-104.868309,39.700192],[-104.868301,39.698371],[-104.870662,39.698377],[-104.870648,39.700535],[-104.870096,39.700688],[-104.869393,39.701089],[-104.869426,39.701319],[-104.868662,39.703008],[-104.868556,39.703109],[-104.865967,39.703807],[-104.865971,39.711053],[-104.870625,39.710174],[-104.870596,39.718176],[-104.87432,39.718201],[-104.874947,39.71845],[-104.875277,39.718805],[-104.875342,39.718944],[-104.87533,39.725576],[-104.87999,39.725604],[-104.88117,39.725341],[-104.881934,39.72496],[-104.884732,39.727887],[-104.886613,39.729219],[-104.885248,39.730086],[-104.884933,39.730442],[-104.884711,39.73093],[-104.884664,39.747467],[-104.879971,39.747438],[-104.879901,39.754735],[-104.84694,39.754687],[-104.846916,39.755241],[-104.847716,39.75524],[-104.848002,39.755449],[-104.848208,39.756419],[-104.850786,39.756743],[-104.852036,39.757313],[-104.853489,39.75762],[-104.854351,39.758062],[-104.854862,39.757844],[-104.855016,39.757926],[-104.85552,39.757796],[-104.856338,39.758127],[-104.856394,39.768581],[-104.837614,39.767169],[-104.835253,39.766881],[-104.832972,39.766391],[-104.833009,39.769177],[-104.828173,39.769156],[-104.828185,39.772784],[-104.781577,39.772795],[-104.78156,39.776483],[-104.772157,39.776409],[-104.772166,39.7715],[-104.764559,39.771568],[-104.764574,39.769188],[-104.753442,39.769302],[-104.734601,39.769181],[-104.734399,39.798442],[-104.745423,39.79851],[-104.74781,39.798454],[-104.762606,39.798433],[-104.762841,39.800014],[-104.762646,39.801589],[-104.762652,39.809221],[-104.762554,39.811147],[-104.762592,39.820164],[-104.762462,39.823443],[-104.722675,39.823178],[-104.717096,39.823219],[-104.666062,39.822791],[-104.666182,39.813075],[-104.655445,39.812999],[-104.65539,39.822605],[-104.62499,39.822491],[-104.619799,39.822417],[-104.619743,39.826852],[-104.611068,39.826803],[-104.5721,39.826218],[-104.555314,39.82605],[-104.544221,39.825818],[-104.489294,39.825005],[-104.489297,39.795959],[-104.489134,39.767137],[-104.489011,39.767007],[-104.488704,39.766983],[-104.470669,39.766762],[-104.470713,39.758306],[-104.470469,39.756909],[-104.470724,39.756269],[-104.470924,39.738438],[-104.508042,39.738502],[-104.522707,39.738812],[-104.526952,39.739317],[-104.526901,39.745863],[-104.526975,39.755218],[-104.53277,39.755119],[-104.534464,39.754978],[-104.545793,39.753246],[-104.545785,39.745215],[-104.541018,39.745174],[-104.541018,39.746052],[-104.536388,39.745987],[-104.536399,39.739383],[-104.545779,39.739583],[-104.54578,39.740663],[-104.548165,39.740701],[-104.548167,39.739626],[-104.563442,39.739932],[-104.564508,39.740301],[-104.56451,39.739657],[-104.582577,39.739871],[-104.582488,39.739636],[-104.602222,39.739878],[-104.602219,39.740063],[-104.601333,39.740619],[-104.601181,39.741012],[-104.601146,39.744434],[-104.589114,39.746341],[-104.589581,39.747102],[-104.590013,39.74758],[-104.592546,39.746869],[-104.592814,39.747149],[-104.595188,39.746924],[-104.595155,39.750518],[-104.592792,39.750489],[-104.592585,39.751058],[-104.592868,39.751385],[-104.593134,39.751539],[-104.594086,39.751702],[-104.59436,39.751858],[-104.595152,39.752048],[-104.595573,39.752536],[-104.595765,39.753005],[-104.59652,39.753532],[-104.603021,39.753906],[-104.612384,39.753935],[-104.612436,39.747017],[-104.617962,39.747036],[-104.617395,39.746527],[-104.617345,39.746373],[-104.617722,39.746076],[-104.618277,39.745982],[-104.618398,39.745812],[-104.61812,39.745565],[-104.617422,39.745428],[-104.617137,39.744977],[-104.621847,39.74468],[-104.621861,39.741333],[-104.615428,39.742348],[-104.614275,39.7412],[-104.613904,39.740931],[-104.613603,39.739982],[-104.616197,39.740004],[-104.61616,39.739805],[-104.622047,39.739849],[-104.622053,39.725472],[-104.623597,39.725536],[-104.624307,39.725354],[-104.625479,39.725586],[-104.628704,39.725663],[-104.640433,39.725592],[-104.640748,39.725533],[-104.650126,39.725534],[-104.65008,39.738923],[-104.640653,39.737761],[-104.640651,39.737692],[-104.640502,39.737745],[-104.638779,39.737554],[-104.637575,39.737554],[-104.63759,39.737906],[-104.638906,39.737883],[-104.656225,39.73999],[-104.660268,39.740298],[-104.665775,39.740093],[-104.678247,39.739994],[-104.678274,39.736442],[-104.668891,39.736412],[-104.66894,39.725709],[-104.65953,39.725714],[-104.659535,39.718315],[-104.650183,39.718353],[-104.650227,39.711334],[-104.641017,39.711441],[-104.622058,39.710788],[-104.621927,39.696346],[-104.622103,39.691016],[-104.621759,39.691188],[-104.620727,39.691297],[-104.619736,39.69108],[-104.619311,39.690815],[-104.618987,39.690519],[-104.618724,39.69013],[-104.618582,39.689695],[-104.618562,39.68929],[-104.618683,39.688886],[-104.618886,39.688574],[-104.619149,39.688457],[-104.612742,39.688454],[-104.612733,39.689027],[-104.603396,39.688997],[-104.603363,39.696238],[-104.593268,39.69609],[-104.593157,39.703343],[-104.583639,39.703211],[-104.584314,39.666991],[-104.603523,39.66725],[-104.608194,39.667198],[-104.614759,39.667248],[-104.614758,39.667913],[-104.6155,39.667916],[-104.615513,39.667252],[-104.645654,39.667408],[-104.678777,39.667408],[-104.69753,39.667542],[-104.697533,39.667322],[-104.716163,39.667524],[-104.725537,39.667512],[-104.725708,39.638635],[-104.719445,39.638653],[-104.719428,39.638549],[-104.727831,39.638557],[-104.735058,39.638452],[-104.734896,39.652975],[-104.737177,39.65304],[-104.750287,39.653058],[-104.750289,39.652929],[-104.75247,39.652914],[-104.752308,39.651698],[-104.752348,39.649249],[-104.752546,39.648957],[-104.752861,39.648772],[-104.753732,39.648706],[-104.753915,39.642395],[-104.754191,39.638465],[-104.753893,39.638478],[-104.753833,39.637312],[-104.753997,39.624002],[-104.738231,39.623976],[-104.738265,39.622836],[-104.738699,39.621496],[-104.738704,39.618685],[-104.738853,39.618098],[-104.739102,39.61771],[-104.739564,39.6173],[-104.740989,39.616559],[-104.74058,39.616039],[-104.74268,39.615038],[-104.743269,39.614641],[-104.743424,39.614412],[-104.743252,39.613448],[-104.742899,39.613363],[-104.742723,39.61317],[-104.742502,39.612025],[-104.742372,39.61176],[-104.741256,39.612087],[-104.740761,39.61208],[-104.740427,39.61199],[-104.739958,39.611691],[-104.737997,39.609642],[-104.737683,39.609423],[-104.737168,39.609297],[-104.735342,39.609282],[-104.735376,39.605442],[-104.733065,39.606073],[-104.733073,39.606176],[-104.732492,39.606306],[-104.731689,39.606312],[-104.730707,39.606093],[-104.729498,39.605556],[-104.727694,39.604565],[-104.725419,39.602176],[-104.725024,39.601882],[-104.72383,39.601418],[-104.723021,39.601342],[-104.722092,39.601458],[-104.718304,39.602436],[-104.717632,39.602493],[-104.716747,39.602441],[-104.716665,39.609421],[-104.716793,39.609423],[-104.716716,39.61667],[-104.716613,39.616668],[-104.716513,39.624448],[-104.716345,39.624451],[-104.716297,39.629392],[-104.712889,39.629383],[-104.712864,39.631522],[-104.710912,39.631516],[-104.710915,39.63119],[-104.697751,39.631157],[-104.697757,39.626481],[-104.694213,39.626484],[-104.691613,39.623795],[-104.691621,39.623094],[-104.68347,39.62311],[-104.683464,39.62031],[-104.679155,39.620324],[-104.679026,39.638194],[-104.683865,39.638189],[-104.683908,39.634353],[-104.686503,39.634351],[-104.686466,39.638337],[-104.679946,39.638327],[-104.67994,39.6385],[-104.679012,39.638495],[-104.678801,39.652873],[-104.659964,39.652938],[-104.66026,39.638417],[-104.660414,39.62391],[-104.654786,39.62396],[-104.654803,39.620874],[-104.651122,39.616661],[-104.651596,39.615523],[-104.651782,39.613048],[-104.654609,39.613879],[-104.653781,39.611633],[-104.650932,39.608695],[-104.652726,39.606625],[-104.655501,39.60493],[-104.65347,39.602229],[-104.654257,39.600637],[-104.656567,39.599101],[-104.656561,39.597991],[-104.658659,39.595931],[-104.659424,39.594933],[-104.660759,39.594929],[-104.660665,39.580372],[-104.660783,39.574349],[-104.642013,39.574308],[-104.642125,39.56589],[-104.679311,39.5659],[-104.679458,39.563003],[-104.679556,39.550707],[-104.692462,39.550823],[-104.717862,39.551207],[-104.730143,39.551181],[-104.736728,39.551261],[-104.736628,39.565888],[-104.746045,39.565902],[-104.746164,39.558691],[-104.755608,39.558824],[-104.755593,39.559747],[-104.756516,39.559743],[-104.756531,39.558823],[-104.768173,39.558818],[-104.768399,39.559327],[-104.7687,39.559714],[-104.769081,39.560023],[-104.769522,39.560236],[-104.772216,39.56106],[-104.773382,39.561171],[-104.774429,39.561092],[-104.774389,39.565847],[-104.78454,39.56585],[-104.784585,39.565942],[-104.794116,39.56599],[-104.799778,39.565943],[-104.855333,39.565988],[-104.860665,39.56605],[-104.867124,39.56598],[-104.87657,39.566035],[-104.882385,39.56595],[-104.922744,39.566066],[-104.941705,39.566025],[-104.960972,39.566155],[-104.971802,39.566064],[-105.040285,39.56619],[-105.040988,39.56609],[-105.04874,39.566088],[-105.051366,39.563257],[-105.054272,39.562997],[-105.057252,39.562306],[-105.058257,39.560379],[-105.060714,39.559941],[-105.06064,39.557888],[-105.06113,39.556906],[-105.063798,39.555239],[-105.06427,39.55531],[-105.064312,39.555254],[-105.063884,39.554743],[-105.06424,39.554188],[-105.065672,39.553346],[-105.066735,39.550499],[-105.070308,39.547896],[-105.071385,39.546429],[-105.073045,39.545265],[-105.079364,39.545979],[-105.08125,39.545845],[-105.082548,39.545922],[-105.083307,39.545818],[-105.083812,39.545671],[-105.085559,39.54575],[-105.086226,39.545629],[-105.087674,39.546101],[-105.088398,39.546216],[-105.088696,39.546333],[-105.093461,39.536298],[-105.094295,39.536455],[-105.094393,39.53627],[-105.11101,39.536173],[-105.111007,39.547146],[-105.10689,39.547159],[-105.107796,39.547825],[-105.109414,39.548484],[-105.110323,39.549016],[-105.11094,39.549263],[-105.111302,39.549559],[-105.111785,39.549806],[-105.112381,39.550427],[-105.113801,39.551388],[-105.115909,39.552518],[-105.116612,39.552705],[-105.117464,39.553138],[-105.118443,39.553033],[-105.12033,39.553395],[-105.120713,39.553362],[-105.121763,39.552828],[-105.122288,39.553021],[-105.122672,39.552998],[-105.122728,39.55285],[-105.122586,39.552614],[-105.122685,39.552504],[-105.12309,39.552575],[-105.12353,39.55252],[-105.123764,39.552624],[-105.124112,39.552498],[-105.124098,39.552658],[-105.124684,39.55235],[-105.125166,39.552205],[-105.126945,39.552073],[-105.12872,39.551755],[-105.129576,39.551432],[-105.130698,39.550753],[-105.133792,39.552663],[-105.141107,39.563067],[-105.141862,39.564312],[-105.143909,39.567049],[-105.145037,39.570156],[-105.14527,39.575931],[-105.146863,39.579214],[-105.148099,39.580189],[-105.152463,39.58566],[-105.152531,39.586533],[-105.155686,39.591065],[-105.156424,39.593583],[-105.156156,39.594254],[-105.155753,39.594757],[-105.156424,39.59704],[-105.157331,39.598047]]]}},{"type":"Feature","properties":{"d":7,"label":[-105.76082,38.84556],"area":7199.8},"geometry":{"type":"Polygon","coordinates":[[[-106.599516,39.033788],[-106.598936,39.036768],[-106.597797,39.039249],[-106.597219,39.043675],[-106.597233,39.044821],[-106.594964,39.045397],[-106.589133,39.045582],[-106.584245,39.047187],[-106.58073,39.048717],[-106.577551,39.05321],[-106.578023,39.056254],[-106.577926,39.059072],[-106.57763,39.060598],[-106.576862,39.063369],[-106.57723,39.066154],[-106.577587,39.072758],[-106.579524,39.075574],[-106.579456,39.077536],[-106.57787,39.079081],[-106.577076,39.079437],[-106.580107,39.081751],[-106.583238,39.082959],[-106.584916,39.08483],[-106.586338,39.087743],[-106.586107,39.090578],[-106.586157,39.09405],[-106.583781,39.097904],[-106.580311,39.102164],[-106.578629,39.102844],[-106.576586,39.104001],[-106.574655,39.104278],[-106.573344,39.104424],[-106.570627,39.104193],[-106.570161,39.103515],[-106.568933,39.104009],[-106.5691,39.104768],[-106.568439,39.105205],[-106.566983,39.105061],[-106.563989,39.106041],[-106.563321,39.107268],[-106.563496,39.108243],[-106.564696,39.10908],[-106.564538,39.111979],[-106.564986,39.114007],[-106.563895,39.115748],[-106.560667,39.117898],[-106.558171,39.120223],[-106.558154,39.121991],[-106.558325,39.124237],[-106.559287,39.124656],[-106.559102,39.124988],[-106.559073,39.125799],[-106.559625,39.126505],[-106.560006,39.126782],[-106.560179,39.127122],[-106.560414,39.128448],[-106.561423,39.129205],[-106.563231,39.130912],[-106.563726,39.131199],[-106.563989,39.131845],[-106.564574,39.132422],[-106.564683,39.13294],[-106.564627,39.133392],[-106.564244,39.134237],[-106.56366,39.134581],[-106.563109,39.134715],[-106.562486,39.135898],[-106.561617,39.136596],[-106.560789,39.137471],[-106.560536,39.137824],[-106.560416,39.138454],[-106.560162,39.13892],[-106.5595,39.139684],[-106.559413,39.140096],[-106.55948,39.140605],[-106.559643,39.140881],[-106.559291,39.141888],[-106.558869,39.143581],[-106.558679,39.143847],[-106.558728,39.144097],[-106.559089,39.144309],[-106.559292,39.144755],[-106.559829,39.145017],[-106.560251,39.145342],[-106.560475,39.145756],[-106.560775,39.146783],[-106.56077,39.147308],[-106.561045,39.14777],[-106.560679,39.148075],[-106.560915,39.148367],[-106.560948,39.149134],[-106.560706,39.14952],[-106.561085,39.149967],[-106.561952,39.15044],[-106.562177,39.150676],[-106.562631,39.151947],[-106.562254,39.153301],[-106.561598,39.154533],[-106.561265,39.155677],[-106.560816,39.155885],[-106.558755,39.156518],[-106.557186,39.15671],[-106.556674,39.157038],[-106.556597,39.157498],[-106.556364,39.157949],[-106.554805,39.159167],[-106.554044,39.159396],[-106.553705,39.160072],[-106.552883,39.160269],[-106.552724,39.160567],[-106.552711,39.160858],[-106.552294,39.161057],[-106.552073,39.161306],[-106.551677,39.161465],[-106.550385,39.161013],[-106.549735,39.16067],[-106.548626,39.16055],[-106.54814,39.160361],[-106.546695,39.159609],[-106.545022,39.158872],[-106.544005,39.158857],[-106.543373,39.158732],[-106.542884,39.158882],[-106.541354,39.158307],[-106.538526,39.157894],[-106.538099,39.158012],[-106.536979,39.158918],[-106.536666,39.159037],[-106.536112,39.159437],[-106.536055,39.160858],[-106.535777,39.162585],[-106.535565,39.163027],[-106.535138,39.163146],[-106.534516,39.163126],[-106.533978,39.163001],[-106.533318,39.162569],[-106.532945,39.162567],[-106.532634,39.162468],[-106.53204,39.161769],[-106.531583,39.161807],[-106.531408,39.161652],[-106.531288,39.161224],[-106.529856,39.161206],[-106.527357,39.161021],[-106.526493,39.160353],[-106.525862,39.160163],[-106.525523,39.159806],[-106.52402,39.158754],[-106.523235,39.15837],[-106.522356,39.158146],[-106.521882,39.15782],[-106.521478,39.157664],[-106.52116,39.15733],[-106.520942,39.157353],[-106.520447,39.15798],[-106.519832,39.158226],[-106.519299,39.158602],[-106.518926,39.159488],[-106.518913,39.159698],[-106.517259,39.160059],[-106.516374,39.160336],[-106.515497,39.160823],[-106.515139,39.161305],[-106.513928,39.161919],[-106.513862,39.162258],[-106.513507,39.162498],[-106.512306,39.163176],[-106.511077,39.163532],[-106.50909,39.165917],[-106.508614,39.166681],[-106.508436,39.16777],[-106.508473,39.168142],[-106.508967,39.168541],[-106.509047,39.168873],[-106.508744,39.169993],[-106.50903,39.170367],[-106.509511,39.171928],[-106.509445,39.172291],[-106.509501,39.172784],[-106.509828,39.173271],[-106.509648,39.173609],[-106.51,39.174653],[-106.509717,39.174877],[-106.508216,39.177323],[-106.508304,39.177808],[-106.508208,39.178049],[-106.507875,39.178104],[-106.507396,39.178302],[-106.506726,39.178815],[-106.505792,39.17872],[-106.504803,39.17902],[-106.502649,39.180419],[-106.500584,39.182601],[-106.499607,39.183848],[-106.49939,39.184552],[-106.499319,39.185311],[-106.498991,39.186217],[-106.499007,39.187177],[-106.498792,39.188026],[-106.498743,39.189502],[-106.498216,39.190902],[-106.498317,39.192014],[-106.498172,39.192701],[-106.497735,39.193222],[-106.496327,39.193977],[-106.495836,39.19441],[-106.494893,39.196411],[-106.493649,39.198326],[-106.493798,39.198623],[-106.494229,39.19895],[-106.494516,39.199447],[-106.4946,39.200148],[-106.494165,39.203912],[-106.493779,39.206367],[-106.493871,39.206931],[-106.494717,39.207979],[-106.494954,39.208541],[-106.494854,39.210091],[-106.494342,39.211813],[-106.493619,39.213328],[-106.493282,39.214323],[-106.492943,39.215858],[-106.493666,39.217633],[-106.49387,39.218728],[-106.493869,39.219317],[-106.49373,39.219745],[-106.493394,39.220103],[-106.492777,39.220432],[-106.491951,39.220698],[-106.491808,39.220812],[-106.491688,39.221127],[-106.491901,39.221464],[-106.491823,39.221779],[-106.491366,39.222397],[-106.491258,39.222793],[-106.491463,39.223275],[-106.491887,39.223843],[-106.492146,39.224518],[-106.49226,39.225195],[-106.492154,39.225679],[-106.491818,39.226102],[-106.490504,39.226945],[-106.489749,39.227718],[-106.489711,39.227977],[-106.490215,39.228335],[-106.492721,39.229408],[-106.493309,39.22991],[-106.493936,39.23084],[-106.495094,39.231918],[-106.496302,39.232261],[-106.497257,39.232978],[-106.49874,39.234931],[-106.498903,39.235398],[-106.498788,39.236012],[-106.498168,39.237469],[-106.497993,39.239487],[-106.49746,39.240524],[-106.497383,39.240904],[-106.497597,39.241362],[-106.497649,39.242022],[-106.497349,39.242727],[-106.496778,39.243321],[-106.493972,39.244952],[-106.490569,39.247573],[-106.48872,39.248776],[-106.488251,39.249264],[-106.487695,39.250324],[-106.487396,39.251135],[-106.486907,39.251853],[-106.486847,39.252306],[-106.486347,39.252597],[-106.486206,39.252769],[-106.48637,39.253476],[-106.486154,39.253907],[-106.485134,39.254521],[-106.484017,39.255016],[-106.483127,39.255103],[-106.482968,39.256098],[-106.482943,39.256728],[-106.483119,39.257072],[-106.482977,39.258018],[-106.482493,39.25847],[-106.481226,39.259167],[-106.48106,39.259888],[-106.481359,39.26023],[-106.481738,39.260372],[-106.482359,39.260833],[-106.482812,39.261474],[-106.483006,39.26213],[-106.483064,39.263146],[-106.483272,39.264272],[-106.48407,39.265396],[-106.484016,39.266067],[-106.483762,39.266676],[-106.483605,39.267356],[-106.483417,39.268852],[-106.483722,39.271702],[-106.482954,39.272441],[-106.483292,39.272669],[-106.489829,39.27314],[-106.491056,39.274023],[-106.4913,39.274986],[-106.491943,39.275371],[-106.492777,39.276276],[-106.493229,39.277632],[-106.493632,39.27798],[-106.495322,39.278702],[-106.496247,39.278759],[-106.497109,39.279171],[-106.498544,39.279325],[-106.499257,39.280748],[-106.499926,39.281673],[-106.50081,39.282031],[-106.500999,39.282401],[-106.502436,39.283323],[-106.503042,39.284087],[-106.504031,39.284761],[-106.504359,39.286178],[-106.504308,39.287069],[-106.504601,39.287217],[-106.504581,39.287362],[-106.503268,39.288993],[-106.502867,39.289993],[-106.502973,39.290629],[-106.503298,39.291474],[-106.503597,39.293609],[-106.503561,39.295051],[-106.50284,39.296584],[-106.502925,39.297035],[-106.50269,39.298067],[-106.50238,39.298567],[-106.501872,39.298882],[-106.501832,39.299318],[-106.501647,39.299818],[-106.501108,39.300133],[-106.500953,39.300424],[-106.500585,39.300602],[-106.500362,39.300991],[-106.499898,39.301483],[-106.498749,39.301962],[-106.497645,39.302215],[-106.496178,39.302845],[-106.494234,39.303079],[-106.493589,39.303397],[-106.493212,39.303685],[-106.492515,39.303996],[-106.492765,39.304774],[-106.492604,39.305737],[-106.49185,39.30662],[-106.490588,39.307529],[-106.489746,39.307858],[-106.488984,39.308459],[-106.488501,39.308613],[-106.488148,39.309014],[-106.487431,39.30897],[-106.486965,39.310526],[-106.486399,39.311471],[-106.485121,39.312566],[-106.484104,39.31293],[-106.4827,39.313203],[-106.478763,39.314221],[-106.477732,39.314456],[-106.477296,39.314472],[-106.476224,39.314748],[-106.47612,39.31358],[-106.476205,39.312498],[-106.475377,39.311027],[-106.474787,39.310715],[-106.474299,39.310303],[-106.473986,39.309486],[-106.473356,39.308843],[-106.472878,39.308423],[-106.471352,39.308013],[-106.470726,39.307887],[-106.470094,39.307929],[-106.46956,39.30814],[-106.468723,39.307896],[-106.468272,39.307315],[-106.468071,39.308342],[-106.466964,39.309248],[-106.466736,39.309647],[-106.466809,39.310412],[-106.466691,39.310664],[-106.466127,39.311303],[-106.465862,39.311461],[-106.465512,39.311579],[-106.464812,39.311397],[-106.464022,39.311362],[-106.463382,39.311494],[-106.46253,39.31221],[-106.461482,39.312614],[-106.460572,39.312734],[-106.459728,39.313006],[-106.459076,39.313041],[-106.457206,39.312605],[-106.456564,39.312268],[-106.455865,39.312135],[-106.45536,39.31224],[-106.454715,39.312194],[-106.454219,39.312259],[-106.45374,39.312654],[-106.452746,39.314292],[-106.452653,39.31506],[-106.452389,39.315669],[-106.451668,39.316286],[-106.450652,39.316698],[-106.449522,39.316757],[-106.448472,39.316694],[-106.445825,39.315495],[-106.444053,39.315218],[-106.44254,39.315291],[-106.440602,39.316549],[-106.439771,39.317321],[-106.439317,39.317022],[-106.438223,39.316854],[-106.436647,39.316929],[-106.43549,39.317109],[-106.434514,39.317102],[-106.433657,39.316898],[-106.432731,39.316413],[-106.43246,39.316353],[-106.432085,39.316698],[-106.431931,39.317144],[-106.430924,39.318314],[-106.430615,39.318819],[-106.430422,39.319378],[-106.428957,39.320475],[-106.428741,39.320962],[-106.428325,39.321308],[-106.428017,39.32145],[-106.428001,39.322426],[-106.427772,39.322769],[-106.426947,39.323355],[-106.428071,39.327047],[-106.428703,39.328182],[-106.428751,39.328811],[-106.42863,39.329321],[-106.428754,39.330109],[-106.428592,39.330668],[-106.428641,39.331732],[-106.428866,39.331995],[-106.428813,39.332351],[-106.428663,39.332555],[-106.429085,39.33283],[-106.429375,39.333188],[-106.429524,39.33371],[-106.429438,39.334389],[-106.429047,39.33492],[-106.428663,39.334926],[-106.428451,39.335131],[-106.428676,39.335402],[-106.430797,39.335521],[-106.432282,39.335956],[-106.433548,39.337492],[-106.433619,39.338217],[-106.433854,39.338883],[-106.433804,39.339343],[-106.4343,39.339633],[-106.434726,39.340441],[-106.434931,39.341099],[-106.43495,39.341849],[-106.435205,39.342466],[-106.435206,39.343257],[-106.43536,39.343972],[-106.435271,39.344925],[-106.43494,39.346181],[-106.435181,39.346637],[-106.435104,39.347275],[-106.434718,39.347975],[-106.434551,39.349123],[-106.433669,39.351114],[-106.433954,39.351658],[-106.43372,39.352259],[-106.433604,39.352962],[-106.433662,39.353591],[-106.43348,39.354174],[-106.432363,39.355515],[-106.430785,39.357114],[-106.429428,39.358032],[-106.429322,39.359098],[-106.428971,39.359975],[-106.428154,39.360892],[-106.426487,39.361871],[-106.425787,39.3621],[-106.425297,39.362423],[-106.42477,39.362536],[-106.424087,39.363031],[-106.421626,39.363797],[-106.41929,39.365828],[-106.418393,39.366447],[-106.418019,39.366865],[-106.417272,39.367296],[-106.415311,39.36736],[-106.414785,39.36749],[-106.414401,39.3679],[-106.414078,39.368647],[-106.413107,39.370058],[-106.411852,39.371313],[-106.410935,39.371997],[-106.41003,39.372318],[-106.408154,39.373696],[-106.407863,39.374055],[-106.40767,39.374647],[-106.407761,39.374987],[-106.407451,39.375678],[-106.406787,39.376327],[-106.405147,39.378927],[-106.403925,39.379848],[-106.400634,39.380962],[-106.400073,39.381008],[-106.399571,39.38082],[-106.399235,39.380321],[-106.398722,39.38015],[-106.3981,39.380178],[-106.397603,39.379845],[-106.395827,39.379624],[-106.393818,39.379576],[-106.392971,39.379164],[-106.392536,39.379155],[-106.392269,39.379401],[-106.391658,39.379397],[-106.390859,39.378799],[-106.390259,39.378125],[-106.38945,39.377811],[-106.388478,39.377719],[-106.388139,39.377332],[-106.387579,39.377015],[-106.38671,39.376666],[-106.38604,39.376556],[-106.383654,39.376606],[-106.381924,39.376265],[-106.380633,39.37615],[-106.379512,39.373913],[-106.378956,39.372075],[-106.378577,39.37146],[-106.378509,39.370428],[-106.378597,39.370225],[-106.378202,39.369401],[-106.377173,39.368981],[-106.376383,39.368542],[-106.375914,39.367662],[-106.375056,39.366896],[-106.374932,39.366083],[-106.374694,39.3657],[-106.372764,39.364519],[-106.371975,39.363708],[-106.371573,39.361722],[-106.37082,39.360637],[-106.369595,39.360284],[-106.367927,39.360454],[-106.366789,39.360648],[-106.366185,39.3606],[-106.364466,39.359972],[-106.363139,39.359234],[-106.362886,39.358633],[-106.362826,39.357884],[-106.362643,39.357217],[-106.36202,39.356783],[-106.360248,39.356132],[-106.358022,39.35514],[-106.355573,39.354861],[-106.354003,39.354384],[-106.352652,39.354093],[-106.351742,39.353683],[-106.350606,39.353998],[-106.35039,39.354451],[-106.349904,39.354936],[-106.347251,39.356126],[-106.345992,39.356468],[-106.3452,39.356786],[-106.344132,39.357712],[-106.342177,39.358096],[-106.339252,39.359064],[-106.337985,39.359148],[-106.33479,39.358951],[-106.333291,39.358281],[-106.332916,39.35823],[-106.331801,39.358576],[-106.328003,39.359236],[-106.326219,39.359327],[-106.323832,39.358982],[-106.322219,39.359263],[-106.321222,39.35927],[-106.320601,39.359375],[-106.320098,39.359648],[-106.316249,39.361211],[-106.313367,39.36217],[-106.312371,39.362278],[-106.311597,39.36222],[-106.310779,39.362052],[-106.30844,39.361791],[-106.306379,39.361339],[-106.304753,39.361443],[-106.303649,39.361358],[-106.302557,39.361119],[-106.301924,39.360699],[-106.301782,39.360459],[-106.300415,39.360067],[-106.299348,39.359375],[-106.298746,39.358626],[-106.29781,39.357952],[-106.296314,39.357335],[-106.295736,39.355656],[-106.295817,39.353792],[-106.295309,39.352936],[-106.29387,39.352263],[-106.292312,39.351849],[-106.290783,39.351766],[-106.288792,39.351899],[-106.286587,39.35222],[-106.285692,39.352128],[-106.284812,39.351366],[-106.283812,39.349469],[-106.283609,39.349673],[-106.283212,39.350469],[-106.281895,39.351455],[-106.279662,39.352349],[-106.279187,39.352928],[-106.278067,39.353484],[-106.274732,39.355683],[-106.273497,39.3562],[-106.272576,39.356358],[-106.272199,39.356646],[-106.271648,39.357548],[-106.270954,39.358074],[-106.269062,39.358536],[-106.266618,39.358835],[-106.263822,39.358769],[-106.262853,39.359097],[-106.259963,39.360846],[-106.259456,39.361861],[-106.259075,39.362012],[-106.258696,39.361783],[-106.257558,39.361516],[-106.256803,39.36122],[-106.255088,39.360292],[-106.252485,39.359111],[-106.251141,39.357589],[-106.250976,39.357632],[-106.251074,39.357832],[-106.251108,39.358404],[-106.250154,39.360701],[-106.247396,39.362804],[-106.245006,39.364107],[-106.239517,39.365667],[-106.239228,39.365911],[-106.238828,39.36655],[-106.237317,39.368517],[-106.236481,39.370327],[-106.236049,39.370837],[-106.235542,39.371218],[-106.234748,39.371996],[-106.233925,39.372936],[-106.232876,39.373207],[-106.231025,39.373103],[-106.229588,39.373167],[-106.229028,39.373372],[-106.228346,39.373834],[-106.227728,39.374103],[-106.226898,39.374165],[-106.226669,39.375917],[-106.226787,39.377054],[-106.225958,39.378163],[-106.22576,39.378587],[-106.22564,39.378945],[-106.225627,39.37963],[-106.136412,39.379694],[-106.135099,39.379465],[-106.133937,39.379422],[-106.132409,39.379528],[-106.131433,39.379511],[-106.131004,39.379096],[-106.130416,39.378873],[-106.129494,39.378767],[-106.128372,39.378773],[-106.127447,39.378877],[-106.123961,39.378021],[-106.122027,39.377132],[-106.120308,39.37659],[-106.119321,39.376633],[-106.118459,39.376516],[-106.11664,39.376595],[-106.1153,39.376579],[-106.114813,39.376496],[-106.113148,39.376761],[-106.11198,39.377053],[-106.10729,39.377454],[-106.106038,39.377931],[-106.105249,39.37783],[-106.103961,39.377847],[-106.101943,39.378054],[-106.099401,39.377733],[-106.097966,39.377822],[-106.097206,39.377987],[-106.096791,39.377896],[-106.096028,39.377287],[-106.095254,39.376847],[-106.094746,39.376747],[-106.094312,39.376511],[-106.089193,39.37263],[-106.088428,39.372001],[-106.087324,39.370827],[-106.085632,39.369723],[-106.084446,39.369283],[-106.082594,39.369333],[-106.081207,39.369199],[-106.080973,39.36942],[-106.080766,39.370228],[-106.080241,39.370435],[-106.07976,39.370085],[-106.078324,39.36951],[-106.074192,39.36863],[-106.072857,39.367917],[-106.071757,39.366969],[-106.070397,39.365982],[-106.068471,39.364429],[-106.067355,39.363803],[-106.064048,39.362758],[-106.062559,39.361786],[-106.058335,39.360052],[-106.057336,39.359024],[-106.056096,39.358431],[-106.054431,39.358184],[-106.050922,39.358061],[-106.046317,39.357434],[-106.043926,39.357378],[-106.04003,39.357964],[-106.03747,39.358465],[-106.036022,39.35834],[-106.034717,39.358376],[-106.032199,39.358942],[-106.028641,39.360224],[-106.027685,39.361012],[-106.02672,39.361333],[-106.02553,39.361175],[-106.02433,39.361147],[-106.021966,39.361713],[-106.019773,39.363459],[-106.017619,39.365503],[-106.017418,39.36614],[-106.017411,39.367521],[-106.017645,39.368369],[-106.017484,39.369467],[-106.017389,39.371744],[-106.017473,39.373383],[-106.016794,39.374988],[-106.016957,39.377161],[-106.017425,39.377994],[-106.017453,39.379204],[-106.017926,39.379651],[-106.018381,39.380726],[-106.018383,39.381403],[-106.01814,39.381805],[-106.01774,39.38223],[-106.017321,39.382493],[-106.016994,39.382911],[-106.016778,39.383659],[-106.016364,39.38439],[-106.015542,39.385393],[-106.013851,39.386898],[-106.013237,39.386959],[-106.012698,39.386899],[-106.011916,39.387088],[-106.010542,39.387289],[-106.00936,39.387071],[-106.008923,39.387141],[-106.008401,39.387356],[-106.00574,39.389161],[-106.005397,39.389159],[-106.005,39.389293],[-106.004537,39.38979],[-106.004532,39.39021],[-106.004107,39.390957],[-106.003339,39.391766],[-106.001876,39.392451],[-106.001623,39.392747],[-106.000572,39.393225],[-106.000008,39.393609],[-105.999529,39.393825],[-105.997471,39.394081],[-105.996648,39.394424],[-105.995928,39.395001],[-105.994889,39.396513],[-105.994132,39.397824],[-105.993224,39.399868],[-105.993133,39.400981],[-105.993025,39.401561],[-105.992856,39.401859],[-105.992513,39.402002],[-105.990154,39.4022],[-105.988362,39.401659],[-105.98693,39.401507],[-105.985018,39.401667],[-105.983945,39.402121],[-105.983621,39.402441],[-105.983025,39.404431],[-105.981923,39.405974],[-105.981464,39.406302],[-105.980651,39.406686],[-105.978218,39.407101],[-105.977967,39.407269],[-105.977452,39.408178],[-105.976867,39.40857],[-105.973206,39.409189],[-105.969449,39.410235],[-105.96872,39.410678],[-105.967492,39.410894],[-105.96281,39.411991],[-105.961542,39.412194],[-105.960181,39.4123],[-105.959244,39.412473],[-105.957236,39.413043],[-105.952325,39.414106],[-105.951867,39.414338],[-105.951698,39.414619],[-105.951863,39.414854],[-105.951942,39.415282],[-105.953652,39.418381],[-105.953834,39.419027],[-105.953875,39.420479],[-105.955092,39.421551],[-105.955328,39.421987],[-105.955394,39.422851],[-105.954858,39.424954],[-105.954837,39.42622],[-105.955838,39.427129],[-105.95631,39.427841],[-105.956631,39.428028],[-105.95718,39.428192],[-105.959857,39.428602],[-105.960726,39.429018],[-105.962766,39.43123],[-105.964499,39.432812],[-105.965013,39.433436],[-105.966023,39.435869],[-105.966786,39.438035],[-105.966607,39.438301],[-105.966043,39.438782],[-105.965333,39.439181],[-105.964395,39.439532],[-105.962657,39.439982],[-105.961752,39.440091],[-105.95954,39.43999],[-105.958751,39.439857],[-105.958192,39.439677],[-105.957489,39.439262],[-105.956436,39.438401],[-105.955917,39.438285],[-105.954545,39.438359],[-105.953619,39.43854],[-105.953014,39.438867],[-105.95066,39.43946],[-105.947317,39.440523],[-105.946651,39.440624],[-105.944812,39.440695],[-105.944155,39.44091],[-105.944027,39.442716],[-105.944018,39.445096],[-105.943698,39.446183],[-105.943173,39.446842],[-105.942054,39.447771],[-105.941853,39.448246],[-105.9425,39.450484],[-105.94217,39.452773],[-105.940917,39.456058],[-105.940612,39.456524],[-105.939943,39.457013],[-105.939712,39.45731],[-105.939562,39.457914],[-105.938663,39.458498],[-105.937915,39.458567],[-105.936939,39.458448],[-105.934657,39.457888],[-105.933741,39.4581],[-105.929823,39.459338],[-105.927536,39.459446],[-105.926674,39.459417],[-105.921952,39.458455],[-105.919481,39.458215],[-105.917309,39.45813],[-105.917072,39.457969],[-105.915188,39.458378],[-105.914845,39.458376],[-105.914316,39.458203],[-105.912207,39.456909],[-105.911637,39.456736],[-105.911396,39.457001],[-105.911203,39.457686],[-105.910919,39.458023],[-105.910511,39.458376],[-105.908632,39.459349],[-105.908351,39.459428],[-105.906928,39.459307],[-105.906481,39.459361],[-105.905959,39.459657],[-105.904543,39.461214],[-105.90391,39.46221],[-105.902173,39.463661],[-105.901835,39.464248],[-105.901258,39.467213],[-105.901612,39.469619],[-105.901473,39.469997],[-105.901106,39.470423],[-105.900488,39.470887],[-105.89909,39.4715],[-105.898788,39.472821],[-105.898481,39.473409],[-105.896886,39.475206],[-105.896726,39.475657],[-105.897277,39.476822],[-105.897327,39.477137],[-105.897096,39.477329],[-105.896753,39.477368],[-105.896234,39.477219],[-105.895267,39.47727],[-105.894725,39.477517],[-105.894007,39.478715],[-105.892666,39.479998],[-105.892199,39.481044],[-105.89225,39.483561],[-105.892362,39.483876],[-105.892225,39.484029],[-105.891974,39.484173],[-105.891043,39.483675],[-105.890421,39.483478],[-105.889185,39.48335],[-105.886208,39.483752],[-105.884677,39.484138],[-105.879087,39.483767],[-105.878782,39.484096],[-105.87878,39.484402],[-105.879173,39.486824],[-105.878485,39.489369],[-105.878348,39.489618],[-105.876966,39.490602],[-105.876725,39.490851],[-105.876061,39.491839],[-105.874714,39.493521],[-105.873746,39.494176],[-105.872414,39.494808],[-105.871113,39.495006],[-105.869905,39.494953],[-105.868625,39.494369],[-105.867521,39.494147],[-105.866969,39.494173],[-105.866584,39.494351],[-105.866751,39.495349],[-105.866565,39.496663],[-105.865931,39.498082],[-105.865046,39.498963],[-105.864214,39.499986],[-105.864499,39.50037],[-105.864412,39.500967],[-105.864128,39.501623],[-105.863584,39.502305],[-105.860395,39.50471],[-105.859448,39.504734],[-105.858867,39.504836],[-105.858184,39.50518],[-105.857352,39.505267],[-105.856392,39.50513],[-105.853887,39.504506],[-105.853858,39.504635],[-105.854551,39.505266],[-105.854672,39.505773],[-105.854613,39.506129],[-105.854772,39.506401],[-105.855222,39.506591],[-105.85569,39.506587],[-105.857017,39.50706],[-105.858321,39.508186],[-105.85886,39.508875],[-105.859457,39.509225],[-105.859785,39.509738],[-105.859947,39.510229],[-105.859903,39.510971],[-105.859724,39.511755],[-105.859947,39.512148],[-105.86181,39.51306],[-105.863479,39.514312],[-105.864978,39.515251],[-105.866889,39.516702],[-105.867103,39.517265],[-105.867024,39.517645],[-105.867934,39.518951],[-105.868065,39.51949],[-105.868049,39.519862],[-105.866002,39.521112],[-105.864701,39.522115],[-105.863525,39.523955],[-105.863292,39.52457],[-105.863402,39.525101],[-105.863365,39.525505],[-105.863228,39.52628],[-105.862896,39.527307],[-105.862616,39.527414],[-105.861898,39.528379],[-105.861126,39.52916],[-105.860966,39.529701],[-105.860506,39.530487],[-105.859928,39.531016],[-105.859507,39.531536],[-105.859114,39.531813],[-105.858065,39.532064],[-105.857732,39.532058],[-105.857128,39.531088],[-105.855208,39.52883],[-105.854562,39.527868],[-105.852759,39.526737],[-105.851285,39.526121],[-105.848423,39.525322],[-105.847211,39.52484],[-105.845377,39.52375],[-105.845274,39.52384],[-105.844657,39.525538],[-105.844329,39.525992],[-105.842972,39.526568],[-105.840831,39.526932],[-105.839752,39.527271],[-105.838571,39.527821],[-105.836949,39.528971],[-105.836057,39.529285],[-105.834699,39.529893],[-105.832555,39.53091],[-105.831416,39.53154],[-105.830016,39.532043],[-105.829173,39.532042],[-105.828026,39.531857],[-105.827136,39.531381],[-105.823931,39.53056],[-105.82308,39.529865],[-105.822925,39.529931],[-105.822809,39.530802],[-105.821234,39.532468],[-105.82074,39.53398],[-105.82032,39.534685],[-105.820214,39.53546],[-105.819963,39.53634],[-105.819268,39.537572],[-105.818574,39.537892],[-105.817909,39.53805],[-105.817631,39.53831],[-105.817976,39.539461],[-105.81806,39.540524],[-105.818605,39.54181],[-105.818898,39.542945],[-105.819066,39.544064],[-105.818928,39.545815],[-105.818383,39.546448],[-105.817814,39.54684],[-105.816878,39.547928],[-105.816308,39.54815],[-105.816087,39.54891],[-105.816197,39.54953],[-105.816163,39.550223],[-105.815899,39.550862],[-105.815807,39.551976],[-105.815923,39.552096],[-105.81635,39.552165],[-105.818724,39.552074],[-105.82125,39.552634],[-105.822337,39.553012],[-105.823827,39.554097],[-105.824742,39.55492],[-105.825771,39.555678],[-105.825815,39.556847],[-105.826061,39.557442],[-105.827707,39.559493],[-105.828906,39.561547],[-105.828932,39.562007],[-105.828496,39.563066],[-105.828521,39.563453],[-105.829426,39.564381],[-105.829662,39.564865],[-105.750561,39.564897],[-105.724054,39.565375],[-105.721601,39.565269],[-105.695149,39.565644],[-105.635875,39.566707],[-105.625558,39.566963],[-105.587986,39.568197],[-105.514529,39.566407],[-105.500292,39.566135],[-105.485117,39.566188],[-105.467953,39.566088],[-105.466814,39.566018],[-105.459209,39.565942],[-105.444922,39.565988],[-105.428096,39.565928],[-105.427251,39.565988],[-105.401051,39.565988],[-105.398949,39.566056],[-105.399042,39.570884],[-105.398986,39.573074],[-105.39915,39.576854],[-105.39915,39.581588],[-105.39895,39.585088],[-105.398951,39.604786],[-105.39845,39.628694],[-105.398452,39.634687],[-105.398351,39.635188],[-105.39835,39.636288],[-105.39825,39.636588],[-105.39824,39.65838],[-105.398349,39.665288],[-105.39834,39.676184],[-105.39844,39.677566],[-105.398449,39.683288],[-105.39855,39.685989],[-105.398545,39.701019],[-105.398349,39.710887],[-105.398349,39.71733],[-105.398248,39.717487],[-105.398149,39.733282],[-105.397949,39.745487],[-105.397949,39.814886],[-105.398049,39.816087],[-105.397948,39.84094],[-105.396487,39.841736],[-105.394075,39.842811],[-105.393781,39.842857],[-105.393469,39.842802],[-105.392957,39.8425],[-105.392528,39.84202],[-105.39232,39.841962],[-105.392071,39.841998],[-105.39135,39.842632],[-105.38967,39.84291],[-105.388133,39.843671],[-105.386933,39.843723],[-105.385295,39.843423],[-105.384927,39.843452],[-105.383008,39.844184],[-105.381913,39.844768],[-105.380503,39.845202],[-105.379541,39.845747],[-105.377829,39.846179],[-105.375169,39.84633],[-105.373947,39.845965],[-105.371877,39.84631],[-105.37095,39.846086],[-105.37022,39.846122],[-105.369582,39.846405],[-105.369099,39.846948],[-105.368868,39.847024],[-105.368087,39.846975],[-105.366911,39.847303],[-105.365777,39.847155],[-105.364992,39.847215],[-105.362485,39.848024],[-105.361838,39.84796],[-105.360714,39.847637],[-105.359744,39.847561],[-105.35858,39.846978],[-105.356638,39.847123],[-105.356169,39.847387],[-105.355256,39.847529],[-105.354844,39.847703],[-105.354739,39.847812],[-105.354725,39.848039],[-105.354949,39.848876],[-105.354887,39.849037],[-105.353801,39.849984],[-105.352668,39.850253],[-105.352559,39.85042],[-105.3525,39.851116],[-105.352332,39.851364],[-105.352086,39.851537],[-105.351792,39.851544],[-105.351068,39.851183],[-105.350483,39.851079],[-105.349384,39.851071],[-105.347776,39.851287],[-105.347121,39.85125],[-105.346661,39.851049],[-105.345993,39.850421],[-105.34559,39.850368],[-105.345258,39.850396],[-105.345064,39.850503],[-105.345,39.851129],[-105.344822,39.851233],[-105.344452,39.851146],[-105.343041,39.851959],[-105.342813,39.851986],[-105.341715,39.851833],[-105.341388,39.851844],[-105.340925,39.852053],[-105.34024,39.852014],[-105.339941,39.852322],[-105.339934,39.852569],[-105.339578,39.852943],[-105.339407,39.853278],[-105.338844,39.853443],[-105.336892,39.853394],[-105.336094,39.853449],[-105.335723,39.853196],[-105.335238,39.852548],[-105.334618,39.852411],[-105.334297,39.852472],[-105.333849,39.852999],[-105.333571,39.853213],[-105.333385,39.853252],[-105.332958,39.853241],[-105.331761,39.853005],[-105.33139,39.853071],[-105.331383,39.853236],[-105.331832,39.853653],[-105.332623,39.853993],[-105.332958,39.854224],[-105.332866,39.85446],[-105.332452,39.854768],[-105.332125,39.855328],[-105.331733,39.855432],[-105.329381,39.85523],[-105.328397,39.85467],[-105.32767,39.85445],[-105.327442,39.854488],[-105.326865,39.854862],[-105.326409,39.854912],[-105.326217,39.854802],[-105.326095,39.854615],[-105.326202,39.854483],[-105.326666,39.854258],[-105.326744,39.853769],[-105.327228,39.853275],[-105.327235,39.853115],[-105.326843,39.852621],[-105.326038,39.852489],[-105.324698,39.852034],[-105.324256,39.851995],[-105.323836,39.851814],[-105.323073,39.851281],[-105.321548,39.850809],[-105.32075,39.850661],[-105.320301,39.850787],[-105.31981,39.851303],[-105.319646,39.851677],[-105.318584,39.85249],[-105.318085,39.852583],[-105.3178,39.852726],[-105.316596,39.852907],[-105.316147,39.853105],[-105.315684,39.853182],[-105.315377,39.853314],[-105.314893,39.853676],[-105.314387,39.853298],[-105.314558,39.852638],[-105.314536,39.852364],[-105.314351,39.852172],[-105.31351,39.852237],[-105.313325,39.852314],[-105.313225,39.852666],[-105.313019,39.852715],[-105.312149,39.852539],[-105.311543,39.852627],[-105.310959,39.852485],[-105.310011,39.852523],[-105.309655,39.852402],[-105.309577,39.85188],[-105.309199,39.851672],[-105.309049,39.851688],[-105.308729,39.851908],[-105.30798,39.85271],[-105.307531,39.852852],[-105.306918,39.852896],[-105.306641,39.852666],[-105.306256,39.851765],[-105.305793,39.851188],[-105.305301,39.851111],[-105.305052,39.851166],[-105.304888,39.851259],[-105.30466,39.851765],[-105.30441,39.851996],[-105.304382,39.852078],[-105.304724,39.852457],[-105.304353,39.853083],[-105.304567,39.853605],[-105.305336,39.854072],[-105.30545,39.854176],[-105.305443,39.854291],[-105.305286,39.854495],[-105.304731,39.854703],[-105.303804,39.854615],[-105.303526,39.854451],[-105.30307,39.853599],[-105.302935,39.853478],[-105.302721,39.853429],[-105.302279,39.853478],[-105.301502,39.85383],[-105.300783,39.853978],[-105.300127,39.853835],[-105.29935,39.853044],[-105.29873,39.852791],[-105.29846,39.852121],[-105.298488,39.851599],[-105.298631,39.851341],[-105.298346,39.850699],[-105.298154,39.850528],[-105.297733,39.850446],[-105.296921,39.850072],[-105.296365,39.850017],[-105.295895,39.849534],[-105.295574,39.84943],[-105.294627,39.849336],[-105.294028,39.849028],[-105.293579,39.848995],[-105.29236,39.849539],[-105.290101,39.849879],[-105.290101,39.850159],[-105.290543,39.850697],[-105.290685,39.851236],[-105.290628,39.851335],[-105.290279,39.851483],[-105.289581,39.851592],[-105.289246,39.851548],[-105.288597,39.851219],[-105.286645,39.850839],[-105.286104,39.85062],[-105.285933,39.85023],[-105.285883,39.849439],[-105.285691,39.849274],[-105.284358,39.848724],[-105.283689,39.848565],[-105.28319,39.848087],[-105.283076,39.847774],[-105.28267,39.847219],[-105.281687,39.846724],[-105.281352,39.846252],[-105.281046,39.846175],[-105.280134,39.845642],[-105.279365,39.845433],[-105.278083,39.844361],[-105.276073,39.843399],[-105.275955,39.84944],[-105.2764,39.849532],[-105.276532,39.84981],[-105.279773,39.852816],[-105.281533,39.853276],[-105.28181,39.853641],[-105.281883,39.853956],[-105.282229,39.854276],[-105.282431,39.854355],[-105.283104,39.854615],[-105.283869,39.854414],[-105.284043,39.854838],[-105.284018,39.855368],[-105.282481,39.855433],[-105.2838,39.85769],[-105.283958,39.858213],[-105.284372,39.858747],[-105.284446,39.859086],[-105.284325,39.859481],[-105.28467,39.859951],[-105.285067,39.860247],[-105.285409,39.860299],[-105.285795,39.860504],[-105.286349,39.861403],[-105.286691,39.861676],[-105.28696,39.861718],[-105.287366,39.861483],[-105.287724,39.861493],[-105.288341,39.861811],[-105.288816,39.862224],[-105.28906,39.862334],[-105.290329,39.862584],[-105.290453,39.862551],[-105.290889,39.862022],[-105.291742,39.861411],[-105.291865,39.86121],[-105.291725,39.860598],[-105.291804,39.860239],[-105.291952,39.860125],[-105.292285,39.860099],[-105.29246,39.860169],[-105.292652,39.860396],[-105.292766,39.861017],[-105.293011,39.861542],[-105.293747,39.862463],[-105.293833,39.862872],[-105.293684,39.863283],[-105.293667,39.863633],[-105.294289,39.864611],[-105.29448,39.865041],[-105.294467,39.865368],[-105.295567,39.866041],[-105.296466,39.866308],[-105.296856,39.866567],[-105.294173,39.869924],[-105.294468,39.876432],[-105.303666,39.875705],[-105.303897,39.882764],[-105.303814,39.884161],[-105.302642,39.884126],[-105.302191,39.883992],[-105.301174,39.882916],[-105.30043,39.882429],[-105.29974,39.882339],[-105.296975,39.882336],[-105.296405,39.882251],[-105.295634,39.88188],[-105.294317,39.8808],[-105.292499,39.87963],[-105.29207,39.879505],[-105.291727,39.879458],[-105.289749,39.879524],[-105.288046,39.879222],[-105.287264,39.878994],[-105.286313,39.878239],[-105.285631,39.878015],[-105.284877,39.878027],[-105.282366,39.878293],[-105.279891,39.878301],[-105.277888,39.878078],[-105.274767,39.877391],[-105.250961,39.867185],[-105.249916,39.866817],[-105.248496,39.86658],[-105.240265,39.865909],[-105.240823,39.86724],[-105.241033,39.868227],[-105.241084,39.869078],[-105.241114,39.906406],[-105.241066,39.907636],[-105.240811,39.909186],[-105.240347,39.910804],[-105.238933,39.914367],[-105.231343,39.914085],[-105.212475,39.914236],[-105.200241,39.913986],[-105.196647,39.914186],[-105.190929,39.914082],[-105.166565,39.913893],[-105.16615,39.914047],[-105.165349,39.914133],[-105.159672,39.914053],[-105.148472,39.914049],[-105.148491,39.913885],[-105.147143,39.913889],[-105.146987,39.927473],[-105.147041,39.928938],[-105.137604,39.928931],[-105.137578,39.939712],[-105.128165,39.939618],[-105.128141,39.943276],[-105.128052,39.943276],[-105.128002,39.954173],[-105.121943,39.95416],[-105.121258,39.952389],[-105.121437,39.952305],[-105.121017,39.951193],[-105.120837,39.951293],[-105.120514,39.950527],[-105.114428,39.95053],[-105.109333,39.95064],[-105.109353,39.943336],[-105.118562,39.943323],[-105.118619,39.935681],[-105.118257,39.935007],[-105.118713,39.934159],[-105.118774,39.933796],[-105.118657,39.932965],[-105.114484,39.930126],[-105.11394,39.928989],[-105.109409,39.925859],[-105.109406,39.926114],[-105.111189,39.927252],[-105.112132,39.9282],[-105.113446,39.930541],[-105.113657,39.93144],[-105.113488,39.932275],[-105.112975,39.933034],[-105.112368,39.933518],[-105.109235,39.935538],[-105.109236,39.936135],[-105.100014,39.936047],[-105.090853,39.936051],[-105.090813,39.939249],[-105.090976,39.939248],[-105.090938,39.941421],[-105.091098,39.941424],[-105.091072,39.943281],[-105.076637,39.943329],[-105.076568,39.950538],[-105.074604,39.95052],[-105.071899,39.950198],[-105.072007,39.957785],[-105.071916,39.957785],[-105.071937,39.957938],[-105.07168,39.957936],[-105.071663,39.957786],[-105.059332,39.957763],[-105.059328,39.958708],[-105.058195,39.958716],[-105.058207,39.957894],[-105.052889,39.957826],[-105.052828,39.965892],[-105.054202,39.96587],[-105.057747,39.968636],[-105.057709,39.974669],[-105.058473,39.974345],[-105.058553,39.97526],[-105.052797,39.977674],[-105.052823,40.00026],[-105.046237,40.000265],[-105.046232,40.000466],[-105.007906,40.000483],[-105.007933,40.002987],[-105.008404,40.002938],[-105.008405,40.003069],[-105.010336,40.003086],[-105.010331,40.00426],[-105.008543,40.004254],[-105.008543,40.004124],[-105.008413,40.004123],[-105.00844,40.006282],[-105.00832,40.005773],[-105.007954,40.00578],[-105.007995,40.007581],[-104.989647,40.007679],[-104.989614,40.01489],[-104.999065,40.014887],[-104.99907,40.016131],[-104.998111,40.016984],[-104.99751,40.018096],[-104.996905,40.018492],[-104.996313,40.019196],[-104.995792,40.020361],[-104.996038,40.020556],[-104.999013,40.020627],[-104.999015,40.020938],[-104.998592,40.020938],[-104.99803,40.020813],[-104.996784,40.02082],[-104.996742,40.023509],[-104.999005,40.023509],[-104.999007,40.025776],[-104.986543,40.025799],[-104.9865,40.029309],[-104.980063,40.029325],[-104.980041,40.040316],[-104.979927,40.040313],[-104.979905,40.042111],[-104.979242,40.043758],[-104.978526,40.043888],[-104.961071,40.044144],[-104.961242,40.032687],[-104.96132,40.014982],[-104.961483,40.014979],[-104.96152,40.011188],[-104.961538,40.000404],[-104.961405,40.000419],[-104.961405,40.000337],[-104.980944,40.000325],[-104.981208,39.999499],[-104.981607,39.998657],[-104.986768,39.989107],[-104.987581,39.987113],[-104.987746,39.986483],[-104.987784,39.975746],[-104.994411,39.975803],[-104.99438,39.973953],[-104.99708,39.973954],[-104.997065,39.972149],[-104.994995,39.97212],[-104.994995,39.972221],[-104.988108,39.972175],[-104.988108,39.968468],[-104.99725,39.968529],[-104.997379,39.975785],[-104.998389,39.975805],[-104.998404,39.977586],[-104.999474,39.977582],[-104.999476,39.978416],[-104.997398,39.97842],[-104.997423,39.981213],[-105.006963,39.981267],[-105.015845,39.981193],[-105.015722,39.972276],[-105.013409,39.972265],[-105.013417,39.970465],[-105.015691,39.970437],[-105.01568,39.956665],[-105.015565,39.955188],[-105.01641,39.954101],[-105.016835,39.953117],[-105.016856,39.952842],[-105.016609,39.952538],[-105.01554,39.951644],[-105.013279,39.950559],[-105.012533,39.950344],[-105.010995,39.951344],[-105.010992,39.950474],[-105.006298,39.950439],[-105.006265,39.946805],[-104.997056,39.946772],[-104.997025,39.943239],[-105.015657,39.943131],[-105.015469,39.921309],[-105.021536,39.921359],[-105.021552,39.919207],[-105.023545,39.919225],[-105.023548,39.921317],[-105.0344,39.921371],[-105.034347,39.914181],[-105.052892,39.914224],[-105.053236,39.869149],[-105.0532,39.862204],[-105.053298,39.858875],[-105.053166,39.858335],[-105.053158,39.857515],[-105.053338,39.856485],[-105.053339,39.855978],[-105.053249,39.854194],[-105.053013,39.853775],[-105.052847,39.853229],[-105.052835,39.852545],[-105.053188,39.849649],[-105.05327,39.820028],[-105.051386,39.820046],[-105.051385,39.819609],[-105.05055,39.819076],[-105.049848,39.81908],[-105.049608,39.81921],[-105.049251,39.81921],[-105.04888,39.81898],[-105.048873,39.818351],[-105.048733,39.818237],[-105.047203,39.817773],[-105.046076,39.817671],[-105.04579,39.817479],[-105.04512,39.81732],[-105.044872,39.817315],[-105.04422,39.817517],[-105.044018,39.817439],[-105.044099,39.81282],[-105.044018,39.804354],[-105.050026,39.803115],[-105.050024,39.803023],[-105.043427,39.804377],[-105.041542,39.804525],[-105.040513,39.80446],[-105.040499,39.802874],[-105.043947,39.802883],[-105.043936,39.801931],[-105.04926,39.801929],[-105.049254,39.800878],[-105.052886,39.800863],[-105.053162,39.799239],[-105.053246,39.791063],[-105.06148,39.791075],[-105.061786,39.7905],[-105.062364,39.7905],[-105.062646,39.790501],[-105.062642,39.791086],[-105.064405,39.79108],[-105.064404,39.79032],[-105.065005,39.790321],[-105.064992,39.788359],[-105.062653,39.78834],[-105.062659,39.783847],[-105.053183,39.783797],[-105.053265,39.771134],[-105.053228,39.734922],[-105.055572,39.734913],[-105.055591,39.734508],[-105.055588,39.733105],[-105.055011,39.7331],[-105.055013,39.733724],[-105.054427,39.73364],[-105.054424,39.733101],[-105.053227,39.73311],[-105.053279,39.718233],[-105.053194,39.691364],[-105.053266,39.689559],[-105.053191,39.682397],[-105.053221,39.682291],[-105.057797,39.682272],[-105.057794,39.678697],[-105.059254,39.678339],[-105.060335,39.677954],[-105.061005,39.678041],[-105.061422,39.678258],[-105.06262,39.67928],[-105.062622,39.675008],[-105.053251,39.675037],[-105.053256,39.667785],[-105.071991,39.667763],[-105.071997,39.669344],[-105.072546,39.669423],[-105.07271,39.669742],[-105.074504,39.67025],[-105.074951,39.670485],[-105.075306,39.670058],[-105.075889,39.669991],[-105.075986,39.669307],[-105.076664,39.669413],[-105.07667,39.669061],[-105.078156,39.66929],[-105.079212,39.669339],[-105.079183,39.669738],[-105.080157,39.669826],[-105.081348,39.670133],[-105.081457,39.668577],[-105.081453,39.662056],[-105.079163,39.662041],[-105.078895,39.661587],[-105.078158,39.660759],[-105.076677,39.659887],[-105.076676,39.659312],[-105.071973,39.660024],[-105.071971,39.659604],[-105.070016,39.659071],[-105.070144,39.656874],[-105.067288,39.656879],[-105.067278,39.653319],[-105.067477,39.653321],[-105.06749,39.652491],[-105.068053,39.65249],[-105.068057,39.652188],[-105.068206,39.652188],[-105.069121,39.651301],[-105.069917,39.649991],[-105.07083,39.649999],[-105.070833,39.649579],[-105.063924,39.649566],[-105.0639,39.650295],[-105.062626,39.650267],[-105.062598,39.651513],[-105.061999,39.651515],[-105.062002,39.65124],[-105.058059,39.651251],[-105.058031,39.652959],[-105.05715,39.652946],[-105.057165,39.651986],[-105.055026,39.651992],[-105.054513,39.65176],[-105.053754,39.651727],[-105.053738,39.6514],[-105.053581,39.65116],[-105.057073,39.651248],[-105.057091,39.649701],[-105.063197,39.649626],[-105.063223,39.645992],[-105.072045,39.645984],[-105.072093,39.645647],[-105.072326,39.64535],[-105.073816,39.644628],[-105.074454,39.644104],[-105.07576,39.64205],[-105.075897,39.64118],[-105.076773,39.639353],[-105.076803,39.638735],[-105.073271,39.63874],[-105.073307,39.636563],[-105.074176,39.636752],[-105.074783,39.636618],[-105.074799,39.636682],[-105.075222,39.636515],[-105.077147,39.636413],[-105.079007,39.636717],[-105.07945,39.636727],[-105.07995,39.636643],[-105.080299,39.636209],[-105.080855,39.636145],[-105.081565,39.636166],[-105.081541,39.636721],[-105.081716,39.636867],[-105.081578,39.638667],[-105.081676,39.638759],[-105.084414,39.638693],[-105.0911,39.638719],[-105.091103,39.635083],[-105.109875,39.635072],[-105.109924,39.62716],[-105.109924,39.627085],[-105.107496,39.627093],[-105.107503,39.624218],[-105.091256,39.624198],[-105.091164,39.627081],[-105.087384,39.62709],[-105.087391,39.626046],[-105.085626,39.626107],[-105.08558,39.628527],[-105.083789,39.628527],[-105.083813,39.627318],[-105.08173,39.627313],[-105.081693,39.630149],[-105.083735,39.630155],[-105.083712,39.631327],[-105.080952,39.631327],[-105.080232,39.629461],[-105.076273,39.625095],[-105.074517,39.624227],[-105.076116,39.624225],[-105.073665,39.623285],[-105.065662,39.6206],[-105.065091,39.620045],[-105.065141,39.618582],[-105.073364,39.618569],[-105.074796,39.618511],[-105.075972,39.618601],[-105.084297,39.618584],[-105.087252,39.618317],[-105.097029,39.618362],[-105.09701,39.614311],[-105.058125,39.614409],[-105.058193,39.617366],[-105.05808,39.617503],[-105.057684,39.616686],[-105.057684,39.615659],[-105.057485,39.615364],[-105.056763,39.615065],[-105.056114,39.614695],[-105.05493,39.614314],[-105.05493,39.614096],[-105.054892,39.614279],[-105.053763,39.614273],[-105.053611,39.613861],[-105.053625,39.609665],[-105.054544,39.609802],[-105.058915,39.609841],[-105.072532,39.609779],[-105.075799,39.609702],[-105.084848,39.609751],[-105.09133,39.609691],[-105.098645,39.609777],[-105.109975,39.609734],[-105.110172,39.593044],[-105.110601,39.593168],[-105.110821,39.593124],[-105.11129,39.593266],[-105.111765,39.593294],[-105.11217,39.593425],[-105.112589,39.59337],[-105.113555,39.593545],[-105.114059,39.593369],[-105.114406,39.593353],[-105.114889,39.593633],[-105.115117,39.593633],[-105.115727,39.593896],[-105.116168,39.593863],[-105.116402,39.593709],[-105.116998,39.593599],[-105.118603,39.593746],[-105.118816,39.593867],[-105.119497,39.593839],[-105.11976,39.593779],[-105.120342,39.593394],[-105.121123,39.593151],[-105.122684,39.592322],[-105.123152,39.592245],[-105.124132,39.592277],[-105.12475,39.592376],[-105.125254,39.592189],[-105.12559,39.59215],[-105.125725,39.59204],[-105.125768,39.591815],[-105.126073,39.591645],[-105.126178,39.591404],[-105.126784,39.590991],[-105.127647,39.590743],[-105.128402,39.590855],[-105.129027,39.59063],[-105.129396,39.590762],[-105.130689,39.590307],[-105.131456,39.590258],[-105.131974,39.590017],[-105.132698,39.58999],[-105.132975,39.589869],[-105.133344,39.589891],[-105.134516,39.589436],[-105.135588,39.589156],[-105.137211,39.589141],[-105.137385,39.589084],[-105.137776,39.589545],[-105.138889,39.589921],[-105.139741,39.589987],[-105.140103,39.589691],[-105.140927,39.589334],[-105.141296,39.589351],[-105.1418,39.589642],[-105.142524,39.589516],[-105.143284,39.589544],[-105.144263,39.589385],[-105.145243,39.589775],[-105.145953,39.589753],[-105.145874,39.590055],[-105.146563,39.590698],[-105.146648,39.591011],[-105.147825,39.592896],[-105.147789,39.593473],[-105.148066,39.593736],[-105.148165,39.594297],[-105.148612,39.594588],[-105.148811,39.594857],[-105.149236,39.595918],[-105.149264,39.596264],[-105.149705,39.596582],[-105.14996,39.597406],[-105.150421,39.597972],[-105.150755,39.598016],[-105.150904,39.59817],[-105.15091,39.598659],[-105.150626,39.598708],[-105.150612,39.598868],[-105.150874,39.599532],[-105.151506,39.600181],[-105.151449,39.600807],[-105.151704,39.601027],[-105.152152,39.601131],[-105.152457,39.601565],[-105.152755,39.601587],[-105.152939,39.601692],[-105.153117,39.601675],[-105.154495,39.601291],[-105.154992,39.60128],[-105.155212,39.60117],[-105.155929,39.600512],[-105.156317,39.600319],[-105.156097,39.599733],[-105.157331,39.598047],[-105.156424,39.59704],[-105.155753,39.594757],[-105.156156,39.594254],[-105.156424,39.593583],[-105.155686,39.591065],[-105.152531,39.586533],[-105.152463,39.58566],[-105.148099,39.580189],[-105.146863,39.579214],[-105.14527,39.575931],[-105.145037,39.570156],[-105.143909,39.567049],[-105.141862,39.564312],[-105.141107,39.563067],[-105.133792,39.552663],[-105.130698,39.550753],[-105.129576,39.551432],[-105.12872,39.551755],[-105.126945,39.552073],[-105.125166,39.552205],[-105.124684,39.55235],[-105.124098,39.552658],[-105.124112,39.552498],[-105.123764,39.552624],[-105.12353,39.55252],[-105.12309,39.552575],[-105.122685,39.552504],[-105.122586,39.552614],[-105.122728,39.55285],[-105.122672,39.552998],[-105.122288,39.553021],[-105.121763,39.552828],[-105.120713,39.553362],[-105.12033,39.553395],[-105.118443,39.553033],[-105.117464,39.553138],[-105.116612,39.552705],[-105.115909,39.552518],[-105.113801,39.551388],[-105.112381,39.550427],[-105.111785,39.549806],[-105.111302,39.549559],[-105.11094,39.549263],[-105.110323,39.549016],[-105.109414,39.548484],[-105.107796,39.547825],[-105.10689,39.547159],[-105.111007,39.547146],[-105.11101,39.536173],[-105.094393,39.53627],[-105.094295,39.536455],[-105.093461,39.536298],[-105.088696,39.546333],[-105.088398,39.546216],[-105.087674,39.546101],[-105.086226,39.545629],[-105.085559,39.54575],[-105.083812,39.545671],[-105.083307,39.545818],[-105.082548,39.545922],[-105.08125,39.545845],[-105.079364,39.545979],[-105.073045,39.545265],[-105.074111,39.544268],[-105.074442,39.543344],[-105.074594,39.541652],[-105.076419,39.540055],[-105.077084,39.538136],[-105.077745,39.536706],[-105.07754,39.535884],[-105.076571,39.534968],[-105.076106,39.532691],[-105.076434,39.531624],[-105.079461,39.525888],[-105.079547,39.524689],[-105.079288,39.523893],[-105.080096,39.523156],[-105.080034,39.522613],[-105.079699,39.521772],[-105.079567,39.521631],[-105.079605,39.521315],[-105.079404,39.520816],[-105.079424,39.520462],[-105.079261,39.519929],[-105.079003,39.519486],[-105.079,39.519142],[-105.078702,39.51879],[-105.078657,39.518561],[-105.078392,39.518308],[-105.078248,39.517915],[-105.077945,39.517495],[-105.077945,39.517123],[-105.078201,39.516468],[-105.078432,39.515416],[-105.078298,39.514736],[-105.078331,39.514338],[-105.078446,39.513851],[-105.078744,39.513427],[-105.078843,39.513119],[-105.078859,39.51285],[-105.07842,39.512042],[-105.078402,39.51149],[-105.0787,39.510836],[-105.07918,39.510399],[-105.079858,39.510001],[-105.081133,39.509667],[-105.082291,39.508357],[-105.083491,39.507638],[-105.08407,39.507202],[-105.084665,39.506585],[-105.085046,39.505956],[-105.085227,39.50543],[-105.085127,39.505084],[-105.084746,39.504789],[-105.084713,39.504622],[-105.084928,39.504199],[-105.085225,39.503929],[-105.085275,39.503608],[-105.084751,39.502255],[-105.084841,39.50121],[-105.085238,39.500619],[-105.086181,39.499762],[-105.086394,39.499447],[-105.086495,39.499133],[-105.086058,39.498167],[-105.086057,39.497853],[-105.086148,39.497633],[-105.086847,39.497279],[-105.087156,39.497028],[-105.087257,39.496572],[-105.087185,39.496061],[-105.086952,39.495771],[-105.086323,39.495332],[-105.086109,39.494923],[-105.086144,39.494326],[-105.086286,39.493981],[-105.086751,39.493423],[-105.087612,39.492849],[-105.088514,39.492392],[-105.090817,39.489995],[-105.091353,39.48928],[-105.092523,39.488392],[-105.093009,39.48814],[-105.094134,39.487841],[-105.095765,39.486873],[-105.09699,39.486322],[-105.097203,39.486071],[-105.097704,39.48574],[-105.098707,39.485394],[-105.099234,39.485346],[-105.100359,39.485487],[-105.101028,39.485345],[-105.101808,39.484944],[-105.102806,39.484723],[-105.103313,39.484715],[-105.104205,39.484973],[-105.104641,39.48502],[-105.106942,39.484719],[-105.110685,39.483553],[-105.111709,39.483529],[-105.112363,39.483638],[-105.113154,39.483904],[-105.113975,39.484398],[-105.114432,39.484791],[-105.114694,39.4858],[-105.115093,39.485976],[-105.115671,39.48596],[-105.116837,39.485698],[-105.117646,39.485392],[-105.118142,39.484936],[-105.118304,39.48452],[-105.118196,39.483554],[-105.118266,39.482988],[-105.118154,39.482784],[-105.117941,39.482635],[-105.117616,39.482573],[-105.116633,39.482746],[-105.116208,39.482739],[-105.115883,39.482535],[-105.115832,39.482252],[-105.115973,39.481844],[-105.116276,39.481451],[-105.117167,39.480884],[-105.118535,39.480207],[-105.119026,39.480124],[-105.119543,39.480352],[-105.120312,39.481038],[-105.121017,39.481454],[-105.121823,39.481304],[-105.12278,39.480643],[-105.123769,39.479805],[-105.12812,39.477626],[-105.128488,39.477236],[-105.128584,39.47635],[-105.128764,39.475783],[-105.130357,39.47368],[-105.130837,39.473398],[-105.131582,39.472679],[-105.133393,39.47211],[-105.134409,39.471477],[-105.134931,39.470952],[-105.135007,39.470574],[-105.134797,39.470201],[-105.134169,39.46964],[-105.133777,39.469138],[-105.13363,39.46868],[-105.132674,39.468027],[-105.132625,39.467908],[-105.1327,39.467103],[-105.133186,39.466125],[-105.132975,39.464807],[-105.132577,39.464321],[-105.132638,39.463635],[-105.13304,39.46249],[-105.132941,39.461912],[-105.132529,39.461248],[-105.131879,39.460525],[-105.131265,39.460109],[-105.13086,39.459932],[-105.130399,39.459527],[-105.128661,39.458865],[-105.127712,39.458613],[-105.127474,39.458467],[-105.126881,39.457635],[-105.126821,39.45734],[-105.126696,39.4572],[-105.125362,39.456665],[-105.125017,39.456367],[-105.124184,39.454985],[-105.123881,39.453022],[-105.123062,39.450847],[-105.123,39.450258],[-105.123071,39.449975],[-105.123728,39.449464],[-105.123758,39.449276],[-105.123697,39.449087],[-105.123185,39.448538],[-105.123103,39.447957],[-105.123214,39.447831],[-105.123852,39.447603],[-105.123983,39.447461],[-105.123789,39.446621],[-105.124066,39.445419],[-105.124742,39.44402],[-105.124796,39.443097],[-105.124704,39.442736],[-105.125027,39.442174],[-105.125355,39.441922],[-105.126144,39.440187],[-105.126126,39.439761],[-105.125925,39.439101],[-105.125544,39.438521],[-105.125059,39.437371],[-105.12489,39.436221],[-105.124674,39.435879],[-105.123644,39.434737],[-105.123477,39.434494],[-105.123471,39.434313],[-105.123598,39.434129],[-105.124595,39.433715],[-105.125821,39.432993],[-105.128424,39.431757],[-105.129428,39.430933],[-105.130054,39.430064],[-105.131564,39.429235],[-105.133071,39.427439],[-105.133962,39.427047],[-105.135425,39.426779],[-105.135924,39.426495],[-105.136475,39.426008],[-105.136973,39.425421],[-105.137656,39.424022],[-105.137813,39.423435],[-105.138206,39.42307],[-105.140567,39.422401],[-105.141013,39.421854],[-105.141436,39.421106],[-105.142037,39.420678],[-105.144031,39.419604],[-105.144923,39.418996],[-105.145316,39.418814],[-105.145631,39.418753],[-105.146044,39.418789],[-105.146679,39.418611],[-105.147153,39.418327],[-105.148307,39.418084],[-105.14942,39.4176],[-105.151244,39.416189],[-105.151767,39.415681],[-105.152866,39.41502],[-105.155093,39.414066],[-105.155977,39.413802],[-105.156268,39.413806],[-105.159574,39.41433],[-105.160293,39.414241],[-105.160588,39.414035],[-105.161261,39.413758],[-105.161495,39.413428],[-105.161896,39.413234],[-105.162304,39.412734],[-105.16262,39.411929],[-105.162877,39.411699],[-105.163535,39.41134],[-105.164276,39.410746],[-105.164932,39.409782],[-105.165182,39.409546],[-105.165945,39.409099],[-105.166141,39.408634],[-105.166671,39.40851],[-105.167436,39.408562],[-105.169042,39.408936],[-105.169602,39.408829],[-105.170026,39.408617],[-105.170963,39.407825],[-105.170736,39.407528],[-105.170783,39.407173],[-105.171278,39.406854],[-105.171315,39.406551],[-105.170923,39.406035],[-105.170894,39.405725],[-105.170482,39.404602],[-105.170176,39.404219],[-105.169718,39.403946],[-105.169441,39.403326],[-105.169724,39.402454],[-105.169714,39.402143],[-105.169408,39.40159],[-105.168214,39.40021],[-105.16769,39.399922],[-105.167194,39.399753],[-105.167135,39.398704],[-105.16699,39.398025],[-105.167379,39.397478],[-105.167483,39.397049],[-105.167481,39.396214],[-105.167642,39.395748],[-105.167547,39.39566],[-105.167469,39.39498],[-105.167258,39.394308],[-105.166562,39.393881],[-105.165781,39.394059],[-105.165495,39.394008],[-105.16539,39.393476],[-105.164701,39.392184],[-105.1641,39.391616],[-105.164033,39.391454],[-105.164108,39.39124],[-105.164337,39.391136],[-105.16566,39.391178],[-105.166678,39.390793],[-105.167486,39.390341],[-105.167913,39.389823],[-105.168342,39.38963],[-105.169084,39.389504],[-105.169968,39.389096],[-105.170347,39.388046],[-105.171012,39.387713],[-105.171193,39.387484],[-105.171219,39.386804],[-105.172122,39.385983],[-105.172626,39.385938],[-105.172978,39.385745],[-105.173233,39.38491],[-105.173136,39.384238],[-105.173326,39.38403],[-105.173506,39.383424],[-105.173284,39.382317],[-105.173122,39.382228],[-105.172303,39.382133],[-105.171931,39.382001],[-105.171324,39.382246],[-105.170856,39.382261],[-105.17013,39.38125],[-105.170044,39.380962],[-105.169615,39.380682],[-105.169624,39.380497],[-105.169785,39.380342],[-105.170052,39.38029],[-105.170346,39.380097],[-105.170746,39.380008],[-105.17125,39.379638],[-105.1714,39.37901],[-105.172322,39.378351],[-105.172826,39.378143],[-105.172997,39.377722],[-105.172968,39.377589],[-105.172748,39.37739],[-105.172614,39.37705],[-105.172652,39.376799],[-105.172518,39.376629],[-105.17226,39.376411],[-105.171331,39.376025],[-105.171116,39.375719],[-105.170526,39.37552],[-105.17033,39.375347],[-105.170352,39.374989],[-105.170165,39.374518],[-105.169955,39.374437],[-105.168688,39.374386],[-105.167998,39.374149],[-105.167173,39.372399],[-105.167099,39.3722],[-105.167141,39.371747],[-105.16748,39.370682],[-105.167636,39.370426],[-105.168916,39.369331],[-105.169114,39.369098],[-105.169195,39.368702],[-105.169037,39.368405],[-105.168922,39.367265],[-105.168805,39.367056],[-105.168392,39.366708],[-105.167792,39.366371],[-105.167723,39.366034],[-105.16779,39.36558],[-105.167275,39.364882],[-105.166892,39.364679],[-105.166389,39.362626],[-105.166574,39.361754],[-105.166798,39.361363],[-105.167157,39.361014],[-105.167526,39.360385],[-105.167616,39.360135],[-105.167531,39.359326],[-105.167648,39.359159],[-105.16786,39.359017],[-105.169127,39.358934],[-105.16946,39.358806],[-105.169699,39.358631],[-105.170028,39.358107],[-105.170708,39.3576],[-105.171517,39.35722],[-105.171849,39.35676],[-105.172357,39.355817],[-105.172386,39.35559],[-105.171847,39.354276],[-105.171853,39.35345],[-105.172129,39.353013],[-105.173261,39.35197],[-105.175157,39.35049],[-105.175696,39.350192],[-105.176722,39.349865],[-105.177193,39.349579],[-105.17735,39.349381],[-105.177469,39.348945],[-105.177299,39.348549],[-105.176706,39.347893],[-105.176532,39.347515],[-105.176546,39.346904],[-105.177093,39.345402],[-105.177158,39.34471],[-105.177289,39.344471],[-105.177819,39.343923],[-105.179174,39.343462],[-105.179391,39.343293],[-105.179533,39.343013],[-105.179535,39.342309],[-105.178964,39.341641],[-105.1787,39.341025],[-105.178729,39.340786],[-105.179233,39.33986],[-105.1801,39.339155],[-105.18159,39.338839],[-105.182144,39.338588],[-105.182571,39.337307],[-105.182691,39.337132],[-105.183207,39.336812],[-105.183435,39.336538],[-105.183956,39.33549],[-105.184248,39.335268],[-105.185071,39.334831],[-105.187007,39.334525],[-105.18762,39.334332],[-105.187837,39.334186],[-105.187911,39.333855],[-105.187432,39.333256],[-105.186756,39.333077],[-105.185572,39.333003],[-105.184308,39.332423],[-105.183235,39.331779],[-105.182268,39.331374],[-105.182117,39.331054],[-105.182156,39.33021],[-105.182305,39.329797],[-105.182596,39.329506],[-105.18297,39.329296],[-105.183921,39.329073],[-105.184745,39.329031],[-105.185653,39.328436],[-105.186057,39.32829],[-105.187705,39.328148],[-105.187975,39.328095],[-105.188184,39.327961],[-105.188392,39.327449],[-105.188301,39.327082],[-105.188054,39.326902],[-105.186723,39.32659],[-105.185958,39.32626],[-105.185883,39.326155],[-105.186009,39.325399],[-105.185956,39.325172],[-105.185565,39.324695],[-105.185486,39.324405],[-105.185611,39.323858],[-105.185948,39.323526],[-105.186292,39.323304],[-105.187459,39.323017],[-105.187803,39.322853],[-105.188259,39.322259],[-105.1884,39.321852],[-105.188814,39.321153],[-105.18917,39.320001],[-105.189199,39.319512],[-105.189123,39.319105],[-105.188656,39.318268],[-105.188558,39.317919],[-105.188587,39.317384],[-105.188713,39.317133],[-105.189251,39.31662],[-105.190197,39.316194],[-105.190541,39.315903],[-105.191168,39.314959],[-105.191624,39.31458],[-105.192045,39.314021],[-105.19235,39.313305],[-105.192926,39.312862],[-105.193487,39.312582],[-105.194183,39.312441],[-105.194662,39.312434],[-105.196296,39.311658],[-105.198156,39.310432],[-105.198458,39.309972],[-105.198532,39.309437],[-105.198397,39.30928],[-105.19686,39.308677],[-105.19668,39.308544],[-105.19666,39.308276],[-105.196995,39.307578],[-105.197333,39.30599],[-105.197916,39.305611],[-105.197997,39.305355],[-105.197824,39.304988],[-105.196522,39.303949],[-105.196281,39.303595],[-105.196093,39.303135],[-105.196,39.302082],[-105.196456,39.301785],[-105.197231,39.30172],[-105.199201,39.302048],[-105.199808,39.302082],[-105.200212,39.302029],[-105.200862,39.301644],[-105.201283,39.30077],[-105.201275,39.300532],[-105.200854,39.300166],[-105.200809,39.299858],[-105.200964,39.299357],[-105.201129,39.29927],[-105.202402,39.29943],[-105.20405,39.299747],[-105.204979,39.299798],[-105.205873,39.29961],[-105.206793,39.299196],[-105.207428,39.298584],[-105.207681,39.298194],[-105.207653,39.297618],[-105.207173,39.296228],[-105.206048,39.295363],[-105.205231,39.294899],[-105.204871,39.294847],[-105.203958,39.294919],[-105.202887,39.294752],[-105.202631,39.294485],[-105.202465,39.29395],[-105.202479,39.293583],[-105.202576,39.293321],[-105.202785,39.293181],[-105.203054,39.293069],[-105.203496,39.293022],[-105.204215,39.293131],[-105.205527,39.29399],[-105.206291,39.294059],[-105.20665,39.293971],[-105.206822,39.293813],[-105.207012,39.293406],[-105.206823,39.292935],[-105.206576,39.292703],[-105.205743,39.292233],[-105.205578,39.292],[-105.205531,39.291681],[-105.206199,39.290888],[-105.206498,39.290678],[-105.206737,39.290625],[-105.207179,39.290665],[-105.207359,39.290805],[-105.2076,39.291397],[-105.20775,39.291518],[-105.207908,39.291525],[-105.208565,39.291169],[-105.208737,39.290854],[-105.208675,39.290396],[-105.208467,39.290105],[-105.208165,39.289884],[-105.208042,39.289612],[-105.208586,39.288837],[-105.21017,39.28774],[-105.210814,39.286733],[-105.211792,39.285765],[-105.212473,39.284484],[-105.212374,39.28399],[-105.211901,39.283333],[-105.211334,39.282915],[-105.211429,39.282095],[-105.211325,39.280967],[-105.211391,39.280734],[-105.211638,39.280524],[-105.21326,39.279724],[-105.213897,39.278693],[-105.21433,39.278558],[-105.214802,39.278616],[-105.215438,39.278574],[-105.215775,39.278428],[-105.216193,39.278002],[-105.216386,39.277618],[-105.216363,39.277455],[-105.215526,39.276788],[-105.215541,39.276636],[-105.215765,39.276304],[-105.21625,39.276024],[-105.217086,39.275319],[-105.217411,39.274911],[-105.217507,39.274596],[-105.217296,39.274219],[-105.216816,39.273818],[-105.215662,39.273349],[-105.215429,39.273111],[-105.215357,39.272814],[-105.215424,39.272483],[-105.21558,39.272232],[-105.215931,39.272045],[-105.216462,39.271771],[-105.217315,39.271589],[-105.218394,39.270784],[-105.218917,39.270649],[-105.219179,39.270503],[-105.220559,39.269174],[-105.220778,39.268662],[-105.220776,39.268063],[-105.220611,39.267842],[-105.219935,39.267464],[-105.218699,39.267042],[-105.218504,39.26678],[-105.218477,39.266536],[-105.218714,39.26589],[-105.21875,39.265349],[-105.218407,39.264198],[-105.217784,39.263548],[-105.217768,39.262105],[-105.217204,39.261175],[-105.217255,39.260693],[-105.217419,39.260395],[-105.217833,39.260115],[-105.218543,39.259817],[-105.219598,39.259641],[-105.220077,39.259675],[-105.221384,39.260091],[-105.222567,39.260234],[-105.224409,39.260691],[-105.224761,39.260707],[-105.225105,39.260525],[-105.225306,39.260298],[-105.225372,39.260036],[-105.225293,39.259623],[-105.225142,39.259443],[-105.2244,39.259229],[-105.22398,39.259003],[-105.223642,39.258765],[-105.223402,39.258417],[-105.223268,39.257381],[-105.223443,39.256154],[-105.2236,39.25599],[-105.224075,39.255878],[-105.224554,39.255901],[-105.22516,39.256022],[-105.226486,39.25652],[-105.226681,39.256502],[-105.226972,39.25635],[-105.22736,39.256001],[-105.227422,39.255518],[-105.227355,39.254235],[-105.227516,39.253988],[-105.227777,39.25386],[-105.228121,39.253766],[-105.229161,39.253723],[-105.231537,39.253881],[-105.231807,39.253962],[-105.232437,39.254345],[-105.233292,39.254948],[-105.234034,39.255302],[-105.234393,39.255307],[-105.234825,39.254573],[-105.23472,39.253581],[-105.234202,39.252413],[-105.234198,39.252247],[-105.234354,39.251979],[-105.235256,39.251313],[-105.236094,39.251096],[-105.237388,39.250942],[-105.237604,39.250875],[-105.237701,39.250674],[-105.237591,39.250185],[-105.237438,39.249989],[-105.237399,39.249618],[-105.23713,39.249348],[-105.23646,39.249328],[-105.235765,39.249677],[-105.23514,39.249623],[-105.234952,39.249491],[-105.234781,39.249297],[-105.234775,39.248706],[-105.234387,39.247534],[-105.233938,39.246868],[-105.23432,39.246312],[-105.234265,39.245778],[-105.234367,39.245562],[-105.235177,39.24488],[-105.235631,39.244261],[-105.236095,39.244058],[-105.237983,39.243958],[-105.239527,39.243614],[-105.239741,39.243635],[-105.239992,39.243815],[-105.240149,39.244057],[-105.240354,39.244112],[-105.240559,39.244057],[-105.241299,39.243437],[-105.24211,39.243081],[-105.243403,39.242655],[-105.244459,39.241903],[-105.246017,39.240566],[-105.246802,39.240384],[-105.247928,39.24059],[-105.248536,39.240846],[-105.249303,39.241788],[-105.249701,39.242131],[-105.25055,39.242676],[-105.250825,39.242725],[-105.251326,39.242958],[-105.25163,39.243259],[-105.252261,39.243645],[-105.252772,39.243667],[-105.253093,39.243567],[-105.253472,39.243314],[-105.253696,39.242705],[-105.253536,39.241372],[-105.254603,39.240572],[-105.254888,39.240441],[-105.25503,39.240274],[-105.255041,39.240017],[-105.254873,39.239585],[-105.254371,39.23886],[-105.254238,39.238131],[-105.25432,39.237923],[-105.255054,39.237165],[-105.255572,39.235853],[-105.256875,39.234624],[-105.257228,39.233547],[-105.257619,39.233154],[-105.257974,39.232941],[-105.259992,39.232238],[-105.260539,39.23217],[-105.261784,39.231482],[-105.262221,39.230832],[-105.262754,39.230335],[-105.263511,39.229261],[-105.263569,39.229058],[-105.263556,39.228671],[-105.263424,39.22836],[-105.262947,39.227861],[-105.26166,39.226805],[-105.261528,39.226571],[-105.261489,39.225833],[-105.261584,39.225643],[-105.262047,39.225403],[-105.262425,39.22483],[-105.262436,39.224637],[-105.262184,39.224074],[-105.261409,39.223472],[-105.261302,39.223269],[-105.261384,39.2229],[-105.261525,39.222755],[-105.262131,39.222484],[-105.262414,39.222114],[-105.263245,39.221634],[-105.263481,39.221363],[-105.263504,39.220976],[-105.263371,39.220435],[-105.262868,39.219463],[-105.262629,39.219148],[-105.261688,39.218389],[-105.261496,39.21793],[-105.260577,39.216855],[-105.260834,39.215575],[-105.26152,39.214758],[-105.261531,39.214461],[-105.26135,39.213866],[-105.260718,39.213331],[-105.260086,39.212558],[-105.259941,39.211991],[-105.259654,39.211374],[-105.259677,39.211081],[-105.259889,39.210607],[-105.260054,39.210445],[-105.260707,39.210101],[-105.261657,39.210085],[-105.26212,39.209918],[-105.262794,39.209069],[-105.262992,39.208186],[-105.263194,39.208005],[-105.2638,39.207985],[-105.264216,39.208048],[-105.265394,39.20864],[-105.267273,39.209171],[-105.267701,39.209225],[-105.268259,39.209169],[-105.268976,39.209388],[-105.269519,39.209419],[-105.270552,39.209254],[-105.27118,39.208743],[-105.272176,39.208651],[-105.272778,39.207755],[-105.27316,39.207624],[-105.274575,39.207714],[-105.275597,39.207626],[-105.276291,39.207216],[-105.276623,39.206451],[-105.276615,39.205669],[-105.27674,39.205186],[-105.277392,39.204469],[-105.277621,39.20372],[-105.277696,39.202801],[-105.278079,39.20223],[-105.278814,39.201811],[-105.279795,39.201901],[-105.281261,39.201757],[-105.282265,39.200968],[-105.282929,39.199953],[-105.283354,39.19893],[-105.283729,39.197689],[-105.284227,39.196812],[-105.2851,39.194588],[-105.285164,39.193742],[-105.284702,39.192703],[-105.284714,39.192074],[-105.285067,39.191019],[-105.285928,39.189585],[-105.285868,39.188594],[-105.286047,39.187249],[-105.28639,39.186314],[-105.287466,39.185356],[-105.289182,39.184172],[-105.289274,39.183889],[-105.289236,39.183416],[-105.287701,39.182045],[-105.287331,39.181255],[-105.287508,39.180659],[-105.287377,39.179442],[-105.287512,39.179064],[-105.287937,39.178476],[-105.289498,39.177494],[-105.290211,39.17714],[-105.29081,39.176963],[-105.292413,39.175965],[-105.294748,39.174838],[-105.294821,39.17446],[-105.294285,39.174097],[-105.293635,39.173975],[-105.293481,39.173709],[-105.293533,39.173427],[-105.293823,39.17313],[-105.294216,39.172977],[-105.294866,39.173001],[-105.296353,39.172648],[-105.297571,39.172689],[-105.298438,39.17281],[-105.29944,39.172529],[-105.299864,39.17207],[-105.3,39.171562],[-105.300599,39.171119],[-105.301529,39.170612],[-105.301872,39.169831],[-105.302014,39.169246],[-105.30175,39.16888],[-105.300832,39.168501],[-105.300214,39.168017],[-105.300432,39.167227],[-105.301022,39.166777],[-105.302271,39.166689],[-105.302922,39.166149],[-105.304454,39.164281],[-105.304892,39.164057],[-105.305197,39.164024],[-105.306172,39.164822],[-105.307059,39.165356],[-105.30752,39.165413],[-105.307962,39.16534],[-105.308345,39.164479],[-105.308602,39.164221],[-105.309246,39.163881],[-105.309725,39.163781],[-105.309982,39.163519],[-105.310309,39.162423],[-105.310692,39.161526],[-105.310967,39.161264],[-105.31321,39.159888],[-105.313357,39.159703],[-105.313557,39.159121],[-105.313574,39.158819],[-105.313536,39.158558],[-105.313164,39.157748],[-105.313087,39.157077],[-105.313195,39.156626],[-105.313351,39.156333],[-105.314136,39.155515],[-105.31531,39.154895],[-105.315491,39.154525],[-105.315389,39.153507],[-105.315949,39.151302],[-105.315591,39.149757],[-105.316217,39.148724],[-105.315655,39.147725],[-105.315407,39.147018],[-105.315347,39.146712],[-105.315634,39.145801],[-105.31596,39.145557],[-105.316251,39.14552],[-105.318801,39.145896],[-105.320122,39.145762],[-105.320389,39.145811],[-105.320973,39.14608],[-105.321556,39.146191],[-105.322295,39.145999],[-105.323069,39.145596],[-105.323226,39.145407],[-105.323285,39.144992],[-105.322479,39.143868],[-105.322147,39.142958],[-105.322326,39.142242],[-105.322722,39.141348],[-105.322793,39.14083],[-105.32268,39.140191],[-105.321949,39.139332],[-105.32174,39.138842],[-105.321772,39.137832],[-105.321962,39.136967],[-105.32231,39.136114],[-105.322757,39.135595],[-105.324774,39.133863],[-105.325389,39.133037],[-105.326235,39.132391],[-105.327393,39.130873],[-105.328347,39.130037],[-105.32922,39.129689],[-105.329445,39.129487],[-105.293142,39.129579],[-105.24649,39.129529],[-105.183069,39.129549],[-105.069672,39.129735],[-105.033573,39.12971],[-105.033577,39.129783],[-105.033473,39.129783],[-105.027139,39.028954],[-105.027691,39.01485],[-105.029945,38.999632],[-105.0273,38.985375],[-105.02733,38.966471],[-105.027041,38.956567],[-105.027212,38.941615],[-105.018435,38.941433],[-105.018196,38.941557],[-105.018083,38.941425],[-105.013405,38.941403],[-105.013472,38.937475],[-105.013661,38.934296],[-105.008955,38.934395],[-105.009147,38.9295],[-105.008922,38.929269],[-105.009221,38.929111],[-105.009274,38.928835],[-105.009242,38.927137],[-105.011645,38.927142],[-105.018288,38.926892],[-105.018262,38.931057],[-105.027342,38.930811],[-105.027393,38.926696],[-105.027881,38.912214],[-105.027719,38.897722],[-105.028314,38.883243],[-105.028633,38.86873],[-105.047369,38.868855],[-105.055027,38.869094],[-105.066441,38.869177],[-105.067423,38.863998],[-105.067559,38.86267],[-105.067409,38.862153],[-105.067951,38.859881],[-105.067909,38.859384],[-105.06766,38.858991],[-105.071637,38.81944],[-105.072371,38.811087],[-105.072529,38.8084],[-105.072457,38.805007],[-105.072184,38.799382],[-105.054363,38.799475],[-105.029011,38.798053],[-105.01555,38.797821],[-104.994688,38.79855],[-104.975082,38.798275],[-104.958047,38.798365],[-104.948775,38.798559],[-104.939869,38.796543],[-104.939492,38.782382],[-104.939376,38.749988],[-104.938961,38.710524],[-104.939528,38.703482],[-104.939715,38.696319],[-104.942229,38.696268],[-104.942195,38.671749],[-104.942323,38.664447],[-104.942203,38.649892],[-104.942528,38.624993],[-104.941824,38.535601],[-104.941533,38.519569],[-104.941415,38.503158],[-104.941211,38.500618],[-104.941312,38.499999],[-104.941299,38.475934],[-104.941068,38.458998],[-104.940961,38.458203],[-104.940886,38.432953],[-104.941004,38.377908],[-104.940887,38.372174],[-104.940366,38.258275],[-104.993982,38.258046],[-104.994289,38.258093],[-105.000541,38.257981],[-105.027594,38.257917],[-105.049215,38.257973],[-105.049223,38.250003],[-105.048731,38.239698],[-105.048287,38.127773],[-105.050165,38.117361],[-105.050678,38.113824],[-105.04951,38.039905],[-105.049981,38.006885],[-105.05019,38.000006],[-105.049973,37.985324],[-105.050124,37.98459],[-105.050148,37.981661],[-105.049917,37.915479],[-105.054307,37.917509],[-105.055672,37.917025],[-105.056661,37.916156],[-105.057201,37.915946],[-105.059364,37.91618],[-105.061497,37.916061],[-105.0632,37.916976],[-105.064211,37.917906],[-105.064218,37.918536],[-105.065399,37.919876],[-105.06585,37.920763],[-105.065135,37.921456],[-105.065034,37.923241],[-105.066301,37.925048],[-105.066063,37.92625],[-105.065155,37.927368],[-105.064126,37.928383],[-105.063737,37.929269],[-105.063739,37.93294],[-105.063572,37.935001],[-105.064342,37.936635],[-105.06603,37.937447],[-105.066425,37.938525],[-105.065471,37.941802],[-105.066056,37.944209],[-105.067389,37.944756],[-105.070472,37.945802],[-105.071305,37.946606],[-105.072219,37.947789],[-105.074244,37.948513],[-105.074965,37.949221],[-105.0778,37.952964],[-105.08183,37.95425],[-105.084057,37.955594],[-105.084383,37.955384],[-105.085532,37.951141],[-105.088011,37.948588],[-105.090295,37.947637],[-105.093828,37.947329],[-105.099097,37.944943],[-105.103129,37.94494],[-105.108507,37.943399],[-105.112984,37.945449],[-105.115608,37.9475],[-105.117163,37.949141],[-105.120666,37.949597],[-105.122612,37.949177],[-105.123823,37.949627],[-105.125975,37.95117],[-105.126207,37.951534],[-105.126134,37.952002],[-105.125818,37.952542],[-105.125111,37.953087],[-105.12504,37.95324],[-105.125141,37.953594],[-105.125294,37.953715],[-105.125551,37.954592],[-105.126238,37.954778],[-105.126906,37.955134],[-105.127105,37.956457],[-105.126188,37.957812],[-105.126435,37.959555],[-105.126411,37.96075],[-105.127576,37.961174],[-105.127909,37.962592],[-105.128974,37.96285],[-105.133409,37.963039],[-105.133846,37.963307],[-105.13414,37.964124],[-105.13496,37.964616],[-105.135647,37.965277],[-105.135949,37.966358],[-105.13558,37.967294],[-105.134816,37.968189],[-105.133195,37.970423],[-105.132117,37.971019],[-105.131335,37.971188],[-105.131039,37.97168],[-105.131199,37.972261],[-105.131025,37.972681],[-105.131348,37.973456],[-105.13236,37.974643],[-105.14055,37.979774],[-105.142145,37.979799],[-105.141641,37.982034],[-105.140377,37.983429],[-105.139501,37.984607],[-105.139419,37.984841],[-105.13958,37.98514],[-105.141241,37.98686],[-105.141962,37.986804],[-105.143037,37.987595],[-105.143909,37.987838],[-105.145028,37.987411],[-105.146452,37.986589],[-105.147163,37.986477],[-105.147965,37.986841],[-105.150717,37.990789],[-105.151204,37.99091],[-105.151883,37.991403],[-105.152491,37.992113],[-105.152261,37.994356],[-105.152479,37.996342],[-105.152781,37.997391],[-105.152626,37.99823],[-105.153099,38.000005],[-105.153199,38.000784],[-105.152966,38.001412],[-105.152407,38.001912],[-105.152133,38.002379],[-105.15191,38.00333],[-105.150386,38.004547],[-105.148416,38.005078],[-105.147948,38.005392],[-105.147847,38.005658],[-105.147969,38.006239],[-105.149524,38.007303],[-105.151414,38.008448],[-105.152868,38.009747],[-105.157299,38.012955],[-105.158366,38.013133],[-105.15984,38.014173],[-105.160765,38.014947],[-105.161101,38.015866],[-105.16376,38.016193],[-105.164323,38.016673],[-105.165826,38.016821],[-105.166304,38.017104],[-105.166898,38.018129],[-105.167361,38.018471],[-105.167941,38.018527],[-105.168652,38.018946],[-105.169373,38.018527],[-105.170217,38.018407],[-105.171731,38.018044],[-105.172675,38.017416],[-105.173264,38.017142],[-105.174321,38.017078],[-105.176708,38.016352],[-105.178903,38.016474],[-105.179208,38.016353],[-105.179716,38.015853],[-105.181006,38.015595],[-105.181494,38.015305],[-105.181819,38.014693],[-105.183912,38.013863],[-105.184836,38.013669],[-105.185252,38.013379],[-105.185394,38.012654],[-105.185709,38.012323],[-105.186542,38.011993],[-105.18775,38.010598],[-105.189283,38.009752],[-105.192808,38.008616],[-105.194586,38.00756],[-105.197568,38.004366],[-105.198411,38.004092],[-105.198919,38.003785],[-105.200044,38.000835],[-105.19986,38.000002],[-105.199263,37.998855],[-105.197073,37.992416],[-105.198814,37.990181],[-105.200298,37.990157],[-105.201924,37.990448],[-105.203122,37.990143],[-105.205022,37.989974],[-105.206068,37.989668],[-105.206211,37.989401],[-105.205837,37.988619],[-105.205897,37.983268],[-105.206702,37.982276],[-105.207707,37.981655],[-105.209241,37.982228],[-105.211324,37.981518],[-105.213986,37.980809],[-105.214221,37.98026],[-105.213239,37.97838],[-105.213109,37.977331],[-105.213952,37.977145],[-105.214633,37.976887],[-105.214979,37.976484],[-105.215725,37.976125],[-105.216505,37.975378],[-105.216646,37.974116],[-105.216174,37.972998],[-105.216358,37.97253],[-105.215366,37.97052],[-105.216627,37.969447],[-105.217266,37.969883],[-105.218095,37.969903],[-105.219937,37.969505],[-105.220718,37.969514],[-105.222201,37.969151],[-105.223136,37.968804],[-105.223798,37.967933],[-105.224225,37.967763],[-105.224683,37.966674],[-105.224646,37.965036],[-105.2255,37.964261],[-105.226262,37.963898],[-105.226921,37.964568],[-105.227875,37.964673],[-105.228616,37.964657],[-105.229418,37.965245],[-105.23014,37.965011],[-105.231663,37.964866],[-105.232832,37.964196],[-105.232832,37.963922],[-105.233056,37.963744],[-105.23336,37.964067],[-105.234426,37.964019],[-105.235046,37.963688],[-105.235809,37.9628],[-105.236753,37.962743],[-105.237535,37.962905],[-105.23856,37.96284],[-105.238864,37.96256],[-105.239933,37.960393],[-105.238689,37.959419],[-105.237598,37.957568],[-105.238096,37.956851],[-105.239293,37.955869],[-105.240033,37.95508],[-105.241799,37.953809],[-105.24339,37.953719],[-105.244716,37.953728],[-105.245669,37.953253],[-105.246318,37.952648],[-105.246694,37.95211],[-105.248617,37.952109],[-105.249742,37.951521],[-105.250018,37.950378],[-105.255436,37.942916],[-105.256764,37.942555],[-105.257546,37.938131],[-105.260843,37.937098],[-105.261549,37.937168],[-105.263168,37.932458],[-105.263942,37.932059],[-105.2638,37.92882],[-105.261842,37.925637],[-105.263459,37.92324],[-105.264304,37.922882],[-105.264815,37.921377],[-105.26805,37.918304],[-105.267932,37.917416],[-105.268915,37.916346],[-105.269232,37.914786],[-105.269908,37.913661],[-105.271433,37.912815],[-105.272078,37.911601],[-105.273418,37.910716],[-105.27336,37.909448],[-105.273742,37.908574],[-105.273818,37.907677],[-105.276233,37.905875],[-105.276988,37.904103],[-105.277949,37.904407],[-105.278924,37.903645],[-105.280549,37.901215],[-105.281262,37.901037],[-105.283224,37.899993],[-105.284465,37.899512],[-105.285076,37.899421],[-105.285303,37.899552],[-105.285568,37.899596],[-105.286736,37.900194],[-105.289367,37.902869],[-105.290248,37.903509],[-105.29104,37.903897],[-105.290784,37.905368],[-105.291597,37.906431],[-105.291538,37.907555],[-105.292407,37.908625],[-105.293437,37.908718],[-105.294811,37.90822],[-105.296681,37.908762],[-105.297052,37.908945],[-105.297431,37.909349],[-105.297553,37.910088],[-105.298011,37.911263],[-105.298644,37.911871],[-105.299834,37.912272],[-105.300254,37.912488],[-105.301115,37.914627],[-105.300655,37.915887],[-105.301659,37.918119],[-105.301208,37.919641],[-105.300388,37.921586],[-105.300541,37.923085],[-105.303607,37.926188],[-105.303754,37.926794],[-105.304366,37.928393],[-105.305058,37.929447],[-105.306316,37.930967],[-105.306574,37.932292],[-105.310281,37.93354],[-105.311093,37.935945],[-105.313772,37.936888],[-105.314507,37.938444],[-105.315682,37.93881],[-105.317081,37.938949],[-105.318774,37.938846],[-105.320609,37.938572],[-105.324526,37.938434],[-105.327722,37.937177],[-105.329026,37.936945],[-105.331702,37.935801],[-105.333869,37.934646],[-105.334443,37.934196],[-105.33571,37.933468],[-105.336691,37.932738],[-105.337461,37.932055],[-105.338481,37.930797],[-105.339832,37.929482],[-105.342076,37.928412],[-105.343625,37.927065],[-105.344536,37.926378],[-105.346347,37.925535],[-105.346453,37.925464],[-105.346655,37.925024],[-105.347209,37.924759],[-105.350814,37.924889],[-105.351763,37.924707],[-105.353674,37.923581],[-105.354866,37.923365],[-105.356054,37.922854],[-105.357613,37.922862],[-105.358499,37.922601],[-105.360159,37.92245],[-105.361139,37.922597],[-105.362309,37.922425],[-105.363157,37.922095],[-105.363779,37.92207],[-105.36541,37.92142],[-105.366264,37.920938],[-105.367055,37.92037],[-105.367461,37.919974],[-105.367829,37.919784],[-105.372214,37.918116],[-105.374483,37.917349],[-105.376361,37.916356],[-105.377088,37.916102],[-105.377755,37.914466],[-105.378396,37.9138],[-105.379673,37.913372],[-105.380564,37.913325],[-105.38165,37.912707],[-105.383104,37.911437],[-105.383798,37.910539],[-105.38504,37.910178],[-105.385559,37.909824],[-105.386019,37.90937],[-105.387903,37.908065],[-105.389628,37.906522],[-105.390305,37.905196],[-105.391374,37.904364],[-105.39283,37.903759],[-105.39408,37.902918],[-105.393988,37.902482],[-105.394792,37.901366],[-105.39677,37.900199],[-105.399585,37.898816],[-105.400749,37.898096],[-105.401826,37.897286],[-105.403421,37.895782],[-105.405087,37.89515],[-105.406157,37.8951],[-105.407335,37.894694],[-105.408697,37.894442],[-105.409784,37.893205],[-105.410404,37.893204],[-105.411553,37.892532],[-105.412985,37.891238],[-105.413635,37.890527],[-105.415486,37.890815],[-105.418689,37.889703],[-105.419742,37.889957],[-105.421597,37.890652],[-105.422385,37.890367],[-105.424151,37.890173],[-105.426855,37.891634],[-105.42779,37.89132],[-105.428731,37.892196],[-105.429886,37.893837],[-105.431666,37.894407],[-105.431972,37.895167],[-105.434647,37.895525],[-105.437279,37.896011],[-105.440272,37.897461],[-105.45236,37.895681],[-105.459235,37.897169],[-105.459601,37.896813],[-105.461319,37.896891],[-105.46697,37.895515],[-105.471057,37.895264],[-105.47301,37.895696],[-105.473204,37.89597],[-105.473307,37.896649],[-105.476056,37.899389],[-105.477083,37.899298],[-105.478875,37.900505],[-105.479161,37.901296],[-105.479,37.902629],[-105.478523,37.902807],[-105.478351,37.903349],[-105.481271,37.904417],[-105.482604,37.905004],[-105.48455,37.9068],[-105.485609,37.908074],[-105.486149,37.908194],[-105.488145,37.909845],[-105.4884,37.910604],[-105.491145,37.915225],[-105.493029,37.916214],[-105.494109,37.9171],[-105.497197,37.920339],[-105.498072,37.920491],[-105.499202,37.921465],[-105.500563,37.921998],[-105.502273,37.92295],[-105.503116,37.923725],[-105.504893,37.927213],[-105.505687,37.927891],[-105.507042,37.93102],[-105.507251,37.932523],[-105.508364,37.936094],[-105.50957,37.937122],[-105.511086,37.939131],[-105.513577,37.939549],[-105.514591,37.93993],[-105.515729,37.942015],[-105.523572,37.948037],[-105.525534,37.94837],[-105.525906,37.948737],[-105.527147,37.949531],[-105.530378,37.953363],[-105.533315,37.955182],[-105.537703,37.955036],[-105.539591,37.955545],[-105.541949,37.956043],[-105.542737,37.95651],[-105.546191,37.956048],[-105.550101,37.953871],[-105.551826,37.950584],[-105.556357,37.95098],[-105.560311,37.951886],[-105.562351,37.953744],[-105.567192,37.957145],[-105.567762,37.957199],[-105.570692,37.958266],[-105.573281,37.961582],[-105.573982,37.961758],[-105.57562,37.963984],[-105.576334,37.964612],[-105.577676,37.965536],[-105.581286,37.96618],[-105.582142,37.966212],[-105.582616,37.965934],[-105.583284,37.966892],[-105.583922,37.967196],[-105.584462,37.967855],[-105.584158,37.969087],[-105.585054,37.970451],[-105.584464,37.971682],[-105.583964,37.973009],[-105.581522,37.975225],[-105.581828,37.976543],[-105.581855,37.977972],[-105.583191,37.979978],[-105.583486,37.980005],[-105.584984,37.979517],[-105.58591,37.979687],[-105.586205,37.981061],[-105.58716,37.984509],[-105.588156,37.986689],[-105.589899,37.987431],[-105.592071,37.992148],[-105.593663,37.992775],[-105.595739,37.995069],[-105.595892,37.99637],[-105.597689,37.996967],[-105.598413,37.997021],[-105.599683,37.998679],[-105.599572,37.999284],[-105.600244,37.999999],[-105.600159,38.001155],[-105.600253,38.001576],[-105.600596,38.002274],[-105.601268,38.002806],[-105.601787,38.002828],[-105.602374,38.002996],[-105.602753,38.00342],[-105.603474,38.003492],[-105.603907,38.003739],[-105.604636,38.005014],[-105.604392,38.006157],[-105.604868,38.007388],[-105.604627,38.007772],[-105.604355,38.008745],[-105.601329,38.010065],[-105.600824,38.010414],[-105.599787,38.010919],[-105.598876,38.011247],[-105.598707,38.011567],[-105.598242,38.011949],[-105.597853,38.012082],[-105.597273,38.012664],[-105.597039,38.013218],[-105.597112,38.013638],[-105.598325,38.016338],[-105.598244,38.016861],[-105.598312,38.01758],[-105.598044,38.018335],[-105.598069,38.019182],[-105.597952,38.020019],[-105.598209,38.020418],[-105.598212,38.020813],[-105.598578,38.02139],[-105.598673,38.021754],[-105.598698,38.022649],[-105.598845,38.022925],[-105.599412,38.023109],[-105.599912,38.023575],[-105.600805,38.023746],[-105.601073,38.024072],[-105.601233,38.024792],[-105.601597,38.024949],[-105.601857,38.02517],[-105.602186,38.026142],[-105.603114,38.027144],[-105.603007,38.028522],[-105.603368,38.029406],[-105.603111,38.030637],[-105.603156,38.030968],[-105.603527,38.031263],[-105.604744,38.031494],[-105.606513,38.031604],[-105.607274,38.031757],[-105.608356,38.032141],[-105.60938,38.032338],[-105.608884,38.03276],[-105.608561,38.033708],[-105.608815,38.034316],[-105.608854,38.034953],[-105.609224,38.035337],[-105.610715,38.036169],[-105.611294,38.03682],[-105.612785,38.037644],[-105.613246,38.038085],[-105.613458,38.038733],[-105.614003,38.039537],[-105.613892,38.040028],[-105.614434,38.041034],[-105.614509,38.041971],[-105.614774,38.04249],[-105.614781,38.043248],[-105.614957,38.043662],[-105.615777,38.044477],[-105.616232,38.045176],[-105.617206,38.045929],[-105.617269,38.046398],[-105.617465,38.046803],[-105.617996,38.047261],[-105.617938,38.047656],[-105.618052,38.048109],[-105.617839,38.048631],[-105.617564,38.049773],[-105.617538,38.05124],[-105.617807,38.05326],[-105.618439,38.053178],[-105.619217,38.05355],[-105.619878,38.053598],[-105.621199,38.054282],[-105.623525,38.055123],[-105.625563,38.055693],[-105.627051,38.05657],[-105.627404,38.057119],[-105.628206,38.057421],[-105.628042,38.057726],[-105.626749,38.059149],[-105.625962,38.061161],[-105.626004,38.062524],[-105.626263,38.063533],[-105.626928,38.064592],[-105.626891,38.06568],[-105.627105,38.067132],[-105.627206,38.06731],[-105.628468,38.067468],[-105.629271,38.067769],[-105.631397,38.068115],[-105.632088,38.068352],[-105.633418,38.069106],[-105.634159,38.06944],[-105.634504,38.069755],[-105.635159,38.070798],[-105.636174,38.071358],[-105.637276,38.072797],[-105.636484,38.075584],[-105.636918,38.076174],[-105.637669,38.076725],[-105.639369,38.078481],[-105.639775,38.078716],[-105.641241,38.078883],[-105.641727,38.07936],[-105.642761,38.080154],[-105.643773,38.081262],[-105.644504,38.081692],[-105.645284,38.082404],[-105.646082,38.083496],[-105.646449,38.085037],[-105.646692,38.085247],[-105.648317,38.086132],[-105.649506,38.08662],[-105.650105,38.086953],[-105.650782,38.087971],[-105.651589,38.08844],[-105.652007,38.088822],[-105.651965,38.089397],[-105.652199,38.089665],[-105.652955,38.090184],[-105.653649,38.09088],[-105.654324,38.091164],[-105.655296,38.091343],[-105.655856,38.092291],[-105.655094,38.093587],[-105.655163,38.094705],[-105.655551,38.0952],[-105.655579,38.09549],[-105.656097,38.095702],[-105.658826,38.097276],[-105.659239,38.097874],[-105.660302,38.098869],[-105.66136,38.100501],[-105.66148,38.100912],[-105.661466,38.103136],[-105.662221,38.104348],[-105.661929,38.105475],[-105.661485,38.106383],[-105.662246,38.106845],[-105.661229,38.109782],[-105.66134,38.111498],[-105.660727,38.111682],[-105.660572,38.112132],[-105.659949,38.112251],[-105.659836,38.112428],[-105.659913,38.113249],[-105.658494,38.115185],[-105.657663,38.117454],[-105.660145,38.118068],[-105.661883,38.118664],[-105.662654,38.119158],[-105.663409,38.120634],[-105.66329,38.121545],[-105.663502,38.122013],[-105.665014,38.124283],[-105.66591,38.125005],[-105.666441,38.125852],[-105.666983,38.126302],[-105.66842,38.127211],[-105.66944,38.128015],[-105.669797,38.128167],[-105.670215,38.128554],[-105.670088,38.13028],[-105.669681,38.130741],[-105.669712,38.130911],[-105.670264,38.131208],[-105.670713,38.131788],[-105.672052,38.134067],[-105.672902,38.135977],[-105.673395,38.137396],[-105.673286,38.138565],[-105.672872,38.139655],[-105.672547,38.14022],[-105.674322,38.141338],[-105.674731,38.142054],[-105.675388,38.143996],[-105.676125,38.145285],[-105.676279,38.145858],[-105.67627,38.146173],[-105.675254,38.147047],[-105.674176,38.147599],[-105.673066,38.147973],[-105.672701,38.148321],[-105.672824,38.148546],[-105.672845,38.148934],[-105.672613,38.149362],[-105.671718,38.150115],[-105.671059,38.151077],[-105.670392,38.152862],[-105.670169,38.153097],[-105.671343,38.153852],[-105.671712,38.154279],[-105.671918,38.155045],[-105.672574,38.156149],[-105.672841,38.156778],[-105.673082,38.158892],[-105.673042,38.159126],[-105.674816,38.15921],[-105.677447,38.159526],[-105.679272,38.159957],[-105.680782,38.160502],[-105.681457,38.161],[-105.683022,38.162538],[-105.684544,38.163793],[-105.68616,38.165306],[-105.686632,38.166063],[-105.686736,38.166692],[-105.686838,38.166845],[-105.688458,38.16672],[-105.689783,38.166716],[-105.691332,38.166494],[-105.692064,38.166129],[-105.693215,38.165738],[-105.694775,38.166089],[-105.696112,38.166489],[-105.69798,38.167202],[-105.698154,38.167371],[-105.699197,38.167973],[-105.700414,38.16918],[-105.700721,38.169607],[-105.700928,38.170301],[-105.701117,38.171979],[-105.702195,38.174203],[-105.703145,38.17466],[-105.70432,38.175521],[-105.705374,38.176438],[-105.705743,38.177131],[-105.706848,38.178152],[-105.707576,38.179264],[-105.70808,38.180352],[-105.708166,38.181401],[-105.70831,38.18186],[-105.709454,38.182366],[-105.711649,38.182868],[-105.712924,38.183235],[-105.714048,38.183877],[-105.716001,38.185211],[-105.71638,38.185662],[-105.71689,38.187175],[-105.717338,38.188137],[-105.718833,38.189835],[-105.72008,38.190574],[-105.721266,38.191555],[-105.721759,38.192457],[-105.722049,38.193449],[-105.722878,38.194326],[-105.724909,38.197209],[-105.725861,38.198118],[-105.726291,38.19865],[-105.726753,38.199472],[-105.727019,38.199705],[-105.727866,38.199831],[-105.730449,38.20063],[-105.731073,38.200911],[-105.731511,38.200998],[-105.73199,38.200763],[-105.732591,38.20068],[-105.73298,38.200986],[-105.73333,38.201743],[-105.73421,38.205057],[-105.735358,38.20649],[-105.73581,38.207207],[-105.735894,38.20778],[-105.736318,38.209231],[-105.736738,38.209561],[-105.737657,38.209744],[-105.739146,38.209836],[-105.740698,38.210283],[-105.744425,38.213701],[-105.744692,38.214152],[-105.744806,38.214603],[-105.746834,38.214266],[-105.748507,38.21414],[-105.750563,38.214213],[-105.751684,38.214975],[-105.753629,38.216675],[-105.756026,38.218127],[-105.756482,38.218975],[-105.75625,38.220603],[-105.755972,38.221264],[-105.755886,38.22203],[-105.756096,38.223329],[-105.756539,38.22496],[-105.757404,38.22589],[-105.758199,38.22657],[-105.75949,38.228413],[-105.759438,38.228566],[-105.759969,38.228656],[-105.761368,38.229128],[-105.765605,38.230803],[-105.766565,38.231274],[-105.767207,38.231816],[-105.76802,38.232899],[-105.768232,38.233763],[-105.76865,38.234014],[-105.769158,38.234201],[-105.769764,38.234227],[-105.770407,38.234439],[-105.77106,38.234836],[-105.772511,38.235099],[-105.775454,38.235849],[-105.776332,38.236231],[-105.777097,38.236758],[-105.77873,38.237658],[-105.779199,38.238079],[-105.780801,38.239075],[-105.781209,38.239173],[-105.782416,38.239217],[-105.783928,38.239633],[-105.786407,38.241269],[-105.787887,38.242056],[-105.788233,38.242597],[-105.789303,38.243681],[-105.789761,38.24436],[-105.789211,38.246278],[-105.789223,38.248415],[-105.789347,38.249998],[-105.789143,38.251824],[-105.789406,38.252189],[-105.79218,38.254815],[-105.792333,38.255025],[-105.792461,38.255712],[-105.792744,38.256294],[-105.793212,38.256635],[-105.794237,38.257922],[-105.795665,38.260139],[-105.796717,38.263679],[-105.796972,38.265608],[-105.796855,38.266326],[-105.796987,38.266569],[-105.797457,38.266627],[-105.797671,38.266757],[-105.799101,38.268563],[-105.799342,38.269322],[-105.800013,38.269922],[-105.800544,38.270029],[-105.801096,38.269959],[-105.802598,38.270247],[-105.803272,38.270452],[-105.804015,38.270891],[-105.804669,38.271006],[-105.805262,38.27088],[-105.805926,38.270971],[-105.806305,38.270884],[-105.806642,38.270917],[-105.80762,38.271478],[-105.808435,38.271837],[-105.809701,38.272108],[-105.810874,38.2725],[-105.812224,38.272368],[-105.813061,38.272614],[-105.813552,38.272478],[-105.814604,38.272668],[-105.815827,38.27323],[-105.816532,38.27337],[-105.817368,38.273793],[-105.817868,38.273916],[-105.818973,38.273597],[-105.819382,38.273647],[-105.819543,38.274052],[-105.820215,38.274474],[-105.821474,38.276117],[-105.821963,38.276401],[-105.823289,38.276875],[-105.824185,38.277475],[-105.826706,38.2783],[-105.827123,38.278568],[-105.828197,38.280477],[-105.828244,38.28113],[-105.828487,38.281599],[-105.830769,38.285062],[-105.831683,38.286163],[-105.832825,38.286741],[-105.83508,38.287556],[-105.836366,38.287892],[-105.837202,38.288411],[-105.839224,38.290671],[-105.839937,38.291319],[-105.84083,38.29246],[-105.84278,38.293226],[-105.843109,38.292929],[-105.843387,38.292413],[-105.843808,38.292092],[-105.845479,38.291154],[-105.846169,38.290204],[-105.846629,38.290287],[-105.848269,38.29135],[-105.849419,38.292387],[-105.84979,38.293914],[-105.850176,38.294456],[-105.850982,38.294773],[-105.85148,38.295348],[-105.852113,38.295496],[-105.853233,38.296412],[-105.854845,38.297128],[-105.85755,38.297985],[-105.858315,38.298359],[-105.858537,38.298892],[-105.859655,38.300349],[-105.86013,38.301432],[-105.860738,38.302499],[-105.861126,38.302759],[-105.861267,38.303042],[-105.861623,38.303422],[-105.862492,38.30353],[-105.862808,38.303765],[-105.864981,38.304653],[-105.866817,38.3057],[-105.867783,38.306769],[-105.868474,38.307796],[-105.868612,38.308725],[-105.869356,38.3093],[-105.870112,38.309392],[-105.872008,38.310835],[-105.871944,38.311302],[-105.872249,38.311739],[-105.872471,38.312386],[-105.873648,38.314351],[-105.87391,38.315142],[-105.875565,38.315448],[-105.876376,38.315951],[-105.876701,38.316405],[-105.876881,38.31714],[-105.876678,38.318568],[-105.876718,38.318802],[-105.877626,38.319064],[-105.878053,38.319421],[-105.878569,38.32027],[-105.879292,38.320628],[-105.8798,38.321235],[-105.87998,38.321841],[-105.880044,38.323222],[-105.881404,38.324881],[-105.882247,38.327492],[-105.883115,38.327737],[-105.883348,38.328045],[-105.883848,38.328377],[-105.885142,38.32889],[-105.885426,38.329238],[-105.885858,38.330604],[-105.887058,38.331706],[-105.887169,38.331933],[-105.886963,38.332231],[-105.88692,38.332545],[-105.888537,38.334028],[-105.88876,38.33436],[-105.888602,38.335296],[-105.888866,38.337315],[-105.888291,38.337886],[-105.888766,38.340811],[-105.88958,38.341443],[-105.890765,38.341374],[-105.89101,38.341545],[-105.891283,38.342094],[-105.892574,38.343342],[-105.892908,38.343965],[-105.893478,38.346292],[-105.89364,38.346559],[-105.894365,38.346618],[-105.89473,38.347047],[-105.895423,38.347412],[-105.897647,38.350051],[-105.898606,38.350474],[-105.899831,38.350721],[-105.901248,38.351452],[-105.901625,38.351695],[-105.901978,38.352479],[-105.902602,38.352385],[-105.906307,38.353268],[-105.908447,38.354478],[-105.909486,38.355313],[-105.910236,38.356413],[-105.910403,38.357843],[-105.910804,38.359241],[-105.912489,38.361539],[-105.914326,38.362206],[-105.916969,38.362941],[-105.917989,38.363421],[-105.918406,38.363874],[-105.919163,38.365749],[-105.919851,38.367156],[-105.920687,38.367611],[-105.921341,38.367629],[-105.921853,38.367493],[-105.923539,38.367757],[-105.92407,38.367936],[-105.924638,38.368737],[-105.925876,38.36866],[-105.92701,38.36872],[-105.929451,38.369212],[-105.93136,38.369791],[-105.932624,38.370432],[-105.934842,38.372546],[-105.93577,38.373219],[-105.936444,38.373253],[-105.937588,38.373498],[-105.938536,38.374074],[-105.939146,38.374998],[-105.939544,38.376011],[-105.939983,38.376585],[-105.940433,38.376973],[-105.943614,38.377999],[-105.944637,38.378638],[-105.945014,38.380245],[-105.945106,38.381149],[-105.945432,38.38274],[-105.946311,38.383766],[-105.94671,38.384921],[-105.947067,38.385495],[-105.947158,38.387175],[-105.947331,38.388685],[-105.947607,38.389937],[-105.947606,38.390526],[-105.948895,38.391431],[-105.949969,38.392336],[-105.950654,38.393733],[-105.952373,38.393822],[-105.953744,38.394025],[-105.955668,38.394437],[-105.957172,38.39518],[-105.957346,38.395455],[-105.95796,38.396061],[-105.959495,38.397095],[-105.959832,38.397442],[-105.959945,38.398023],[-105.959821,38.398928],[-105.95982,38.401278],[-105.960229,38.402336],[-105.960669,38.403095],[-105.961477,38.403611],[-105.962582,38.404144],[-105.963391,38.40475],[-105.964229,38.405816],[-105.964721,38.40626],[-105.966675,38.407561],[-105.967933,38.408772],[-105.968701,38.409039],[-105.96954,38.409725],[-105.970226,38.41004],[-105.970809,38.409976],[-105.973041,38.409394],[-105.973389,38.409459],[-105.974228,38.410428],[-105.974647,38.411115],[-105.975896,38.411809],[-105.976919,38.41298],[-105.977902,38.413319],[-105.979222,38.414127],[-105.979785,38.414878],[-105.98001,38.415484],[-105.98001,38.416138],[-105.980132,38.416792],[-105.980409,38.417277],[-105.9835,38.419392],[-105.98395,38.41999],[-105.984298,38.419723],[-105.985025,38.419416],[-105.987308,38.418802],[-105.98783,38.418883],[-105.9887,38.41919],[-105.992008,38.419569],[-105.993932,38.419375],[-105.996768,38.420303],[-105.997116,38.420747],[-105.997751,38.422031],[-105.998222,38.422532],[-105.999205,38.423129],[-105.999788,38.423622],[-105.999983,38.424163],[-106.000249,38.424405],[-106.000715,38.425293],[-106.000814,38.425809],[-106.000668,38.426406],[-106.000303,38.42702],[-106.000267,38.427801],[-106.000658,38.428156],[-106.001038,38.429923],[-106.001563,38.43111],[-106.00193,38.431466],[-106.002605,38.431484],[-106.005241,38.432136],[-106.006477,38.432518],[-106.007477,38.43315],[-106.007934,38.433715],[-106.008347,38.434926],[-106.008662,38.435459],[-106.009294,38.435864],[-106.011016,38.437231],[-106.01192,38.438556],[-106.012307,38.438945],[-106.012751,38.440123],[-106.012789,38.440777],[-106.012483,38.442462],[-106.0127,38.444124],[-106.012531,38.44497],[-106.012304,38.445357],[-106.011667,38.445904],[-106.010876,38.446378],[-106.010751,38.446566],[-106.013227,38.446956],[-106.015977,38.447624],[-106.017008,38.448086],[-106.01768,38.448693],[-106.01748,38.449862],[-106.016917,38.451796],[-106.017244,38.451999],[-106.017447,38.452241],[-106.017658,38.453097],[-106.018054,38.453687],[-106.018655,38.454188],[-106.019043,38.454423],[-106.020609,38.454362],[-106.021489,38.454469],[-106.022515,38.454141],[-106.02354,38.453917],[-106.025628,38.453809],[-106.027081,38.453812],[-106.028515,38.453582],[-106.0296,38.453729],[-106.030921,38.453547],[-106.032188,38.453888],[-106.033077,38.45431],[-106.033925,38.45461],[-106.03601,38.455115],[-106.036561,38.455447],[-106.039024,38.456242],[-106.039421,38.456582],[-106.040105,38.456963],[-106.041598,38.457256],[-106.042771,38.458267],[-106.043234,38.457671],[-106.043757,38.457406],[-106.046423,38.456347],[-106.047367,38.455849],[-106.049091,38.455272],[-106.049738,38.454821],[-106.050866,38.454364],[-106.052074,38.454221],[-106.053832,38.454709],[-106.055193,38.454776],[-106.055684,38.45489],[-106.056479,38.455609],[-106.058428,38.456952],[-106.058571,38.456945],[-106.05884,38.456308],[-106.059887,38.45556],[-106.06031,38.454964],[-106.060181,38.454028],[-106.060244,38.453697],[-106.060042,38.45306],[-106.060043,38.452737],[-106.060322,38.452262],[-106.060764,38.451835],[-106.061904,38.450982],[-106.062243,38.450572],[-106.062244,38.45033],[-106.061592,38.449845],[-106.060929,38.449198],[-106.060378,38.448818],[-106.059111,38.448364],[-106.058877,38.448097],[-106.058162,38.445684],[-106.057982,38.444691],[-106.058148,38.444248],[-106.058838,38.443209],[-106.059753,38.442388],[-106.060526,38.441075],[-106.062089,38.439384],[-106.062602,38.4392],[-106.063662,38.437669],[-106.064046,38.436654],[-106.06464,38.436429],[-106.065144,38.435874],[-106.066402,38.433796],[-106.067028,38.433337],[-106.067489,38.433185],[-106.068832,38.432937],[-106.070122,38.432343],[-106.070226,38.432005],[-106.069237,38.431237],[-106.069127,38.430696],[-106.069354,38.43018],[-106.069898,38.429786],[-106.071212,38.429159],[-106.071726,38.428595],[-106.071943,38.428048],[-106.071945,38.427596],[-106.07213,38.427387],[-106.07378,38.426801],[-106.074282,38.426503],[-106.074358,38.42564],[-106.074555,38.424979],[-106.074987,38.4244],[-106.075541,38.423973],[-106.075941,38.423788],[-106.076535,38.423652],[-106.080137,38.423538],[-106.081581,38.423194],[-106.083495,38.422883],[-106.084078,38.422876],[-106.084272,38.423005],[-106.084577,38.423481],[-106.085138,38.423789],[-106.086068,38.424113],[-106.086263,38.424017],[-106.086952,38.423058],[-106.087753,38.422422],[-106.08813,38.42228],[-106.105713,38.422176],[-106.125571,38.422092],[-106.132959,38.422121],[-106.133635,38.422194],[-106.13681,38.422211],[-106.136925,38.422146],[-106.140238,38.422191],[-106.140781,38.422112],[-106.140913,38.422193],[-106.24694,38.422768],[-106.247119,38.423261],[-106.247658,38.423651],[-106.24791,38.423959],[-106.248618,38.426043],[-106.248792,38.427125],[-106.248766,38.427771],[-106.248384,38.428156],[-106.24837,38.42864],[-106.248699,38.429562],[-106.24917,38.431807],[-106.249449,38.432623],[-106.249484,38.433244],[-106.248879,38.434661],[-106.248361,38.435442],[-106.248141,38.436029],[-106.247119,38.437154],[-106.246827,38.437726],[-106.246259,38.438433],[-106.245529,38.438905],[-106.245363,38.439171],[-106.245536,38.439269],[-106.245903,38.439303],[-106.248,38.439232],[-106.249195,38.43935],[-106.250103,38.439556],[-106.250578,38.439866],[-106.253087,38.441003],[-106.25736,38.441796],[-106.261333,38.442355],[-106.266071,38.441735],[-106.268555,38.443543],[-106.270484,38.44552],[-106.272152,38.446389],[-106.274119,38.446886],[-106.272968,38.44763],[-106.272247,38.448776],[-106.27179,38.452442],[-106.272655,38.455196],[-106.272982,38.45522],[-106.274285,38.45481],[-106.275748,38.454747],[-106.276498,38.454462],[-106.277246,38.454282],[-106.278382,38.454225],[-106.279413,38.454329],[-106.280609,38.454337],[-106.281289,38.454704],[-106.282289,38.455574],[-106.283525,38.456493],[-106.283807,38.456794],[-106.284255,38.457691],[-106.284629,38.458073],[-106.285481,38.458579],[-106.288532,38.461373],[-106.288933,38.461964],[-106.289281,38.462756],[-106.289345,38.463369],[-106.289138,38.464328],[-106.289894,38.465953],[-106.290026,38.466857],[-106.289724,38.469661],[-106.289667,38.470088],[-106.289512,38.4702],[-106.289396,38.470465],[-106.289747,38.47104],[-106.290494,38.471802],[-106.290672,38.472287],[-106.290646,38.472715],[-106.290332,38.473253],[-106.290543,38.473528],[-106.291469,38.473897],[-106.292991,38.474802],[-106.295598,38.475586],[-106.298766,38.475728],[-106.299278,38.475666],[-106.29982,38.475718],[-106.301052,38.476089],[-106.303015,38.476957],[-106.303986,38.477761],[-106.30449,38.478353],[-106.304547,38.478708],[-106.304104,38.479754],[-106.304121,38.480052],[-106.305589,38.481223],[-106.306484,38.482341],[-106.306624,38.483455],[-106.306809,38.484141],[-106.307251,38.484813],[-106.307748,38.485115],[-106.30825,38.485868],[-106.309297,38.487963],[-106.309454,38.489351],[-106.309233,38.489849],[-106.309633,38.490561],[-106.310666,38.491366],[-106.310765,38.491609],[-106.310836,38.492488],[-106.311213,38.493426],[-106.311461,38.49487],[-106.311756,38.494961],[-106.312956,38.494678],[-106.314625,38.494503],[-106.315546,38.494477],[-106.316312,38.49457],[-106.316964,38.49476],[-106.31775,38.494878],[-106.31832,38.495155],[-106.319883,38.496883],[-106.319907,38.497423],[-106.320109,38.497691],[-106.320529,38.497645],[-106.322511,38.497029],[-106.323024,38.496944],[-106.325822,38.496976],[-106.32674,38.497448],[-106.327228,38.497588],[-106.327553,38.497514],[-106.327844,38.497329],[-106.328484,38.49642],[-106.328612,38.496026],[-106.329346,38.495125],[-106.329999,38.49383],[-106.330169,38.49369],[-106.330406,38.493727],[-106.332465,38.49453],[-106.334468,38.495615],[-106.334808,38.496092],[-106.335075,38.496306],[-106.335856,38.496397],[-106.336308,38.49665],[-106.338207,38.498207],[-106.338879,38.49926],[-106.338925,38.499712],[-106.33876,38.50057],[-106.339306,38.501217],[-106.34007,38.501531],[-106.341359,38.502412],[-106.342824,38.50288],[-106.34423,38.50459],[-106.345425,38.507134],[-106.345455,38.50823],[-106.3466,38.509661],[-106.347269,38.511484],[-106.348118,38.51187],[-106.348108,38.512499],[-106.345813,38.51496],[-106.345044,38.516671],[-106.343703,38.51746],[-106.342597,38.521537],[-106.344063,38.522585],[-106.345032,38.524494],[-106.346408,38.526253],[-106.347131,38.528761],[-106.350423,38.53145],[-106.354185,38.533384],[-106.354543,38.536146],[-106.354344,38.537584],[-106.353706,38.53922],[-106.354799,38.541724],[-106.355386,38.542371],[-106.355399,38.542556],[-106.354964,38.542868],[-106.354318,38.545157],[-106.353584,38.547133],[-106.353685,38.549318],[-106.353533,38.549973],[-106.352034,38.551691],[-106.350543,38.552667],[-106.35083,38.553777],[-106.350144,38.555583],[-106.348653,38.55714],[-106.346641,38.558864],[-106.347435,38.560202],[-106.347451,38.561041],[-106.346681,38.562783],[-106.346867,38.565104],[-106.344619,38.568564],[-106.347383,38.572598],[-106.348319,38.573193],[-106.349877,38.574764],[-106.350905,38.576462],[-106.351673,38.576905],[-106.351975,38.578837],[-106.35342,38.581467],[-106.352536,38.582001],[-106.351475,38.582948],[-106.3513,38.58349],[-106.353139,38.58518],[-106.354308,38.586787],[-106.355449,38.587936],[-106.35589,38.589004],[-106.355951,38.5901],[-106.357242,38.591037],[-106.357706,38.591669],[-106.358188,38.592713],[-106.361024,38.594487],[-106.360913,38.595133],[-106.361235,38.59588],[-106.360943,38.596213],[-106.360284,38.597818],[-106.359317,38.599393],[-106.359451,38.599996],[-106.359822,38.600605],[-106.362052,38.602346],[-106.362608,38.603493],[-106.364697,38.605889],[-106.364228,38.607201],[-106.364121,38.608638],[-106.363646,38.610224],[-106.363642,38.611659],[-106.363843,38.613625],[-106.364199,38.613976],[-106.364198,38.6145],[-106.365251,38.615899],[-106.366941,38.617211],[-106.369126,38.618678],[-106.3745,38.62085],[-106.37558,38.621224],[-106.376658,38.621004],[-106.377461,38.620489],[-106.378371,38.62023],[-106.379149,38.620118],[-106.380066,38.620416],[-106.381306,38.621066],[-106.382125,38.621719],[-106.382377,38.622878],[-106.382641,38.623416],[-106.383372,38.623546],[-106.384208,38.623869],[-106.384602,38.624164],[-106.385368,38.624995],[-106.386269,38.627783],[-106.385805,38.630128],[-106.385174,38.632362],[-106.384177,38.633827],[-106.381919,38.635415],[-106.380362,38.637057],[-106.379899,38.638483],[-106.383164,38.638922],[-106.385788,38.638627],[-106.386632,38.639656],[-106.387975,38.640016],[-106.38899,38.640897],[-106.390164,38.641034],[-106.392825,38.640085],[-106.397267,38.640297],[-106.398468,38.639748],[-106.401189,38.639702],[-106.402238,38.642163],[-106.401507,38.643076],[-106.401719,38.645783],[-106.403547,38.646217],[-106.404184,38.646732],[-106.406207,38.647171],[-106.406891,38.646968],[-106.407944,38.647679],[-106.411752,38.647029],[-106.412664,38.646435],[-106.414676,38.645407],[-106.417223,38.644919],[-106.417717,38.644461],[-106.418164,38.645188],[-106.420179,38.6467],[-106.421804,38.646789],[-106.424037,38.648846],[-106.427139,38.650673],[-106.429545,38.651235],[-106.430159,38.653468],[-106.429088,38.65762],[-106.429356,38.658608],[-106.431317,38.663289],[-106.43114,38.665066],[-106.432209,38.667921],[-106.43409,38.668878],[-106.435907,38.67115],[-106.436179,38.673735],[-106.436995,38.67486],[-106.438072,38.676635],[-106.437055,38.678069],[-106.437032,38.679375],[-106.437808,38.681509],[-106.437861,38.6825],[-106.440176,38.68687],[-106.44122,38.687137],[-106.441755,38.687629],[-106.443676,38.688045],[-106.445959,38.688988],[-106.446183,38.689832],[-106.448358,38.692945],[-106.451054,38.695365],[-106.451076,38.695922],[-106.451738,38.697033],[-106.451539,38.697794],[-106.452126,38.698777],[-106.450135,38.70266],[-106.449421,38.702945],[-106.448313,38.704928],[-106.447602,38.704842],[-106.44553,38.705533],[-106.444553,38.706926],[-106.44468,38.708037],[-106.444232,38.708713],[-106.443493,38.709231],[-106.438142,38.708631],[-106.436516,38.709033],[-106.434588,38.70927],[-106.433013,38.708696],[-106.431656,38.708708],[-106.429468,38.709811],[-106.4264,38.710065],[-106.426044,38.710263],[-106.425275,38.710307],[-106.424709,38.712693],[-106.423222,38.716166],[-106.422786,38.718857],[-106.423467,38.720847],[-106.419185,38.723989],[-106.417431,38.725675],[-106.416665,38.727814],[-106.416752,38.733756],[-106.418493,38.735304],[-106.42005,38.738805],[-106.418658,38.739632],[-106.418011,38.742028],[-106.418201,38.745129],[-106.41823,38.747419],[-106.418401,38.74915],[-106.419637,38.749995],[-106.41997,38.750731],[-106.419992,38.751045],[-106.419953,38.751529],[-106.419537,38.752563],[-106.419292,38.752854],[-106.418697,38.753195],[-106.418503,38.753438],[-106.418239,38.753987],[-106.417983,38.754189],[-106.417974,38.754383],[-106.41728,38.755426],[-106.416687,38.756041],[-106.416267,38.756349],[-106.415539,38.756706],[-106.415079,38.757184],[-106.415348,38.757554],[-106.416149,38.759237],[-106.416371,38.760494],[-106.416265,38.761728],[-106.416525,38.762453],[-106.417003,38.763234],[-106.417117,38.763572],[-106.417143,38.764435],[-106.41737,38.764676],[-106.418216,38.765125],[-106.418897,38.765638],[-106.419259,38.766],[-106.41928,38.766161],[-106.417915,38.768553],[-106.417575,38.770329],[-106.417452,38.770474],[-106.416682,38.770703],[-106.416539,38.770808],[-106.415498,38.772441],[-106.415361,38.77374],[-106.415498,38.774417],[-106.415427,38.774579],[-106.415058,38.774709],[-106.414905,38.774959],[-106.414774,38.775605],[-106.414829,38.776282],[-106.414414,38.777389],[-106.414263,38.778091],[-106.413816,38.779093],[-106.414571,38.779888],[-106.414737,38.780186],[-106.415426,38.782055],[-106.416033,38.784101],[-106.416635,38.785196],[-106.416815,38.786219],[-106.416759,38.787268],[-106.416586,38.787623],[-106.415471,38.788748],[-106.414794,38.789154],[-106.414518,38.789445],[-106.413696,38.789682],[-106.413091,38.789999],[-106.412949,38.790314],[-106.412881,38.791161],[-106.413457,38.793102],[-106.414039,38.794125],[-106.414363,38.795203],[-106.414517,38.796985],[-106.414891,38.797677],[-106.414892,38.797887],[-106.414473,38.798558],[-106.41459,38.799138],[-106.414869,38.799516],[-106.415055,38.799636],[-106.416054,38.799875],[-106.417148,38.800468],[-106.417911,38.800691],[-106.418025,38.801013],[-106.418009,38.801763],[-106.41861,38.802559],[-106.418498,38.802906],[-106.419633,38.803394],[-106.420666,38.804149],[-106.421475,38.805436],[-106.421726,38.806193],[-106.422336,38.806731],[-106.422711,38.807633],[-106.422726,38.808375],[-106.422432,38.809296],[-106.421735,38.809782],[-106.421018,38.810414],[-106.420825,38.810777],[-106.420674,38.811463],[-106.420551,38.811609],[-106.418243,38.812843],[-106.417175,38.813355],[-106.416025,38.813787],[-106.415659,38.814667],[-106.415188,38.815048],[-106.415045,38.815282],[-106.41499,38.816613],[-106.415356,38.817845],[-106.415334,38.819442],[-106.415483,38.820377],[-106.415839,38.821504],[-106.415989,38.822738],[-106.416198,38.823398],[-106.416263,38.82385],[-106.416182,38.824092],[-106.415812,38.824327],[-106.414763,38.824363],[-106.413726,38.824794],[-106.411888,38.825736],[-106.410792,38.826587],[-106.409112,38.828061],[-106.407501,38.829204],[-106.407132,38.829342],[-106.406926,38.82931],[-106.405284,38.828398],[-106.404373,38.827361],[-106.403505,38.826597],[-106.402927,38.826374],[-106.399352,38.825531],[-106.399021,38.825298],[-106.398742,38.824961],[-106.397529,38.823134],[-106.397198,38.822885],[-106.396693,38.82271],[-106.395652,38.822503],[-106.395024,38.822393],[-106.394386,38.822427],[-106.391269,38.82276],[-106.390725,38.822964],[-106.39053,38.823118],[-106.389502,38.823282],[-106.389101,38.823461],[-106.387848,38.823804],[-106.386388,38.82414],[-106.385493,38.824264],[-106.384424,38.824622],[-106.383632,38.824705],[-106.383572,38.825012],[-106.383741,38.825834],[-106.383582,38.827036],[-106.383649,38.828141],[-106.383589,38.828504],[-106.383211,38.829126],[-106.383059,38.829602],[-106.383136,38.830562],[-106.383067,38.831135],[-106.382822,38.831579],[-106.381941,38.832518],[-106.381747,38.832857],[-106.381059,38.833141],[-106.380782,38.833336],[-106.379143,38.834954],[-106.37902,38.835132],[-106.378819,38.836125],[-106.378202,38.836264],[-106.377451,38.836266],[-106.37601,38.836416],[-106.375457,38.836855],[-106.374228,38.837523],[-106.371525,38.838075],[-106.370401,38.838469],[-106.370204,38.838719],[-106.370398,38.839348],[-106.370386,38.839711],[-106.370126,38.840485],[-106.369174,38.841515],[-106.368357,38.842087],[-106.368077,38.842844],[-106.366442,38.844681],[-106.365099,38.845428],[-106.364458,38.846185],[-106.364549,38.846581],[-106.365145,38.847106],[-106.365371,38.847606],[-106.36531,38.85055],[-106.365378,38.851719],[-106.365304,38.852332],[-106.365044,38.852985],[-106.364549,38.853113],[-106.3643,38.853419],[-106.36397,38.853523],[-106.363661,38.853418],[-106.362661,38.853352],[-106.360566,38.8538],[-106.358223,38.8547],[-106.357685,38.85511],[-106.356891,38.855318],[-106.355705,38.855292],[-106.354673,38.855557],[-106.354075,38.85562],[-106.352239,38.855617],[-106.351126,38.855503],[-106.350117,38.855186],[-106.349551,38.854903],[-106.349303,38.854887],[-106.348843,38.856733],[-106.349106,38.858209],[-106.34897,38.86183],[-106.349235,38.862612],[-106.349047,38.863451],[-106.349282,38.864056],[-106.34925,38.864386],[-106.348938,38.865112],[-106.347687,38.865972],[-106.347428,38.866278],[-106.346982,38.867213],[-106.346413,38.867575],[-106.345577,38.867969],[-106.34478,38.868605],[-106.343211,38.869086],[-106.342674,38.869351],[-106.341825,38.870091],[-106.340109,38.871234],[-106.33951,38.871523],[-106.338819,38.871723],[-106.336776,38.871784],[-106.336188,38.87188],[-106.335847,38.872049],[-106.336192,38.873589],[-106.336779,38.874994],[-106.336589,38.875737],[-106.336068,38.876313],[-106.335245,38.87927],[-106.334344,38.880057],[-106.334065,38.881309],[-106.332483,38.880696],[-106.331756,38.881322],[-106.330522,38.881772],[-106.329049,38.882095],[-106.327505,38.882297],[-106.327334,38.882919],[-106.326446,38.884101],[-106.326456,38.886868],[-106.326697,38.887318],[-106.326039,38.888927],[-106.32471,38.890515],[-106.323019,38.891807],[-106.321313,38.892599],[-106.320555,38.894708],[-106.320859,38.895279],[-106.320863,38.89586],[-106.322889,38.898019],[-106.323477,38.899355],[-106.323796,38.900781],[-106.32472,38.902929],[-106.324115,38.904796],[-106.325118,38.908009],[-106.324894,38.908317],[-106.326099,38.911004],[-106.327884,38.911051],[-106.330693,38.911447],[-106.331056,38.911695],[-106.334984,38.911666],[-106.338128,38.90872],[-106.338726,38.908733],[-106.344049,38.907606],[-106.345241,38.907067],[-106.34673,38.9076],[-106.347334,38.908467],[-106.348731,38.909089],[-106.351501,38.909888],[-106.353035,38.910936],[-106.354794,38.911628],[-106.357073,38.912945],[-106.361151,38.912285],[-106.361544,38.912339],[-106.364245,38.910936],[-106.364879,38.910287],[-106.365773,38.909871],[-106.367482,38.906917],[-106.372211,38.906397],[-106.37344,38.906608],[-106.37558,38.908716],[-106.375974,38.908991],[-106.376222,38.909539],[-106.376113,38.911797],[-106.375765,38.912765],[-106.375745,38.913039],[-106.376699,38.915723],[-106.376495,38.916772],[-106.377168,38.917981],[-106.377049,38.920481],[-106.377175,38.921553],[-106.376982,38.922674],[-106.379069,38.92422],[-106.38036,38.924871],[-106.380836,38.925685],[-106.382999,38.923932],[-106.383451,38.922964],[-106.384545,38.923148],[-106.386257,38.922969],[-106.386913,38.921121],[-106.388994,38.919981],[-106.392344,38.918775],[-106.392991,38.917718],[-106.393184,38.916395],[-106.393386,38.914427],[-106.393075,38.913702],[-106.393579,38.913121],[-106.393959,38.912249],[-106.399497,38.911943],[-106.402124,38.910617],[-106.403208,38.910865],[-106.404977,38.912669],[-106.406071,38.912982],[-106.407602,38.914762],[-106.412091,38.915665],[-106.413166,38.916268],[-106.414274,38.918129],[-106.415627,38.91853],[-106.41598,38.919417],[-106.41718,38.920898],[-106.41737,38.922317],[-106.417868,38.923429],[-106.417964,38.924663],[-106.418244,38.925396],[-106.418227,38.92663],[-106.418692,38.927025],[-106.419023,38.927443],[-106.419354,38.927677],[-106.421161,38.928093],[-106.421831,38.928068],[-106.422913,38.927518],[-106.424952,38.926095],[-106.427448,38.925922],[-106.427922,38.92559],[-106.429458,38.925281],[-106.430262,38.924909],[-106.432062,38.923043],[-106.433715,38.920492],[-106.434333,38.919999],[-106.434372,38.919434],[-106.434864,38.918184],[-106.43652,38.916447],[-106.436953,38.916317],[-106.437175,38.914906],[-106.439333,38.915458],[-106.44215,38.915574],[-106.443088,38.915274],[-106.443705,38.914652],[-106.444757,38.914578],[-106.446065,38.913866],[-106.448005,38.914362],[-106.449951,38.913012],[-106.453808,38.912755],[-106.457811,38.910078],[-106.45873,38.910108],[-106.461941,38.911303],[-106.462941,38.911124],[-106.463476,38.910744],[-106.465032,38.910354],[-106.465323,38.910789],[-106.467027,38.9116],[-106.467483,38.91226],[-106.46901,38.912394],[-106.470044,38.913053],[-106.472209,38.915927],[-106.474912,38.916123],[-106.479759,38.918218],[-106.480905,38.918643],[-106.48212,38.92093],[-106.484061,38.921345],[-106.485652,38.922108],[-106.486719,38.92317],[-106.487359,38.923507],[-106.487888,38.924256],[-106.48883,38.925133],[-106.489173,38.925818],[-106.489938,38.926316],[-106.490714,38.929685],[-106.492346,38.930149],[-106.493856,38.931089],[-106.496258,38.93347],[-106.49876,38.93469],[-106.500583,38.934748],[-106.501211,38.935],[-106.501793,38.935293],[-106.502279,38.936135],[-106.502695,38.936445],[-106.503893,38.936579],[-106.504371,38.936849],[-106.504799,38.937949],[-106.505584,38.939457],[-106.505893,38.940929],[-106.505839,38.94292],[-106.505313,38.9444],[-106.507162,38.946092],[-106.508077,38.94589],[-106.513195,38.947487],[-106.514298,38.948242],[-106.515738,38.948664],[-106.515986,38.949443],[-106.5167,38.950347],[-106.518284,38.951517],[-106.519877,38.953969],[-106.520667,38.953695],[-106.521327,38.953688],[-106.52201,38.953875],[-106.523122,38.954445],[-106.524537,38.954585],[-106.526286,38.955052],[-106.526683,38.955411],[-106.527087,38.956914],[-106.528511,38.959883],[-106.528321,38.960296],[-106.527587,38.960843],[-106.527255,38.961451],[-106.525845,38.963124],[-106.524056,38.964205],[-106.523498,38.964839],[-106.523147,38.965535],[-106.522233,38.96797],[-106.521861,38.968666],[-106.524423,38.971093],[-106.524626,38.972316],[-106.525491,38.974339],[-106.526287,38.976588],[-106.528389,38.980727],[-106.529618,38.98078],[-106.53202,38.981386],[-106.532885,38.98199],[-106.534179,38.982292],[-106.536053,38.983491],[-106.539812,38.986559],[-106.54215,38.988277],[-106.543102,38.98851],[-106.544267,38.989144],[-106.545441,38.990382],[-106.546762,38.991078],[-106.550163,38.991545],[-106.550723,38.991701],[-106.551234,38.992075],[-106.552183,38.993476],[-106.554211,38.998711],[-106.554532,38.998757],[-106.555392,38.998329],[-106.556184,38.99812],[-106.556855,38.998146],[-106.559101,38.998624],[-106.559884,38.998528],[-106.560427,38.998232],[-106.561554,38.997004],[-106.562855,38.996403],[-106.566129,38.993792],[-106.567184,38.993967],[-106.568522,38.994478],[-106.569235,38.994535],[-106.569833,38.994481],[-106.570609,38.993942],[-106.574721,38.992821],[-106.577161,38.990444],[-106.578968,38.9912],[-106.579523,38.991702],[-106.580289,38.991912],[-106.58094,38.99197],[-106.582769,38.991476],[-106.583757,38.991974],[-106.584657,38.99211],[-106.585595,38.992697],[-106.586164,38.992813],[-106.586802,38.992694],[-106.587786,38.992257],[-106.589276,38.991879],[-106.590433,38.991271],[-106.591083,38.991297],[-106.592533,38.990952],[-106.594153,38.990936],[-106.595021,38.991072],[-106.595509,38.991277],[-106.595816,38.992394],[-106.596316,38.992719],[-106.599214,38.997994],[-106.598297,38.998744],[-106.59543,39.002132],[-106.594455,39.004185],[-106.594701,39.007568],[-106.595162,39.010305],[-106.594954,39.013752],[-106.595179,39.01686],[-106.594921,39.020809],[-106.591692,39.024923],[-106.592596,39.027627],[-106.594377,39.029959],[-106.597941,39.031666],[-106.599516,39.033788]]]}},{"type":"Feature","properties":{"d":8,"label":[-104.80947,40.26109],"area":1031.7},"geometry":{"type":"Polygon","coordinates":[[[-105.135466,40.348056],[-105.135566,40.349055],[-105.135336,40.349286],[-105.135285,40.349502],[-105.107586,40.349455],[-105.107634,40.341748],[-105.105324,40.341747],[-105.10508,40.342912],[-105.105156,40.343103],[-105.105201,40.349463],[-105.099734,40.349475],[-105.099669,40.348379],[-105.09697,40.348419],[-105.097212,40.348731],[-105.097342,40.34948],[-105.075217,40.349376],[-105.074874,40.349359],[-105.074887,40.349258],[-105.074672,40.34901],[-105.073632,40.34897],[-105.073408,40.349138],[-105.070549,40.349134],[-105.069954,40.349315],[-104.981677,40.349165],[-104.982417,40.354582],[-104.982928,40.356383],[-104.983468,40.357626],[-104.983562,40.358243],[-104.984487,40.359856],[-104.98701,40.363672],[-104.986732,40.363669],[-104.987575,40.366157],[-104.988896,40.368853],[-104.99163,40.373559],[-104.992606,40.374868],[-104.993493,40.376289],[-104.994988,40.377927],[-104.995169,40.378013],[-105.000953,40.378008],[-105.00095,40.378127],[-105.001247,40.378127],[-105.001231,40.379821],[-105.002528,40.379803],[-105.00246,40.385344],[-104.993881,40.385358],[-104.993861,40.388563],[-104.993959,40.389088],[-104.993906,40.392569],[-104.992742,40.392571],[-104.992666,40.404147],[-104.992516,40.404752],[-104.99226,40.405176],[-104.991056,40.406189],[-104.990554,40.406448],[-104.99009,40.406584],[-104.989029,40.406776],[-104.98903,40.406922],[-104.988722,40.407061],[-104.983449,40.407116],[-104.983446,40.406959],[-104.983004,40.406955],[-104.973755,40.407014],[-104.966747,40.40724],[-104.96418,40.407195],[-104.963984,40.417601],[-104.962076,40.417536],[-104.962076,40.418488],[-104.963966,40.41851],[-104.963927,40.421715],[-104.954887,40.421536],[-104.955024,40.414337],[-104.944427,40.414196],[-104.944562,40.407348],[-104.944291,40.407138],[-104.941785,40.40707],[-104.916574,40.407046],[-104.916577,40.408685],[-104.915474,40.408681],[-104.915447,40.407078],[-104.907482,40.407061],[-104.907292,40.40721],[-104.907291,40.407311],[-104.907075,40.40731],[-104.907026,40.42155],[-104.897781,40.421508],[-104.897775,40.421429],[-104.88823,40.421165],[-104.888232,40.421244],[-104.883678,40.421258],[-104.883783,40.417667],[-104.879152,40.417674],[-104.879083,40.421293],[-104.874487,40.421293],[-104.874583,40.414064],[-104.870107,40.414064],[-104.870102,40.421088],[-104.867816,40.421055],[-104.866933,40.420419],[-104.866923,40.421016],[-104.866014,40.421028],[-104.865636,40.421188],[-104.865591,40.421408],[-104.860423,40.421307],[-104.857713,40.437246],[-104.858362,40.439972],[-104.858052,40.440282],[-104.850892,40.440122],[-104.851038,40.44099],[-104.850768,40.440964],[-104.850648,40.441046],[-104.850685,40.441159],[-104.849658,40.442036],[-104.849527,40.441894],[-104.849462,40.441937],[-104.849473,40.442278],[-104.849102,40.442601],[-104.848644,40.442842],[-104.848191,40.442968],[-104.8478,40.443212],[-104.847481,40.443269],[-104.846781,40.443131],[-104.84645,40.442975],[-104.846056,40.442981],[-104.8451,40.442825],[-104.844294,40.443037],[-104.84397,40.443438],[-104.841437,40.443439],[-104.841955,40.450698],[-104.841925,40.457876],[-104.84176,40.457877],[-104.841822,40.461486],[-104.837183,40.461465],[-104.837204,40.458007],[-104.830926,40.458081],[-104.83093,40.462086],[-104.828069,40.461508],[-104.828056,40.458138],[-104.816269,40.45863],[-104.816279,40.459285],[-104.837197,40.463477],[-104.841901,40.46463],[-104.841741,40.473897],[-104.835158,40.473908],[-104.835116,40.476898],[-104.837425,40.478181],[-104.840026,40.478081],[-104.841826,40.477581],[-104.845826,40.478881],[-104.846826,40.478481],[-104.851476,40.478613],[-104.851468,40.47961],[-104.832409,40.479828],[-104.83226,40.507043],[-104.832404,40.507044],[-104.832396,40.508907],[-104.811698,40.509377],[-104.792111,40.509935],[-104.772491,40.510119],[-104.721031,40.510168],[-104.715844,40.510144],[-104.705101,40.509921],[-104.692114,40.509533],[-104.682802,40.50882],[-104.678503,40.508562],[-104.658851,40.508594],[-104.659143,40.4935],[-104.639729,40.493641],[-104.63125,40.493543],[-104.620461,40.493523],[-104.601873,40.493104],[-104.585528,40.493285],[-104.556791,40.493197],[-104.556402,40.493119],[-104.555894,40.492711],[-104.555102,40.492357],[-104.553952,40.492298],[-104.553355,40.492391],[-104.551108,40.49335],[-104.550263,40.493523],[-104.549935,40.493499],[-104.549203,40.493203],[-104.507594,40.49347],[-104.507839,40.478868],[-104.501024,40.478949],[-104.499877,40.479199],[-104.49259,40.482248],[-104.491376,40.482695],[-104.488793,40.483447],[-104.488823,40.49359],[-104.47999,40.493622],[-104.479901,40.493415],[-104.479688,40.479152],[-104.470338,40.479207],[-104.470235,40.464755],[-104.488791,40.464761],[-104.498851,40.46455],[-104.507785,40.464485],[-104.507718,40.457313],[-104.50781,40.454302],[-104.50788,40.435715],[-104.508181,40.406437],[-104.508137,40.399261],[-104.499416,40.399174],[-104.498521,40.398854],[-104.498813,40.391901],[-104.489039,40.391885],[-104.4888,40.379447],[-104.483894,40.378944],[-104.478089,40.380596],[-104.475763,40.380493],[-104.460382,40.377241],[-104.457635,40.376461],[-104.455583,40.374981],[-104.455234,40.37483],[-104.454656,40.374149],[-104.45394,40.37369],[-104.453218,40.373504],[-104.452646,40.373232],[-104.452045,40.373274],[-104.451251,40.373515],[-104.44903,40.374562],[-104.448313,40.374683],[-104.447091,40.37475],[-104.446589,40.374624],[-104.445922,40.374335],[-104.445777,40.373753],[-104.445852,40.373182],[-104.445399,40.372274],[-104.444013,40.37213],[-104.443203,40.372153],[-104.442571,40.371727],[-104.442059,40.371061],[-104.441029,40.369116],[-104.440334,40.368181],[-104.43913,40.367467],[-104.43773,40.367008],[-104.436459,40.366463],[-104.435498,40.365694],[-104.43425,40.363594],[-104.433904,40.362591],[-104.433451,40.362167],[-104.432858,40.361862],[-104.431928,40.361594],[-104.430936,40.361752],[-104.430337,40.362204],[-104.429121,40.362521],[-104.428507,40.362208],[-104.427859,40.361548],[-104.427451,40.360972],[-104.426735,40.360537],[-104.425047,40.360613],[-104.424131,40.360431],[-104.423054,40.359973],[-104.42251,40.359525],[-104.422079,40.357076],[-104.42154,40.35621],[-104.42105,40.355645],[-104.420337,40.354955],[-104.418995,40.354294],[-104.417692,40.353344],[-104.416682,40.352414],[-104.415128,40.351357],[-104.414684,40.350514],[-104.414489,40.349188],[-104.417646,40.346146],[-104.415408,40.344641],[-104.415056,40.344118],[-104.414975,40.343778],[-104.41518,40.335926],[-104.415444,40.331757],[-104.415351,40.33038],[-104.41557,40.32554],[-104.462177,40.348175],[-104.462571,40.347849],[-104.462937,40.347741],[-104.463284,40.347754],[-104.464724,40.348518],[-104.465082,40.348637],[-104.489495,40.348694],[-104.489641,40.319642],[-104.527162,40.319618],[-104.527583,40.27601],[-104.546474,40.275991],[-104.565378,40.276221],[-104.582777,40.2762],[-104.602356,40.275998],[-104.602687,40.232371],[-104.602868,40.15982],[-104.602949,40.145422],[-104.603085,40.145423],[-104.603045,40.137294],[-104.603138,40.134206],[-104.603043,40.134165],[-104.603064,40.133994],[-104.602933,40.133859],[-104.603147,40.133859],[-104.60314,40.120507],[-104.603391,40.120317],[-104.60314,40.120315],[-104.603138,40.116665],[-104.607482,40.116685],[-104.607504,40.120299],[-104.621679,40.120361],[-104.621733,40.116742],[-104.630946,40.116778],[-104.630945,40.116879],[-104.640725,40.116923],[-104.640471,40.102222],[-104.644166,40.102239],[-104.644173,40.101397],[-104.645075,40.101398],[-104.64508,40.100796],[-104.644334,40.100792],[-104.64433,40.101228],[-104.643941,40.101225],[-104.643938,40.102098],[-104.640106,40.102078],[-104.640107,40.102215],[-104.621701,40.101834],[-104.621611,40.089516],[-104.623774,40.087992],[-104.625129,40.087173],[-104.637541,40.080565],[-104.653842,40.080592],[-104.65595,40.080655],[-104.655993,40.080451],[-104.654389,40.080106],[-104.652862,40.07942],[-104.651909,40.078742],[-104.649864,40.077045],[-104.649865,40.074625],[-104.651284,40.07463],[-104.651313,40.073262],[-104.649885,40.073259],[-104.649928,40.072189],[-104.649811,40.069992],[-104.650968,40.066614],[-104.651575,40.065349],[-104.652643,40.063984],[-104.657576,40.058787],[-104.658079,40.058554],[-104.65855,40.058744],[-104.658567,40.058376],[-104.669223,40.047145],[-104.6698,40.046772],[-104.672013,40.045952],[-104.673136,40.044969],[-104.675642,40.044444],[-104.67849,40.044446],[-104.678448,40.041498],[-104.67475,40.0415],[-104.673633,40.043886],[-104.673538,40.043878],[-104.674702,40.041439],[-104.675318,40.040624],[-104.676522,40.039326],[-104.675919,40.038895],[-104.697909,40.01569],[-104.697002,40.015691],[-104.695184,40.017612],[-104.694918,40.017611],[-104.695317,40.017047],[-104.695927,40.015683],[-104.695809,40.015534],[-104.693532,40.015288],[-104.693531,40.015014],[-104.694256,40.014876],[-104.696207,40.014759],[-104.696967,40.01355],[-104.697289,40.012395],[-104.697438,40.012403],[-104.697142,40.00051],[-104.64064,40.000575],[-104.640648,39.957548],[-104.640361,39.906711],[-104.659163,39.906787],[-104.679664,39.907008],[-104.679582,39.914016],[-104.692054,39.914178],[-104.692139,39.906851],[-104.703185,39.906926],[-104.703311,39.895949],[-104.73039,39.896131],[-104.730953,39.845195],[-104.762279,39.84539],[-104.762317,39.841788],[-104.790859,39.841802],[-104.790708,39.827214],[-104.790922,39.819682],[-104.791054,39.810462],[-104.790895,39.798251],[-104.813987,39.7983],[-104.827716,39.798213],[-104.829286,39.798054],[-104.845527,39.798192],[-104.849342,39.798347],[-104.866041,39.798386],[-104.866074,39.812847],[-104.884405,39.812815],[-104.884372,39.80292],[-104.884474,39.798322],[-104.899069,39.798374],[-104.899069,39.800202],[-104.901416,39.800202],[-104.901405,39.798383],[-104.903561,39.798391],[-104.903438,39.783808],[-104.927002,39.783778],[-104.927034,39.791054],[-104.940487,39.791002],[-104.940476,39.794601],[-104.955445,39.794625],[-104.96019,39.791025],[-104.968861,39.791041],[-104.968863,39.791317],[-104.968316,39.791832],[-104.967936,39.791831],[-104.967779,39.79267],[-104.967523,39.793269],[-104.968773,39.793215],[-104.968716,39.798396],[-104.971644,39.798291],[-104.971656,39.796148],[-104.971157,39.796144],[-104.97116,39.795567],[-104.974667,39.795608],[-104.974676,39.794125],[-104.973057,39.794114],[-104.973065,39.792418],[-104.975951,39.792422],[-104.97595,39.791038],[-104.977724,39.791042],[-104.977722,39.791876],[-104.978271,39.791874],[-104.978274,39.791043],[-104.982669,39.791086],[-104.982874,39.791032],[-104.985185,39.791038],[-104.985181,39.791667],[-104.985782,39.791665],[-104.985781,39.79187],[-104.986358,39.791871],[-104.986386,39.791037],[-104.990263,39.791031],[-104.990263,39.791518],[-104.990629,39.792047],[-104.99324,39.792042],[-104.993242,39.791026],[-105.020542,39.791087],[-105.020554,39.792941],[-105.020617,39.793011],[-105.021569,39.793214],[-105.021106,39.79428],[-105.021843,39.794461],[-105.02197,39.794065],[-105.022191,39.793797],[-105.022614,39.793495],[-105.022945,39.793403],[-105.023448,39.793454],[-105.02404,39.793892],[-105.024381,39.794034],[-105.02483,39.794053],[-105.025303,39.793963],[-105.025262,39.791106],[-105.029944,39.791125],[-105.029953,39.792032],[-105.034645,39.792051],[-105.034618,39.791142],[-105.053246,39.791063],[-105.053162,39.799239],[-105.052886,39.800863],[-105.049254,39.800878],[-105.04926,39.801929],[-105.043936,39.801931],[-105.043947,39.802883],[-105.040499,39.802874],[-105.040513,39.80446],[-105.041542,39.804525],[-105.043427,39.804377],[-105.050024,39.803023],[-105.050026,39.803115],[-105.044018,39.804354],[-105.044099,39.81282],[-105.044018,39.817439],[-105.04422,39.817517],[-105.044872,39.817315],[-105.04512,39.81732],[-105.04579,39.817479],[-105.046076,39.817671],[-105.047203,39.817773],[-105.048733,39.818237],[-105.048873,39.818351],[-105.04888,39.81898],[-105.049251,39.81921],[-105.049608,39.81921],[-105.049848,39.81908],[-105.05055,39.819076],[-105.051385,39.819609],[-105.051386,39.820046],[-105.05327,39.820028],[-105.053188,39.849649],[-105.052835,39.852545],[-105.052847,39.853229],[-105.053013,39.853775],[-105.053249,39.854194],[-105.053339,39.855978],[-105.053338,39.856485],[-105.053158,39.857515],[-105.053166,39.858335],[-105.053298,39.858875],[-105.0532,39.862204],[-105.053236,39.869149],[-105.052892,39.914224],[-105.034347,39.914181],[-105.0344,39.921371],[-105.023548,39.921317],[-105.023545,39.919225],[-105.021552,39.919207],[-105.021536,39.921359],[-105.015469,39.921309],[-105.015657,39.943131],[-104.997025,39.943239],[-104.997056,39.946772],[-105.006265,39.946805],[-105.006298,39.950439],[-105.010992,39.950474],[-105.010995,39.951344],[-105.012533,39.950344],[-105.013279,39.950559],[-105.01554,39.951644],[-105.016609,39.952538],[-105.016856,39.952842],[-105.016835,39.953117],[-105.01641,39.954101],[-105.015565,39.955188],[-105.01568,39.956665],[-105.015691,39.970437],[-105.013417,39.970465],[-105.013409,39.972265],[-105.015722,39.972276],[-105.015845,39.981193],[-105.006963,39.981267],[-104.997423,39.981213],[-104.997398,39.97842],[-104.999476,39.978416],[-104.999474,39.977582],[-104.998404,39.977586],[-104.998389,39.975805],[-104.997379,39.975785],[-104.99725,39.968529],[-104.988108,39.968468],[-104.988108,39.972175],[-104.994995,39.972221],[-104.994995,39.97212],[-104.997065,39.972149],[-104.99708,39.973954],[-104.99438,39.973953],[-104.994411,39.975803],[-104.987784,39.975746],[-104.987746,39.986483],[-104.987581,39.987113],[-104.986768,39.989107],[-104.981607,39.998657],[-104.981208,39.999499],[-104.980944,40.000325],[-104.961405,40.000337],[-104.961405,40.000419],[-104.961538,40.000404],[-104.96152,40.011188],[-104.961483,40.014979],[-104.96132,40.014982],[-104.961242,40.032687],[-104.961071,40.044144],[-104.978526,40.043888],[-104.978523,40.044026],[-104.979358,40.044029],[-104.979318,40.043901],[-104.98029,40.043908],[-104.980289,40.044029],[-104.98143,40.044031],[-104.980899,40.046376],[-104.980799,40.048755],[-104.980837,40.080317],[-104.989465,40.080339],[-104.989429,40.084042],[-104.994693,40.084069],[-104.994665,40.087742],[-104.998619,40.087701],[-104.998824,40.087854],[-104.998915,40.087852],[-104.998917,40.087695],[-104.999642,40.087622],[-105.002755,40.087552],[-105.008357,40.087552],[-105.008412,40.091953],[-105.008335,40.100201],[-105.009789,40.100308],[-105.011017,40.100858],[-105.012149,40.101069],[-105.013048,40.100995],[-105.013503,40.101097],[-105.014054,40.100953],[-105.014403,40.10072],[-105.014615,40.100217],[-105.014616,40.099965],[-105.014274,40.099686],[-105.013216,40.099177],[-105.013028,40.099039],[-105.013064,40.098826],[-105.013919,40.098227],[-105.014567,40.097978],[-105.015443,40.096902],[-105.017353,40.09609],[-105.017502,40.095919],[-105.017538,40.095719],[-105.017318,40.095208],[-105.01731,40.094836],[-105.01751,40.094409],[-105.017538,40.093995],[-105.016897,40.093404],[-105.015992,40.092378],[-105.014147,40.091338],[-105.013107,40.09034],[-105.012893,40.09002],[-105.012608,40.08925],[-105.012501,40.088388],[-105.012558,40.08826],[-105.012807,40.088132],[-105.016474,40.087903],[-105.017581,40.087636],[-105.017738,40.087674],[-105.017724,40.087282],[-105.018222,40.087292],[-105.018381,40.087088],[-105.018494,40.08709],[-105.020548,40.084337],[-105.021002,40.083926],[-105.021634,40.083847],[-105.023,40.084014],[-105.02444,40.084338],[-105.025059,40.084648],[-105.025388,40.085015],[-105.025525,40.085459],[-105.025308,40.086014],[-105.025171,40.086024],[-105.024613,40.08652],[-105.024628,40.086914],[-105.025007,40.087302],[-105.026528,40.087392],[-105.026597,40.087534],[-105.032273,40.087697],[-105.032265,40.08799],[-105.032371,40.087994],[-105.032555,40.087859],[-105.036665,40.087977],[-105.041564,40.087816],[-105.041497,40.089176],[-105.041573,40.089617],[-105.041969,40.090082],[-105.042271,40.090229],[-105.037283,40.09624],[-105.032132,40.101873],[-105.032081,40.109278],[-105.032082,40.109622],[-105.035055,40.109626],[-105.036294,40.109097],[-105.036672,40.109032],[-105.038948,40.109546],[-105.03899,40.109426],[-105.039464,40.109485],[-105.041475,40.10943],[-105.041493,40.113122],[-105.036745,40.113231],[-105.036746,40.120481],[-105.031984,40.120538],[-105.031984,40.121295],[-105.030951,40.121954],[-105.029967,40.1227],[-105.029649,40.123042],[-105.02906,40.124687],[-105.029007,40.125292],[-105.028932,40.125426],[-105.028596,40.125572],[-105.028508,40.125697],[-105.028448,40.126004],[-105.028014,40.126811],[-105.027797,40.127051],[-105.027409,40.127248],[-105.026168,40.127646],[-105.0259,40.127824],[-105.006618,40.12783],[-105.008221,40.125952],[-105.008235,40.118608],[-105.008547,40.118548],[-105.00729,40.117059],[-105.006881,40.116974],[-104.989399,40.116959],[-104.989337,40.117113],[-104.989243,40.131375],[-104.998848,40.131429],[-104.998835,40.144273],[-104.99869,40.157071],[-105.008097,40.156966],[-105.008044,40.160318],[-105.015228,40.160184],[-105.018183,40.160322],[-105.021648,40.16067],[-105.023405,40.160718],[-105.036736,40.160304],[-105.036452,40.170573],[-105.032183,40.171833],[-105.030346,40.174705],[-105.029233,40.174713],[-105.029351,40.174392],[-105.029205,40.174153],[-105.028847,40.174017],[-105.028364,40.174009],[-105.027452,40.174181],[-105.027037,40.174423],[-105.027035,40.174705],[-105.026917,40.174705],[-105.026916,40.1748],[-105.00188,40.174943],[-104.998823,40.175107],[-104.998561,40.175222],[-104.998353,40.175727],[-104.998346,40.182237],[-104.998463,40.182236],[-104.998476,40.196793],[-105.012824,40.196738],[-105.011528,40.200461],[-105.009905,40.20397],[-105.017974,40.203908],[-105.017995,40.203802],[-105.0352,40.203771],[-105.0459,40.203604],[-105.04588,40.211036],[-105.04057,40.211087],[-105.040587,40.210877],[-105.040457,40.210633],[-105.03935,40.210086],[-105.038352,40.209751],[-105.036371,40.208859],[-105.036306,40.216986],[-105.032596,40.216949],[-105.030957,40.217013],[-105.027891,40.216836],[-105.026863,40.216862],[-105.026865,40.218458],[-105.02714,40.218456],[-105.028435,40.219684],[-105.028229,40.21976],[-105.028209,40.219877],[-105.02836,40.219951],[-105.028666,40.219909],[-105.029425,40.220249],[-105.030186,40.220399],[-105.031454,40.22137],[-105.031301,40.221501],[-105.032235,40.222884],[-105.033735,40.224584],[-105.034075,40.2247],[-105.0347,40.225171],[-105.035132,40.225919],[-105.035793,40.226624],[-105.036247,40.226977],[-105.036528,40.227606],[-105.036299,40.227649],[-105.036203,40.227751],[-105.036296,40.227985],[-105.036485,40.22822],[-105.036808,40.22828],[-105.037673,40.229629],[-105.038198,40.230669],[-105.038535,40.231784],[-105.037835,40.231684],[-105.037164,40.231351],[-105.036595,40.230997],[-105.035025,40.22966],[-105.034246,40.229365],[-105.033122,40.229345],[-105.032549,40.229619],[-105.032314,40.230291],[-105.031796,40.230814],[-105.030573,40.231203],[-105.029507,40.231154],[-105.02792,40.231833],[-105.027495,40.232518],[-105.027429,40.233014],[-105.030242,40.233004],[-105.030241,40.232915],[-105.031696,40.23291],[-105.031694,40.232999],[-105.03643,40.232977],[-105.055076,40.232779],[-105.054923,40.240177],[-105.055105,40.249011],[-105.055089,40.261793],[-105.082624,40.261586],[-105.083037,40.261535],[-105.087127,40.261592],[-105.099831,40.261485],[-105.100337,40.261384],[-105.102451,40.261367],[-105.102531,40.290581],[-105.103164,40.290544],[-105.102966,40.291268],[-105.103009,40.294085],[-105.107512,40.294091],[-105.107587,40.305105],[-105.109483,40.305039],[-105.109767,40.305304],[-105.111012,40.3061],[-105.111696,40.306868],[-105.112296,40.306859],[-105.112319,40.31123],[-105.110743,40.311249],[-105.110788,40.313571],[-105.112342,40.313558],[-105.112322,40.323256],[-105.112427,40.323576],[-105.110633,40.323584],[-105.110628,40.323291],[-105.103743,40.323375],[-105.103037,40.323444],[-105.102917,40.323823],[-105.102818,40.326137],[-105.102859,40.32624],[-105.107162,40.325332],[-105.107413,40.325657],[-105.107234,40.326244],[-105.107356,40.326782],[-105.107262,40.327338],[-105.107378,40.327668],[-105.107789,40.328168],[-105.108005,40.328294],[-105.109135,40.328507],[-105.108007,40.32813],[-105.107623,40.327807],[-105.107413,40.327441],[-105.107371,40.327162],[-105.10754,40.326618],[-105.107371,40.326159],[-105.107571,40.32557],[-105.107124,40.325092],[-105.106923,40.324751],[-105.106829,40.324153],[-105.106951,40.323856],[-105.107116,40.323763],[-105.107539,40.323724],[-105.109283,40.323756],[-105.111364,40.324508],[-105.112261,40.324546],[-105.112505,40.324392],[-105.112397,40.324041],[-105.112469,40.323749],[-105.114298,40.322452],[-105.114628,40.322354],[-105.115969,40.322238],[-105.11739,40.321787],[-105.117978,40.321814],[-105.119378,40.322236],[-105.12016,40.322389],[-105.12151,40.323174],[-105.12278,40.322992],[-105.123088,40.323052],[-105.123526,40.323376],[-105.123928,40.323887],[-105.124373,40.324079],[-105.12517,40.324221],[-105.125536,40.323875],[-105.125891,40.323716],[-105.126436,40.323743],[-105.127656,40.324046],[-105.128602,40.324612],[-105.130044,40.324965],[-105.130511,40.325146],[-105.130675,40.325371],[-105.13041,40.325552],[-105.128881,40.325667],[-105.126986,40.326418],[-105.12662,40.326671],[-105.126577,40.326792],[-105.127983,40.327254],[-105.128076,40.327353],[-105.127882,40.327682],[-105.127939,40.32783],[-105.130304,40.327077],[-105.131351,40.327097],[-105.13135,40.327484],[-105.12961,40.327641],[-105.129314,40.327743],[-105.128675,40.328193],[-105.128314,40.328691],[-105.127216,40.329026],[-105.125306,40.329861],[-105.123311,40.330231],[-105.122066,40.33022],[-105.122071,40.330955],[-105.121464,40.33088],[-105.120141,40.331399],[-105.120334,40.331465],[-105.121043,40.331105],[-105.121587,40.330938],[-105.121604,40.33245],[-105.121532,40.332538],[-105.120348,40.332533],[-105.11963,40.332863],[-105.119308,40.333215],[-105.119165,40.334017],[-105.118609,40.334234],[-105.117518,40.334998],[-105.11608,40.335281],[-105.114953,40.335337],[-105.11481,40.335392],[-105.11448,40.335793],[-105.11457,40.336274],[-105.115078,40.335643],[-105.116017,40.335406],[-105.116728,40.335486],[-105.117613,40.335061],[-105.118128,40.334617],[-105.118651,40.334328],[-105.119377,40.334153],[-105.120496,40.334178],[-105.120564,40.333904],[-105.119809,40.333503],[-105.120023,40.333067],[-105.120655,40.332769],[-105.12241,40.332856],[-105.121888,40.334086],[-105.12162,40.334394],[-105.120982,40.335768],[-105.120143,40.336713],[-105.119311,40.337411],[-105.118817,40.33796],[-105.117669,40.339603],[-105.117232,40.340405],[-105.117104,40.34191],[-105.11755,40.343411],[-105.117405,40.343534],[-105.11646,40.343698],[-105.116297,40.343839],[-105.116302,40.344063],[-105.116812,40.344629],[-105.117221,40.344766],[-105.117673,40.344606],[-105.11819,40.344112],[-105.118516,40.34414],[-105.118918,40.34435],[-105.119018,40.344792],[-105.118872,40.345068],[-105.118668,40.345179],[-105.117832,40.345419],[-105.117646,40.345688],[-105.117603,40.346149],[-105.115989,40.347424],[-105.115867,40.34771],[-105.117238,40.34733],[-105.118084,40.346995],[-105.118752,40.346423],[-105.119498,40.345973],[-105.119957,40.345786],[-105.120452,40.345604],[-105.122002,40.345461],[-105.122454,40.345279],[-105.123014,40.344928],[-105.125628,40.343811],[-105.126461,40.343746],[-105.127674,40.343768],[-105.128607,40.343862],[-105.129727,40.344154],[-105.131033,40.344209],[-105.132554,40.344452],[-105.132806,40.344551],[-105.133494,40.345226],[-105.13404,40.34532],[-105.134075,40.345457],[-105.133709,40.346199],[-105.133716,40.346484],[-105.134124,40.346957],[-105.134777,40.34716],[-105.135272,40.347539],[-105.135466,40.348056]]]}}]}