{"type":"FeatureCollection","features":[{"type":"Feature","properties":{"geoid":"08031000102","name":"Census Tract 1.02"},"geometry":{"type":"Polygon","coordinates":[[[-105.053245,39.776583],[-105.053208,39.780205],[-105.053243,39.78219],[-105.053198,39.782759],[-105.053184,39.783687],[-105.052613,39.783884],[-105.050917,39.784741],[-105.050315,39.784947],[-105.049418,39.785114],[-105.048862,39.785148],[-105.048249,39.785112],[-105.047709,39.785025],[-105.046816,39.784723],[-105.045253,39.783972],[-105.044745,39.783799],[-105.044034,39.783654],[-105.043425,39.783597],[-105.035823,39.783554],[-105.03348,39.783417],[-105.032525,39.783454],[-105.03047,39.783784],[-105.027313,39.784235],[-105.025321,39.78438],[-105.02526,39.783472],[-105.025242,39.782144],[-105.025275,39.776643],[-105.034615,39.776751],[-105.039274,39.776691],[-105.042727,39.776701],[-105.043972,39.776573],[-105.052086,39.776568],[-105.053245,39.776583]]]}},{"type":"Feature","properties":{"geoid":"08031000201","name":"Census Tract 2.01"},"geometry":{"type":"Polygon","coordinates":[[[-105.025149,39.794003],[-105.024651,39.794066],[-105.024381,39.794034],[-105.02404,39.793892],[-105.023549,39.793499],[-105.023282,39.793411],[-105.02303,39.793396],[-105.022614,39.793495],[-105.022191,39.793797],[-105.02197,39.794065],[-105.021843,39.794461],[-105.021106,39.79428],[-105.021569,39.793214],[-105.020617,39.793011],[-105.020554,39.792941],[-105.020542,39.791087],[-104.99779,39.791026],[-104.997813,39.7844],[-104.997863,39.784049],[-104.997862,39.783718],[-104.997787,39.783038],[-104.997782,39.782464],[-104.99798,39.782514],[-104.997973,39.782302],[-105.001978,39.783395],[-105.002581,39.783501],[-105.003926,39.78344],[-105.005441,39.78321],[-105.006265,39.783145],[-105.007096,39.783142],[-105.010084,39.783435],[-105.012762,39.783527],[-105.015833,39.78357],[-105.015834,39.783708],[-105.019763,39.783716],[-105.020762,39.783829],[-105.023327,39.784273],[-105.023934,39.784332],[-105.025137,39.784386],[-105.025109,39.791609],[-105.025149,39.794003]]]}},{"type":"Feature","properties":{"geoid":"08031000202","name":"Census Tract 2.02"},"geometry":{"type":"Polygon","coordinates":[[[-105.025321,39.78438],[-105.024388,39.784358],[-105.023327,39.784273],[-105.020762,39.783829],[-105.019763,39.783716],[-105.015834,39.783708],[-105.015833,39.78357],[-105.012762,39.783527],[-105.010084,39.783435],[-105.007096,39.783142],[-105.006265,39.783145],[-105.005441,39.78321],[-105.003926,39.78344],[-105.002581,39.783501],[-105.001978,39.783395],[-104.998334,39.782399],[-104.998115,39.776641],[-104.998194,39.776547],[-105.002959,39.776583],[-105.00517,39.776544],[-105.009981,39.776526],[-105.025275,39.776643],[-105.025242,39.782144],[-105.02526,39.783472],[-105.025321,39.78438]]]}},{"type":"Feature","properties":{"geoid":"08031000301","name":"Census Tract 3.01"},"geometry":{"type":"Polygon","coordinates":[[[-105.053265,39.771134],[-105.053245,39.776583],[-105.043972,39.776573],[-105.042727,39.776701],[-105.039274,39.776691],[-105.034615,39.776751],[-105.025275,39.776643],[-105.025299,39.77084],[-105.025237,39.770222],[-105.025238,39.769288],[-105.034643,39.769547],[-105.036986,39.769512],[-105.039337,39.769432],[-105.041674,39.769446],[-105.042856,39.769382],[-105.044012,39.769362],[-105.046285,39.76938],[-105.05324,39.769333],[-105.053265,39.771134]]]}},{"type":"Feature","properties":{"geoid":"08031000302","name":"Census Tract 3.02"},"geometry":{"type":"Polygon","coordinates":[[[-105.053239,39.758472],[-105.05324,39.769333],[-105.046285,39.76938],[-105.044012,39.769362],[-105.042856,39.769382],[-105.041674,39.769446],[-105.039337,39.769432],[-105.039308,39.768262],[-105.039303,39.758499],[-105.053239,39.758472]]]}},{"type":"Feature","properties":{"geoid":"08031000303","name":"Census Tract 3.03"},"geometry":{"type":"Polygon","coordinates":[[[-105.039337,39.769432],[-105.036986,39.769512],[-105.034643,39.769547],[-105.025238,39.769288],[-105.02525,39.76835],[-105.025288,39.768029],[-105.025287,39.766078],[-105.025233,39.765609],[-105.025283,39.765086],[-105.025223,39.760855],[-105.025233,39.758476],[-105.034613,39.758518],[-105.039303,39.758499],[-105.039308,39.768262],[-105.039337,39.769432]]]}},{"type":"Feature","properties":{"geoid":"08031000401","name":"Census Tract 4.01"},"geometry":{"type":"Polygon","coordinates":[[[-105.025298,39.770951],[-105.025275,39.776643],[-105.017421,39.776573],[-105.01118,39.776554],[-105.011224,39.775338],[-105.011202,39.769286],[-105.020523,39.769265],[-105.025238,39.769288],[-105.025237,39.770222],[-105.025298,39.770951]]]}},{"type":"Feature","properties":{"geoid":"08031000403","name":"Census Tract 4.03"},"geometry":{"type":"Polygon","coordinates":[[[-105.025288,39.768093],[-105.02525,39.76835],[-105.025238,39.769288],[-105.020523,39.769265],[-105.011202,39.769286],[-105.011185,39.762037],[-105.025241,39.762021],[-105.025283,39.765086],[-105.025233,39.765609],[-105.025287,39.766078],[-105.025288,39.768093]]]}},{"type":"Feature","properties":{"geoid":"08031000404","name":"Census Tract 4.04"},"geometry":{"type":"Polygon","coordinates":[[[-105.025241,39.762021],[-105.011185,39.762037],[-105.011152,39.761597],[-105.01114,39.759841],[-105.011008,39.759643],[-105.008965,39.758085],[-105.012692,39.755368],[-105.014639,39.756078],[-105.015621,39.756347],[-105.015835,39.756303],[-105.017811,39.757003],[-105.020538,39.758038],[-105.021368,39.75846],[-105.025233,39.758476],[-105.025241,39.762021]]]}},{"type":"Feature","properties":{"geoid":"08031000501","name":"Census Tract 5.01"},"geometry":{"type":"Polygon","coordinates":[[[-105.053239,39.758472],[-105.039303,39.758499],[-105.039306,39.747576],[-105.036956,39.747578],[-105.03695,39.746388],[-105.035771,39.746378],[-105.035765,39.74395],[-105.053212,39.74398],[-105.053239,39.758472]]]}},{"type":"Feature","properties":{"geoid":"08031000503","name":"Census Tract 5.03"},"geometry":{"type":"Polygon","coordinates":[[[-105.039306,39.747576],[-105.039303,39.758499],[-105.034613,39.758518],[-105.034631,39.753942],[-105.034583,39.746501],[-105.034933,39.746385],[-105.03695,39.746388],[-105.036956,39.747578],[-105.039306,39.747576]]]}},{"type":"Feature","properties":{"geoid":"08031000504","name":"Census Tract 5.04"},"geometry":{"type":"Polygon","coordinates":[[[-105.034933,39.746385],[-105.034583,39.746501],[-105.034631,39.753942],[-105.034613,39.758518],[-105.025233,39.758476],[-105.025234,39.757831],[-105.025277,39.757789],[-105.025273,39.755467],[-105.025223,39.755439],[-105.025215,39.754045],[-105.025282,39.754022],[-105.025299,39.751714],[-105.025225,39.751686],[-105.025229,39.750726],[-105.02527,39.750681],[-105.025274,39.748119],[-105.025232,39.748087],[-105.025213,39.746363],[-105.034933,39.746385]]]}},{"type":"Feature","properties":{"geoid":"08031000600","name":"Census Tract 6"},"geometry":{"type":"Polygon","coordinates":[[[-105.025299,39.751714],[-105.025282,39.754022],[-105.025215,39.754045],[-105.025223,39.755439],[-105.025273,39.755467],[-105.025277,39.757789],[-105.025234,39.757831],[-105.025233,39.758476],[-105.021368,39.75846],[-105.020538,39.758038],[-105.017811,39.757003],[-105.015835,39.756303],[-105.015621,39.756347],[-105.014639,39.756078],[-105.011707,39.755009],[-105.010154,39.754288],[-105.009489,39.753926],[-105.00992,39.753553],[-105.010269,39.753355],[-105.011319,39.752547],[-105.011678,39.752155],[-105.012528,39.751401],[-105.012963,39.751108],[-105.013499,39.75088],[-105.01436,39.750428],[-105.015133,39.749855],[-105.015362,39.749383],[-105.015677,39.746892],[-105.015605,39.746075],[-105.015577,39.745116],[-105.015677,39.744744],[-105.016261,39.743389],[-105.017415,39.744559],[-105.017564,39.744757],[-105.017893,39.745005],[-105.018238,39.745417],[-105.018532,39.745913],[-105.018725,39.745975],[-105.018955,39.745861],[-105.018982,39.746384],[-105.020482,39.746392],[-105.020509,39.747599],[-105.023616,39.747588],[-105.023624,39.746361],[-105.025213,39.746363],[-105.025232,39.748087],[-105.025274,39.748119],[-105.02527,39.750681],[-105.025229,39.750726],[-105.025225,39.751686],[-105.025299,39.751714]]]}},{"type":"Feature","properties":{"geoid":"08031000703","name":"Census Tract 7.03"},"geometry":{"type":"Polygon","coordinates":[[[-105.053212,39.74398],[-105.039308,39.743953],[-105.039326,39.740342],[-105.050923,39.740351],[-105.052072,39.740404],[-105.053206,39.740411],[-105.053212,39.74398]]]}},{"type":"Feature","properties":{"geoid":"08031000704","name":"Census Tract 7.04"},"geometry":{"type":"Polygon","coordinates":[[[-105.053227,39.734876],[-105.053206,39.740411],[-105.052072,39.740404],[-105.050923,39.740351],[-105.039326,39.740342],[-105.039309,39.736613],[-105.039271,39.736565],[-105.0393,39.734344],[-105.039699,39.734421],[-105.040457,39.73447],[-105.040464,39.734028],[-105.041664,39.734095],[-105.041893,39.73461],[-105.041836,39.734839],[-105.04187,39.734922],[-105.041963,39.735004],[-105.04208,39.735053],[-105.042225,39.734991],[-105.04234,39.734984],[-105.042747,39.735009],[-105.043178,39.734976],[-105.043553,39.735014],[-105.043964,39.734955],[-105.044067,39.734867],[-105.044156,39.734842],[-105.044281,39.734874],[-105.044419,39.734834],[-105.044819,39.734873],[-105.045289,39.734827],[-105.045948,39.73487],[-105.046273,39.734961],[-105.046422,39.734919],[-105.046485,39.734939],[-105.046436,39.735005],[-105.046458,39.735013],[-105.046685,39.734934],[-105.046902,39.735018],[-105.046974,39.73499],[-105.047007,39.734933],[-105.047058,39.734944],[-105.047265,39.735156],[-105.047442,39.735228],[-105.047486,39.735319],[-105.047597,39.735363],[-105.047697,39.735355],[-105.047976,39.73521],[-105.048217,39.73519],[-105.048645,39.735345],[-105.04892,39.735255],[-105.048989,39.735332],[-105.04893,39.735423],[-105.049004,39.735438],[-105.049341,39.735257],[-105.049794,39.735248],[-105.049931,39.735274],[-105.050062,39.735169],[-105.050346,39.735193],[-105.050531,39.735311],[-105.050834,39.735338],[-105.050982,39.735414],[-105.051078,39.735403],[-105.051111,39.735301],[-105.051194,39.735332],[-105.051323,39.735247],[-105.051406,39.735144],[-105.05144,39.734998],[-105.051473,39.734986],[-105.051685,39.734946],[-105.051881,39.734961],[-105.051924,39.734989],[-105.05191,39.735047],[-105.051965,39.735065],[-105.052036,39.735048],[-105.052164,39.734937],[-105.052258,39.734977],[-105.052481,39.734987],[-105.052674,39.734913],[-105.053227,39.734876]]]}},{"type":"Feature","properties":{"geoid":"08031000705","name":"Census Tract 7.05"},"geometry":{"type":"Polygon","coordinates":[[[-105.03933,39.742752],[-105.039308,39.743953],[-105.035765,39.74395],[-105.035771,39.746378],[-105.031511,39.746374],[-105.031496,39.740339],[-105.032276,39.740335],[-105.032242,39.736715],[-105.032184,39.736362],[-105.032161,39.734973],[-105.032437,39.734974],[-105.032889,39.735236],[-105.033029,39.73527],[-105.033422,39.735254],[-105.033764,39.735284],[-105.03388,39.735353],[-105.034042,39.735652],[-105.034135,39.735663],[-105.034294,39.735606],[-105.034389,39.735624],[-105.034496,39.73572],[-105.034587,39.735929],[-105.034704,39.735969],[-105.035056,39.735851],[-105.035137,39.735602],[-105.035556,39.735253],[-105.035641,39.735131],[-105.035679,39.73497],[-105.035731,39.734902],[-105.035956,39.734777],[-105.03643,39.734623],[-105.03659,39.734436],[-105.036848,39.734314],[-105.037223,39.734263],[-105.037553,39.734102],[-105.037682,39.7341],[-105.037793,39.734178],[-105.037897,39.734178],[-105.038019,39.734138],[-105.038187,39.734005],[-105.038353,39.73398],[-105.038505,39.734033],[-105.03876,39.734234],[-105.0393,39.734344],[-105.039271,39.736565],[-105.039309,39.736613],[-105.03933,39.742752]]]}},{"type":"Feature","properties":{"geoid":"08031000706","name":"Census Tract 7.06"},"geometry":{"type":"Polygon","coordinates":[[[-105.032276,39.740335],[-105.031496,39.740339],[-105.031511,39.746374],[-105.025213,39.746363],[-105.025219,39.74273],[-105.025147,39.74211],[-105.025147,39.739851],[-105.025075,39.738011],[-105.025236,39.736565],[-105.025467,39.736492],[-105.026007,39.736187],[-105.026288,39.736152],[-105.027032,39.735931],[-105.027851,39.735878],[-105.028292,39.735812],[-105.028794,39.735622],[-105.029201,39.735542],[-105.030399,39.735473],[-105.031045,39.735378],[-105.031214,39.735332],[-105.03136,39.73521],[-105.031754,39.735022],[-105.032161,39.734973],[-105.032184,39.736362],[-105.032242,39.736715],[-105.032276,39.740335]]]}},{"type":"Feature","properties":{"geoid":"08031000800","name":"Census Tract 8"},"geometry":{"type":"Polygon","coordinates":[[[-105.025236,39.736565],[-105.025075,39.738011],[-105.025147,39.739851],[-105.025147,39.74211],[-105.025219,39.74273],[-105.025213,39.746363],[-105.023624,39.746361],[-105.023616,39.747588],[-105.020509,39.747599],[-105.020482,39.746392],[-105.018982,39.746384],[-105.018955,39.745861],[-105.018725,39.745975],[-105.018532,39.745913],[-105.018238,39.745417],[-105.017893,39.745005],[-105.017564,39.744757],[-105.017415,39.744559],[-105.016261,39.743389],[-105.016439,39.743012],[-105.017963,39.738982],[-105.018044,39.738479],[-105.018061,39.738096],[-105.017993,39.737784],[-105.017856,39.7374],[-105.017212,39.736049],[-105.017026,39.735296],[-105.016995,39.734777],[-105.017014,39.732074],[-105.016956,39.729751],[-105.016832,39.72941],[-105.016675,39.729103],[-105.015919,39.728139],[-105.015682,39.727534],[-105.015637,39.727175],[-105.015639,39.726848],[-105.0157,39.72599],[-105.015768,39.725502],[-105.018669,39.725319],[-105.019427,39.725332],[-105.022298,39.725512],[-105.025135,39.725542],[-105.025147,39.735684],[-105.025236,39.736565]]]}},{"type":"Feature","properties":{"geoid":"08031000902","name":"Census Tract 9.02"},"geometry":{"type":"Polygon","coordinates":[[[-105.053278,39.71839],[-105.053253,39.7258],[-105.048745,39.725814],[-105.047144,39.725731],[-105.039454,39.725707],[-105.03945,39.722949],[-105.039717,39.722952],[-105.039681,39.716566],[-105.039697,39.71125],[-105.047333,39.711289],[-105.050031,39.711342],[-105.05325,39.711343],[-105.053278,39.71839]]]}},{"type":"Feature","properties":{"geoid":"08031000903","name":"Census Tract 9.03"},"geometry":{"type":"Polygon","coordinates":[[[-105.039717,39.722952],[-105.03945,39.722949],[-105.039454,39.725707],[-105.033811,39.725682],[-105.031517,39.725573],[-105.025135,39.725542],[-105.025096,39.719359],[-105.025114,39.71816],[-105.025078,39.71664],[-105.025092,39.711174],[-105.028767,39.711146],[-105.033677,39.711225],[-105.039697,39.71125],[-105.039681,39.716566],[-105.039717,39.722952]]]}},{"type":"Feature","properties":{"geoid":"08031000904","name":"Census Tract 9.04"},"geometry":{"type":"Polygon","coordinates":[[[-105.055588,39.733105],[-105.055572,39.734913],[-105.053228,39.734922],[-105.053227,39.734876],[-105.052674,39.734913],[-105.052481,39.734987],[-105.052258,39.734977],[-105.052164,39.734937],[-105.052036,39.735048],[-105.051965,39.735065],[-105.05191,39.735047],[-105.051924,39.734989],[-105.051881,39.734961],[-105.051685,39.734946],[-105.05144,39.734998],[-105.051406,39.735144],[-105.051323,39.735247],[-105.051194,39.735332],[-105.051111,39.735301],[-105.051052,39.735412],[-105.050982,39.735414],[-105.050834,39.735338],[-105.050531,39.735311],[-105.050346,39.735193],[-105.050062,39.735169],[-105.049931,39.735274],[-105.049794,39.735248],[-105.049341,39.735257],[-105.049172,39.735327],[-105.04906,39.735421],[-105.048956,39.735438],[-105.04893,39.735423],[-105.048989,39.735332],[-105.04892,39.735255],[-105.048686,39.735348],[-105.048423,39.735283],[-105.048217,39.73519],[-105.04805,39.735193],[-105.047697,39.735355],[-105.047597,39.735363],[-105.047486,39.735319],[-105.047442,39.735228],[-105.047265,39.735156],[-105.047058,39.734944],[-105.047007,39.734933],[-105.046974,39.73499],[-105.046902,39.735018],[-105.046685,39.734934],[-105.046458,39.735013],[-105.046436,39.735005],[-105.046485,39.734939],[-105.046422,39.734919],[-105.046273,39.734961],[-105.045948,39.73487],[-105.045708,39.734846],[-105.0452,39.734827],[-105.044819,39.734873],[-105.044419,39.734834],[-105.044281,39.734874],[-105.044156,39.734842],[-105.044067,39.734867],[-105.043964,39.734955],[-105.043553,39.735014],[-105.043178,39.734976],[-105.042747,39.735009],[-105.04234,39.734984],[-105.04205,39.73505],[-105.041899,39.734954],[-105.041836,39.734839],[-105.041893,39.73461],[-105.041664,39.734095],[-105.040464,39.734028],[-105.040457,39.73447],[-105.039699,39.734421],[-105.0393,39.734344],[-105.039322,39.733051],[-105.039475,39.732945],[-105.039454,39.725707],[-105.047144,39.725731],[-105.048745,39.725814],[-105.053253,39.7258],[-105.053227,39.73311],[-105.054424,39.733101],[-105.054427,39.73364],[-105.054669,39.733641],[-105.054675,39.73372],[-105.055013,39.733724],[-105.055011,39.7331],[-105.055588,39.733105]]]}},{"type":"Feature","properties":{"geoid":"08031000905","name":"Census Tract 9.05"},"geometry":{"type":"Polygon","coordinates":[[[-105.039475,39.732945],[-105.039322,39.733051],[-105.0393,39.734344],[-105.03876,39.734234],[-105.038505,39.734033],[-105.038353,39.73398],[-105.038187,39.734005],[-105.038019,39.734138],[-105.037897,39.734178],[-105.037793,39.734178],[-105.037682,39.7341],[-105.037553,39.734102],[-105.037223,39.734263],[-105.036848,39.734314],[-105.03659,39.734436],[-105.03643,39.734623],[-105.035956,39.734777],[-105.035731,39.734902],[-105.035679,39.73497],[-105.035641,39.735131],[-105.035556,39.735253],[-105.035137,39.735602],[-105.035056,39.735851],[-105.034704,39.735969],[-105.034587,39.735929],[-105.034496,39.73572],[-105.034389,39.735624],[-105.034294,39.735606],[-105.034135,39.735663],[-105.034042,39.735652],[-105.03388,39.735353],[-105.033764,39.735284],[-105.033422,39.735254],[-105.033029,39.73527],[-105.032889,39.735236],[-105.032437,39.734974],[-105.031988,39.734983],[-105.031754,39.735022],[-105.03136,39.73521],[-105.031214,39.735332],[-105.031045,39.735378],[-105.030399,39.735473],[-105.029201,39.735542],[-105.028794,39.735622],[-105.028292,39.735812],[-105.027851,39.735878],[-105.027032,39.735931],[-105.026288,39.736152],[-105.026007,39.736187],[-105.025467,39.736492],[-105.025236,39.736565],[-105.025147,39.735684],[-105.025135,39.725542],[-105.031517,39.725573],[-105.033811,39.725682],[-105.039454,39.725707],[-105.039475,39.732945]]]}},{"type":"Feature","properties":{"geoid":"08031001000","name":"Census Tract 10"},"geometry":{"type":"Polygon","coordinates":[[[-105.025096,39.719359],[-105.025135,39.725542],[-105.022298,39.725512],[-105.019427,39.725332],[-105.018669,39.725319],[-105.015768,39.725502],[-105.015836,39.724658],[-105.015677,39.724395],[-105.015392,39.724076],[-105.01527,39.723984],[-105.014521,39.72357],[-105.013887,39.723164],[-105.01302,39.722665],[-105.0127,39.722438],[-105.012057,39.722234],[-105.010204,39.721798],[-105.009953,39.721694],[-105.009633,39.721502],[-105.009216,39.721183],[-105.008775,39.720761],[-105.00712,39.719104],[-105.006676,39.718578],[-105.005496,39.717776],[-105.003369,39.7165],[-105.002548,39.715803],[-105.002042,39.715175],[-105.001825,39.714842],[-105.001466,39.713907],[-105.000907,39.712818],[-105.000367,39.711579],[-105.000143,39.711202],[-105.001564,39.711174],[-105.008654,39.711201],[-105.023633,39.711153],[-105.025092,39.711174],[-105.025078,39.71664],[-105.025114,39.71816],[-105.025096,39.719359]]]}},{"type":"Feature","properties":{"geoid":"08031001101","name":"Census Tract 11.01"},"geometry":{"type":"Polygon","coordinates":[[[-105.011224,39.775338],[-105.01118,39.776554],[-105.009981,39.776526],[-105.007158,39.776528],[-105.002959,39.776583],[-104.998194,39.776547],[-104.998203,39.769296],[-105.000435,39.769319],[-105.000588,39.769286],[-105.002724,39.769275],[-105.011202,39.769286],[-105.011224,39.775338]]]}},{"type":"Feature","properties":{"geoid":"08031001102","name":"Census Tract 11.02"},"geometry":{"type":"Polygon","coordinates":[[[-105.012692,39.755368],[-105.008965,39.758085],[-105.011008,39.759643],[-105.01114,39.759841],[-105.011194,39.763225],[-105.011202,39.769286],[-105.002724,39.769275],[-105.000588,39.769286],[-105.000435,39.769319],[-104.998203,39.769296],[-104.998192,39.767075],[-104.998276,39.765986],[-104.998235,39.763789],[-104.998355,39.762093],[-104.998826,39.761981],[-104.999811,39.761479],[-105.000462,39.76123],[-105.00103,39.761069],[-105.001727,39.761007],[-105.002462,39.760721],[-105.002837,39.760634],[-105.003716,39.760044],[-105.004025,39.759807],[-105.004538,39.759096],[-105.005157,39.758546],[-105.005612,39.758072],[-105.005796,39.757738],[-105.005838,39.757508],[-105.005943,39.757346],[-105.006837,39.756251],[-105.007583,39.755402],[-105.008186,39.754791],[-105.00863,39.754701],[-105.009154,39.754311],[-105.009489,39.753926],[-105.010154,39.754288],[-105.011707,39.755009],[-105.012692,39.755368]]]}},{"type":"Feature","properties":{"geoid":"08031001301","name":"Census Tract 13.01"},"geometry":{"type":"Polygon","coordinates":[[[-105.025102,39.705693],[-105.025078,39.707625],[-105.025092,39.711174],[-105.023633,39.711153],[-105.011009,39.711189],[-105.010996,39.701648],[-105.011111,39.701066],[-105.011281,39.700634],[-105.012721,39.698151],[-105.012739,39.696831],[-105.012707,39.696747],[-105.025059,39.696746],[-105.025102,39.705693]]]}},{"type":"Feature","properties":{"geoid":"08031001302","name":"Census Tract 13.02"},"geometry":{"type":"Polygon","coordinates":[[[-105.012739,39.696831],[-105.012721,39.698151],[-105.011281,39.700634],[-105.011111,39.701066],[-105.010996,39.701648],[-105.011009,39.711189],[-105.001564,39.711174],[-105.000143,39.711202],[-104.99995,39.71089],[-104.999609,39.709939],[-104.998958,39.708743],[-104.998744,39.708224],[-104.998566,39.707641],[-104.997928,39.706308],[-104.997805,39.705845],[-104.997714,39.705641],[-104.997294,39.704951],[-104.99692,39.704406],[-104.995389,39.70304],[-104.994831,39.702478],[-104.99412,39.701524],[-104.993451,39.700746],[-104.993088,39.700379],[-104.992813,39.699887],[-104.992675,39.699513],[-104.992392,39.69922],[-104.99229,39.698921],[-104.992255,39.698293],[-104.992269,39.697779],[-104.992379,39.697024],[-104.992384,39.69666],[-105.012707,39.696747],[-105.012739,39.696831]]]}},{"type":"Feature","properties":{"geoid":"08031001401","name":"Census Tract 14.01"},"geometry":{"type":"Polygon","coordinates":[[[-105.025057,39.689485],[-105.025059,39.696746],[-105.01569,39.696762],[-104.992384,39.69666],[-104.992435,39.696364],[-104.99286,39.695469],[-104.993107,39.694554],[-104.993322,39.693974],[-104.993915,39.69293],[-104.994191,39.692597],[-104.994534,39.692276],[-104.994836,39.692048],[-104.995292,39.691808],[-104.995775,39.691569],[-104.997668,39.690843],[-104.998493,39.690457],[-104.999501,39.68971],[-104.99961,39.689547],[-104.999755,39.689116],[-105.001594,39.689431],[-105.001609,39.689327],[-105.002745,39.689446],[-105.015708,39.689513],[-105.025057,39.689485]]]}},{"type":"Feature","properties":{"geoid":"08031001402","name":"Census Tract 14.02"},"geometry":{"type":"Polygon","coordinates":[[[-105.025057,39.689485],[-105.015708,39.689513],[-105.002745,39.689446],[-105.001609,39.689327],[-105.001594,39.689431],[-104.999755,39.689116],[-104.99986,39.688683],[-105.000079,39.688118],[-105.000108,39.6877],[-105.000349,39.687115],[-105.000532,39.686301],[-105.000901,39.684944],[-105.001394,39.683309],[-105.00143,39.682909],[-105.001425,39.682487],[-105.001828,39.682177],[-105.004079,39.682149],[-105.004079,39.682202],[-105.014736,39.682336],[-105.025038,39.68227],[-105.025057,39.689485]]]}},{"type":"Feature","properties":{"geoid":"08031001403","name":"Census Tract 14.03"},"geometry":{"type":"Polygon","coordinates":[[[-105.001844,39.66768],[-104.999111,39.668896],[-104.997865,39.672284],[-104.997982,39.67847],[-104.998028,39.678778],[-104.998177,39.679256],[-104.99845,39.679875],[-104.998564,39.680064],[-104.998923,39.680452],[-104.999255,39.680692],[-105.000071,39.680957],[-105.000827,39.681326],[-105.00104,39.68151],[-105.001194,39.681714],[-105.001348,39.682046],[-105.001413,39.68227],[-105.00143,39.682909],[-105.001394,39.683309],[-105.000901,39.684944],[-105.000532,39.686301],[-105.000349,39.687115],[-105.000108,39.6877],[-105.000079,39.688118],[-104.99986,39.688683],[-104.999784,39.689027],[-104.99961,39.689547],[-104.999501,39.68971],[-104.999352,39.689835],[-104.998493,39.690457],[-104.997668,39.690843],[-104.995775,39.691569],[-104.995292,39.691808],[-104.994836,39.692048],[-104.994534,39.692276],[-104.994191,39.692597],[-104.993915,39.69293],[-104.993322,39.693974],[-104.993107,39.694554],[-104.99286,39.695469],[-104.992435,39.696364],[-104.992384,39.69666],[-104.987431,39.696633],[-104.987569,39.682148],[-104.987572,39.667682],[-104.999851,39.667693],[-105.000355,39.667728],[-105.001844,39.66768]]]}},{"type":"Feature","properties":{"geoid":"08031001500","name":"Census Tract 15"},"geometry":{"type":"Polygon","coordinates":[[[-104.998355,39.762093],[-104.998235,39.763789],[-104.998276,39.765986],[-104.998192,39.767075],[-104.998194,39.776547],[-104.998115,39.776641],[-104.998334,39.782399],[-104.997973,39.782302],[-104.99798,39.782514],[-104.997782,39.782464],[-104.997787,39.783038],[-104.997862,39.783718],[-104.997863,39.784049],[-104.997813,39.7844],[-104.99779,39.791026],[-104.993242,39.791026],[-104.99324,39.792042],[-104.990629,39.792047],[-104.990263,39.791518],[-104.990263,39.791031],[-104.986386,39.791037],[-104.986358,39.791871],[-104.985781,39.79187],[-104.985782,39.791665],[-104.985181,39.791667],[-104.985185,39.791038],[-104.982874,39.791032],[-104.982669,39.791086],[-104.979536,39.791086],[-104.978274,39.791043],[-104.978271,39.791874],[-104.977722,39.791876],[-104.977724,39.791042],[-104.97595,39.791038],[-104.975951,39.792422],[-104.973065,39.792418],[-104.973057,39.794114],[-104.974676,39.794125],[-104.974667,39.795608],[-104.97116,39.795567],[-104.971157,39.796144],[-104.971656,39.796148],[-104.971644,39.798291],[-104.968716,39.798396],[-104.968773,39.793215],[-104.968373,39.793208],[-104.968349,39.793272],[-104.967523,39.793269],[-104.967779,39.79267],[-104.967936,39.791831],[-104.968316,39.791832],[-104.968863,39.791317],[-104.968861,39.790974],[-104.969345,39.790634],[-104.970187,39.790118],[-104.971689,39.789018],[-104.972751,39.78818],[-104.97369,39.787527],[-104.974155,39.787302],[-104.974364,39.787163],[-104.974861,39.786722],[-104.975156,39.786355],[-104.97537,39.785908],[-104.975409,39.785737],[-104.975426,39.785448],[-104.975375,39.78484],[-104.975394,39.784312],[-104.975445,39.783906],[-104.975613,39.783188],[-104.975707,39.782955],[-104.975955,39.782506],[-104.9761,39.782069],[-104.976209,39.781902],[-104.976525,39.781662],[-104.976796,39.781149],[-104.977208,39.78058],[-104.977823,39.779525],[-104.977998,39.779005],[-104.978029,39.778729],[-104.977993,39.778226],[-104.977839,39.77741],[-104.977792,39.776811],[-104.97781,39.776448],[-104.97793,39.776141],[-104.978523,39.775124],[-104.978725,39.774863],[-104.979604,39.773908],[-104.981253,39.771792],[-104.983262,39.76936],[-104.984105,39.76798],[-104.984355,39.767706],[-104.984605,39.767536],[-104.98533,39.76721],[-104.986552,39.766825],[-104.989103,39.766104],[-104.989415,39.766037],[-104.99085,39.765873],[-104.991377,39.765745],[-104.991971,39.765542],[-104.992529,39.765274],[-104.993088,39.764922],[-104.99393,39.764253],[-104.994672,39.763582],[-104.995175,39.763198],[-104.995506,39.762989],[-104.996599,39.762549],[-104.99727,39.762475],[-104.997608,39.76237],[-104.997909,39.762211],[-104.998355,39.762093]]]}},{"type":"Feature","properties":{"geoid":"08031001601","name":"Census Tract 16.01"},"geometry":{"type":"Polygon","coordinates":[[[-104.988179,39.762425],[-104.988087,39.762812],[-104.987938,39.76317],[-104.987769,39.763476],[-104.987575,39.763732],[-104.986881,39.764264],[-104.985771,39.764884],[-104.983642,39.766552],[-104.984805,39.767446],[-104.984438,39.767638],[-104.984105,39.76798],[-104.983411,39.769138],[-104.98316,39.769494],[-104.981253,39.771792],[-104.979604,39.773908],[-104.978725,39.774863],[-104.978415,39.775306],[-104.978046,39.77497],[-104.97718,39.774301],[-104.97281,39.770942],[-104.971915,39.7703],[-104.973347,39.769187],[-104.973352,39.766493],[-104.973319,39.765764],[-104.97334,39.762046],[-104.973769,39.762063],[-104.973925,39.762034],[-104.977027,39.759603],[-104.981394,39.762959],[-104.982239,39.763653],[-104.987741,39.759395],[-104.987828,39.760258],[-104.988165,39.761984],[-104.988179,39.762425]]]}},{"type":"Feature","properties":{"geoid":"08031001602","name":"Census Tract 16.02"},"geometry":{"type":"Polygon","coordinates":[[[-105.002911,39.760591],[-105.002462,39.760721],[-105.001727,39.761007],[-105.00103,39.761069],[-105.000462,39.76123],[-104.999811,39.761479],[-104.998752,39.762009],[-104.997909,39.762211],[-104.997608,39.76237],[-104.99727,39.762475],[-104.996599,39.762549],[-104.99567,39.762915],[-104.995301,39.76311],[-104.994672,39.763582],[-104.99393,39.764253],[-104.992957,39.765013],[-104.992529,39.765274],[-104.991971,39.765542],[-104.991377,39.765745],[-104.99085,39.765873],[-104.989415,39.766037],[-104.989103,39.766104],[-104.986552,39.766825],[-104.98533,39.76721],[-104.984805,39.767446],[-104.983642,39.766552],[-104.985771,39.764884],[-104.987024,39.764167],[-104.987575,39.763732],[-104.987769,39.763476],[-104.987938,39.76317],[-104.988087,39.762812],[-104.988179,39.762425],[-104.988165,39.761984],[-104.987828,39.760258],[-104.987741,39.759395],[-104.994272,39.754334],[-104.996119,39.755728],[-104.998574,39.757748],[-104.999547,39.758473],[-105.000104,39.758836],[-105.001738,39.759707],[-105.002179,39.759996],[-105.002911,39.760591]]]}},{"type":"Feature","properties":{"geoid":"08031001603","name":"Census Tract 16.03"},"geometry":{"type":"Polygon","coordinates":[[[-104.994272,39.754334],[-104.982239,39.763653],[-104.981394,39.762959],[-104.977027,39.759603],[-104.987383,39.75158],[-104.987397,39.748911],[-104.987525,39.749047],[-104.99083,39.751589],[-104.99169,39.752288],[-104.992597,39.752944],[-104.993418,39.753653],[-104.994272,39.754334]]]}},{"type":"Feature","properties":{"geoid":"08031001703","name":"Census Tract 17.03"},"geometry":{"type":"Polygon","coordinates":[[[-105.008186,39.754791],[-105.007583,39.755402],[-105.007154,39.755889],[-105.005943,39.757346],[-105.005838,39.757508],[-105.005796,39.757738],[-105.005612,39.758072],[-105.005157,39.758546],[-105.004538,39.759096],[-105.004025,39.759807],[-105.002911,39.760591],[-105.002179,39.759996],[-105.001738,39.759707],[-105.000395,39.758987],[-105.000943,39.757961],[-105.001188,39.757615],[-105.0015,39.757323],[-105.002652,39.75642],[-105.003018,39.756066],[-105.003368,39.755601],[-105.005218,39.752843],[-105.005635,39.752407],[-105.00604,39.752084],[-105.006968,39.75279],[-105.007827,39.753508],[-105.007917,39.7537],[-105.007983,39.753996],[-105.008108,39.754328],[-105.008167,39.754545],[-105.008186,39.754791]]]}},{"type":"Feature","properties":{"geoid":"08031001704","name":"Census Tract 17.04"},"geometry":{"type":"Polygon","coordinates":[[[-105.003355,39.749991],[-104.999734,39.752854],[-104.995989,39.755629],[-104.994272,39.754334],[-104.993418,39.753653],[-104.992597,39.752944],[-104.99169,39.752288],[-105.000421,39.745519],[-105.000436,39.746016],[-105.000512,39.746648],[-105.001116,39.747995],[-105.001404,39.748466],[-105.001795,39.748858],[-105.003355,39.749991]]]}},{"type":"Feature","properties":{"geoid":"08031001705","name":"Census Tract 17.05"},"geometry":{"type":"Polygon","coordinates":[[[-105.00604,39.752084],[-105.005635,39.752407],[-105.005218,39.752843],[-105.003368,39.755601],[-105.003018,39.756066],[-105.002652,39.75642],[-105.0015,39.757323],[-105.001188,39.757615],[-105.000943,39.757961],[-105.000395,39.758987],[-104.99983,39.758671],[-104.998574,39.757748],[-104.995989,39.755629],[-104.999734,39.752854],[-105.003355,39.749991],[-105.003784,39.750366],[-105.00604,39.752084]]]}},{"type":"Feature","properties":{"geoid":"08031001706","name":"Census Tract 17.06"},"geometry":{"type":"Polygon","coordinates":[[[-104.996553,39.748529],[-104.99169,39.752288],[-104.99083,39.751589],[-104.987525,39.749047],[-104.987397,39.748911],[-104.987419,39.744833],[-104.987376,39.743357],[-104.987416,39.742208],[-104.987397,39.741471],[-104.989575,39.743176],[-104.996553,39.748529]]]}},{"type":"Feature","properties":{"geoid":"08031001707","name":"Census Tract 17.07"},"geometry":{"type":"Polygon","coordinates":[[[-105.000421,39.745519],[-104.996553,39.748529],[-104.989575,39.743176],[-104.987397,39.741471],[-104.987389,39.740106],[-104.987768,39.740129],[-104.987919,39.740167],[-104.988532,39.740563],[-104.988755,39.740634],[-104.988939,39.740639],[-104.989305,39.740547],[-104.989554,39.740368],[-104.989677,39.740237],[-104.98994,39.740121],[-104.990077,39.740111],[-104.998567,39.740193],[-104.998816,39.74058],[-104.998951,39.740936],[-104.999703,39.742318],[-105.000009,39.743075],[-105.000219,39.743483],[-105.000287,39.743776],[-105.000302,39.74427],[-105.000389,39.744962],[-105.000421,39.745519]]]}},{"type":"Feature","properties":{"geoid":"08031001800","name":"Census Tract 18"},"geometry":{"type":"Polygon","coordinates":[[[-105.000192,39.727319],[-105.000146,39.740206],[-104.998567,39.740193],[-104.998351,39.739805],[-104.998116,39.739568],[-104.997636,39.738819],[-104.997464,39.7386],[-104.997218,39.738375],[-104.997163,39.738242],[-104.996678,39.737624],[-104.995808,39.736436],[-104.995599,39.736094],[-104.994452,39.734546],[-104.994123,39.734148],[-104.993794,39.733643],[-104.992013,39.731233],[-104.991631,39.730664],[-104.991116,39.730032],[-104.990242,39.728865],[-104.989966,39.728571],[-104.989599,39.728255],[-104.988952,39.727771],[-104.988687,39.727666],[-104.988314,39.727418],[-104.987423,39.726943],[-104.987435,39.725637],[-105.000148,39.725707],[-105.000192,39.727319]]]}},{"type":"Feature","properties":{"geoid":"08031001901","name":"Census Tract 19.01"},"geometry":{"type":"Polygon","coordinates":[[[-105.01806,39.738225],[-105.017963,39.738982],[-105.017385,39.740515],[-105.006433,39.740261],[-105.004126,39.740148],[-105.000146,39.740206],[-105.000133,39.738145],[-105.000192,39.727319],[-105.000169,39.726481],[-105.000273,39.726016],[-105.000408,39.725881],[-105.000656,39.725783],[-105.001609,39.725758],[-105.006336,39.725782],[-105.005976,39.725603],[-105.006616,39.725517],[-105.006658,39.725548],[-105.007488,39.725617],[-105.009184,39.725655],[-105.009221,39.725779],[-105.009529,39.725759],[-105.00966,39.725784],[-105.011953,39.725743],[-105.013655,39.725658],[-105.015768,39.725502],[-105.0157,39.72599],[-105.015639,39.726848],[-105.015637,39.727175],[-105.015682,39.727534],[-105.015919,39.728139],[-105.016675,39.729103],[-105.016832,39.72941],[-105.016956,39.729751],[-105.017014,39.732074],[-105.016995,39.734777],[-105.017026,39.735296],[-105.017212,39.736049],[-105.01768,39.737002],[-105.017993,39.737784],[-105.018045,39.737975],[-105.01806,39.738225]]]}},{"type":"Feature","properties":{"geoid":"08031002000","name":"Census Tract 20"},"geometry":{"type":"Polygon","coordinates":[[[-104.998567,39.740193],[-104.990077,39.740111],[-104.98994,39.740121],[-104.989677,39.740237],[-104.989554,39.740368],[-104.989305,39.740547],[-104.988939,39.740639],[-104.988755,39.740634],[-104.988532,39.740563],[-104.987919,39.740167],[-104.987768,39.740129],[-104.987389,39.740106],[-104.987423,39.726943],[-104.988314,39.727418],[-104.988687,39.727666],[-104.988952,39.727771],[-104.989599,39.728255],[-104.989966,39.728571],[-104.990242,39.728865],[-104.991116,39.730032],[-104.991631,39.730664],[-104.992013,39.731233],[-104.993794,39.733643],[-104.994123,39.734148],[-104.994452,39.734546],[-104.995599,39.736094],[-104.995808,39.736436],[-104.996678,39.737624],[-104.997163,39.738242],[-104.997218,39.738375],[-104.997464,39.7386],[-104.997636,39.738819],[-104.998116,39.739568],[-104.998351,39.739805],[-104.998567,39.740193]]]}},{"type":"Feature","properties":{"geoid":"08031002101","name":"Census Tract 21.01"},"geometry":{"type":"Polygon","coordinates":[[[-105.000188,39.72412],[-105.000148,39.725707],[-104.987435,39.725637],[-104.987482,39.724136],[-104.98745,39.720943],[-104.987497,39.718358],[-104.998575,39.718427],[-104.99865,39.718392],[-105.000186,39.718401],[-105.000188,39.72412]]]}},{"type":"Feature","properties":{"geoid":"08031002102","name":"Census Tract 21.02"},"geometry":{"type":"Polygon","coordinates":[[[-105.015846,39.724728],[-105.015768,39.725502],[-105.013655,39.725658],[-105.011323,39.725767],[-105.00966,39.725784],[-105.009529,39.725759],[-105.009236,39.725781],[-105.009184,39.725655],[-105.007488,39.725617],[-105.006658,39.725548],[-105.006616,39.725517],[-105.005976,39.725603],[-105.006336,39.725782],[-105.001609,39.725758],[-105.000656,39.725783],[-105.000408,39.725881],[-105.000273,39.726016],[-105.000169,39.726481],[-105.000148,39.725707],[-105.000188,39.72412],[-105.000186,39.718401],[-104.99865,39.718392],[-104.998575,39.718427],[-104.987497,39.718358],[-104.987549,39.712111],[-104.987623,39.707535],[-104.987488,39.70388],[-104.987488,39.702642],[-104.98756,39.702],[-104.987529,39.701408],[-104.987469,39.701014],[-104.987431,39.696633],[-104.992384,39.69666],[-104.992379,39.697024],[-104.992269,39.697779],[-104.992255,39.698293],[-104.99229,39.698921],[-104.992392,39.69922],[-104.992675,39.699513],[-104.992813,39.699887],[-104.993088,39.700379],[-104.993451,39.700746],[-104.99412,39.701524],[-104.994831,39.702478],[-104.995389,39.70304],[-104.99692,39.704406],[-104.997355,39.70505],[-104.997714,39.705641],[-104.997805,39.705845],[-104.997928,39.706308],[-104.998566,39.707641],[-104.998744,39.708224],[-104.998958,39.708743],[-104.999609,39.709939],[-104.99995,39.71089],[-105.000367,39.711579],[-105.000907,39.712818],[-105.001466,39.713907],[-105.001771,39.714738],[-105.001961,39.715066],[-105.002463,39.715712],[-105.003369,39.7165],[-105.005496,39.717776],[-105.006676,39.718578],[-105.00712,39.719104],[-105.008775,39.720761],[-105.009216,39.721183],[-105.009633,39.721502],[-105.009953,39.721694],[-105.010204,39.721798],[-105.012057,39.722234],[-105.0127,39.722438],[-105.01302,39.722665],[-105.015392,39.724076],[-105.015792,39.724555],[-105.015846,39.724728]]]}},{"type":"Feature","properties":{"geoid":"08031002300","name":"Census Tract 23"},"geometry":{"type":"Polygon","coordinates":[[[-104.973364,39.755482],[-104.973324,39.759507],[-104.97334,39.762046],[-104.972712,39.762008],[-104.97088,39.761999],[-104.959752,39.761991],[-104.959766,39.750716],[-104.973357,39.750723],[-104.973364,39.755482]]]}},{"type":"Feature","properties":{"geoid":"08031002402","name":"Census Tract 24.02"},"geometry":{"type":"Polygon","coordinates":[[[-104.978177,39.7475],[-104.97812,39.750735],[-104.978151,39.75324],[-104.978129,39.754469],[-104.978048,39.754789],[-104.977838,39.754684],[-104.977236,39.754686],[-104.97695,39.754627],[-104.975755,39.754622],[-104.975636,39.754686],[-104.97456,39.754622],[-104.973756,39.754616],[-104.973359,39.754547],[-104.973335,39.747529],[-104.97339,39.744834],[-104.973383,39.743778],[-104.977544,39.746963],[-104.978177,39.7475]]]}},{"type":"Feature","properties":{"geoid":"08031002404","name":"Census Tract 24.04"},"geometry":{"type":"Polygon","coordinates":[[[-104.981854,39.755866],[-104.973925,39.762034],[-104.973769,39.762063],[-104.97334,39.762046],[-104.973324,39.759507],[-104.973363,39.756984],[-104.973359,39.754547],[-104.973756,39.754616],[-104.97456,39.754622],[-104.975636,39.754686],[-104.975755,39.754622],[-104.97695,39.754627],[-104.977236,39.754686],[-104.977838,39.754684],[-104.978048,39.754789],[-104.978129,39.754469],[-104.978151,39.75324],[-104.978394,39.753198],[-104.981854,39.755866]]]}},{"type":"Feature","properties":{"geoid":"08031002405","name":"Census Tract 24.05"},"geometry":{"type":"Polygon","coordinates":[[[-104.987386,39.747345],[-104.987383,39.75158],[-104.981854,39.755866],[-104.978394,39.753198],[-104.978151,39.75324],[-104.97812,39.750735],[-104.978177,39.7475],[-104.978364,39.747528],[-104.984996,39.747545],[-104.985574,39.747596],[-104.985676,39.747526],[-104.987201,39.747522],[-104.987386,39.747345]]]}},{"type":"Feature","properties":{"geoid":"08031002602","name":"Census Tract 26.02"},"geometry":{"type":"Polygon","coordinates":[[[-104.98108,39.746181],[-104.981074,39.747545],[-104.978364,39.747528],[-104.978177,39.7475],[-104.977544,39.746963],[-104.973383,39.743778],[-104.973412,39.740029],[-104.976476,39.740004],[-104.97991,39.740021],[-104.979884,39.746178],[-104.98108,39.746181]]]}},{"type":"Feature","properties":{"geoid":"08031002603","name":"Census Tract 26.03"},"geometry":{"type":"Polygon","coordinates":[[[-104.987416,39.744885],[-104.9874,39.747357],[-104.987201,39.747522],[-104.985676,39.747526],[-104.985574,39.747596],[-104.984996,39.747545],[-104.981074,39.747545],[-104.98108,39.746181],[-104.979884,39.746178],[-104.979892,39.743263],[-104.987264,39.743292],[-104.987376,39.743357],[-104.987416,39.744885]]]}},{"type":"Feature","properties":{"geoid":"08031002604","name":"Census Tract 26.04"},"geometry":{"type":"Polygon","coordinates":[[[-104.987416,39.742208],[-104.987376,39.743357],[-104.987264,39.743292],[-104.987137,39.74329],[-104.979892,39.743263],[-104.97991,39.740021],[-104.986135,39.740062],[-104.986258,39.740113],[-104.987389,39.740106],[-104.987416,39.742208]]]}},{"type":"Feature","properties":{"geoid":"08031002704","name":"Census Tract 27.04"},"geometry":{"type":"Polygon","coordinates":[[[-104.9874,39.735259],[-104.987389,39.740106],[-104.986258,39.740113],[-104.986135,39.740062],[-104.97991,39.740021],[-104.979868,39.735151],[-104.982629,39.735152],[-104.983075,39.735263],[-104.983593,39.735271],[-104.9874,39.735259]]]}},{"type":"Feature","properties":{"geoid":"08031002705","name":"Census Tract 27.05"},"geometry":{"type":"Polygon","coordinates":[[[-104.987403,39.732043],[-104.9874,39.735259],[-104.983593,39.735271],[-104.983075,39.735263],[-104.982629,39.735152],[-104.979868,39.735151],[-104.979832,39.732021],[-104.987403,39.732043]]]}},{"type":"Feature","properties":{"geoid":"08031002706","name":"Census Tract 27.06"},"geometry":{"type":"Polygon","coordinates":[[[-104.987415,39.727275],[-104.987403,39.732043],[-104.979832,39.732021],[-104.979824,39.73049],[-104.979926,39.730428],[-104.979938,39.727268],[-104.987415,39.727275]]]}},{"type":"Feature","properties":{"geoid":"08031002707","name":"Census Tract 27.07"},"geometry":{"type":"Polygon","coordinates":[[[-104.979938,39.727268],[-104.979926,39.730428],[-104.979824,39.73049],[-104.979832,39.732021],[-104.972979,39.732049],[-104.972939,39.727283],[-104.979938,39.727268]]]}},{"type":"Feature","properties":{"geoid":"08031002708","name":"Census Tract 27.08"},"geometry":{"type":"Polygon","coordinates":[[[-104.97991,39.740021],[-104.976476,39.740004],[-104.972991,39.740038],[-104.973019,39.7384],[-104.972999,39.735157],[-104.979868,39.735151],[-104.97991,39.740021]]]}},{"type":"Feature","properties":{"geoid":"08031002709","name":"Census Tract 27.09"},"geometry":{"type":"Polygon","coordinates":[[[-104.979868,39.735151],[-104.972999,39.735157],[-104.972979,39.732049],[-104.979832,39.732021],[-104.979868,39.735151]]]}},{"type":"Feature","properties":{"geoid":"08031002801","name":"Census Tract 28.01"},"geometry":{"type":"Polygon","coordinates":[[[-104.987415,39.727275],[-104.972939,39.727283],[-104.972911,39.72023],[-104.972931,39.720105],[-104.973184,39.719656],[-104.973248,39.719434],[-104.973271,39.718705],[-104.973248,39.718401],[-104.974887,39.718776],[-104.976083,39.7191],[-104.977019,39.719469],[-104.977667,39.719816],[-104.97885,39.720588],[-104.98286,39.723091],[-104.983275,39.72338],[-104.984165,39.724134],[-104.984368,39.724404],[-104.985692,39.725744],[-104.986068,39.726088],[-104.986463,39.726369],[-104.987423,39.726943],[-104.987415,39.727275]]]}},{"type":"Feature","properties":{"geoid":"08031002802","name":"Census Tract 28.02"},"geometry":{"type":"Polygon","coordinates":[[[-104.987575,39.711157],[-104.987501,39.716575],[-104.987498,39.719368],[-104.98745,39.720943],[-104.987482,39.724136],[-104.987423,39.726943],[-104.986463,39.726369],[-104.986068,39.726088],[-104.985692,39.725744],[-104.984368,39.724404],[-104.984165,39.724134],[-104.983275,39.72338],[-104.98286,39.723091],[-104.980305,39.721486],[-104.980281,39.717962],[-104.980332,39.714766],[-104.980387,39.714728],[-104.980383,39.711118],[-104.987575,39.711157]]]}},{"type":"Feature","properties":{"geoid":"08031002804","name":"Census Tract 28.04"},"geometry":{"type":"Polygon","coordinates":[[[-104.980305,39.721486],[-104.977667,39.719816],[-104.977019,39.719469],[-104.976083,39.7191],[-104.974887,39.718776],[-104.973248,39.718401],[-104.973232,39.718195],[-104.973395,39.717683],[-104.973391,39.716531],[-104.980299,39.716522],[-104.980278,39.718526],[-104.980305,39.721486]]]}},{"type":"Feature","properties":{"geoid":"08031002805","name":"Census Tract 28.05"},"geometry":{"type":"Polygon","coordinates":[[[-104.980383,39.711118],[-104.980387,39.714728],[-104.980332,39.714766],[-104.980299,39.716522],[-104.973391,39.716531],[-104.973393,39.711108],[-104.980383,39.711118]]]}},{"type":"Feature","properties":{"geoid":"08031002901","name":"Census Tract 29.01"},"geometry":{"type":"Polygon","coordinates":[[[-104.987618,39.707719],[-104.987575,39.711157],[-104.980383,39.711118],[-104.980364,39.707539],[-104.980448,39.707496],[-104.980419,39.703964],[-104.980447,39.703917],[-104.980373,39.696623],[-104.980384,39.696075],[-104.980485,39.695941],[-104.980392,39.695653],[-104.980418,39.695142],[-104.98105,39.69564],[-104.982771,39.697152],[-104.982769,39.696658],[-104.983942,39.696619],[-104.987431,39.696633],[-104.987469,39.701014],[-104.987529,39.701408],[-104.98756,39.702],[-104.987488,39.702642],[-104.987488,39.70388],[-104.987618,39.707719]]]}},{"type":"Feature","properties":{"geoid":"08031002902","name":"Census Tract 29.02"},"geometry":{"type":"Polygon","coordinates":[[[-104.980485,39.695941],[-104.980384,39.696075],[-104.980373,39.696623],[-104.980447,39.703917],[-104.980419,39.703964],[-104.980448,39.707496],[-104.980364,39.707539],[-104.980383,39.711118],[-104.973393,39.711108],[-104.973381,39.698354],[-104.973424,39.689823],[-104.975176,39.690723],[-104.976161,39.691394],[-104.976798,39.691928],[-104.979098,39.694004],[-104.980418,39.695142],[-104.980392,39.695653],[-104.980485,39.695941]]]}},{"type":"Feature","properties":{"geoid":"08031003002","name":"Census Tract 30.02"},"geometry":{"type":"Polygon","coordinates":[[[-104.987572,39.667682],[-104.987567,39.678518],[-104.98637,39.678553],[-104.980523,39.678569],[-104.973431,39.678512],[-104.973477,39.674884],[-104.973445,39.674848],[-104.973475,39.669491],[-104.97478,39.669241],[-104.974586,39.668668],[-104.974586,39.667687],[-104.987572,39.667682]]]}},{"type":"Feature","properties":{"geoid":"08031003003","name":"Census Tract 30.03"},"geometry":{"type":"Polygon","coordinates":[[[-104.973402,39.682077],[-104.973424,39.689823],[-104.9653,39.685823],[-104.964205,39.685329],[-104.962177,39.684837],[-104.961522,39.684753],[-104.960915,39.684704],[-104.959447,39.684727],[-104.959436,39.683082],[-104.959378,39.682034],[-104.959393,39.678425],[-104.959511,39.678475],[-104.964072,39.678509],[-104.96513,39.678512],[-104.965232,39.678469],[-104.973431,39.678512],[-104.973402,39.682077]]]}},{"type":"Feature","properties":{"geoid":"08031003004","name":"Census Tract 30.04"},"geometry":{"type":"Polygon","coordinates":[[[-104.97478,39.669241],[-104.973475,39.669491],[-104.973445,39.674848],[-104.973477,39.674884],[-104.973431,39.678512],[-104.965232,39.678469],[-104.96513,39.678512],[-104.964072,39.678509],[-104.959511,39.678475],[-104.959393,39.678425],[-104.959379,39.667594],[-104.959443,39.661526],[-104.96307,39.661559],[-104.963084,39.660371],[-104.968785,39.660417],[-104.96878,39.662034],[-104.968817,39.663559],[-104.968805,39.665839],[-104.973489,39.665866],[-104.973486,39.667684],[-104.974586,39.667687],[-104.974586,39.668668],[-104.97478,39.669241]]]}},{"type":"Feature","properties":{"geoid":"08031003005","name":"Census Tract 30.05"},"geometry":{"type":"Polygon","coordinates":[[[-104.987513,39.687573],[-104.987431,39.696633],[-104.983942,39.696619],[-104.982769,39.696658],[-104.982771,39.697152],[-104.98105,39.69564],[-104.979884,39.694699],[-104.976798,39.691928],[-104.976161,39.691394],[-104.975176,39.690723],[-104.973424,39.689823],[-104.973424,39.68756],[-104.978108,39.687582],[-104.987411,39.687562],[-104.987513,39.687573]]]}},{"type":"Feature","properties":{"geoid":"08031003006","name":"Census Tract 30.06"},"geometry":{"type":"Polygon","coordinates":[[[-104.987567,39.678518],[-104.987513,39.687573],[-104.973424,39.68756],[-104.973402,39.682077],[-104.973431,39.678512],[-104.980523,39.678569],[-104.98637,39.678553],[-104.987567,39.678518]]]}},{"type":"Feature","properties":{"geoid":"08031003101","name":"Census Tract 31.01"},"geometry":{"type":"Polygon","coordinates":[[[-104.973339,39.746975],[-104.973357,39.750723],[-104.959766,39.750716],[-104.959784,39.746935],[-104.964757,39.746943],[-104.964754,39.746068],[-104.967848,39.74607],[-104.968434,39.746081],[-104.968432,39.747101],[-104.968968,39.747056],[-104.969388,39.74696],[-104.973339,39.746975]]]}},{"type":"Feature","properties":{"geoid":"08031003102","name":"Census Tract 31.02"},"geometry":{"type":"Polygon","coordinates":[[[-104.973412,39.740029],[-104.97339,39.744834],[-104.973339,39.746975],[-104.969388,39.74696],[-104.968968,39.747056],[-104.968432,39.747101],[-104.968434,39.746081],[-104.967848,39.74607],[-104.964754,39.746068],[-104.964757,39.746943],[-104.959784,39.746935],[-104.959781,39.739988],[-104.973412,39.740029]]]}},{"type":"Feature","properties":{"geoid":"08031003202","name":"Census Tract 32.02"},"geometry":{"type":"Polygon","coordinates":[[[-104.965881,39.729093],[-104.965832,39.729315],[-104.965732,39.729455],[-104.965457,39.729732],[-104.965234,39.729836],[-104.965003,39.729994],[-104.964746,39.730255],[-104.964619,39.730484],[-104.9647,39.730705],[-104.964433,39.734105],[-104.964445,39.734418],[-104.964608,39.735054],[-104.964888,39.735471],[-104.965041,39.735601],[-104.964905,39.735783],[-104.964772,39.736099],[-104.964734,39.736453],[-104.964781,39.736605],[-104.964766,39.739999],[-104.959781,39.739988],[-104.959798,39.732329],[-104.959833,39.731951],[-104.959839,39.731079],[-104.959897,39.730931],[-104.960094,39.730677],[-104.960169,39.730492],[-104.960192,39.729108],[-104.965881,39.729093]]]}},{"type":"Feature","properties":{"geoid":"08031003203","name":"Census Tract 32.03"},"geometry":{"type":"Polygon","coordinates":[[[-104.973271,39.718705],[-104.973248,39.719434],[-104.973184,39.719656],[-104.972931,39.720105],[-104.972911,39.72023],[-104.972935,39.729078],[-104.960192,39.729108],[-104.96017,39.725606],[-104.960149,39.725507],[-104.96005,39.725366],[-104.959459,39.72496],[-104.959439,39.71942],[-104.959304,39.718451],[-104.959307,39.715312],[-104.960066,39.715607],[-104.960207,39.715572],[-104.961361,39.715475],[-104.963024,39.715063],[-104.963376,39.714808],[-104.964043,39.714607],[-104.964516,39.714335],[-104.964839,39.714216],[-104.96525,39.71413],[-104.965507,39.714195],[-104.96596,39.714253],[-104.966243,39.714382],[-104.966675,39.714683],[-104.967567,39.715204],[-104.968196,39.715736],[-104.968905,39.716514],[-104.969145,39.716655],[-104.969791,39.717293],[-104.97009,39.7175],[-104.971326,39.717961],[-104.973248,39.718401],[-104.973271,39.718705]]]}},{"type":"Feature","properties":{"geoid":"08031003204","name":"Census Tract 32.04"},"geometry":{"type":"Polygon","coordinates":[[[-104.973008,39.736875],[-104.972991,39.740038],[-104.964766,39.739999],[-104.964773,39.73682],[-104.968482,39.736825],[-104.969527,39.736872],[-104.973008,39.736875]]]}},{"type":"Feature","properties":{"geoid":"08031003205","name":"Census Tract 32.05"},"geometry":{"type":"Polygon","coordinates":[[[-104.973008,39.736875],[-104.969527,39.736872],[-104.968482,39.736825],[-104.964773,39.73682],[-104.964781,39.736605],[-104.964734,39.736453],[-104.964772,39.736099],[-104.964905,39.735783],[-104.965041,39.735601],[-104.964888,39.735471],[-104.964608,39.735054],[-104.964445,39.734418],[-104.964433,39.734105],[-104.9647,39.730705],[-104.964619,39.730484],[-104.964746,39.730255],[-104.965003,39.729994],[-104.965234,39.729836],[-104.965457,39.729732],[-104.965732,39.729455],[-104.965832,39.729315],[-104.965881,39.729093],[-104.972935,39.729078],[-104.973008,39.736875]]]}},{"type":"Feature","properties":{"geoid":"08031003300","name":"Census Tract 33"},"geometry":{"type":"Polygon","coordinates":[[[-104.960192,39.729108],[-104.960169,39.730492],[-104.960094,39.730677],[-104.959897,39.730931],[-104.959839,39.731079],[-104.959795,39.733453],[-104.958613,39.733449],[-104.958674,39.733558],[-104.958608,39.733701],[-104.954053,39.733682],[-104.954051,39.732099],[-104.940602,39.732076],[-104.940615,39.725598],[-104.96017,39.725606],[-104.960192,39.729108]]]}},{"type":"Feature","properties":{"geoid":"08031003401","name":"Census Tract 34.01"},"geometry":{"type":"Polygon","coordinates":[[[-104.973374,39.70749],[-104.973395,39.717683],[-104.973232,39.718195],[-104.973248,39.718401],[-104.971326,39.717961],[-104.970136,39.717528],[-104.969791,39.717293],[-104.969145,39.716655],[-104.968905,39.716514],[-104.968196,39.715736],[-104.967567,39.715204],[-104.966675,39.714683],[-104.966243,39.714382],[-104.965875,39.714233],[-104.965176,39.714135],[-104.964743,39.714243],[-104.964516,39.714335],[-104.964043,39.714607],[-104.963376,39.714808],[-104.963024,39.715063],[-104.961361,39.715475],[-104.960207,39.715572],[-104.960066,39.715607],[-104.959307,39.715312],[-104.959314,39.711186],[-104.959261,39.711117],[-104.959308,39.710932],[-104.959328,39.707489],[-104.973374,39.70749]]]}},{"type":"Feature","properties":{"geoid":"08031003402","name":"Census Tract 34.02"},"geometry":{"type":"Polygon","coordinates":[[[-104.973424,39.689823],[-104.973381,39.698354],[-104.973401,39.69843],[-104.973374,39.70749],[-104.959328,39.707489],[-104.959359,39.703863],[-104.959321,39.696581],[-104.95935,39.689672],[-104.959444,39.686367],[-104.959447,39.684727],[-104.960915,39.684704],[-104.962177,39.684837],[-104.964205,39.685329],[-104.964646,39.685513],[-104.973424,39.689823]]]}},{"type":"Feature","properties":{"geoid":"08031003501","name":"Census Tract 35.01"},"geometry":{"type":"Polygon","coordinates":[[[-104.978415,39.775306],[-104.97793,39.776141],[-104.97781,39.776448],[-104.977792,39.776811],[-104.977831,39.777327],[-104.977993,39.778226],[-104.978029,39.778729],[-104.977998,39.779005],[-104.977846,39.779466],[-104.977208,39.78058],[-104.976796,39.781149],[-104.976589,39.781571],[-104.976469,39.781716],[-104.976268,39.781848],[-104.976156,39.781974],[-104.975955,39.782506],[-104.975707,39.782955],[-104.975556,39.783391],[-104.975445,39.783906],[-104.975394,39.784312],[-104.975375,39.78484],[-104.975426,39.785516],[-104.97537,39.785908],[-104.975156,39.786355],[-104.974861,39.786722],[-104.974494,39.787061],[-104.974155,39.787302],[-104.97369,39.787527],[-104.972751,39.78818],[-104.971689,39.789018],[-104.970187,39.790118],[-104.969345,39.790634],[-104.968861,39.790974],[-104.968861,39.791041],[-104.96019,39.791025],[-104.955445,39.794625],[-104.949712,39.794621],[-104.952925,39.79051],[-104.953727,39.789555],[-104.953504,39.790031],[-104.953915,39.789503],[-104.954061,39.789136],[-104.956692,39.785848],[-104.957408,39.784791],[-104.958818,39.782966],[-104.959269,39.782474],[-104.959324,39.780001],[-104.940506,39.779951],[-104.940542,39.777925],[-104.940474,39.773843],[-104.940487,39.772886],[-104.95717,39.772913],[-104.965937,39.772885],[-104.968476,39.77291],[-104.971915,39.7703],[-104.97281,39.770942],[-104.97718,39.774301],[-104.978046,39.77497],[-104.978415,39.775306]]]}},{"type":"Feature","properties":{"geoid":"08031003502","name":"Census Tract 35.02"},"geometry":{"type":"Polygon","coordinates":[[[-104.959324,39.780001],[-104.959269,39.782474],[-104.958818,39.782966],[-104.957408,39.784791],[-104.956692,39.785848],[-104.954061,39.789136],[-104.953915,39.789503],[-104.953504,39.790031],[-104.953727,39.789555],[-104.952925,39.79051],[-104.949712,39.794621],[-104.940476,39.794601],[-104.940487,39.791002],[-104.939882,39.790994],[-104.940174,39.7899],[-104.940323,39.789103],[-104.94041,39.785523],[-104.940411,39.782661],[-104.940506,39.779951],[-104.946648,39.779952],[-104.959324,39.780001]]]}},{"type":"Feature","properties":{"geoid":"08031003601","name":"Census Tract 36.01"},"geometry":{"type":"Polygon","coordinates":[[[-104.973351,39.766589],[-104.973347,39.769187],[-104.969724,39.771982],[-104.968476,39.77291],[-104.965937,39.772885],[-104.9594,39.772893],[-104.959656,39.772207],[-104.95973,39.771914],[-104.959752,39.761991],[-104.97088,39.761999],[-104.972712,39.762008],[-104.97334,39.762046],[-104.973319,39.765764],[-104.973351,39.766589]]]}},{"type":"Feature","properties":{"geoid":"08031003602","name":"Census Tract 36.02"},"geometry":{"type":"Polygon","coordinates":[[[-104.959752,39.761991],[-104.95973,39.771914],[-104.959656,39.772207],[-104.9594,39.772893],[-104.951944,39.772913],[-104.940487,39.772886],[-104.940483,39.768099],[-104.940618,39.768095],[-104.940658,39.761948],[-104.941349,39.761899],[-104.942555,39.761729],[-104.943287,39.761716],[-104.945026,39.761928],[-104.959752,39.761991]]]}},{"type":"Feature","properties":{"geoid":"08031003603","name":"Census Tract 36.03"},"geometry":{"type":"Polygon","coordinates":[[[-104.959766,39.750716],[-104.959752,39.761991],[-104.945026,39.761928],[-104.943287,39.761716],[-104.942555,39.761729],[-104.941349,39.761899],[-104.940495,39.76196],[-104.940508,39.754664],[-104.940547,39.75442],[-104.94058,39.752839],[-104.94058,39.751036],[-104.942402,39.751133],[-104.943243,39.751145],[-104.954504,39.751164],[-104.955296,39.751129],[-104.956662,39.750994],[-104.958786,39.75074],[-104.959766,39.750716]]]}},{"type":"Feature","properties":{"geoid":"08031003701","name":"Census Tract 37.01"},"geometry":{"type":"Polygon","coordinates":[[[-104.959781,39.739988],[-104.959766,39.750716],[-104.958786,39.75074],[-104.956662,39.750994],[-104.955296,39.751129],[-104.954504,39.751164],[-104.943243,39.751145],[-104.942402,39.751133],[-104.94058,39.751036],[-104.940593,39.74739],[-104.940639,39.746125],[-104.940653,39.743752],[-104.940587,39.741386],[-104.940593,39.740128],[-104.957892,39.740206],[-104.959781,39.739988]]]}},{"type":"Feature","properties":{"geoid":"08031003702","name":"Census Tract 37.02"},"geometry":{"type":"Polygon","coordinates":[[[-104.959795,39.733453],[-104.959781,39.739988],[-104.957892,39.740206],[-104.94947,39.74016],[-104.949493,39.732103],[-104.954051,39.732099],[-104.954053,39.733682],[-104.958608,39.733701],[-104.958674,39.733558],[-104.958613,39.733449],[-104.959795,39.733453]]]}},{"type":"Feature","properties":{"geoid":"08031003703","name":"Census Tract 37.03"},"geometry":{"type":"Polygon","coordinates":[[[-104.949493,39.732103],[-104.94947,39.74016],[-104.940593,39.740128],[-104.940602,39.732076],[-104.949493,39.732103]]]}},{"type":"Feature","properties":{"geoid":"08031003801","name":"Census Tract 38.01"},"geometry":{"type":"Polygon","coordinates":[[[-104.96017,39.725606],[-104.949794,39.725609],[-104.949796,39.717775],[-104.949698,39.717841],[-104.946167,39.71782],[-104.946183,39.711493],[-104.946498,39.71152],[-104.946554,39.711381],[-104.946886,39.711346],[-104.948051,39.711618],[-104.948255,39.711715],[-104.948456,39.711755],[-104.9486,39.711935],[-104.948903,39.712145],[-104.949039,39.712312],[-104.949203,39.712652],[-104.949316,39.712767],[-104.949897,39.713139],[-104.95002,39.713164],[-104.950061,39.713306],[-104.950121,39.713356],[-104.950717,39.713674],[-104.951535,39.714453],[-104.951683,39.714538],[-104.952502,39.714766],[-104.953351,39.715217],[-104.953778,39.715403],[-104.954296,39.715471],[-104.956843,39.715524],[-104.959026,39.715423],[-104.959307,39.715312],[-104.959304,39.718451],[-104.959439,39.71942],[-104.959459,39.72496],[-104.96005,39.725366],[-104.960149,39.725507],[-104.96017,39.725606]]]}},{"type":"Feature","properties":{"geoid":"08031003802","name":"Census Tract 38.02"},"geometry":{"type":"Polygon","coordinates":[[[-104.949796,39.717775],[-104.949794,39.725609],[-104.940615,39.725598],[-104.940641,39.717681],[-104.940615,39.71465],[-104.940645,39.711564],[-104.941349,39.711611],[-104.942184,39.711553],[-104.94256,39.711497],[-104.946183,39.711493],[-104.946167,39.71782],[-104.949698,39.717841],[-104.949796,39.717775]]]}},{"type":"Feature","properties":{"geoid":"08031003901","name":"Census Tract 39.01"},"geometry":{"type":"Polygon","coordinates":[[[-104.959359,39.703863],[-104.959308,39.710932],[-104.959261,39.711117],[-104.959314,39.711186],[-104.959307,39.715312],[-104.959026,39.715423],[-104.956843,39.715524],[-104.954296,39.715471],[-104.953778,39.715403],[-104.953351,39.715217],[-104.952502,39.714766],[-104.951683,39.714538],[-104.951535,39.714453],[-104.950717,39.713674],[-104.950121,39.713356],[-104.950061,39.713306],[-104.95002,39.713164],[-104.949897,39.713139],[-104.949316,39.712767],[-104.949203,39.712652],[-104.949039,39.712312],[-104.948903,39.712145],[-104.9486,39.711935],[-104.948456,39.711755],[-104.948255,39.711715],[-104.948051,39.711618],[-104.946886,39.711346],[-104.946554,39.711381],[-104.946498,39.71152],[-104.946183,39.711493],[-104.942801,39.711494],[-104.941349,39.711611],[-104.940645,39.711564],[-104.940687,39.711221],[-104.940733,39.7093],[-104.940725,39.706486],[-104.94075,39.706064],[-104.940695,39.704903],[-104.940691,39.703813],[-104.940724,39.703137],[-104.940731,39.701849],[-104.940694,39.700189],[-104.940743,39.698563],[-104.940729,39.697724],[-104.94,39.697723],[-104.94,39.697921],[-104.938538,39.697928],[-104.93853,39.696605],[-104.941627,39.696566],[-104.959321,39.696581],[-104.959359,39.703863]]]}},{"type":"Feature","properties":{"geoid":"08031003902","name":"Census Tract 39.02"},"geometry":{"type":"Polygon","coordinates":[[[-104.959447,39.684727],[-104.959444,39.686367],[-104.959353,39.689304],[-104.959321,39.696581],[-104.940612,39.69657],[-104.940633,39.694755],[-104.940562,39.692941],[-104.940549,39.689321],[-104.940595,39.685684],[-104.9404,39.683534],[-104.94042,39.682897],[-104.945336,39.684072],[-104.947859,39.684504],[-104.94886,39.684608],[-104.950095,39.684675],[-104.951242,39.684693],[-104.955041,39.684731],[-104.959447,39.684727]]]}},{"type":"Feature","properties":{"geoid":"08031004002","name":"Census Tract 40.02"},"geometry":{"type":"Polygon","coordinates":[[[-104.959485,39.656691],[-104.959459,39.657074],[-104.959464,39.661088],[-104.959379,39.667594],[-104.951452,39.667571],[-104.950839,39.667545],[-104.950625,39.667495],[-104.950109,39.667217],[-104.949677,39.667084],[-104.949143,39.666972],[-104.948509,39.66694],[-104.947931,39.666995],[-104.947617,39.66706],[-104.946065,39.667558],[-104.94068,39.66756],[-104.940687,39.66028],[-104.940583,39.659479],[-104.940567,39.65822],[-104.940582,39.654481],[-104.940683,39.653013],[-104.945401,39.652968],[-104.946417,39.653018],[-104.949329,39.652972],[-104.954983,39.652987],[-104.954375,39.655886],[-104.953541,39.655957],[-104.953788,39.656683],[-104.959485,39.656691]]]}},{"type":"Feature","properties":{"geoid":"08031004003","name":"Census Tract 40.03"},"geometry":{"type":"Polygon","coordinates":[[[-104.940687,39.66028],[-104.94068,39.668329],[-104.939241,39.668283],[-104.938481,39.668163],[-104.937861,39.667983],[-104.936789,39.667548],[-104.936487,39.667474],[-104.925662,39.667486],[-104.923765,39.66461],[-104.923054,39.663291],[-104.922417,39.661929],[-104.918851,39.653918],[-104.918448,39.653079],[-104.921736,39.653093],[-104.925197,39.653052],[-104.940683,39.653013],[-104.940582,39.654481],[-104.940567,39.65822],[-104.940583,39.659479],[-104.940687,39.66028]]]}},{"type":"Feature","properties":{"geoid":"08031004004","name":"Census Tract 40.04"},"geometry":{"type":"Polygon","coordinates":[[[-104.931873,39.645826],[-104.93186,39.647334],[-104.931765,39.649446],[-104.931703,39.653044],[-104.925197,39.653052],[-104.921736,39.653093],[-104.918448,39.653079],[-104.917491,39.651176],[-104.916676,39.649687],[-104.912737,39.642851],[-104.910882,39.639834],[-104.910095,39.638688],[-104.911025,39.638687],[-104.911388,39.638653],[-104.913227,39.638669],[-104.914264,39.639428],[-104.918756,39.642973],[-104.92246,39.645849],[-104.931873,39.645826]]]}},{"type":"Feature","properties":{"geoid":"08031004005","name":"Census Tract 40.05"},"geometry":{"type":"Polygon","coordinates":[[[-104.959436,39.683082],[-104.959447,39.684727],[-104.955041,39.684731],[-104.950095,39.684675],[-104.94886,39.684608],[-104.947859,39.684504],[-104.945336,39.684072],[-104.94042,39.682897],[-104.940427,39.681958],[-104.940621,39.680967],[-104.940748,39.678414],[-104.940924,39.678378],[-104.945025,39.678374],[-104.945272,39.678463],[-104.947876,39.678465],[-104.947983,39.678422],[-104.948076,39.678463],[-104.949409,39.678471],[-104.950723,39.678471],[-104.950828,39.678424],[-104.950912,39.678468],[-104.952161,39.678471],[-104.952247,39.678427],[-104.952333,39.67847],[-104.953574,39.678468],[-104.953675,39.678427],[-104.953723,39.678466],[-104.956458,39.678475],[-104.956515,39.678431],[-104.956583,39.678472],[-104.957501,39.678471],[-104.957864,39.67847],[-104.957933,39.678428],[-104.959393,39.678425],[-104.959378,39.682034],[-104.959436,39.683082]]]}},{"type":"Feature","properties":{"geoid":"08031004006","name":"Census Tract 40.06"},"geometry":{"type":"Polygon","coordinates":[[[-104.959379,39.667594],[-104.959393,39.678425],[-104.957933,39.678428],[-104.957864,39.67847],[-104.957501,39.678471],[-104.956583,39.678472],[-104.956515,39.678431],[-104.956458,39.678475],[-104.953723,39.678466],[-104.953675,39.678427],[-104.953574,39.678468],[-104.952333,39.67847],[-104.952247,39.678427],[-104.952161,39.678471],[-104.950912,39.678468],[-104.950828,39.678424],[-104.950723,39.678471],[-104.949409,39.678471],[-104.948076,39.678463],[-104.947983,39.678422],[-104.947876,39.678465],[-104.945272,39.678463],[-104.945025,39.678374],[-104.940924,39.678378],[-104.940748,39.678414],[-104.940702,39.674312],[-104.94068,39.66756],[-104.946065,39.667558],[-104.947617,39.66706],[-104.947931,39.666995],[-104.948509,39.66694],[-104.949143,39.666972],[-104.949677,39.667084],[-104.950109,39.667217],[-104.950625,39.667495],[-104.950839,39.667545],[-104.951452,39.667571],[-104.959379,39.667594]]]}},{"type":"Feature","properties":{"geoid":"08031004101","name":"Census Tract 41.01"},"geometry":{"type":"Polygon","coordinates":[[[-104.940658,39.761948],[-104.940618,39.768095],[-104.940483,39.768099],[-104.940471,39.768961],[-104.940474,39.773843],[-104.940542,39.777925],[-104.940494,39.780644],[-104.940411,39.782661],[-104.94041,39.785523],[-104.940356,39.788283],[-104.940323,39.789103],[-104.940174,39.7899],[-104.939882,39.790994],[-104.927034,39.791054],[-104.927002,39.783778],[-104.922274,39.783776],[-104.922317,39.774625],[-104.922291,39.762006],[-104.939526,39.761997],[-104.940658,39.761948]]]}},{"type":"Feature","properties":{"geoid":"08031004102","name":"Census Tract 41.02"},"geometry":{"type":"Polygon","coordinates":[[[-104.922317,39.774625],[-104.922274,39.783776],[-104.910092,39.783827],[-104.903438,39.783808],[-104.903439,39.783888],[-104.90326,39.783623],[-104.903157,39.783536],[-104.903068,39.783144],[-104.902522,39.781981],[-104.902438,39.781835],[-104.902207,39.781591],[-104.902796,39.780883],[-104.903133,39.780383],[-104.903427,39.77975],[-104.903549,39.779152],[-104.90356,39.777439],[-104.903497,39.777392],[-104.903565,39.77731],[-104.903583,39.775228],[-104.90366,39.774819],[-104.9035,39.773311],[-104.903439,39.761982],[-104.912431,39.761973],[-104.922291,39.762006],[-104.922317,39.774625]]]}},{"type":"Feature","properties":{"geoid":"08031004103","name":"Census Tract 41.03"},"geometry":{"type":"Polygon","coordinates":[[[-104.94058,39.751036],[-104.940547,39.75442],[-104.940508,39.754664],[-104.940495,39.76196],[-104.939526,39.761997],[-104.922291,39.762006],[-104.922283,39.75107],[-104.94058,39.751036]]]}},{"type":"Feature","properties":{"geoid":"08031004104","name":"Census Tract 41.04"},"geometry":{"type":"Polygon","coordinates":[[[-104.922283,39.75107],[-104.922291,39.762006],[-104.912431,39.761973],[-104.903439,39.761982],[-104.903459,39.758409],[-104.903393,39.758014],[-104.903427,39.751015],[-104.912132,39.751008],[-104.912849,39.75108],[-104.913987,39.751084],[-104.922283,39.75107]]]}},{"type":"Feature","properties":{"geoid":"08031004108","name":"Census Tract 41.08"},"geometry":{"type":"Polygon","coordinates":[[[-104.890715,39.754645],[-104.890679,39.758977],[-104.890374,39.758976],[-104.890207,39.759765],[-104.890192,39.760267],[-104.888306,39.760167],[-104.878791,39.760117],[-104.878793,39.759967],[-104.870525,39.75993],[-104.870042,39.759901],[-104.869702,39.759811],[-104.86944,39.759685],[-104.869201,39.759504],[-104.868976,39.759264],[-104.868734,39.759086],[-104.86851,39.758978],[-104.868196,39.758889],[-104.86789,39.758857],[-104.864372,39.758838],[-104.863446,39.758927],[-104.863138,39.758887],[-104.862302,39.758275],[-104.861764,39.757993],[-104.861011,39.757732],[-104.860285,39.757607],[-104.859504,39.757582],[-104.856413,39.757814],[-104.856051,39.757789],[-104.855748,39.757707],[-104.855016,39.757926],[-104.854862,39.757844],[-104.854351,39.758062],[-104.853489,39.75762],[-104.85301,39.757479],[-104.852036,39.757313],[-104.850786,39.756743],[-104.848208,39.756419],[-104.848002,39.755449],[-104.847716,39.75524],[-104.846916,39.755241],[-104.84694,39.754687],[-104.85404,39.75471],[-104.856366,39.754745],[-104.8588,39.754725],[-104.870571,39.754751],[-104.872441,39.754717],[-104.879901,39.754735],[-104.879971,39.747438],[-104.883429,39.747431],[-104.884664,39.747467],[-104.88487,39.748142],[-104.885229,39.748535],[-104.887107,39.749965],[-104.889779,39.751884],[-104.890069,39.752161],[-104.890269,39.752459],[-104.890418,39.752901],[-104.890402,39.754646],[-104.890715,39.754645]]]}},{"type":"Feature","properties":{"geoid":"08031004109","name":"Census Tract 41.09"},"geometry":{"type":"Polygon","coordinates":[[[-104.884474,39.798322],[-104.884467,39.800404],[-104.884391,39.800939],[-104.884372,39.80292],[-104.88436,39.806082],[-104.884405,39.812815],[-104.866074,39.812847],[-104.866034,39.799589],[-104.866041,39.798386],[-104.866096,39.7979],[-104.866046,39.796939],[-104.865999,39.794509],[-104.8659,39.782434],[-104.865886,39.775633],[-104.876159,39.776514],[-104.876132,39.781788],[-104.876252,39.78179],[-104.876284,39.789408],[-104.87624,39.789585],[-104.876013,39.790078],[-104.875846,39.79034],[-104.875423,39.79157],[-104.875474,39.798335],[-104.884474,39.798322]]]}},{"type":"Feature","properties":{"geoid":"08031004110","name":"Census Tract 41.10"},"geometry":{"type":"Polygon","coordinates":[[[-104.89036,39.765224],[-104.89032,39.767318],[-104.89028,39.767955],[-104.890108,39.768453],[-104.889769,39.768946],[-104.889592,39.769126],[-104.889382,39.769278],[-104.888396,39.769855],[-104.886172,39.771044],[-104.883431,39.772447],[-104.883084,39.772888],[-104.882864,39.773377],[-104.882816,39.773802],[-104.882862,39.777127],[-104.870128,39.77598],[-104.828163,39.772374],[-104.828173,39.769156],[-104.833009,39.769177],[-104.833009,39.766994],[-104.832972,39.766391],[-104.834061,39.766652],[-104.835253,39.766881],[-104.836453,39.767055],[-104.837614,39.767169],[-104.856394,39.768581],[-104.856338,39.758127],[-104.85552,39.757796],[-104.855748,39.757707],[-104.856051,39.757789],[-104.856413,39.757814],[-104.859504,39.757582],[-104.860049,39.757589],[-104.860581,39.757645],[-104.861265,39.757805],[-104.862003,39.758105],[-104.862455,39.758375],[-104.863138,39.758887],[-104.863446,39.758927],[-104.864372,39.758838],[-104.86789,39.758857],[-104.868196,39.758889],[-104.86851,39.758978],[-104.868734,39.759086],[-104.868976,39.759264],[-104.869305,39.759593],[-104.869545,39.759742],[-104.869868,39.759864],[-104.87022,39.759921],[-104.878793,39.759967],[-104.878791,39.760117],[-104.888306,39.760167],[-104.890192,39.760267],[-104.890201,39.760769],[-104.890332,39.761367],[-104.89036,39.765224]]]}},{"type":"Feature","properties":{"geoid":"08031004111","name":"Census Tract 41.11"},"geometry":{"type":"Polygon","coordinates":[[[-104.903568,39.778301],[-104.903539,39.779283],[-104.903389,39.779841],[-104.903047,39.780528],[-104.902539,39.781209],[-104.902207,39.781591],[-104.902438,39.781835],[-104.902522,39.781981],[-104.903068,39.783144],[-104.903157,39.783536],[-104.90326,39.783623],[-104.903439,39.783888],[-104.903506,39.788811],[-104.903561,39.798391],[-104.901405,39.798383],[-104.901416,39.800202],[-104.899069,39.800202],[-104.899069,39.798374],[-104.894115,39.798325],[-104.875474,39.798335],[-104.875423,39.79157],[-104.875846,39.79034],[-104.876013,39.790078],[-104.87624,39.789585],[-104.876284,39.789408],[-104.876252,39.78179],[-104.876132,39.781788],[-104.876159,39.776514],[-104.887143,39.777514],[-104.894473,39.778136],[-104.896346,39.778247],[-104.897876,39.778292],[-104.903568,39.778301]]]}},{"type":"Feature","properties":{"geoid":"08031004112","name":"Census Tract 41.12"},"geometry":{"type":"Polygon","coordinates":[[[-104.903459,39.758409],[-104.903456,39.761423],[-104.902136,39.760967],[-104.900867,39.76074],[-104.899621,39.760257],[-104.898733,39.760044],[-104.89212,39.760021],[-104.891152,39.759887],[-104.890202,39.759868],[-104.890374,39.758976],[-104.890679,39.758977],[-104.890704,39.758109],[-104.890715,39.754645],[-104.890402,39.754646],[-104.890435,39.753053],[-104.890336,39.752602],[-104.890069,39.752161],[-104.889779,39.751884],[-104.887107,39.749965],[-104.885229,39.748535],[-104.88487,39.748142],[-104.884664,39.747467],[-104.898767,39.747441],[-104.898735,39.751015],[-104.903427,39.751015],[-104.903393,39.758014],[-104.903459,39.758409]]]}},{"type":"Feature","properties":{"geoid":"08031004113","name":"Census Tract 41.13"},"geometry":{"type":"Polygon","coordinates":[[[-104.90366,39.774819],[-104.903583,39.775228],[-104.903565,39.77731],[-104.903497,39.777392],[-104.90356,39.777439],[-104.903568,39.778301],[-104.897876,39.778292],[-104.896346,39.778247],[-104.894473,39.778136],[-104.882862,39.777127],[-104.882816,39.773802],[-104.882864,39.773377],[-104.883084,39.772888],[-104.883431,39.772447],[-104.886172,39.771044],[-104.888788,39.769635],[-104.889592,39.769126],[-104.889883,39.768802],[-104.890108,39.768453],[-104.890257,39.768065],[-104.890298,39.767825],[-104.89036,39.765224],[-104.890332,39.761367],[-104.89018,39.760595],[-104.890202,39.759868],[-104.891152,39.759887],[-104.89212,39.760021],[-104.898733,39.760044],[-104.899621,39.760257],[-104.900867,39.76074],[-104.902136,39.760967],[-104.903456,39.761423],[-104.903429,39.763834],[-104.903452,39.767692],[-104.903495,39.769276],[-104.9035,39.773311],[-104.90366,39.774819]]]}},{"type":"Feature","properties":{"geoid":"08031004201","name":"Census Tract 42.01"},"geometry":{"type":"Polygon","coordinates":[[[-104.940653,39.743752],[-104.940639,39.746125],[-104.940593,39.74739],[-104.94058,39.751036],[-104.922283,39.75107],[-104.922256,39.740253],[-104.922321,39.740142],[-104.940593,39.740128],[-104.940587,39.741386],[-104.940653,39.743752]]]}},{"type":"Feature","properties":{"geoid":"08031004202","name":"Census Tract 42.02"},"geometry":{"type":"Polygon","coordinates":[[[-104.922256,39.740253],[-104.922283,39.75107],[-104.913987,39.751084],[-104.912849,39.75108],[-104.912132,39.751008],[-104.903427,39.751015],[-104.903463,39.745614],[-104.903455,39.740145],[-104.922321,39.740142],[-104.922256,39.740253]]]}},{"type":"Feature","properties":{"geoid":"08031004302","name":"Census Tract 43.02"},"geometry":{"type":"Polygon","coordinates":[[[-104.930523,39.729168],[-104.930452,39.729238],[-104.930459,39.732563],[-104.930387,39.733255],[-104.930379,39.740134],[-104.922321,39.740142],[-104.922314,39.729261],[-104.922808,39.729255],[-104.922799,39.725631],[-104.930521,39.725615],[-104.930523,39.729168]]]}},{"type":"Feature","properties":{"geoid":"08031004303","name":"Census Tract 43.03"},"geometry":{"type":"Polygon","coordinates":[[[-104.940684,39.711076],[-104.940645,39.711564],[-104.940615,39.71465],[-104.940641,39.717681],[-104.940615,39.725598],[-104.922799,39.725631],[-104.922791,39.722013],[-104.922701,39.721773],[-104.922318,39.72142],[-104.922251,39.721207],[-104.922286,39.711339],[-104.925803,39.711365],[-104.931652,39.711326],[-104.931648,39.711098],[-104.940684,39.711076]]]}},{"type":"Feature","properties":{"geoid":"08031004306","name":"Census Tract 43.06"},"geometry":{"type":"Polygon","coordinates":[[[-104.92278,39.721933],[-104.922799,39.725631],[-104.903407,39.725641],[-104.903494,39.725253],[-104.90352,39.72483],[-104.903546,39.719472],[-104.903567,39.719212],[-104.903685,39.718685],[-104.903705,39.717058],[-104.90367,39.71439],[-104.903454,39.713323],[-104.903442,39.713064],[-104.903438,39.712316],[-104.903494,39.711281],[-104.903645,39.71136],[-104.906471,39.711394],[-104.918808,39.711383],[-104.922286,39.711339],[-104.922251,39.721207],[-104.922318,39.72142],[-104.92265,39.72171],[-104.92278,39.721933]]]}},{"type":"Feature","properties":{"geoid":"08031004307","name":"Census Tract 43.07"},"geometry":{"type":"Polygon","coordinates":[[[-104.940615,39.734689],[-104.940593,39.740128],[-104.930379,39.740134],[-104.93038,39.734683],[-104.930412,39.732865],[-104.93125,39.732875],[-104.932142,39.733219],[-104.932883,39.733424],[-104.933364,39.73351],[-104.936869,39.73395],[-104.937771,39.734175],[-104.938863,39.734554],[-104.939251,39.734659],[-104.939434,39.734687],[-104.940615,39.734689]]]}},{"type":"Feature","properties":{"geoid":"08031004308","name":"Census Tract 43.08"},"geometry":{"type":"Polygon","coordinates":[[[-104.940615,39.725598],[-104.940615,39.734689],[-104.939434,39.734687],[-104.939251,39.734659],[-104.938863,39.734554],[-104.937771,39.734175],[-104.936869,39.73395],[-104.933139,39.733475],[-104.932453,39.733321],[-104.93125,39.732875],[-104.930412,39.732865],[-104.930459,39.732563],[-104.930452,39.729238],[-104.930523,39.729168],[-104.930521,39.725615],[-104.940615,39.725598]]]}},{"type":"Feature","properties":{"geoid":"08031004309","name":"Census Tract 43.09"},"geometry":{"type":"Polygon","coordinates":[[[-104.922799,39.725631],[-104.922808,39.729255],[-104.922314,39.729261],[-104.922321,39.740142],[-104.912803,39.740153],[-104.912794,39.725638],[-104.922799,39.725631]]]}},{"type":"Feature","properties":{"geoid":"08031004310","name":"Census Tract 43.10"},"geometry":{"type":"Polygon","coordinates":[[[-104.912803,39.740153],[-104.903455,39.740145],[-104.903465,39.727017],[-104.903407,39.725641],[-104.912794,39.725638],[-104.912803,39.740153]]]}},{"type":"Feature","properties":{"geoid":"08031004403","name":"Census Tract 44.03"},"geometry":{"type":"Polygon","coordinates":[[[-104.903463,39.745614],[-104.903427,39.751015],[-104.898735,39.751015],[-104.898767,39.747441],[-104.884664,39.747467],[-104.884646,39.740156],[-104.903455,39.740145],[-104.903463,39.745614]]]}},{"type":"Feature","properties":{"geoid":"08031004404","name":"Census Tract 44.04"},"geometry":{"type":"Polygon","coordinates":[[[-104.903458,39.732894],[-104.903455,39.740145],[-104.884646,39.740156],[-104.884708,39.732846],[-104.903458,39.732894]]]}},{"type":"Feature","properties":{"geoid":"08031004406","name":"Census Tract 44.06"},"geometry":{"type":"Polygon","coordinates":[[[-104.903705,39.717058],[-104.903685,39.718685],[-104.903567,39.719212],[-104.903546,39.719472],[-104.90352,39.72483],[-104.903494,39.725253],[-104.903407,39.725641],[-104.903465,39.727017],[-104.903458,39.732894],[-104.891337,39.732854],[-104.892686,39.731002],[-104.892276,39.728064],[-104.892057,39.726075],[-104.891923,39.725829],[-104.891842,39.725744],[-104.891833,39.725688],[-104.891951,39.725322],[-104.891336,39.720936],[-104.891273,39.720651],[-104.890965,39.720051],[-104.890979,39.719848],[-104.891039,39.719745],[-104.895165,39.717436],[-104.895432,39.717338],[-104.895851,39.717403],[-104.895992,39.717348],[-104.89607,39.717247],[-104.896251,39.71716],[-104.898966,39.717135],[-104.899636,39.717071],[-104.903705,39.717058]]]}},{"type":"Feature","properties":{"geoid":"08031004407","name":"Census Tract 44.07"},"geometry":{"type":"Polygon","coordinates":[[[-104.903705,39.717058],[-104.899636,39.717071],[-104.898966,39.717135],[-104.896251,39.71716],[-104.89607,39.717247],[-104.895992,39.717348],[-104.895851,39.717403],[-104.895432,39.717338],[-104.895165,39.717436],[-104.891039,39.719745],[-104.890979,39.719848],[-104.890965,39.720051],[-104.891273,39.720651],[-104.891336,39.720936],[-104.891951,39.725322],[-104.891833,39.725688],[-104.891842,39.725744],[-104.891923,39.725829],[-104.892057,39.726075],[-104.892276,39.728064],[-104.892686,39.731002],[-104.891337,39.732854],[-104.884708,39.732846],[-104.884711,39.73093],[-104.884824,39.730632],[-104.885025,39.730312],[-104.885387,39.729967],[-104.886613,39.729219],[-104.885026,39.728137],[-104.884732,39.727887],[-104.883693,39.726767],[-104.88258,39.725661],[-104.881934,39.72496],[-104.881448,39.725226],[-104.88117,39.725341],[-104.880529,39.725527],[-104.87999,39.725604],[-104.879735,39.725623],[-104.878311,39.725587],[-104.87533,39.725576],[-104.875342,39.718944],[-104.875277,39.718805],[-104.875136,39.718614],[-104.874947,39.71845],[-104.874717,39.71832],[-104.87432,39.718201],[-104.874041,39.718178],[-104.870596,39.718176],[-104.870625,39.710174],[-104.883454,39.707101],[-104.884017,39.707029],[-104.884415,39.707031],[-104.884865,39.707078],[-104.885315,39.707172],[-104.885372,39.707063],[-104.885822,39.707218],[-104.886241,39.707433],[-104.89186,39.710917],[-104.892371,39.711119],[-104.89291,39.711192],[-104.903359,39.71121],[-104.903494,39.711281],[-104.903438,39.712316],[-104.903442,39.713064],[-104.903454,39.713323],[-104.90367,39.71439],[-104.903705,39.717058]]]}},{"type":"Feature","properties":{"geoid":"08031004503","name":"Census Tract 45.03"},"geometry":{"type":"Polygon","coordinates":[[[-105.053225,39.696769],[-105.053245,39.703268],[-105.051961,39.703277],[-105.051451,39.703362],[-105.05117,39.703474],[-105.050938,39.703607],[-105.050116,39.704244],[-105.049913,39.704312],[-105.048422,39.704331],[-105.043194,39.704281],[-105.043193,39.704081],[-105.043151,39.704009],[-105.043062,39.703971],[-105.03969,39.706339],[-105.039691,39.704138],[-105.039613,39.703971],[-105.039509,39.703935],[-105.039107,39.703969],[-105.039115,39.702179],[-105.039051,39.69856],[-105.03905,39.696758],[-105.043638,39.696773],[-105.043729,39.696737],[-105.04396,39.696737],[-105.053225,39.696769]]]}},{"type":"Feature","properties":{"geoid":"08031004504","name":"Census Tract 45.04"},"geometry":{"type":"Polygon","coordinates":[[[-105.053245,39.703268],[-105.05325,39.711343],[-105.050031,39.711342],[-105.047333,39.711289],[-105.039697,39.71125],[-105.039717,39.710489],[-105.03969,39.706339],[-105.043062,39.703971],[-105.043151,39.704009],[-105.043193,39.704081],[-105.043194,39.704281],[-105.048422,39.704331],[-105.049913,39.704312],[-105.050116,39.704244],[-105.050938,39.703607],[-105.05117,39.703474],[-105.051451,39.703362],[-105.051961,39.703277],[-105.053245,39.703268]]]}},{"type":"Feature","properties":{"geoid":"08031004505","name":"Census Tract 45.05"},"geometry":{"type":"Polygon","coordinates":[[[-105.039717,39.710489],[-105.039697,39.71125],[-105.033677,39.711225],[-105.028767,39.711146],[-105.025092,39.711174],[-105.025084,39.703947],[-105.025216,39.704005],[-105.029807,39.704017],[-105.034447,39.704024],[-105.035032,39.703964],[-105.038576,39.703997],[-105.039509,39.703935],[-105.039613,39.703971],[-105.039691,39.704138],[-105.039717,39.710489]]]}},{"type":"Feature","properties":{"geoid":"08031004506","name":"Census Tract 45.06"},"geometry":{"type":"Polygon","coordinates":[[[-105.03905,39.696758],[-105.039107,39.703969],[-105.038763,39.703992],[-105.035032,39.703964],[-105.034447,39.704024],[-105.025216,39.704005],[-105.025084,39.703947],[-105.025059,39.696746],[-105.032074,39.696731],[-105.032775,39.696769],[-105.033547,39.696881],[-105.033997,39.696977],[-105.034782,39.697202],[-105.035073,39.697234],[-105.035528,39.697177],[-105.036368,39.696855],[-105.036706,39.696757],[-105.03905,39.696758]]]}},{"type":"Feature","properties":{"geoid":"08031004601","name":"Census Tract 46.01"},"geometry":{"type":"Polygon","coordinates":[[[-105.053266,39.689559],[-105.053194,39.691364],[-105.053225,39.696769],[-105.04396,39.696737],[-105.043729,39.696737],[-105.043638,39.696773],[-105.03905,39.696758],[-105.03906,39.685171],[-105.038991,39.684849],[-105.039065,39.684389],[-105.039066,39.683995],[-105.03901,39.68368],[-105.038906,39.683489],[-105.03831,39.682631],[-105.038273,39.682465],[-105.038276,39.682213],[-105.053221,39.682291],[-105.053191,39.682397],[-105.053183,39.683498],[-105.053193,39.686873],[-105.053264,39.687883],[-105.053266,39.689559]]]}},{"type":"Feature","properties":{"geoid":"08031004602","name":"Census Tract 46.02"},"geometry":{"type":"Polygon","coordinates":[[[-105.039067,39.684246],[-105.038991,39.684849],[-105.03906,39.685171],[-105.03905,39.696758],[-105.036706,39.696757],[-105.036368,39.696855],[-105.035528,39.697177],[-105.035073,39.697234],[-105.034782,39.697202],[-105.033997,39.696977],[-105.033547,39.696881],[-105.032775,39.696769],[-105.032074,39.696731],[-105.025059,39.696746],[-105.025038,39.68227],[-105.035333,39.682204],[-105.038276,39.682213],[-105.038273,39.682465],[-105.03831,39.682631],[-105.038692,39.68316],[-105.03901,39.68368],[-105.039056,39.683876],[-105.039067,39.684246]]]}},{"type":"Feature","properties":{"geoid":"08031004603","name":"Census Tract 46.03"},"geometry":{"type":"Polygon","coordinates":[[[-105.038686,39.667701],[-105.038614,39.676943],[-105.038578,39.677799],[-105.038316,39.679188],[-105.038276,39.682213],[-105.035333,39.682204],[-105.025038,39.68227],[-105.02506,39.671195],[-105.025073,39.668541],[-105.025108,39.667715],[-105.026045,39.667732],[-105.033827,39.667677],[-105.038686,39.667701]]]}},{"type":"Feature","properties":{"geoid":"08031004700","name":"Census Tract 47"},"geometry":{"type":"Polygon","coordinates":[[[-105.062622,39.675008],[-105.06262,39.67928],[-105.061422,39.678258],[-105.061005,39.678041],[-105.060335,39.677954],[-105.059254,39.678339],[-105.057794,39.678697],[-105.057797,39.682272],[-105.055588,39.68226],[-105.053221,39.682291],[-105.038276,39.682213],[-105.038316,39.679188],[-105.038578,39.677799],[-105.038614,39.676943],[-105.038686,39.667701],[-105.053256,39.667785],[-105.053251,39.675037],[-105.062622,39.675008]]]}},{"type":"Feature","properties":{"geoid":"08031004801","name":"Census Tract 48.01"},"geometry":{"type":"Polygon","coordinates":[[[-105.053256,39.667785],[-105.041751,39.667718],[-105.041739,39.667165],[-105.041777,39.666734],[-105.041881,39.666407],[-105.041983,39.666202],[-105.043757,39.663865],[-105.044013,39.663372],[-105.044085,39.662994],[-105.044089,39.660751],[-105.044033,39.660311],[-105.043915,39.66003],[-105.042469,39.65785],[-105.042113,39.657143],[-105.041823,39.656417],[-105.041635,39.655677],[-105.041369,39.654273],[-105.048322,39.653463],[-105.050248,39.653351],[-105.053076,39.653346],[-105.053086,39.653718],[-105.053189,39.654286],[-105.053216,39.656164],[-105.053256,39.667785]]]}},{"type":"Feature","properties":{"geoid":"08031005001","name":"Census Tract 50.01"},"geometry":{"type":"Polygon","coordinates":[[[-104.922286,39.711339],[-104.918808,39.711383],[-104.912782,39.711382],[-104.912816,39.705315],[-104.912751,39.702048],[-104.912738,39.698803],[-104.912784,39.696674],[-104.91289,39.696622],[-104.912889,39.69093],[-104.913592,39.691323],[-104.913806,39.691577],[-104.913979,39.691723],[-104.91441,39.691982],[-104.914813,39.692179],[-104.915076,39.692249],[-104.915456,39.692287],[-104.915829,39.692586],[-104.916246,39.692758],[-104.916493,39.693003],[-104.916861,39.693144],[-104.917173,39.693314],[-104.91736,39.693499],[-104.91748,39.693772],[-104.917524,39.693803],[-104.918043,39.693939],[-104.9182,39.694019],[-104.918868,39.69459],[-104.919307,39.694776],[-104.919883,39.695155],[-104.920343,39.695345],[-104.920711,39.69545],[-104.920808,39.695512],[-104.920954,39.695708],[-104.921356,39.696036],[-104.921482,39.696099],[-104.922088,39.696252],[-104.921745,39.696957],[-104.921635,39.69738],[-104.921631,39.704459],[-104.921692,39.704737],[-104.922105,39.705487],[-104.922232,39.705858],[-104.922277,39.707615],[-104.922286,39.711339]]]}},{"type":"Feature","properties":{"geoid":"08031005003","name":"Census Tract 50.03"},"geometry":{"type":"Polygon","coordinates":[[[-104.912814,39.705473],[-104.912782,39.711382],[-104.906471,39.711394],[-104.903645,39.71136],[-104.903494,39.711281],[-104.903502,39.703881],[-104.903544,39.698535],[-104.906851,39.699741],[-104.909971,39.700796],[-104.910562,39.701079],[-104.910795,39.701243],[-104.912322,39.70251],[-104.912763,39.702834],[-104.912814,39.705473]]]}},{"type":"Feature","properties":{"geoid":"08031005004","name":"Census Tract 50.04"},"geometry":{"type":"Polygon","coordinates":[[[-104.912889,39.69093],[-104.91289,39.696622],[-104.912784,39.696674],[-104.91274,39.698444],[-104.912763,39.702834],[-104.912322,39.70251],[-104.910795,39.701243],[-104.910317,39.70095],[-104.909671,39.700689],[-104.906851,39.699741],[-104.903544,39.698535],[-104.903507,39.696622],[-104.90258,39.695571],[-104.900115,39.692985],[-104.903511,39.69297],[-104.903538,39.687376],[-104.903425,39.685743],[-104.903431,39.685456],[-104.903711,39.685542],[-104.903854,39.685646],[-104.904056,39.685717],[-104.904217,39.685844],[-104.90457,39.685959],[-104.9048,39.686127],[-104.905065,39.686383],[-104.905236,39.686658],[-104.90533,39.686709],[-104.905654,39.686782],[-104.906075,39.687029],[-104.906355,39.687254],[-104.906737,39.687351],[-104.90704,39.687718],[-104.907242,39.687787],[-104.907755,39.687877],[-104.908737,39.688367],[-104.909048,39.688656],[-104.909222,39.688716],[-104.909445,39.688742],[-104.90956,39.688865],[-104.909683,39.689242],[-104.909776,39.689307],[-104.909902,39.689355],[-104.910115,39.689358],[-104.910485,39.689619],[-104.910927,39.689878],[-104.911271,39.69],[-104.911384,39.690193],[-104.911466,39.69027],[-104.912103,39.690572],[-104.912416,39.690775],[-104.912718,39.690842],[-104.912889,39.69093]]]}},{"type":"Feature","properties":{"geoid":"08031005102","name":"Census Tract 51.02"},"geometry":{"type":"Polygon","coordinates":[[[-104.931657,39.680484],[-104.931735,39.696601],[-104.929868,39.696594],[-104.92979,39.696635],[-104.928029,39.696635],[-104.927271,39.69673],[-104.924154,39.696739],[-104.923757,39.696804],[-104.922252,39.6959],[-104.922311,39.695119],[-104.92234,39.689361],[-104.922319,39.686159],[-104.922237,39.684459],[-104.922266,39.67847],[-104.931616,39.678462],[-104.931595,39.679562],[-104.931604,39.680274],[-104.931657,39.680484]]]}},{"type":"Feature","properties":{"geoid":"08031005104","name":"Census Tract 51.04"},"geometry":{"type":"Polygon","coordinates":[[[-104.940595,39.685684],[-104.940549,39.689321],[-104.931697,39.689341],[-104.931657,39.680484],[-104.931604,39.680274],[-104.931595,39.679562],[-104.931616,39.678462],[-104.933977,39.678445],[-104.935579,39.680284],[-104.936205,39.680854],[-104.936659,39.6812],[-104.937776,39.681894],[-104.938242,39.682133],[-104.939468,39.682621],[-104.94042,39.682897],[-104.9404,39.683534],[-104.940539,39.684875],[-104.940595,39.685684]]]}},{"type":"Feature","properties":{"geoid":"08031005200","name":"Census Tract 52"},"geometry":{"type":"Polygon","coordinates":[[[-104.92234,39.689361],[-104.922295,39.695571],[-104.922252,39.6959],[-104.922088,39.696252],[-104.921482,39.696099],[-104.921356,39.696036],[-104.920954,39.695708],[-104.920808,39.695512],[-104.920711,39.69545],[-104.920343,39.695345],[-104.919883,39.695155],[-104.919307,39.694776],[-104.918868,39.69459],[-104.9182,39.694019],[-104.918043,39.693939],[-104.917524,39.693803],[-104.91748,39.693772],[-104.91736,39.693499],[-104.917173,39.693314],[-104.916861,39.693144],[-104.916493,39.693003],[-104.916246,39.692758],[-104.915829,39.692586],[-104.915456,39.692287],[-104.915076,39.692249],[-104.914813,39.692179],[-104.914335,39.69194],[-104.913979,39.691723],[-104.913806,39.691577],[-104.913639,39.69136],[-104.913466,39.69125],[-104.912718,39.690842],[-104.912416,39.690775],[-104.912103,39.690572],[-104.911466,39.69027],[-104.911384,39.690193],[-104.911271,39.69],[-104.910927,39.689878],[-104.910485,39.689619],[-104.910115,39.689358],[-104.909902,39.689355],[-104.909776,39.689307],[-104.909683,39.689242],[-104.90956,39.688865],[-104.909445,39.688742],[-104.909222,39.688716],[-104.909048,39.688656],[-104.908737,39.688367],[-104.907755,39.687877],[-104.907242,39.687787],[-104.90704,39.687718],[-104.906737,39.687351],[-104.906355,39.687254],[-104.906075,39.687029],[-104.905654,39.686782],[-104.90533,39.686709],[-104.905236,39.686658],[-104.905065,39.686383],[-104.9048,39.686127],[-104.90457,39.685959],[-104.904217,39.685844],[-104.904056,39.685717],[-104.903854,39.685646],[-104.903711,39.685542],[-104.903431,39.685456],[-104.903443,39.684857],[-104.904374,39.685423],[-104.905223,39.686058],[-104.905191,39.683862],[-104.904597,39.683868],[-104.904591,39.680318],[-104.908096,39.680306],[-104.908094,39.679726],[-104.906982,39.679737],[-104.906984,39.678796],[-104.906253,39.678442],[-104.922266,39.67847],[-104.922237,39.684459],[-104.922319,39.686159],[-104.92234,39.689361]],[[-104.91104,39.679887],[-104.908203,39.679883],[-104.908205,39.68207],[-104.911032,39.682073],[-104.91104,39.679887]]]}},{"type":"Feature","properties":{"geoid":"08031005300","name":"Census Tract 53"},"geometry":{"type":"Polygon","coordinates":[[[-104.940748,39.678414],[-104.940621,39.680967],[-104.940427,39.681958],[-104.94042,39.682897],[-104.939468,39.682621],[-104.938242,39.682133],[-104.937776,39.681894],[-104.936659,39.6812],[-104.935925,39.68061],[-104.935227,39.679906],[-104.933875,39.678329],[-104.932518,39.676829],[-104.93076,39.674779],[-104.925662,39.667486],[-104.930436,39.667471],[-104.930497,39.668485],[-104.929256,39.668481],[-104.929257,39.66938],[-104.928073,39.669374],[-104.928081,39.668966],[-104.927201,39.668965],[-104.929651,39.672382],[-104.93078,39.672387],[-104.930776,39.672809],[-104.931633,39.672808],[-104.931661,39.673012],[-104.931641,39.673374],[-104.933885,39.673347],[-104.933878,39.671192],[-104.933031,39.671193],[-104.933028,39.670555],[-104.931695,39.670564],[-104.93165,39.6702],[-104.931694,39.669386],[-104.931622,39.667473],[-104.936487,39.667474],[-104.936789,39.667548],[-104.937861,39.667983],[-104.938481,39.668163],[-104.939241,39.668283],[-104.94068,39.668329],[-104.940748,39.678414]]]}},{"type":"Feature","properties":{"geoid":"08031005502","name":"Census Tract 55.02"},"geometry":{"type":"Polygon","coordinates":[[[-105.053383,39.641443],[-105.05332,39.645258],[-105.053246,39.646024],[-105.053213,39.649159],[-105.053078,39.650267],[-105.053074,39.650914],[-105.053184,39.651659],[-105.053008,39.651797],[-105.052993,39.652284],[-105.053076,39.653346],[-105.050248,39.653351],[-105.048322,39.653463],[-105.039394,39.654515],[-105.038642,39.654565],[-105.037907,39.654568],[-105.037437,39.654519],[-105.036823,39.654435],[-105.036103,39.654262],[-105.035368,39.654017],[-105.033562,39.653286],[-105.034615,39.653276],[-105.034603,39.649589],[-105.034641,39.648161],[-105.03466,39.643711],[-105.032729,39.643674],[-105.032797,39.642808],[-105.031735,39.642837],[-105.02998,39.642819],[-105.029927,39.640176],[-105.029998,39.638575],[-105.034707,39.638593],[-105.036522,39.638501],[-105.04441,39.638574],[-105.045304,39.638638],[-105.04917,39.638674],[-105.052178,39.639643],[-105.052455,39.6397],[-105.053273,39.639768],[-105.053345,39.639864],[-105.053367,39.640056],[-105.053383,39.641443]]]}},{"type":"Feature","properties":{"geoid":"08031005503","name":"Census Tract 55.03"},"geometry":{"type":"Polygon","coordinates":[[[-105.053415,39.632016],[-105.053294,39.634902],[-105.053373,39.63503],[-105.05338,39.635341],[-105.053342,39.63877],[-105.053273,39.639768],[-105.052455,39.6397],[-105.052178,39.639643],[-105.04917,39.638674],[-105.045304,39.638638],[-105.04441,39.638574],[-105.036522,39.638501],[-105.034707,39.638593],[-105.034707,39.636028],[-105.034756,39.633177],[-105.030059,39.633183],[-105.030018,39.632941],[-105.029779,39.63263],[-105.029712,39.632425],[-105.029656,39.632367],[-105.029133,39.632394],[-105.028895,39.632343],[-105.027348,39.631684],[-105.026942,39.631563],[-105.026515,39.631499],[-105.02536,39.631445],[-105.025408,39.630639],[-105.02541,39.630388],[-105.025361,39.630358],[-105.025415,39.629809],[-105.025422,39.628558],[-105.026519,39.628506],[-105.027179,39.628412],[-105.027931,39.628229],[-105.028826,39.627921],[-105.02932,39.627792],[-105.031101,39.627791],[-105.03309,39.628159],[-105.03342,39.628179],[-105.034821,39.628176],[-105.034822,39.627809],[-105.035813,39.627838],[-105.036283,39.627919],[-105.036708,39.628117],[-105.036802,39.628129],[-105.036907,39.628054],[-105.03738,39.627464],[-105.038005,39.626836],[-105.039559,39.627851],[-105.040062,39.628061],[-105.040156,39.627886],[-105.040279,39.627758],[-105.040654,39.628009],[-105.040936,39.627749],[-105.041356,39.628026],[-105.041744,39.627672],[-105.042301,39.628036],[-105.042807,39.627579],[-105.043524,39.627885],[-105.044161,39.628039],[-105.044139,39.631456],[-105.05341,39.631504],[-105.053415,39.632016]]]}},{"type":"Feature","properties":{"geoid":"08031006701","name":"Census Tract 67.01"},"geometry":{"type":"Polygon","coordinates":[[[-104.913407,39.624083],[-104.913335,39.625877],[-104.913334,39.631617],[-104.913227,39.638669],[-104.911388,39.638653],[-104.911025,39.638687],[-104.910095,39.638688],[-104.90827,39.636053],[-104.907551,39.635066],[-104.907082,39.634296],[-104.906349,39.632486],[-104.904743,39.629029],[-104.904454,39.628544],[-104.90425,39.628119],[-104.902936,39.625951],[-104.901864,39.624094],[-104.913407,39.624083]],[[-104.904032,39.624116],[-104.902904,39.624181],[-104.902796,39.624304],[-104.903285,39.625954],[-104.903787,39.626828],[-104.903917,39.626829],[-104.904049,39.625436],[-104.904032,39.624116]]]}},{"type":"Feature","properties":{"geoid":"08031006804","name":"Census Tract 68.04"},"geometry":{"type":"Polygon","coordinates":[[[-104.907082,39.634296],[-104.905889,39.633953],[-104.905351,39.634522],[-104.904814,39.63488],[-104.904135,39.635172],[-104.903468,39.635318],[-104.901898,39.635411],[-104.901537,39.634659],[-104.900139,39.634908],[-104.899521,39.634967],[-104.895795,39.635174],[-104.895002,39.63525],[-104.894086,39.635399],[-104.893098,39.635625],[-104.892237,39.635897],[-104.891197,39.636319],[-104.886811,39.638541],[-104.887033,39.638687],[-104.8851,39.639871],[-104.885173,39.636268],[-104.885156,39.633467],[-104.885231,39.631345],[-104.885213,39.629087],[-104.88528,39.627128],[-104.885264,39.624129],[-104.901864,39.624094],[-104.902936,39.625951],[-104.90425,39.628119],[-104.904454,39.628544],[-104.904743,39.629029],[-104.906349,39.632486],[-104.907082,39.634296]]]}},{"type":"Feature","properties":{"geoid":"08031006810","name":"Census Tract 68.10"},"geometry":{"type":"Polygon","coordinates":[[[-104.900801,39.65311],[-104.88014,39.653057],[-104.880086,39.650773],[-104.880246,39.647751],[-104.880239,39.645993],[-104.880313,39.645902],[-104.880313,39.643949],[-104.880381,39.642475],[-104.880326,39.641819],[-104.880332,39.64131],[-104.881446,39.640763],[-104.881449,39.640671],[-104.881621,39.640669],[-104.88512,39.638948],[-104.8851,39.639871],[-104.887033,39.638687],[-104.886811,39.638541],[-104.891197,39.636319],[-104.891799,39.636059],[-104.892917,39.635678],[-104.893277,39.636707],[-104.89328,39.636785],[-104.893346,39.636842],[-104.893455,39.637049],[-104.893581,39.637401],[-104.893725,39.637905],[-104.893773,39.637977],[-104.893778,39.638154],[-104.893979,39.638395],[-104.894012,39.638504],[-104.894009,39.638886],[-104.893851,39.639177],[-104.893618,39.640274],[-104.893943,39.641686],[-104.89447,39.641588],[-104.89445,39.641835],[-104.894339,39.642173],[-104.894279,39.642302],[-104.894096,39.642478],[-104.894032,39.642618],[-104.894024,39.642715],[-104.894091,39.643075],[-104.894146,39.643221],[-104.894327,39.643563],[-104.897832,39.648597],[-104.898349,39.649412],[-104.898862,39.650114],[-104.899088,39.650501],[-104.899796,39.651087],[-104.900801,39.65311]]]}},{"type":"Feature","properties":{"geoid":"08031006812","name":"Census Tract 68.12"},"geometry":{"type":"Polygon","coordinates":[[[-104.925662,39.667486],[-104.92388,39.667533],[-104.923708,39.667576],[-104.921277,39.667579],[-104.921425,39.66776],[-104.920702,39.668168],[-104.920572,39.668035],[-104.921008,39.667778],[-104.920307,39.667115],[-104.920579,39.666935],[-104.922221,39.666947],[-104.92224,39.66376],[-104.922153,39.663729],[-104.922177,39.663654],[-104.922148,39.663564],[-104.921582,39.662917],[-104.921524,39.662736],[-104.921594,39.662518],[-104.921866,39.662249],[-104.921016,39.660338],[-104.918875,39.660338],[-104.918885,39.659921],[-104.918614,39.659922],[-104.918247,39.659347],[-104.917893,39.659149],[-104.917812,39.659314],[-104.916757,39.65901],[-104.916863,39.658795],[-104.915898,39.658508],[-104.915932,39.658431],[-104.916253,39.658088],[-104.916031,39.657508],[-104.915513,39.657519],[-104.915513,39.657136],[-104.915896,39.657149],[-104.916572,39.656119],[-104.915863,39.656048],[-104.915836,39.656214],[-104.915771,39.65635],[-104.91525,39.656173],[-104.912985,39.656209],[-104.91297,39.663133],[-104.915039,39.66314],[-104.915587,39.663252],[-104.915939,39.663471],[-104.91595,39.666152],[-104.916389,39.666154],[-104.916378,39.667585],[-104.912874,39.667631],[-104.904757,39.667634],[-104.904327,39.666569],[-104.902787,39.664953],[-104.902732,39.662963],[-104.902833,39.660484],[-104.903739,39.660183],[-104.904099,39.660189],[-104.904119,39.659721],[-104.904094,39.659561],[-104.903917,39.6595],[-104.903866,39.659357],[-104.903759,39.659325],[-104.903683,39.659103],[-104.903743,39.659],[-104.903568,39.658787],[-104.903602,39.6587],[-104.903545,39.65844],[-104.903586,39.658343],[-104.903565,39.65824],[-104.903636,39.658149],[-104.903546,39.657834],[-104.903621,39.657763],[-104.903448,39.657567],[-104.902467,39.656817],[-104.901574,39.654818],[-104.901509,39.654615],[-104.901418,39.654485],[-104.901335,39.654245],[-104.90116,39.653984],[-104.901102,39.653769],[-104.900912,39.653439],[-104.900888,39.653285],[-104.900801,39.65311],[-104.918448,39.653079],[-104.918851,39.653918],[-104.922417,39.661929],[-104.923054,39.663291],[-104.923765,39.66461],[-104.925662,39.667486]]]}},{"type":"Feature","properties":{"geoid":"08031006813","name":"Census Tract 68.13"},"geometry":{"type":"Polygon","coordinates":[[[-104.87926,39.663928],[-104.876211,39.663932],[-104.875882,39.664201],[-104.875717,39.664414],[-104.875608,39.664636],[-104.875534,39.665012],[-104.875533,39.665918],[-104.87538,39.668651],[-104.875436,39.668956],[-104.876355,39.671095],[-104.876608,39.671402],[-104.877459,39.672066],[-104.875312,39.672062],[-104.875275,39.67342],[-104.875291,39.674766],[-104.874015,39.674781],[-104.871874,39.674744],[-104.870882,39.674764],[-104.866051,39.670847],[-104.866068,39.669793],[-104.866174,39.667515],[-104.866203,39.661762],[-104.866334,39.660309],[-104.86637,39.659355],[-104.866827,39.659568],[-104.866918,39.659766],[-104.867009,39.659858],[-104.867153,39.659901],[-104.867313,39.659882],[-104.867385,39.65991],[-104.867465,39.660151],[-104.867692,39.660304],[-104.867798,39.660483],[-104.867864,39.660537],[-104.868196,39.660731],[-104.868214,39.660774],[-104.868161,39.660917],[-104.868316,39.661003],[-104.868332,39.661106],[-104.868283,39.661222],[-104.868093,39.661432],[-104.868086,39.661492],[-104.868146,39.661644],[-104.868261,39.661691],[-104.868491,39.661649],[-104.86859,39.661675],[-104.868766,39.661865],[-104.86886,39.66217],[-104.869333,39.662261],[-104.869383,39.662353],[-104.869509,39.662394],[-104.869656,39.662532],[-104.869735,39.662794],[-104.869864,39.66286],[-104.870023,39.662858],[-104.870286,39.662782],[-104.870441,39.662792],[-104.870552,39.662867],[-104.870668,39.663033],[-104.870967,39.663247],[-104.871132,39.663292],[-104.871403,39.66327],[-104.87161,39.663312],[-104.872251,39.663599],[-104.872769,39.663636],[-104.873179,39.663705],[-104.873335,39.663682],[-104.873539,39.663575],[-104.873688,39.663544],[-104.873949,39.663608],[-104.87424,39.663805],[-104.874354,39.66384],[-104.874808,39.663622],[-104.87489,39.663542],[-104.875423,39.663489],[-104.876034,39.663358],[-104.876611,39.663431],[-104.877211,39.663372],[-104.877318,39.663392],[-104.877502,39.6635],[-104.877665,39.663552],[-104.877831,39.663565],[-104.87792,39.663551],[-104.878221,39.66339],[-104.878521,39.663378],[-104.878725,39.663273],[-104.8788,39.663265],[-104.878861,39.663285],[-104.878921,39.663358],[-104.87926,39.663928]]]}},{"type":"Feature","properties":{"geoid":"08031006814","name":"Census Tract 68.14"},"geometry":{"type":"Polygon","coordinates":[[[-104.890458,39.667578],[-104.885164,39.667566],[-104.879525,39.663927],[-104.87926,39.663928],[-104.878921,39.663358],[-104.878861,39.663285],[-104.8788,39.663265],[-104.878725,39.663273],[-104.878521,39.663378],[-104.878221,39.66339],[-104.87792,39.663551],[-104.877831,39.663565],[-104.877665,39.663552],[-104.877502,39.6635],[-104.877318,39.663392],[-104.877211,39.663372],[-104.876611,39.663431],[-104.876034,39.663358],[-104.875423,39.663489],[-104.87489,39.663542],[-104.874808,39.663622],[-104.874354,39.66384],[-104.87424,39.663805],[-104.873949,39.663608],[-104.873688,39.663544],[-104.873539,39.663575],[-104.873335,39.663682],[-104.873179,39.663705],[-104.872769,39.663636],[-104.872251,39.663599],[-104.87161,39.663312],[-104.871403,39.66327],[-104.871132,39.663292],[-104.870967,39.663247],[-104.870668,39.663033],[-104.870552,39.662867],[-104.870441,39.662792],[-104.870286,39.662782],[-104.869919,39.662872],[-104.869775,39.66282],[-104.869713,39.662751],[-104.869656,39.662532],[-104.869509,39.662394],[-104.869383,39.662353],[-104.869333,39.662261],[-104.86886,39.66217],[-104.868766,39.661865],[-104.86859,39.661675],[-104.868491,39.661649],[-104.868261,39.661691],[-104.868146,39.661644],[-104.868086,39.661492],[-104.868093,39.661432],[-104.868283,39.661222],[-104.868332,39.661106],[-104.868316,39.661003],[-104.868161,39.660917],[-104.868214,39.660774],[-104.868152,39.660685],[-104.867864,39.660537],[-104.867798,39.660483],[-104.867692,39.660304],[-104.867465,39.660151],[-104.867385,39.65991],[-104.867313,39.659882],[-104.867153,39.659901],[-104.867009,39.659858],[-104.866918,39.659766],[-104.866827,39.659568],[-104.86637,39.659355],[-104.866432,39.656256],[-104.866517,39.655666],[-104.866702,39.655109],[-104.867017,39.654598],[-104.867308,39.654271],[-104.867541,39.654055],[-104.868056,39.65369],[-104.868583,39.653428],[-104.869156,39.653233],[-104.869676,39.653113],[-104.87011,39.653054],[-104.884785,39.653068],[-104.884773,39.654493],[-104.884726,39.654591],[-104.884694,39.65737],[-104.884677,39.659763],[-104.884715,39.659892],[-104.884934,39.660211],[-104.885111,39.660301],[-104.885887,39.660899],[-104.887116,39.661925],[-104.887765,39.662413],[-104.890207,39.664408],[-104.890204,39.66451],[-104.888352,39.665674],[-104.888887,39.665731],[-104.88904,39.665775],[-104.889668,39.666285],[-104.889891,39.666551],[-104.890458,39.667578]]]}},{"type":"Feature","properties":{"geoid":"08031006815","name":"Census Tract 68.15"},"geometry":{"type":"Polygon","coordinates":[[[-104.918448,39.653079],[-104.900801,39.65311],[-104.899796,39.651087],[-104.899088,39.650501],[-104.898862,39.650114],[-104.898349,39.649412],[-104.898103,39.649007],[-104.900201,39.648137],[-104.900552,39.647957],[-104.900805,39.64769],[-104.901916,39.646128],[-104.902177,39.645969],[-104.902541,39.645904],[-104.911893,39.645869],[-104.912153,39.645773],[-104.912656,39.645726],[-104.912667,39.645446],[-104.912839,39.644669],[-104.912823,39.644503],[-104.912731,39.644237],[-104.912865,39.644191],[-104.91282,39.644112],[-104.913339,39.643895],[-104.916676,39.649687],[-104.917491,39.651176],[-104.918156,39.652474],[-104.918448,39.653079]]]}},{"type":"Feature","properties":{"geoid":"08031006816","name":"Census Tract 68.16"},"geometry":{"type":"Polygon","coordinates":[[[-104.913339,39.643895],[-104.91282,39.644112],[-104.912865,39.644191],[-104.912731,39.644237],[-104.912823,39.644503],[-104.912839,39.644669],[-104.912667,39.645446],[-104.912656,39.645726],[-104.912153,39.645773],[-104.911893,39.645869],[-104.902541,39.645904],[-104.902177,39.645969],[-104.901916,39.646128],[-104.900805,39.64769],[-104.900552,39.647957],[-104.900201,39.648137],[-104.898103,39.649007],[-104.894421,39.643701],[-104.894146,39.643221],[-104.894091,39.643075],[-104.894024,39.642715],[-104.894032,39.642618],[-104.894096,39.642478],[-104.894279,39.642302],[-104.894339,39.642173],[-104.89445,39.641835],[-104.89447,39.641588],[-104.893943,39.641686],[-104.893618,39.640274],[-104.893851,39.639177],[-104.894009,39.638886],[-104.894012,39.638504],[-104.893979,39.638395],[-104.893778,39.638154],[-104.893773,39.637977],[-104.893725,39.637905],[-104.893581,39.637401],[-104.893455,39.637049],[-104.893346,39.636842],[-104.89328,39.636785],[-104.893277,39.636707],[-104.892917,39.635678],[-104.894086,39.635399],[-104.895002,39.63525],[-104.895795,39.635174],[-104.899521,39.634967],[-104.900139,39.634908],[-104.901537,39.634659],[-104.901898,39.635411],[-104.903468,39.635318],[-104.904135,39.635172],[-104.904814,39.63488],[-104.905351,39.634522],[-104.905889,39.633953],[-104.906698,39.634163],[-104.907082,39.634296],[-104.907551,39.635066],[-104.90827,39.636053],[-104.910882,39.639834],[-104.912737,39.642851],[-104.913339,39.643895]]]}},{"type":"Feature","properties":{"geoid":"08031006817","name":"Census Tract 68.17"},"geometry":{"type":"Polygon","coordinates":[[[-104.904757,39.667634],[-104.898817,39.667626],[-104.898131,39.667562],[-104.897035,39.66757],[-104.89614,39.667617],[-104.894024,39.667589],[-104.893944,39.667525],[-104.893946,39.667464],[-104.893296,39.666899],[-104.892237,39.666048],[-104.892175,39.666035],[-104.890824,39.664903],[-104.890764,39.664956],[-104.890204,39.66451],[-104.890207,39.664408],[-104.887765,39.662413],[-104.887116,39.661925],[-104.889076,39.660484],[-104.889262,39.660406],[-104.889588,39.660344],[-104.901724,39.660353],[-104.902026,39.660298],[-104.902688,39.66001],[-104.903489,39.659965],[-104.904112,39.659972],[-104.904099,39.660189],[-104.903739,39.660183],[-104.902833,39.660484],[-104.902732,39.662963],[-104.902787,39.664953],[-104.904327,39.666569],[-104.904757,39.667634]]]}},{"type":"Feature","properties":{"geoid":"08031006818","name":"Census Tract 68.18"},"geometry":{"type":"Polygon","coordinates":[[[-104.904094,39.659561],[-104.904112,39.659972],[-104.903489,39.659965],[-104.902688,39.66001],[-104.902026,39.660298],[-104.901724,39.660353],[-104.889716,39.66033],[-104.889475,39.660357],[-104.889076,39.660484],[-104.887116,39.661925],[-104.885887,39.660899],[-104.885111,39.660301],[-104.884934,39.660211],[-104.884763,39.659983],[-104.88469,39.659826],[-104.884726,39.654591],[-104.884773,39.654493],[-104.884785,39.653068],[-104.900801,39.65311],[-104.900888,39.653285],[-104.900912,39.653439],[-104.901102,39.653769],[-104.90116,39.653984],[-104.901335,39.654245],[-104.901418,39.654485],[-104.901509,39.654615],[-104.901574,39.654818],[-104.902467,39.656817],[-104.903448,39.657567],[-104.903621,39.657763],[-104.903546,39.657834],[-104.903636,39.658149],[-104.903565,39.65824],[-104.903586,39.658343],[-104.903545,39.65844],[-104.903602,39.6587],[-104.903568,39.658787],[-104.903743,39.659],[-104.903683,39.659103],[-104.903759,39.659325],[-104.903866,39.659357],[-104.903917,39.6595],[-104.904094,39.659561]]]}},{"type":"Feature","properties":{"geoid":"08031006902","name":"Census Tract 69.02"},"geometry":{"type":"Polygon","coordinates":[[[-104.933977,39.678445],[-104.923424,39.678474],[-104.912811,39.678461],[-104.912738,39.678369],[-104.912795,39.674853],[-104.912791,39.667722],[-104.912874,39.667631],[-104.914636,39.667591],[-104.917544,39.66758],[-104.917559,39.672983],[-104.919298,39.673917],[-104.919578,39.673984],[-104.92012,39.674013],[-104.920487,39.674141],[-104.92105,39.674562],[-104.921047,39.674836],[-104.92225,39.674833],[-104.922253,39.675616],[-104.922353,39.675665],[-104.92253,39.6757],[-104.922866,39.675704],[-104.923146,39.675612],[-104.923414,39.675475],[-104.92343,39.676645],[-104.924465,39.676648],[-104.924464,39.676207],[-104.924759,39.676153],[-104.924754,39.676353],[-104.925283,39.676353],[-104.925286,39.676641],[-104.925746,39.676641],[-104.925746,39.676583],[-104.925781,39.676583],[-104.925774,39.675828],[-104.925726,39.675827],[-104.925725,39.675281],[-104.927582,39.675273],[-104.927576,39.674826],[-104.930242,39.674832],[-104.928718,39.672614],[-104.926429,39.669394],[-104.925399,39.669412],[-104.925103,39.669376],[-104.924941,39.669304],[-104.925086,39.668977],[-104.924959,39.668828],[-104.924906,39.668626],[-104.924712,39.668429],[-104.922919,39.667884],[-104.922669,39.667843],[-104.92266,39.667578],[-104.923708,39.667576],[-104.92388,39.667533],[-104.925662,39.667486],[-104.93076,39.674779],[-104.932518,39.676829],[-104.933977,39.678445]]]}},{"type":"Feature","properties":{"geoid":"08031006903","name":"Census Tract 69.03"},"geometry":{"type":"Polygon","coordinates":[[[-104.912791,39.667722],[-104.912795,39.674853],[-104.912738,39.678369],[-104.912811,39.678461],[-104.906578,39.678456],[-104.906026,39.678431],[-104.905407,39.678219],[-104.904913,39.677928],[-104.903579,39.676675],[-104.90352,39.674456],[-104.903509,39.667624],[-104.912874,39.667631],[-104.912791,39.667722]]]}},{"type":"Feature","properties":{"geoid":"08031007006","name":"Census Tract 70.06"},"geometry":{"type":"Polygon","coordinates":[[[-104.877,39.65305],[-104.87011,39.653054],[-104.869431,39.653162],[-104.868583,39.653428],[-104.868237,39.653585],[-104.867722,39.653917],[-104.867308,39.654271],[-104.866937,39.654709],[-104.866702,39.655109],[-104.866517,39.655666],[-104.866432,39.656256],[-104.866334,39.660309],[-104.864411,39.660274],[-104.861022,39.660281],[-104.858978,39.66034],[-104.856441,39.66034],[-104.85615,39.660386],[-104.855894,39.660482],[-104.855437,39.660804],[-104.855032,39.660583],[-104.854392,39.6603],[-104.853367,39.65998],[-104.852652,39.65984],[-104.848678,39.659218],[-104.848674,39.657898],[-104.848603,39.657897],[-104.8486,39.657096],[-104.847296,39.657102],[-104.847922,39.656809],[-104.848621,39.656595],[-104.852312,39.655768],[-104.853199,39.655488],[-104.85405,39.65515],[-104.854864,39.654754],[-104.867624,39.647344],[-104.868196,39.647068],[-104.869107,39.646737],[-104.870048,39.646284],[-104.871188,39.646229],[-104.872921,39.645854],[-104.874102,39.645534],[-104.875573,39.64499],[-104.875454,39.651466],[-104.877,39.65305]]]}},{"type":"Feature","properties":{"geoid":"08031007013","name":"Census Tract 70.13"},"geometry":{"type":"Polygon","coordinates":[[[-104.903538,39.687376],[-104.903512,39.689354],[-104.89881,39.689341],[-104.898784,39.690702],[-104.898128,39.690697],[-104.898796,39.691387],[-104.898801,39.692975],[-104.894176,39.69296],[-104.894092,39.692874],[-104.894058,39.685694],[-104.889328,39.685684],[-104.889308,39.682056],[-104.894046,39.682061],[-104.894058,39.678448],[-104.896344,39.678454],[-104.897446,39.678505],[-104.898317,39.678473],[-104.90344,39.678598],[-104.903492,39.68034],[-104.903485,39.682102],[-104.903426,39.683878],[-104.903425,39.685743],[-104.903538,39.687376]],[[-104.902671,39.685712],[-104.899347,39.683737],[-104.898783,39.683402],[-104.898786,39.685704],[-104.902671,39.685712]]]}},{"type":"Feature","properties":{"geoid":"08031007037","name":"Census Tract 70.37"},"geometry":{"type":"Polygon","coordinates":[[[-104.875335,39.703438],[-104.875373,39.709029],[-104.870653,39.710169],[-104.865971,39.711053],[-104.865967,39.703807],[-104.866153,39.703799],[-104.867179,39.703433],[-104.868315,39.703141],[-104.868556,39.703109],[-104.868662,39.703008],[-104.868772,39.702825],[-104.869255,39.70161],[-104.869426,39.701319],[-104.869393,39.701089],[-104.870096,39.700688],[-104.870648,39.700535],[-104.870662,39.698377],[-104.868301,39.698371],[-104.868309,39.700192],[-104.867136,39.700188],[-104.867133,39.69928],[-104.865964,39.699279],[-104.865962,39.696559],[-104.868983,39.696559],[-104.87193,39.69647],[-104.874196,39.696472],[-104.875309,39.696505],[-104.875359,39.700918],[-104.875335,39.703438]]]}},{"type":"Feature","properties":{"geoid":"08031007088","name":"Census Tract 70.88"},"geometry":{"type":"Polygon","coordinates":[[[-104.903544,39.698535],[-104.903494,39.711281],[-104.903359,39.71121],[-104.89291,39.711192],[-104.892857,39.710554],[-104.892484,39.707926],[-104.892438,39.707708],[-104.89232,39.707425],[-104.892127,39.707108],[-104.891656,39.706597],[-104.890636,39.705929],[-104.890371,39.705676],[-104.890115,39.705153],[-104.890058,39.704842],[-104.89006,39.704625],[-104.886001,39.702838],[-104.884532,39.702587],[-104.882969,39.70208],[-104.881711,39.701844],[-104.881196,39.701531],[-104.880761,39.700988],[-104.880564,39.700675],[-104.880178,39.70041],[-104.879786,39.700261],[-104.879017,39.700111],[-104.87828,39.700077],[-104.877829,39.700149],[-104.877191,39.700185],[-104.875336,39.700148],[-104.875318,39.698438],[-104.877728,39.698438],[-104.87772,39.696508],[-104.882313,39.696573],[-104.884323,39.696485],[-104.887248,39.696566],[-104.894099,39.696596],[-104.894092,39.695868],[-104.894766,39.69587],[-104.894766,39.696597],[-104.896814,39.696588],[-104.89717,39.69645],[-104.897432,39.696242],[-104.897894,39.696076],[-104.899099,39.695395],[-104.899426,39.695748],[-104.899545,39.695817],[-104.899642,39.69576],[-104.900379,39.69655],[-104.899757,39.69715],[-104.903544,39.698535]]]}},{"type":"Feature","properties":{"geoid":"08031007090","name":"Census Tract 70.90"},"geometry":{"type":"Polygon","coordinates":[[[-104.89291,39.711192],[-104.892371,39.711119],[-104.89186,39.710917],[-104.886241,39.707433],[-104.885822,39.707218],[-104.885372,39.707063],[-104.885648,39.706539],[-104.885763,39.706469],[-104.886012,39.706401],[-104.888505,39.705805],[-104.889007,39.70575],[-104.890371,39.705676],[-104.890636,39.705929],[-104.891656,39.706597],[-104.892127,39.707108],[-104.89232,39.707425],[-104.892438,39.707708],[-104.892484,39.707926],[-104.892857,39.710554],[-104.89291,39.711192]]]}},{"type":"Feature","properties":{"geoid":"08031007091","name":"Census Tract 70.91"},"geometry":{"type":"Polygon","coordinates":[[[-104.890371,39.705676],[-104.888625,39.705784],[-104.885763,39.706469],[-104.885648,39.706539],[-104.885315,39.707172],[-104.884865,39.707078],[-104.884415,39.707031],[-104.884017,39.707029],[-104.883454,39.707101],[-104.875373,39.709029],[-104.875336,39.700148],[-104.877191,39.700185],[-104.877829,39.700149],[-104.87828,39.700077],[-104.879017,39.700111],[-104.879786,39.700261],[-104.880178,39.70041],[-104.880564,39.700675],[-104.880761,39.700988],[-104.881196,39.701531],[-104.881711,39.701844],[-104.882969,39.70208],[-104.884532,39.702587],[-104.886001,39.702838],[-104.89006,39.704625],[-104.890058,39.704842],[-104.890115,39.705153],[-104.890371,39.705676]]]}},{"type":"Feature","properties":{"geoid":"08031008304","name":"Census Tract 83.04"},"geometry":{"type":"Polygon","coordinates":[[[-104.847181,39.798236],[-104.845527,39.798192],[-104.835673,39.798108],[-104.835624,39.797607],[-104.835705,39.79116],[-104.835584,39.791055],[-104.836045,39.791046],[-104.83632,39.790963],[-104.838524,39.789546],[-104.838792,39.789427],[-104.8392,39.789336],[-104.847087,39.789276],[-104.847181,39.798236]]]}},{"type":"Feature","properties":{"geoid":"08031008305","name":"Census Tract 83.05"},"geometry":{"type":"Polygon","coordinates":[[[-104.835705,39.79116],[-104.835624,39.797607],[-104.835673,39.798108],[-104.829286,39.798054],[-104.827922,39.798209],[-104.820038,39.79826],[-104.820019,39.796373],[-104.820062,39.79612],[-104.820116,39.796015],[-104.820278,39.79582],[-104.823143,39.793874],[-104.823375,39.793676],[-104.823565,39.793389],[-104.824329,39.791099],[-104.82449,39.790818],[-104.824642,39.790662],[-104.824824,39.790561],[-104.827564,39.789448],[-104.827782,39.789267],[-104.828184,39.788695],[-104.833875,39.791033],[-104.834184,39.791105],[-104.834468,39.791131],[-104.835473,39.791136],[-104.835584,39.791055],[-104.835705,39.79116]]]}},{"type":"Feature","properties":{"geoid":"08031008306","name":"Census Tract 83.06"},"geometry":{"type":"Polygon","coordinates":[[[-104.847087,39.789276],[-104.8392,39.789336],[-104.838792,39.789427],[-104.838524,39.789546],[-104.8364,39.790919],[-104.836228,39.791],[-104.83595,39.791055],[-104.835584,39.791055],[-104.835473,39.791136],[-104.834468,39.791131],[-104.834184,39.791105],[-104.833875,39.791033],[-104.828184,39.788695],[-104.832234,39.782855],[-104.832457,39.782641],[-104.832914,39.78238],[-104.835663,39.781201],[-104.838068,39.780691],[-104.838308,39.780613],[-104.838472,39.780511],[-104.839796,39.77932],[-104.842419,39.781049],[-104.842927,39.781296],[-104.846289,39.782347],[-104.84701,39.782386],[-104.847087,39.789276]]]}},{"type":"Feature","properties":{"geoid":"08031008312","name":"Census Tract 83.12"},"geometry":{"type":"Polygon","coordinates":[[[-104.847033,39.774008],[-104.84701,39.782386],[-104.846289,39.782347],[-104.842927,39.781296],[-104.842419,39.781049],[-104.839796,39.77932],[-104.838472,39.780511],[-104.838308,39.780613],[-104.838068,39.780691],[-104.835663,39.781201],[-104.832602,39.782536],[-104.832234,39.782855],[-104.831204,39.784332],[-104.829485,39.783629],[-104.828953,39.783369],[-104.8257,39.780629],[-104.825403,39.780306],[-104.825115,39.77979],[-104.824686,39.779015],[-104.824699,39.778834],[-104.824542,39.778969],[-104.824206,39.779076],[-104.823984,39.779109],[-104.819552,39.779086],[-104.818939,39.778941],[-104.811549,39.776845],[-104.811067,39.776768],[-104.809902,39.776759],[-104.809884,39.772823],[-104.828185,39.772784],[-104.828163,39.772374],[-104.847033,39.774008]]]}},{"type":"Feature","properties":{"geoid":"08031008386","name":"Census Tract 83.86"},"geometry":{"type":"Polygon","coordinates":[[[-104.823609,39.793268],[-104.823443,39.793594],[-104.823233,39.793807],[-104.820336,39.795779],[-104.820174,39.79593],[-104.820062,39.79612],[-104.820019,39.796373],[-104.820038,39.79826],[-104.80969,39.798317],[-104.809797,39.783754],[-104.809958,39.783837],[-104.810676,39.783841],[-104.810898,39.783877],[-104.816765,39.785638],[-104.818442,39.786096],[-104.817378,39.788216],[-104.817179,39.788735],[-104.820037,39.789299],[-104.819422,39.791141],[-104.819161,39.791569],[-104.819073,39.791887],[-104.818935,39.791943],[-104.819043,39.792049],[-104.823707,39.792968],[-104.823609,39.793268]]]}},{"type":"Feature","properties":{"geoid":"08031008387","name":"Census Tract 83.87"},"geometry":{"type":"Polygon","coordinates":[[[-104.831204,39.784332],[-104.827782,39.789267],[-104.827564,39.789448],[-104.827388,39.789539],[-104.824824,39.790561],[-104.824642,39.790662],[-104.82449,39.790818],[-104.824329,39.791099],[-104.823707,39.792968],[-104.819043,39.792049],[-104.818935,39.791943],[-104.819073,39.791887],[-104.819161,39.791569],[-104.819422,39.791141],[-104.820037,39.789299],[-104.817179,39.788735],[-104.817378,39.788216],[-104.818442,39.786096],[-104.816765,39.785638],[-104.810898,39.783877],[-104.810676,39.783841],[-104.809958,39.783837],[-104.809797,39.783754],[-104.809902,39.776759],[-104.811067,39.776768],[-104.811549,39.776845],[-104.818939,39.778941],[-104.819552,39.779086],[-104.823984,39.779109],[-104.824206,39.779076],[-104.824542,39.778969],[-104.824699,39.778834],[-104.824686,39.779015],[-104.825115,39.77979],[-104.825403,39.780306],[-104.8257,39.780629],[-104.828953,39.783369],[-104.829485,39.783629],[-104.831204,39.784332]]]}},{"type":"Feature","properties":{"geoid":"08031008388","name":"Census Tract 83.88"},"geometry":{"type":"Polygon","coordinates":[[[-104.809904,39.776593],[-104.809797,39.783754],[-104.80969,39.798317],[-104.79091,39.79825],[-104.790254,39.798265],[-104.78863,39.798397],[-104.779261,39.798343],[-104.777716,39.798412],[-104.775134,39.79845],[-104.772117,39.79839],[-104.772149,39.795269],[-104.772114,39.783624],[-104.772157,39.776409],[-104.78156,39.776483],[-104.781577,39.772795],[-104.791479,39.772827],[-104.809884,39.772823],[-104.809904,39.776593]]]}},{"type":"Feature","properties":{"geoid":"08031008389","name":"Census Tract 83.89"},"geometry":{"type":"Polygon","coordinates":[[[-104.772147,39.795417],[-104.772117,39.79839],[-104.771215,39.798373],[-104.770763,39.798277],[-104.770552,39.798269],[-104.76978,39.798299],[-104.765008,39.798333],[-104.762977,39.798431],[-104.758094,39.798459],[-104.74781,39.798454],[-104.745423,39.79851],[-104.740674,39.798455],[-104.734399,39.798442],[-104.73442,39.789689],[-104.734532,39.781862],[-104.739818,39.781856],[-104.740373,39.781794],[-104.74089,39.781674],[-104.742009,39.781341],[-104.742804,39.781213],[-104.743315,39.781174],[-104.749233,39.781167],[-104.750109,39.78126],[-104.750721,39.781398],[-104.756651,39.783409],[-104.757548,39.783641],[-104.758257,39.783745],[-104.759341,39.783806],[-104.772114,39.783753],[-104.772147,39.795417]]]}},{"type":"Feature","properties":{"geoid":"08031008390","name":"Census Tract 83.90"},"geometry":{"type":"Polygon","coordinates":[[[-104.772166,39.7715],[-104.772114,39.783753],[-104.759092,39.783802],[-104.758455,39.783767],[-104.757548,39.783641],[-104.756836,39.783465],[-104.755275,39.782939],[-104.756078,39.781567],[-104.756247,39.781205],[-104.7563,39.780934],[-104.756274,39.780283],[-104.756233,39.780092],[-104.756065,39.779723],[-104.755878,39.77948],[-104.754046,39.777476],[-104.753615,39.776831],[-104.753371,39.776266],[-104.753302,39.775761],[-104.753297,39.774831],[-104.753351,39.769487],[-104.753442,39.769302],[-104.764574,39.769188],[-104.764559,39.771568],[-104.772166,39.7715]]]}},{"type":"Feature","properties":{"geoid":"08031008391","name":"Census Tract 83.91"},"geometry":{"type":"Polygon","coordinates":[[[-104.7563,39.780934],[-104.756247,39.781205],[-104.756131,39.781466],[-104.755275,39.782939],[-104.750963,39.781468],[-104.750109,39.78126],[-104.749233,39.781167],[-104.743315,39.781174],[-104.742804,39.781213],[-104.742009,39.781341],[-104.74089,39.781674],[-104.740373,39.781794],[-104.739818,39.781856],[-104.734532,39.781862],[-104.734601,39.769181],[-104.734749,39.769211],[-104.753442,39.769302],[-104.753351,39.769487],[-104.753322,39.772145],[-104.753302,39.775761],[-104.753371,39.776266],[-104.753615,39.776831],[-104.754046,39.777476],[-104.755878,39.77948],[-104.756065,39.779723],[-104.756166,39.77991],[-104.756274,39.780283],[-104.7563,39.780934]]]}},{"type":"Feature","properties":{"geoid":"08031011902","name":"Census Tract 119.02"},"geometry":{"type":"Polygon","coordinates":[[[-105.071972,39.659951],[-105.071617,39.659995],[-105.071756,39.660679],[-105.070697,39.662337],[-105.070387,39.662903],[-105.070092,39.663569],[-105.068967,39.663344],[-105.068592,39.663317],[-105.067291,39.663317],[-105.067297,39.667775],[-105.053256,39.667785],[-105.053216,39.656164],[-105.053189,39.654286],[-105.053086,39.653718],[-105.053076,39.653346],[-105.057122,39.653349],[-105.057165,39.653164],[-105.05715,39.652946],[-105.058031,39.652959],[-105.058059,39.651251],[-105.062002,39.65124],[-105.061999,39.651515],[-105.062598,39.651513],[-105.062626,39.650267],[-105.0639,39.650295],[-105.063924,39.649566],[-105.070833,39.649579],[-105.07083,39.649999],[-105.069917,39.649991],[-105.069689,39.650465],[-105.069164,39.65116],[-105.069121,39.651301],[-105.068206,39.652188],[-105.068057,39.652188],[-105.068053,39.65249],[-105.06749,39.652491],[-105.067477,39.653321],[-105.067278,39.653319],[-105.067288,39.656879],[-105.070144,39.656874],[-105.070166,39.657298],[-105.070087,39.657993],[-105.070016,39.659071],[-105.071971,39.659604],[-105.071972,39.659951]],[[-105.06356,39.651859],[-105.062589,39.651854],[-105.06256,39.652991],[-105.063539,39.652979],[-105.06356,39.651859]],[[-105.064997,39.653774],[-105.064988,39.653331],[-105.06389,39.653333],[-105.063898,39.65378],[-105.064997,39.653774]]]}},{"type":"Feature","properties":{"geoid":"08031011903","name":"Census Tract 119.03"},"geometry":{"type":"Polygon","coordinates":[[[-105.081457,39.668577],[-105.081348,39.670133],[-105.080157,39.669826],[-105.079651,39.669755],[-105.079183,39.669738],[-105.079212,39.669339],[-105.078156,39.66929],[-105.07667,39.669061],[-105.076664,39.669413],[-105.075986,39.669307],[-105.075889,39.669991],[-105.075306,39.670058],[-105.074951,39.670485],[-105.074504,39.67025],[-105.07302,39.669791],[-105.072872,39.669813],[-105.07271,39.669742],[-105.072546,39.669423],[-105.071997,39.669344],[-105.071991,39.667763],[-105.067297,39.667775],[-105.067291,39.663317],[-105.068592,39.663317],[-105.068967,39.663344],[-105.070092,39.663569],[-105.070387,39.662903],[-105.070697,39.662337],[-105.071756,39.660679],[-105.071617,39.659995],[-105.071972,39.659951],[-105.071973,39.660024],[-105.074342,39.659703],[-105.076676,39.659312],[-105.076677,39.659887],[-105.078158,39.660759],[-105.078895,39.661587],[-105.079163,39.662041],[-105.081453,39.662056],[-105.081457,39.668577]]]}},{"type":"Feature","properties":{"geoid":"08031012001","name":"Census Tract 120.01"},"geometry":{"type":"Polygon","coordinates":[[[-105.076803,39.638735],[-105.076773,39.639353],[-105.076722,39.639549],[-105.075897,39.64118],[-105.075819,39.641842],[-105.07576,39.64205],[-105.074563,39.643945],[-105.074292,39.644274],[-105.073816,39.644628],[-105.072523,39.64522],[-105.072326,39.64535],[-105.072093,39.645647],[-105.072045,39.645984],[-105.063223,39.645992],[-105.063197,39.649626],[-105.062617,39.649627],[-105.062617,39.64967],[-105.060808,39.649699],[-105.057091,39.649701],[-105.057073,39.651248],[-105.055624,39.651251],[-105.055625,39.651184],[-105.053581,39.65116],[-105.053738,39.6514],[-105.053754,39.651727],[-105.054513,39.65176],[-105.054703,39.651812],[-105.055026,39.651992],[-105.057165,39.651986],[-105.057165,39.653164],[-105.057122,39.653349],[-105.053076,39.653346],[-105.052993,39.652284],[-105.053008,39.651797],[-105.053184,39.651659],[-105.053074,39.650914],[-105.053075,39.650466],[-105.053213,39.649159],[-105.053246,39.646024],[-105.05332,39.645258],[-105.053382,39.640418],[-105.053345,39.639864],[-105.053273,39.639768],[-105.053342,39.63877],[-105.059045,39.63876],[-105.059138,39.638243],[-105.059333,39.638335],[-105.059431,39.638812],[-105.059964,39.638703],[-105.060057,39.638752],[-105.076803,39.638735]]]}},{"type":"Feature","properties":{"geoid":"08031012010","name":"Census Tract 120.10"},"geometry":{"type":"Polygon","coordinates":[[[-105.097029,39.618362],[-105.093825,39.618321],[-105.087252,39.618317],[-105.084297,39.618584],[-105.075972,39.618601],[-105.075296,39.618577],[-105.074796,39.618511],[-105.073364,39.618569],[-105.072508,39.618549],[-105.068107,39.618589],[-105.065141,39.618582],[-105.065115,39.61943],[-105.065086,39.619588],[-105.065091,39.620045],[-105.065662,39.6206],[-105.073665,39.623285],[-105.076116,39.624225],[-105.074517,39.624227],[-105.076273,39.625095],[-105.077058,39.625996],[-105.080232,39.629461],[-105.080952,39.631327],[-105.081567,39.631301],[-105.081567,39.631328],[-105.082187,39.631336],[-105.083712,39.631327],[-105.083735,39.630155],[-105.081693,39.630149],[-105.08173,39.627313],[-105.083813,39.627318],[-105.083789,39.628527],[-105.08558,39.628527],[-105.085626,39.626107],[-105.087391,39.626046],[-105.087384,39.62709],[-105.091164,39.627081],[-105.091163,39.629038],[-105.090953,39.629228],[-105.087234,39.629988],[-105.083946,39.633225],[-105.083315,39.633925],[-105.082953,39.634428],[-105.082603,39.635013],[-105.082244,39.63578],[-105.082102,39.636156],[-105.081888,39.63708],[-105.081762,39.638661],[-105.081676,39.638759],[-105.081578,39.638667],[-105.081646,39.637479],[-105.081716,39.636867],[-105.081541,39.636721],[-105.081565,39.636166],[-105.080855,39.636145],[-105.080299,39.636209],[-105.07995,39.636643],[-105.079722,39.636705],[-105.07945,39.636727],[-105.079007,39.636717],[-105.077688,39.636472],[-105.077147,39.636413],[-105.076552,39.636436],[-105.075826,39.636516],[-105.075222,39.636515],[-105.074901,39.636617],[-105.074799,39.636682],[-105.074783,39.636618],[-105.074176,39.636752],[-105.073307,39.636563],[-105.073271,39.63874],[-105.060057,39.638752],[-105.059964,39.638703],[-105.059431,39.638812],[-105.059333,39.638335],[-105.058996,39.638177],[-105.059541,39.635375],[-105.059541,39.635081],[-105.059457,39.634662],[-105.059297,39.634333],[-105.058758,39.633648],[-105.057009,39.631679],[-105.055505,39.630699],[-105.053457,39.629526],[-105.05344,39.627714],[-105.05578,39.625998],[-105.055809,39.624244],[-105.053483,39.624253],[-105.053516,39.620864],[-105.054338,39.620824],[-105.055349,39.621054],[-105.056273,39.621104],[-105.05724,39.620914],[-105.057386,39.620492],[-105.056489,39.619918],[-105.05712,39.619368],[-105.057088,39.619383],[-105.05808,39.617503],[-105.058193,39.617366],[-105.058134,39.616114],[-105.058125,39.614409],[-105.09701,39.614311],[-105.097029,39.618362]],[[-105.081605,39.635002],[-105.08087,39.635001],[-105.08087,39.635683],[-105.081573,39.635688],[-105.081605,39.635002]]]}},{"type":"Feature","properties":{"geoid":"08031012015","name":"Census Tract 120.15"},"geometry":{"type":"Polygon","coordinates":[[[-105.109902,39.634263],[-105.109875,39.635072],[-105.091103,39.635083],[-105.0911,39.638719],[-105.084414,39.638693],[-105.081676,39.638759],[-105.081762,39.638661],[-105.081888,39.63708],[-105.082102,39.636156],[-105.082244,39.63578],[-105.082603,39.635013],[-105.082953,39.634428],[-105.083315,39.633925],[-105.083624,39.633557],[-105.087234,39.629988],[-105.087793,39.630388],[-105.087888,39.630561],[-105.087934,39.630868],[-105.087993,39.631017],[-105.088089,39.631138],[-105.088227,39.631255],[-105.088563,39.631373],[-105.090251,39.63138],[-105.090693,39.631299],[-105.090914,39.63129],[-105.091349,39.631379],[-105.091589,39.631395],[-105.094544,39.631372],[-105.095143,39.631231],[-105.095322,39.631143],[-105.09606,39.630617],[-105.096216,39.630404],[-105.096304,39.630192],[-105.096345,39.62993],[-105.096349,39.629457],[-105.097273,39.629474],[-105.097526,39.629537],[-105.098061,39.629767],[-105.098388,39.629837],[-105.099178,39.629836],[-105.099529,39.629779],[-105.100432,39.62946],[-105.10102,39.62916],[-105.102009,39.628287],[-105.102327,39.627965],[-105.102396,39.627834],[-105.103355,39.628099],[-105.10396,39.62832],[-105.105652,39.62933],[-105.106732,39.629747],[-105.107171,39.629843],[-105.10758,39.629883],[-105.109883,39.629897],[-105.109902,39.634263]]]}},{"type":"Feature","properties":{"geoid":"08031012016","name":"Census Tract 120.16"},"geometry":{"type":"Polygon","coordinates":[[[-105.109924,39.627085],[-105.109883,39.629897],[-105.10758,39.629883],[-105.107171,39.629843],[-105.106732,39.629747],[-105.105652,39.62933],[-105.10396,39.62832],[-105.103355,39.628099],[-105.102396,39.627834],[-105.102327,39.627965],[-105.102009,39.628287],[-105.10102,39.62916],[-105.100432,39.62946],[-105.099529,39.629779],[-105.099178,39.629836],[-105.098388,39.629837],[-105.098061,39.629767],[-105.097526,39.629537],[-105.097273,39.629474],[-105.096349,39.629457],[-105.096345,39.62993],[-105.096304,39.630192],[-105.096216,39.630404],[-105.09606,39.630617],[-105.095322,39.631143],[-105.095143,39.631231],[-105.094544,39.631372],[-105.091589,39.631395],[-105.091349,39.631379],[-105.090914,39.63129],[-105.090693,39.631299],[-105.090251,39.63138],[-105.088563,39.631373],[-105.088227,39.631255],[-105.088089,39.631138],[-105.087993,39.631017],[-105.087934,39.630868],[-105.087888,39.630561],[-105.087793,39.630388],[-105.087234,39.629988],[-105.090953,39.629228],[-105.091163,39.629038],[-105.091164,39.627081],[-105.091256,39.624198],[-105.107503,39.624218],[-105.107496,39.627093],[-105.109924,39.627085]]]}},{"type":"Feature","properties":{"geoid":"08031015300","name":"Census Tract 153"},"geometry":{"type":"Polygon","coordinates":[[[-104.934171,39.703771],[-104.933189,39.703768],[-104.932878,39.703655],[-104.932842,39.703615],[-104.932869,39.702048],[-104.931712,39.702057],[-104.931705,39.703858],[-104.926991,39.703857],[-104.926963,39.706699],[-104.928287,39.706692],[-104.928287,39.706785],[-104.929118,39.706787],[-104.929119,39.70641],[-104.92959,39.706414],[-104.92958,39.708587],[-104.93157,39.709096],[-104.931652,39.711326],[-104.925803,39.711365],[-104.922286,39.711339],[-104.922277,39.707615],[-104.922232,39.705858],[-104.922105,39.705487],[-104.921692,39.704737],[-104.921631,39.704459],[-104.921639,39.697322],[-104.921745,39.696957],[-104.922252,39.6959],[-104.923757,39.696804],[-104.924154,39.696739],[-104.927271,39.69673],[-104.928183,39.696634],[-104.928185,39.698428],[-104.928778,39.698427],[-104.928778,39.70022],[-104.931654,39.700221],[-104.931659,39.700286],[-104.932831,39.700286],[-104.932873,39.701321],[-104.934143,39.70132],[-104.934171,39.703771]],[[-104.929313,39.701272],[-104.928766,39.70128],[-104.928299,39.701274],[-104.928643,39.701613],[-104.929182,39.702043],[-104.92931,39.702037],[-104.929313,39.701272]]]}},{"type":"Feature","properties":{"geoid":"08031015400","name":"Census Tract 154"},"geometry":{"type":"Polygon","coordinates":[[[-105.065005,39.790321],[-105.064404,39.79032],[-105.064405,39.79108],[-105.062642,39.791086],[-105.062646,39.790501],[-105.061786,39.7905],[-105.061698,39.790654],[-105.061608,39.790928],[-105.06148,39.791075],[-105.052474,39.791064],[-105.034618,39.791142],[-105.034645,39.792051],[-105.029953,39.792032],[-105.029944,39.791125],[-105.025262,39.791106],[-105.025303,39.793963],[-105.025149,39.794003],[-105.025109,39.791609],[-105.025137,39.784386],[-105.027313,39.784235],[-105.03047,39.783784],[-105.032525,39.783454],[-105.03348,39.783417],[-105.035823,39.783554],[-105.043425,39.783597],[-105.044034,39.783654],[-105.044745,39.783799],[-105.045253,39.783972],[-105.046816,39.784723],[-105.047709,39.785025],[-105.048249,39.785112],[-105.048862,39.785148],[-105.049418,39.785114],[-105.049842,39.785045],[-105.050315,39.784947],[-105.050708,39.784816],[-105.050917,39.784741],[-105.052613,39.783884],[-105.053184,39.783687],[-105.053183,39.783797],[-105.062659,39.783847],[-105.062653,39.78834],[-105.064992,39.788359],[-105.065005,39.790321]]]}},{"type":"Feature","properties":{"geoid":"08031015500","name":"Census Tract 155"},"geometry":{"type":"MultiPolygon","coordinates":[[[[-104.934135,39.700181],[-104.931714,39.700208],[-104.931651,39.698398],[-104.934076,39.698436],[-104.934135,39.700181]]],[[[-104.940562,39.692941],[-104.940625,39.6954],[-104.939498,39.695405],[-104.939505,39.694762],[-104.936213,39.694782],[-104.936233,39.696599],[-104.93645,39.696601],[-104.936457,39.697853],[-104.935858,39.697854],[-104.935868,39.696599],[-104.931735,39.696601],[-104.931697,39.689341],[-104.940549,39.689321],[-104.940562,39.692941]]]]}},{"type":"Feature","properties":{"geoid":"08031015600","name":"Census Tract 156"},"geometry":{"type":"Polygon","coordinates":[[[-105.025206,39.657429],[-105.025173,39.658187],[-105.025108,39.667715],[-105.025073,39.668541],[-105.025038,39.68227],[-105.014736,39.682336],[-105.004079,39.682202],[-105.004079,39.682149],[-105.001828,39.682177],[-105.001425,39.682487],[-105.001413,39.68227],[-105.001348,39.682046],[-105.001139,39.681628],[-105.000941,39.681413],[-105.000451,39.681127],[-105.000071,39.680957],[-104.999159,39.680644],[-104.998728,39.680268],[-104.99845,39.679875],[-104.998177,39.679256],[-104.998028,39.678778],[-104.997982,39.67847],[-104.997865,39.672284],[-104.999111,39.668896],[-105.001844,39.66768],[-105.000355,39.667728],[-105.003578,39.666611],[-105.003969,39.666255],[-105.00407,39.665527],[-105.004886,39.663685],[-105.00484,39.661672],[-105.004778,39.661315],[-105.004626,39.660802],[-105.004551,39.660644],[-105.004395,39.660484],[-105.004882,39.660455],[-105.010941,39.660507],[-105.008191,39.66409],[-105.008121,39.66409],[-105.007752,39.664605],[-105.007278,39.665446],[-105.006321,39.6677],[-105.00636,39.6677],[-105.006355,39.67318],[-105.006402,39.674999],[-105.006357,39.676759],[-105.008637,39.67678],[-105.008664,39.678627],[-105.015696,39.678684],[-105.015752,39.677691],[-105.015691,39.676811],[-105.015749,39.67592],[-105.015689,39.675014],[-105.015692,39.673407],[-105.015748,39.672082],[-105.015699,39.671795],[-105.015748,39.671377],[-105.015701,39.670993],[-105.015746,39.670657],[-105.015707,39.670156],[-105.015744,39.669922],[-105.015713,39.667733],[-105.01578,39.664209],[-105.015754,39.663272],[-105.015766,39.662323],[-105.015799,39.66213],[-105.0158,39.660508],[-105.022982,39.660496],[-105.023003,39.656804],[-105.025269,39.656817],[-105.025206,39.657429]]]}},{"type":"Feature","properties":{"geoid":"08031015700","name":"Census Tract 157"},"geometry":{"type":"Polygon","coordinates":[[[-105.044092,39.662517],[-105.044064,39.663182],[-105.043982,39.663464],[-105.043847,39.663729],[-105.042113,39.666003],[-105.041881,39.666407],[-105.041777,39.666734],[-105.041739,39.667165],[-105.041751,39.667718],[-105.034054,39.667677],[-105.026045,39.667732],[-105.025108,39.667715],[-105.025175,39.658043],[-105.025269,39.656817],[-105.032038,39.656983],[-105.033076,39.656954],[-105.032586,39.65669],[-105.032393,39.656506],[-105.032277,39.656345],[-105.032089,39.655905],[-105.032162,39.653276],[-105.033562,39.653286],[-105.035368,39.654017],[-105.036103,39.654262],[-105.036823,39.654435],[-105.037437,39.654519],[-105.037907,39.654568],[-105.038642,39.654565],[-105.039394,39.654515],[-105.041369,39.654273],[-105.041635,39.655677],[-105.041823,39.656417],[-105.042113,39.657143],[-105.042469,39.65785],[-105.043838,39.6599],[-105.044033,39.660311],[-105.044089,39.660751],[-105.044092,39.662517]]]}},{"type":"Feature","properties":{"geoid":"08031015800","name":"Census Tract 158"},"geometry":{"type":"Polygon","coordinates":[[[-104.784212,39.819913],[-104.783912,39.821139],[-104.783461,39.822165],[-104.782661,39.823391],[-104.78171,39.824492],[-104.780634,39.825293],[-104.779208,39.826119],[-104.777406,39.826994],[-104.776054,39.827411],[-104.773928,39.82777],[-104.772902,39.82782],[-104.756747,39.827766],[-104.756604,39.827347],[-104.753052,39.82733],[-104.753082,39.823381],[-104.762462,39.823443],[-104.762592,39.820164],[-104.762566,39.818608],[-104.76262,39.815007],[-104.762607,39.812852],[-104.762554,39.811147],[-104.762652,39.809221],[-104.762646,39.801589],[-104.762666,39.801083],[-104.762824,39.800276],[-104.762841,39.800014],[-104.762786,39.799551],[-104.762611,39.798722],[-104.762606,39.798433],[-104.765008,39.798333],[-104.76978,39.798299],[-104.770552,39.798269],[-104.770763,39.798277],[-104.771215,39.798373],[-104.771855,39.798368],[-104.774227,39.798444],[-104.776256,39.798449],[-104.779261,39.798343],[-104.783909,39.798367],[-104.783813,39.799016],[-104.783779,39.800524],[-104.783906,39.802002],[-104.784062,39.811406],[-104.784262,39.818687],[-104.784212,39.819913]]]}},{"type":"Feature","properties":{"geoid":"08031980001","name":"Census Tract 9800.01"},"geometry":{"type":"Polygon","coordinates":[[[-104.791054,39.810462],[-104.790992,39.812848],[-104.790922,39.819682],[-104.790708,39.827214],[-104.790859,39.841802],[-104.771968,39.841759],[-104.762317,39.841788],[-104.762279,39.84539],[-104.730953,39.845195],[-104.73039,39.896131],[-104.703311,39.895949],[-104.703185,39.906926],[-104.692139,39.906851],[-104.692054,39.914178],[-104.687455,39.914151],[-104.679582,39.914016],[-104.679664,39.907008],[-104.659163,39.906787],[-104.630939,39.906645],[-104.630945,39.899291],[-104.620759,39.899328],[-104.606887,39.89911],[-104.599581,39.899038],[-104.59981,39.881307],[-104.605154,39.881346],[-104.605261,39.873114],[-104.619152,39.87322],[-104.619799,39.822417],[-104.621523,39.822419],[-104.62499,39.822491],[-104.637956,39.82255],[-104.644322,39.822524],[-104.65539,39.822605],[-104.655469,39.816096],[-104.655445,39.812999],[-104.666182,39.813075],[-104.666062,39.822791],[-104.679953,39.822869],[-104.717096,39.823219],[-104.722675,39.823178],[-104.753082,39.823381],[-104.753052,39.82733],[-104.756604,39.827347],[-104.756747,39.827766],[-104.772902,39.82782],[-104.773928,39.82777],[-104.776054,39.827411],[-104.777406,39.826994],[-104.779208,39.826119],[-104.780634,39.825293],[-104.78171,39.824492],[-104.782661,39.823391],[-104.783461,39.822165],[-104.783912,39.821139],[-104.784212,39.819913],[-104.784262,39.818687],[-104.784062,39.811406],[-104.783906,39.802002],[-104.783779,39.800524],[-104.783813,39.799016],[-104.783909,39.798367],[-104.78863,39.798397],[-104.790254,39.798265],[-104.790895,39.798251],[-104.790982,39.805868],[-104.791021,39.807197],[-104.791054,39.810462]]]}},{"type":"Feature","properties":{"geoid":"08031980100","name":"Census Tract 9801"},"geometry":{"type":"Polygon","coordinates":[[[-104.866096,39.7979],[-104.866041,39.798386],[-104.849342,39.798347],[-104.847181,39.798236],[-104.84701,39.782386],[-104.847033,39.774008],[-104.865886,39.775633],[-104.8659,39.782434],[-104.865999,39.794509],[-104.866046,39.796939],[-104.866096,39.7979]]]}},{"type":"Feature","properties":{"geoid":"08031980200","name":"Census Tract 9802"},"geometry":{"type":"Polygon","coordinates":[[[-105.017385,39.740515],[-105.017061,39.741313],[-105.016439,39.743012],[-105.015677,39.744744],[-105.015577,39.745116],[-105.015605,39.746075],[-105.015677,39.746892],[-105.015362,39.749383],[-105.015133,39.749855],[-105.01436,39.750428],[-105.013499,39.75088],[-105.012963,39.751108],[-105.012528,39.751401],[-105.011678,39.752155],[-105.011319,39.752547],[-105.010269,39.753355],[-105.00992,39.753553],[-105.009397,39.754006],[-105.009069,39.754385],[-105.008578,39.75473],[-105.008186,39.754791],[-105.008167,39.754545],[-105.007983,39.753996],[-105.007917,39.7537],[-105.007771,39.753445],[-105.005411,39.751586],[-105.003784,39.750366],[-105.003404,39.750028],[-105.001795,39.748858],[-105.001404,39.748466],[-105.001116,39.747995],[-105.000512,39.746648],[-105.000436,39.746016],[-105.000399,39.745074],[-105.000302,39.74427],[-105.000287,39.743776],[-105.000219,39.743483],[-105.000009,39.743075],[-104.999703,39.742318],[-104.998951,39.740936],[-104.998816,39.74058],[-104.998567,39.740193],[-105.000146,39.740206],[-105.004126,39.740148],[-105.006433,39.740261],[-105.017385,39.740515]]]}}]}